hr_fact_id,date,employee_key,department_key,job_key,location_key,salary,attrition_flag
1,2025-04-15,1,19,811,907,83835,0
2,2021-07-06,2,35,815,900,62802,0
3,2022-05-20,2,22,810,909,62802,0
4,2022-12-21,2,27,814,902,67906,0
5,2023-11-19,2,30,800,909,67906,0
6,2024-10-11,2,20,807,911,67906,0
7,2023-05-22,3,27,805,903,50166,0
8,2024-03-07,3,37,812,903,50166,0
9,2025-01-25,3,16,812,905,50166,0
10,2017-09-09,4,23,807,904,68705,0
11,2018-08-14,4,38,815,900,68705,0
12,2019-03-27,4,39,800,901,68705,0
13,2020-01-04,4,14,812,907,68705,0
14,2020-08-29,4,12,810,907,68705,0
15,2021-08-04,4,31,809,901,68705,0
16,2022-05-10,4,39,811,908,68705,0
17,2022-12-15,4,40,801,901,68705,0
18,2023-07-10,4,34,802,903,68705,0
19,2024-02-10,4,13,804,906,68705,0
20,2024-09-14,4,15,813,910,68705,0
21,2024-03-06,5,29,807,903,68102,0
22,2025-02-13,5,32,806,907,68102,0
23,2020-12-31,6,11,808,901,38966,0
24,2021-08-11,6,23,800,905,38966,0
25,2022-06-10,6,23,804,906,38966,0
26,2023-04-02,6,14,809,902,38966,0
27,2023-11-10,6,19,809,906,38966,0
28,2024-10-31,6,18,813,905,38966,0
29,2025-05-31,6,32,815,900,38966,0
30,2024-10-23,7,35,809,905,81543,0
31,2024-09-03,8,23,813,904,77443,0
32,2025-03-20,8,24,808,907,77443,0
33,2019-10-03,9,34,812,905,77764,0
34,2020-08-06,9,28,806,907,77764,0
35,2021-05-23,9,14,800,900,77764,0
36,2022-02-27,9,18,800,905,77764,0
37,2022-09-17,9,19,803,910,77764,0
38,2023-06-11,9,25,814,911,77764,0
39,2024-03-25,9,33,805,909,82673,0
40,2025-03-03,9,24,811,909,82673,0
41,2024-11-21,10,16,803,909,36982,0
42,2023-06-06,11,20,801,910,67933,0
43,2024-01-16,11,25,806,904,67933,0
44,2024-07-17,11,15,808,907,67933,0
45,2025-06-16,11,25,811,900,67933,0
46,2018-08-09,12,36,812,903,47787,0
47,2019-03-23,12,26,813,908,47787,0
48,2019-11-21,12,10,810,909,47787,0
49,2020-09-13,12,12,814,907,47787,0
50,2021-05-25,12,28,801,901,47787,0
51,2022-02-05,12,30,805,911,50846,0
52,2023-01-07,12,11,801,901,50846,0
53,2023-08-09,12,22,813,901,50846,0
54,2024-05-25,12,21,802,900,50846,0
55,2025-03-14,12,23,801,900,50846,0
56,2018-01-25,13,16,809,901,68875,0
57,2018-09-27,13,19,800,905,68875,0
58,2019-06-09,13,21,800,903,68875,0
59,2020-02-24,13,29,800,911,68875,0
60,2020-09-16,13,34,811,907,68875,0
61,2021-04-29,13,40,814,900,68875,0
62,2021-12-10,13,34,811,907,68875,0
63,2022-07-22,13,31,813,906,68875,0
64,2023-03-23,13,13,805,905,74642,0
65,2023-10-03,13,32,805,910,79044,0
66,2024-05-21,13,33,802,909,79044,0
67,2025-01-22,13,36,803,910,79044,0
68,2023-09-30,14,29,815,907,42901,0
69,2024-07-14,14,31,806,900,42901,0
70,2025-01-28,14,29,803,909,42901,0
71,2018-08-19,16,26,800,907,69560,0
72,2019-06-22,16,18,802,910,69560,0
73,2020-03-28,16,13,803,903,69560,0
74,2020-10-26,16,26,813,901,69560,0
75,2021-06-16,16,27,815,903,72383,0
76,2022-03-21,16,37,811,904,72383,0
77,2022-10-03,16,16,800,900,72383,0
78,2023-07-17,16,27,815,909,76824,0
79,2024-05-17,16,20,800,902,80754,0
80,2025-03-26,16,40,804,906,80754,0
81,2024-06-30,17,33,812,902,46505,0
82,2025-04-02,17,21,805,905,46505,0
83,2022-01-16,18,32,805,909,45744,0
84,2022-09-14,18,19,811,905,45744,0
85,2023-04-20,18,39,801,910,45744,0
86,2023-12-08,18,21,805,905,45744,0
87,2024-08-29,18,26,815,910,45744,0
88,2025-06-21,18,35,807,909,48045,0
89,2021-04-04,19,35,803,906,57543,0
90,2021-12-15,19,22,810,903,57543,0
91,2022-09-07,19,36,800,901,57543,0
92,2023-05-08,19,17,815,909,57543,0
93,2023-12-22,19,38,807,902,57543,0
94,2024-09-29,19,18,815,909,57543,0
95,2023-06-12,20,26,805,910,43315,0
96,2024-05-28,20,37,812,902,43315,0
97,2024-12-26,20,18,811,901,45114,0
98,2022-10-31,21,10,810,900,40389,0
99,2023-05-22,21,24,815,905,42144,0
100,2024-01-28,21,30,809,900,46097,0
101,2024-09-13,21,12,812,904,49632,0
102,2025-03-12,21,15,807,909,49632,0
103,2017-08-07,22,35,810,907,67294,0
104,2018-07-13,22,21,808,907,67294,0
105,2019-03-18,22,15,810,902,67294,0
106,2020-01-28,22,14,806,901,67294,0
107,2020-09-30,22,26,809,909,67294,0
108,2021-06-18,22,30,802,902,67294,0
109,2022-01-13,22,32,814,903,67294,0
110,2022-08-31,22,13,804,911,67294,0
111,2023-08-21,22,13,814,900,67294,0
112,2024-06-21,22,29,803,906,73703,0
113,2025-04-19,22,12,811,909,73703,0
114,2021-12-28,23,20,815,910,49751,0
115,2022-07-06,23,30,800,910,49751,0
116,2023-04-04,23,13,806,903,49751,0
117,2024-03-07,23,24,810,911,49751,0
118,2024-12-08,23,14,815,905,49751,0
119,2021-05-19,24,10,806,906,83052,0
120,2022-04-30,24,31,815,911,83052,0
121,2023-04-17,24,31,804,910,83052,0
122,2023-10-29,24,14,804,902,83052,0
123,2024-07-23,24,13,812,901,83052,0
124,2025-02-23,24,26,802,902,83052,0
125,2025-05-27,25,35,801,904,84416,0
126,2016-11-29,26,38,813,910,56893,0
127,2017-06-28,26,14,805,911,56893,0
128,2018-01-21,26,29,815,911,56893,0
129,2018-08-06,26,26,806,904,56893,0
130,2019-06-08,26,21,808,905,56893,0
131,2020-02-26,26,12,802,909,56893,0
132,2020-12-14,26,29,800,910,56893,0
133,2021-07-16,26,33,802,903,56893,0
134,2022-06-05,26,25,806,909,56893,0
135,2022-12-31,26,37,800,910,56893,0
136,2023-10-28,26,22,807,904,56893,0
137,2024-05-07,26,15,804,910,56893,0
138,2024-12-30,26,12,815,907,56893,0
139,2022-09-13,27,23,813,907,55840,0
140,2023-07-24,27,38,809,908,55840,0
141,2024-04-15,27,36,809,902,60776,0
142,2025-02-14,27,16,810,903,60776,0
143,2023-02-15,28,18,800,910,66327,0
144,2023-09-18,28,29,815,911,66327,0
145,2024-07-22,28,12,814,905,66327,0
146,2025-01-25,28,10,809,900,66327,0
147,2023-02-11,29,16,807,908,39808,0
148,2023-11-25,29,19,807,910,39808,0
149,2024-11-08,29,26,813,903,39808,0
150,2025-06-22,29,35,812,905,39808,0
151,2022-04-22,30,37,800,907,84433,0
152,2022-11-23,30,36,812,911,84433,0
153,2023-11-10,30,32,803,902,84433,0
154,2024-07-11,30,27,812,910,84433,0
155,2025-03-03,30,17,806,900,87323,0
156,2025-05-23,31,39,809,908,62075,0
157,2021-03-18,32,12,804,900,62843,0
158,2022-02-15,32,14,808,907,62843,0
159,2023-01-14,32,25,804,901,62843,0
160,2023-08-14,32,14,805,904,62843,0
161,2024-06-09,32,20,808,901,62843,0
162,2025-03-01,32,13,810,903,65429,0
163,2016-11-23,33,37,812,902,84218,0
164,2017-07-20,33,18,800,904,84218,0
165,2018-04-28,33,27,802,903,84218,0
166,2018-12-03,33,27,800,901,84218,0
167,2019-06-04,33,22,801,904,84218,0
168,2019-12-28,33,20,813,904,84218,0
169,2020-09-10,33,10,803,905,84218,0
170,2021-04-16,33,22,815,909,84218,0
171,2021-12-26,33,32,806,900,84218,0
172,2022-11-11,33,19,809,911,84218,0
173,2023-05-17,33,13,811,903,84218,0
174,2023-12-02,33,26,811,910,84218,0
175,2024-08-12,33,27,806,904,84218,0
176,2025-05-16,33,39,806,905,84218,0
177,2020-01-31,34,38,813,907,64992,0
178,2020-09-16,34,28,813,910,64992,0
179,2021-08-13,34,12,806,909,64992,0
180,2022-03-20,34,14,806,901,64992,0
181,2022-10-04,34,36,809,909,64992,0
182,2023-06-13,34,17,804,902,64992,0
183,2024-04-22,34,37,803,911,64992,0
184,2024-10-28,34,33,809,905,64992,0
185,2021-11-29,35,39,804,903,80513,0
186,2022-11-02,35,37,803,910,80513,0
187,2023-07-20,35,26,810,903,80513,0
188,2024-01-28,35,35,804,911,80513,0
189,2024-09-15,35,12,807,909,80513,0
190,2021-10-11,37,21,812,908,37248,0
191,2022-09-09,37,19,813,907,37248,0
192,2023-03-22,37,29,813,910,37248,0
193,2024-02-18,37,31,807,900,37248,0
194,2024-12-02,37,39,813,900,37248,0
195,2017-03-15,38,31,800,900,53894,0
196,2017-09-24,38,28,812,903,53894,0
197,2018-05-29,38,25,806,911,53894,0
198,2019-03-05,38,40,814,902,53894,0
199,2020-01-16,38,10,808,910,53894,0
200,2020-09-02,38,27,815,901,53894,0
201,2021-03-26,38,20,806,905,53894,0
202,2022-02-11,38,16,814,900,58399,0
203,2022-12-14,38,31,810,910,58399,0
204,2023-11-18,38,18,801,908,58399,0
205,2024-08-26,38,17,806,903,58399,0
206,2025-06-09,38,15,808,910,58399,0
207,2019-05-10,39,16,813,906,83922,0
208,2020-01-07,39,24,805,908,83922,0
209,2020-12-26,39,28,814,908,83922,0
210,2021-09-16,39,18,802,907,83922,0
211,2022-08-25,39,40,811,902,83922,0
212,2023-07-06,39,11,810,908,83922,0
213,2024-04-25,39,17,810,910,83922,0
214,2024-11-24,39,32,809,900,83922,0
215,2024-09-26,40,31,808,911,72415,0
216,2020-09-06,42,39,814,900,82820,0
217,2021-04-03,42,18,814,900,82820,0
218,2021-10-02,42,34,807,903,82820,0
219,2022-08-29,42,33,815,910,82820,0
220,2023-04-01,42,31,802,905,89573,0
221,2023-10-11,42,19,803,906,89573,0
222,2024-09-30,42,28,815,904,89573,0
223,2025-03-30,42,37,804,903,92687,0
224,2021-08-23,43,38,801,900,80101,0
225,2022-06-14,43,10,814,906,80101,0
226,2023-01-04,43,22,800,903,80101,0
227,2023-10-15,43,30,806,904,80101,0
228,2024-07-02,43,26,810,904,80101,0
229,2025-03-07,43,10,809,900,80101,0
230,2020-10-15,44,27,802,906,77229,0
231,2021-04-19,44,32,809,908,77229,0
232,2021-11-30,44,34,813,902,77229,0
233,2022-08-26,44,11,809,903,77229,0
234,2023-04-19,44,36,808,911,77229,0
235,2024-01-23,44,10,801,906,77229,0
236,2024-08-25,44,27,812,900,77229,0
237,2018-11-18,46,13,802,902,75377,0
238,2019-08-12,46,16,812,908,75377,0
239,2020-07-20,46,28,810,903,75377,0
240,2021-05-08,46,12,809,911,75377,0
241,2022-03-27,46,16,813,910,75377,0
242,2023-03-15,46,23,808,907,75377,0
243,2023-10-03,46,17,813,904,75377,0
244,2024-06-28,46,20,808,903,75377,0
245,2025-06-08,46,28,805,907,75377,0
246,2023-05-20,47,32,806,909,38461,0
247,2024-04-24,47,25,808,910,38461,0
248,2025-04-06,47,14,801,907,38461,0
249,2024-09-19,48,31,810,902,44287,0
250,2024-05-04,49,31,801,904,39227,0
251,2025-02-08,49,10,800,910,39227,0
252,2023-06-12,50,25,802,900,59599,0
253,2024-03-07,50,32,814,910,59599,0
254,2024-10-13,50,20,806,903,59599,0
255,2025-05-17,50,33,815,903,59599,0
256,2024-04-09,52,34,805,901,83987,0
257,2024-11-06,52,35,814,907,83987,0
258,2020-04-23,53,28,804,903,58189,0
259,2020-12-18,53,26,807,906,58189,0
260,2021-06-20,53,18,803,911,58189,0
261,2022-01-13,53,35,812,910,58189,0
262,2022-09-22,53,19,813,910,58189,0
263,2023-08-30,53,28,813,901,58189,0
264,2024-06-06,53,32,808,909,58189,0
265,2025-04-02,53,26,809,907,58189,0
266,2024-03-23,54,20,812,900,62714,0
267,2025-03-18,54,16,812,902,62714,0
268,2025-01-23,55,40,801,909,80193,0
269,2023-08-21,56,15,806,905,49583,0
270,2024-03-07,56,13,812,910,49583,0
271,2024-10-20,56,30,803,904,53386,0
272,2025-05-02,56,22,809,901,53386,0
273,2016-07-18,57,27,803,910,63327,0
274,2017-04-16,57,17,802,911,63327,0
275,2017-12-11,57,23,800,911,63327,0
276,2018-06-22,57,38,815,905,63327,0
277,2019-04-10,57,10,812,903,63327,0
278,2019-12-20,57,18,814,908,63327,0
279,2020-07-07,57,36,809,905,63327,0
280,2021-01-18,57,38,813,903,63327,0
281,2021-10-18,57,30,810,905,63327,0
282,2022-07-25,57,33,814,908,63327,0
283,2023-02-07,57,18,809,905,63327,0
284,2023-12-01,57,36,806,910,63327,0
285,2024-09-04,57,10,815,907,63327,0
286,2025-03-06,57,20,805,904,63327,0
287,2017-08-04,58,35,804,904,68152,0
288,2018-07-18,58,16,809,905,68152,0
289,2019-04-03,58,23,813,903,68152,0
290,2019-10-08,58,19,806,905,68152,0
291,2020-08-22,58,21,801,908,68152,0
292,2021-08-07,58,16,803,908,68152,0
293,2022-05-27,58,16,803,907,68152,0
294,2023-04-22,58,23,811,907,68152,0
295,2024-04-10,58,33,811,903,68152,0
296,2025-03-03,58,11,800,909,72342,0
297,2021-08-07,59,34,812,911,72122,0
298,2022-07-05,59,40,813,906,77796,0
299,2023-05-21,59,37,806,906,77796,0
300,2024-02-07,59,33,806,911,77796,0
301,2024-11-07,59,36,807,909,77796,0
302,2018-11-24,60,33,802,909,42236,0
303,2019-06-15,60,14,809,911,42236,0
304,2020-03-23,60,10,800,907,42236,0
305,2020-11-27,60,11,806,907,42236,0
306,2021-11-16,60,16,807,906,42236,0
307,2022-10-25,60,25,814,910,42236,0
308,2023-07-28,60,21,811,901,42236,0
309,2024-01-27,60,17,810,904,42236,0
310,2024-10-21,60,13,802,911,42236,0
311,2025-05-14,60,14,800,903,42236,0
312,2017-12-19,61,15,804,900,59069,0
313,2018-10-03,61,33,814,909,59069,0
314,2019-08-21,61,14,815,907,64221,0
315,2020-04-01,61,16,804,901,64221,0
316,2020-12-19,61,23,804,910,64221,0
317,2021-11-11,61,22,802,906,64221,0
318,2022-10-10,61,23,803,901,64221,0
319,2023-07-26,61,25,808,906,64221,0
320,2024-05-11,61,37,803,905,64221,0
321,2024-12-31,61,11,812,903,64221,0
322,2022-12-01,62,31,815,901,80340,0
323,2023-07-31,62,10,800,908,80340,0
324,2024-05-24,62,31,808,909,80340,0
325,2025-03-01,62,32,803,905,80340,0
326,2018-11-06,63,23,814,909,59119,0
327,2019-09-28,63,30,800,908,59119,0
328,2020-08-27,63,39,808,905,59119,0
329,2021-03-30,63,39,800,907,59119,0
330,2021-11-07,63,33,805,904,59119,0
331,2022-07-30,63,23,805,903,59119,0
332,2023-04-21,63,38,811,901,59119,0
333,2024-03-13,63,11,803,902,59119,0
334,2024-09-28,63,38,809,900,59119,0
335,2025-04-07,63,32,804,905,59119,0
336,2019-12-02,64,34,803,901,82817,0
337,2020-08-10,64,35,805,900,82817,0
338,2021-04-16,64,11,811,900,82817,0
339,2021-11-23,64,16,800,903,82817,0
340,2022-10-16,64,20,808,902,82817,0
341,2023-07-21,64,10,805,904,82817,0
342,2024-03-09,64,26,806,909,82817,0
343,2025-01-11,64,25,806,910,82817,0
344,2020-07-17,65,35,803,911,47955,0
345,2021-03-03,65,11,803,911,47955,0
346,2021-10-27,65,35,802,908,47955,0
347,2022-10-02,65,10,811,907,52347,0
348,2023-05-17,65,33,805,904,52347,0
349,2024-01-31,65,11,815,904,52347,0
350,2024-12-10,65,38,814,905,52347,0
351,2017-04-12,66,16,811,909,52419,0
352,2017-12-03,66,19,804,904,52419,0
353,2018-06-10,66,18,807,901,52419,0
354,2019-05-19,66,11,808,902,52419,0
355,2020-04-15,66,14,802,906,52419,0
356,2020-10-26,66,31,800,908,52419,0
357,2021-09-23,66,35,813,911,52419,0
358,2022-08-04,66,37,812,906,52419,0
359,2023-06-07,66,14,806,901,52419,0
360,2024-03-12,66,19,807,904,52419,0
361,2024-12-03,66,10,808,909,52419,0
362,2025-05-14,67,28,803,906,49808,0
363,2021-10-16,68,10,804,911,78564,0
364,2022-06-06,68,40,815,904,78564,0
365,2022-12-16,68,10,801,903,78564,0
366,2023-11-30,68,11,808,909,78564,0
367,2024-10-21,68,21,815,905,78564,0
368,2025-06-19,68,29,806,901,78564,0
369,2019-03-06,69,28,815,901,81312,0
370,2019-12-31,69,27,808,904,81312,0
371,2020-07-16,69,18,807,900,81312,0
372,2021-01-12,69,18,810,911,81312,0
373,2021-07-12,69,21,815,908,81312,0
374,2022-07-06,69,31,800,902,81312,0
375,2023-06-18,69,37,815,911,81312,0
376,2024-02-25,69,38,810,908,81312,0
377,2024-10-12,69,11,803,910,81312,0
378,2017-10-11,71,30,813,903,75363,0
379,2018-09-05,71,19,803,906,75363,0
380,2019-05-02,71,23,812,902,75363,0
381,2019-11-13,71,22,801,903,75363,0
382,2020-05-28,71,26,813,911,75363,0
383,2020-12-16,71,11,815,906,75363,0
384,2021-11-30,71,40,806,902,75363,0
385,2022-07-28,71,24,802,911,75363,0
386,2023-04-28,71,22,808,902,75363,0
387,2024-01-25,71,38,810,900,75363,0
388,2024-11-19,71,34,806,905,75363,0
389,2023-04-04,73,38,801,908,41386,0
390,2023-10-27,73,38,813,905,41386,0
391,2024-09-27,73,32,807,911,41386,0
392,2025-05-27,73,31,808,908,42721,0
393,2021-07-12,74,14,806,910,71348,0
394,2022-05-27,74,37,800,902,71348,0
395,2023-03-26,74,15,803,909,71348,0
396,2024-01-06,74,17,801,902,71348,0
397,2024-08-02,74,29,804,906,71348,0
398,2025-03-20,74,10,803,900,71348,0
399,2019-11-18,75,16,810,909,81914,0
400,2020-09-11,75,21,806,904,81914,0
401,2021-04-28,75,39,815,905,81914,0
402,2022-02-15,75,10,815,903,81914,0
403,2023-01-21,75,32,803,910,81914,0
404,2023-11-28,75,19,810,911,81914,0
405,2024-08-26,75,36,815,911,81914,0
406,2025-05-26,75,39,802,901,81914,0
407,2018-08-13,76,20,810,900,64036,0
408,2019-05-27,76,28,805,902,64036,0
409,2020-03-01,76,20,808,910,64036,0
410,2020-12-20,76,40,809,903,64036,0
411,2021-08-06,76,37,800,909,64036,0
412,2022-03-19,76,28,811,904,64036,0
413,2023-02-08,76,38,802,902,64036,0
414,2023-10-12,76,11,801,910,64036,0
415,2024-09-10,76,31,812,908,64036,0
416,2025-05-21,76,29,815,907,64036,0
417,2019-03-29,78,30,806,900,56188,0
418,2019-11-15,78,23,800,911,56188,0
419,2020-10-04,78,24,806,910,56188,0
420,2021-05-26,78,33,811,906,56188,0
421,2022-04-30,78,34,801,905,60700,0
422,2023-04-06,78,20,800,905,60700,0
423,2023-12-02,78,13,801,900,60700,0
424,2024-08-09,78,38,814,907,60700,0
425,2025-06-12,78,30,815,907,60700,0
426,2016-08-29,79,33,811,911,83012,0
427,2017-08-08,79,23,801,911,83012,0
428,2018-05-26,79,20,802,911,88932,0
429,2019-04-25,79,35,807,906,88932,0
430,2019-12-15,79,32,809,902,88932,0
431,2020-11-22,79,22,814,900,88932,0
432,2021-08-29,79,24,813,900,88932,0
433,2022-03-08,79,35,806,903,88932,0
434,2022-12-05,79,18,802,903,88932,0
435,2023-06-29,79,26,801,905,88932,0
436,2024-05-13,79,31,801,910,88932,0
437,2024-12-23,79,30,803,903,88932,0
438,2018-12-10,80,10,809,905,51929,0
439,2019-11-24,80,35,804,906,51929,0
440,2020-07-01,80,33,802,902,51929,0
441,2021-02-17,80,40,806,903,55178,0
442,2022-02-11,80,15,803,910,55178,0
443,2023-01-08,80,12,815,911,55178,0
444,2023-11-11,80,34,812,901,55178,0
445,2024-10-22,80,19,806,905,55178,0
446,2025-06-10,80,15,812,901,55178,0
447,2019-06-24,81,36,810,909,67222,0
448,2020-05-25,81,12,805,904,67222,0
449,2020-11-22,81,27,813,908,67222,0
450,2021-08-31,81,29,804,905,67222,0
451,2022-05-08,81,40,807,900,67222,0
452,2022-11-29,81,12,802,905,67222,0
453,2023-09-15,81,23,810,911,67222,0
454,2024-05-17,81,28,807,900,73085,0
455,2025-02-06,81,11,804,905,73085,0
456,2018-04-07,82,29,814,910,80885,0
457,2019-03-11,82,36,805,903,80885,0
458,2020-01-04,82,25,803,907,80885,0
459,2020-08-09,82,26,803,906,80885,0
460,2021-06-20,82,22,802,907,80885,0
461,2022-05-18,82,12,805,903,84981,0
462,2022-12-13,82,23,806,908,84981,0
463,2023-10-25,82,18,811,908,84981,0
464,2024-07-02,82,36,805,904,89873,0
465,2025-03-21,82,23,810,902,89873,0
466,2025-02-10,84,27,804,904,36016,0
467,2023-02-08,85,25,807,906,45698,0
468,2024-01-18,85,32,812,905,45698,0
469,2024-10-11,85,29,807,907,45698,0
470,2025-04-20,85,24,813,911,45698,0
471,2020-02-09,86,12,802,911,39284,0
472,2020-08-27,86,28,804,903,39284,0
473,2021-07-28,86,35,807,906,39284,0
474,2022-03-04,86,30,806,904,39284,0
475,2022-09-23,86,29,804,903,39284,0
476,2023-06-09,86,30,801,902,39284,0
477,2024-01-26,86,31,809,902,39284,0
478,2024-11-01,86,26,802,904,41954,0
479,2024-05-23,87,29,800,908,73214,0
480,2025-05-06,87,21,803,911,73214,0
481,2017-04-14,88,26,812,900,45029,0
482,2018-02-03,88,35,802,901,45029,0
483,2018-10-18,88,20,810,905,45029,0
484,2019-07-02,88,33,813,910,45029,0
485,2020-02-07,88,35,809,903,45029,0
486,2020-11-25,88,28,806,904,45029,0
487,2021-07-21,88,16,807,905,45029,0
488,2022-03-25,88,33,810,904,45029,0
489,2022-11-29,88,14,815,903,45029,0
490,2023-07-13,88,23,804,903,45029,0
491,2024-05-22,88,20,809,900,45029,0
492,2025-01-22,88,26,809,905,45029,0
493,2025-04-11,89,27,814,905,54776,0
494,2021-03-04,90,28,810,903,38705,0
495,2021-11-21,90,13,815,903,38705,0
496,2022-08-31,90,22,803,903,38705,0
497,2023-07-21,90,20,812,909,38705,0
498,2024-01-28,90,32,812,910,38705,0
499,2024-08-07,90,10,809,908,38705,0
500,2025-05-31,90,34,813,910,38705,0
501,2023-07-13,91,30,807,906,49055,0
502,2024-02-16,91,34,801,905,49055,0
503,2024-08-14,91,23,815,903,49055,0
504,2016-09-18,92,28,808,904,83773,0
505,2017-06-16,92,21,802,905,83773,0
506,2018-06-01,92,29,802,906,83773,0
507,2019-03-01,92,13,806,900,83773,0
508,2019-09-22,92,16,814,909,83773,0
509,2020-07-21,92,18,814,902,83773,0
510,2021-02-09,92,32,815,903,83773,0
511,2021-11-04,92,27,802,903,83773,0
512,2022-05-30,92,15,807,910,83773,0
513,2022-12-22,92,23,804,902,83773,0
514,2023-06-29,92,28,809,901,83773,0
515,2024-03-03,92,27,802,903,83773,0
516,2025-01-19,92,19,800,907,89993,0
517,2022-08-28,93,28,809,904,56575,0
518,2023-03-31,93,39,804,909,56575,0
519,2024-02-21,93,15,815,910,56575,0
520,2024-11-29,93,36,801,910,56575,0
521,2020-05-03,94,32,806,903,39456,0
522,2021-03-11,94,12,809,907,39456,0
523,2022-01-24,94,38,815,903,39456,0
524,2022-10-19,94,25,814,911,39456,0
525,2023-06-03,94,27,805,907,39456,0
526,2024-04-13,94,39,803,909,39456,0
527,2025-03-08,94,25,804,906,39456,0
528,2025-02-02,95,25,805,910,36342,0
529,2025-02-16,96,34,807,903,38618,0
530,2021-07-09,97,14,809,901,74940,0
531,2022-05-17,97,19,806,901,74940,0
532,2023-04-20,97,31,813,900,74940,0
533,2023-10-20,97,19,813,911,81509,0
534,2024-08-15,97,30,807,908,81509,0
535,2025-02-17,97,31,803,909,81509,0
536,2022-02-11,98,28,801,911,80910,0
537,2023-01-27,98,32,811,910,80910,0
538,2023-09-06,98,32,807,902,80910,0
539,2024-07-27,98,21,806,910,80910,0
540,2025-05-11,98,25,803,909,80910,0
541,2018-09-23,99,22,813,910,45150,0
542,2019-09-16,99,32,815,906,45150,0
543,2020-07-01,99,31,811,911,45150,0
544,2021-03-01,99,16,813,903,45150,0
545,2021-10-15,99,14,813,907,45150,0
546,2022-05-17,99,24,802,901,45150,0
547,2023-03-07,99,21,811,909,45150,0
548,2023-10-28,99,15,808,908,45150,0
549,2024-05-29,99,11,807,908,45150,0
550,2025-03-18,99,18,807,911,45150,0
551,2017-08-16,100,15,813,900,44374,0
552,2018-03-11,100,35,812,905,44374,0
553,2018-10-13,100,40,813,900,44374,0
554,2019-08-18,100,30,809,904,44374,0
555,2020-02-21,100,38,813,902,44374,0
556,2020-11-29,100,12,802,906,44374,0
557,2021-11-04,100,11,806,908,44374,0
558,2022-08-12,100,38,805,911,44374,0
559,2023-02-14,100,37,808,901,44374,0
560,2023-12-06,100,18,809,901,44374,0
561,2024-10-22,100,11,801,904,44374,0
562,2025-05-27,100,15,809,903,44374,0
563,2021-07-05,101,17,801,903,53227,0
564,2022-02-04,101,10,802,901,53227,0
565,2022-10-07,101,15,807,905,53227,0
566,2023-06-27,101,29,813,909,53227,0
567,2024-05-25,101,18,809,908,53227,0
568,2025-02-27,101,28,815,909,58521,0
569,2023-05-10,102,37,802,905,42889,0
570,2024-05-02,102,27,811,911,42889,0
571,2024-11-24,102,28,814,902,42889,0
572,2019-09-10,103,17,806,909,73770,0
573,2020-03-10,103,25,811,909,73770,0
574,2021-02-27,103,31,803,904,73770,0
575,2021-09-17,103,39,808,910,73770,0
576,2022-06-16,103,33,801,908,73770,0
577,2023-04-03,103,38,806,911,73770,0
578,2023-11-05,103,29,800,909,73770,0
579,2024-08-04,103,22,803,900,73770,0
580,2025-04-21,103,37,803,905,73770,0
581,2018-12-31,104,15,806,905,47657,0
582,2019-09-28,104,40,802,901,49665,0
583,2020-04-16,104,16,807,909,49665,0
584,2021-02-08,104,23,800,902,49665,0
585,2021-12-15,104,13,806,909,49665,0
586,2022-08-09,104,11,807,908,49665,0
587,2023-02-23,104,29,815,909,49665,0
588,2024-02-06,104,15,804,909,51491,0
589,2024-12-25,104,19,803,900,51491,0
590,2024-06-24,105,11,807,902,57808,0
591,2025-03-09,105,32,812,900,57808,0
592,2023-05-03,106,19,808,900,47865,0
593,2024-02-28,106,18,812,907,47865,0
594,2024-10-16,106,22,800,905,47865,0
595,2025-05-30,106,40,815,909,47865,0
596,2022-03-04,107,20,804,903,36350,0
597,2022-11-24,107,29,811,906,36350,0
598,2023-07-09,107,28,815,910,36350,0
599,2024-07-02,107,28,815,900,38367,0
600,2025-02-21,107,19,801,910,38367,0
601,2021-10-12,108,34,801,901,69576,0
602,2022-09-20,108,20,803,902,69576,0
603,2023-09-15,108,13,811,900,69576,0
604,2024-06-27,108,29,803,910,69576,0
605,2025-03-22,108,27,812,909,69576,0
606,2021-11-03,109,34,811,900,35178,0
607,2022-10-26,109,19,812,909,38221,0
608,2023-07-31,109,32,814,911,38221,0
609,2024-02-11,109,26,802,911,38221,0
610,2025-01-18,109,34,801,909,38221,0
611,2019-01-13,110,13,812,906,77191,0
612,2019-12-06,110,26,812,901,77191,0
613,2020-11-18,110,33,800,907,77191,0
614,2021-08-20,110,15,809,910,77191,0
615,2022-02-21,110,20,806,906,82822,0
616,2022-10-24,110,25,809,910,82822,0
617,2023-04-25,110,24,814,905,82822,0
618,2024-02-27,110,30,810,900,82822,0
619,2024-11-10,110,26,815,909,82822,0
620,2023-09-07,111,15,815,908,75812,0
621,2024-08-11,111,27,814,911,75812,0
622,2025-04-08,111,15,815,904,75812,0
623,2019-12-22,112,26,814,901,53692,0
624,2020-12-07,112,13,809,906,53692,0
625,2021-09-07,112,31,806,907,53692,0
626,2022-08-20,112,17,804,902,53692,0
627,2023-06-04,112,19,800,907,53692,0
628,2024-02-24,112,21,806,911,53692,0
629,2025-02-10,112,39,814,906,53692,0
630,2019-05-19,115,36,814,904,51427,0
631,2020-05-08,115,23,809,907,51427,0
632,2021-05-01,115,30,803,911,55479,0
633,2022-03-22,115,25,800,900,55479,0
634,2022-12-04,115,29,812,904,55479,0
635,2023-06-04,115,10,809,910,59320,0
636,2024-01-18,115,10,804,902,59320,0
637,2024-08-23,115,27,812,901,59320,0
638,2025-03-25,115,21,806,903,59320,0
639,2017-11-14,116,31,809,909,37550,0
640,2018-09-16,116,29,814,906,37550,0
641,2019-04-18,116,32,800,905,37550,0
642,2019-12-20,116,36,812,908,37550,0
643,2020-11-22,116,17,808,907,37550,0
644,2021-06-12,116,21,806,900,37550,0
645,2022-06-07,116,18,808,904,39372,0
646,2023-05-06,116,12,811,907,39372,0
647,2024-02-18,116,11,812,905,43110,0
648,2024-10-29,116,11,804,903,43110,0
649,2017-05-20,117,32,801,901,47578,0
650,2018-03-17,117,30,810,905,47578,0
651,2018-10-22,117,15,803,905,47578,0
652,2019-08-03,117,26,801,904,47578,0
653,2020-06-15,117,13,804,909,47578,0
654,2020-12-29,117,11,800,910,47578,0
655,2021-11-05,117,14,807,909,47578,0
656,2022-07-19,117,19,801,905,47578,0
657,2023-05-26,117,24,802,904,47578,0
658,2024-02-10,117,12,805,904,47578,0
659,2024-10-13,117,18,808,900,47578,0
660,2025-06-13,117,15,802,905,47578,0
661,2023-02-24,118,13,808,911,37029,0
662,2023-12-27,118,15,804,906,37029,0
663,2024-12-04,118,34,802,904,38235,0
664,2019-05-04,119,17,811,900,83023,0
665,2020-04-28,119,12,815,900,83023,0
666,2021-01-22,119,32,807,911,83023,0
667,2021-08-15,119,30,815,909,83023,0
668,2022-05-22,119,21,801,901,83023,0
669,2023-02-27,119,11,800,900,83023,0
670,2023-09-27,119,27,805,901,83023,0
671,2024-04-21,119,23,811,902,83023,0
672,2025-02-21,119,12,804,902,83023,0
673,2025-03-18,120,32,810,902,62558,0
674,2019-09-09,121,10,814,906,74769,0
675,2020-03-20,121,19,810,901,78060,0
676,2020-12-18,121,24,804,908,78060,0
677,2021-09-30,121,13,814,910,78060,0
678,2022-04-30,121,28,815,908,78060,0
679,2022-11-15,121,35,811,910,78060,0
680,2023-11-10,121,23,813,906,78060,0
681,2024-08-28,121,32,806,910,78060,0
682,2025-06-09,121,16,801,909,78060,0
683,2022-10-05,122,30,812,908,68886,0
684,2023-07-24,122,18,810,901,68886,0
685,2024-05-03,122,20,810,909,68886,0
686,2024-12-27,122,21,801,907,68886,0
687,2022-11-19,123,40,802,905,60896,0
688,2023-08-20,123,30,815,900,60896,0
689,2024-05-02,123,15,811,900,60896,0
690,2025-02-23,123,10,802,904,60896,0
691,2016-10-11,124,11,815,910,80968,0
692,2017-05-15,124,38,815,908,80968,0
693,2018-05-07,124,17,810,904,80968,0
694,2018-11-30,124,33,803,909,80968,0
695,2019-09-25,124,16,814,901,80968,0
696,2020-04-12,124,23,812,910,80968,0
697,2021-01-02,124,40,811,905,80968,0
698,2021-12-09,124,17,812,906,80968,0
699,2022-08-27,124,37,807,911,80968,0
700,2023-07-10,124,38,808,905,80968,0
701,2024-05-01,124,40,815,906,80968,0
702,2025-01-09,124,34,805,911,80968,0
703,2018-10-09,125,18,812,901,40175,0
704,2019-06-06,125,20,805,908,40175,0
705,2020-05-25,125,20,806,900,40175,0
706,2020-12-18,125,21,813,907,40175,0
707,2021-12-09,125,27,806,900,43393,0
708,2022-08-10,125,32,800,904,47067,0
709,2023-05-31,125,36,813,903,49387,0
710,2024-01-28,125,39,813,909,49387,0
711,2024-10-02,125,17,809,911,49387,0
712,2022-11-16,126,19,807,904,35553,0
713,2023-06-15,126,22,800,906,35553,0
714,2024-04-14,126,30,805,903,35553,0
715,2024-11-11,126,11,800,902,35553,0
716,2022-05-20,127,28,809,911,70093,0
717,2022-11-16,127,33,800,905,70093,0
718,2023-05-26,127,22,803,908,70093,0
719,2024-01-01,127,17,802,910,70093,0
720,2024-11-30,127,12,815,910,70093,0
721,2025-06-14,127,26,812,905,70093,0
722,2017-04-17,128,27,814,903,62240,0
723,2017-12-21,128,33,811,906,62240,0
724,2018-11-20,128,14,810,910,65654,0
725,2019-06-18,128,14,804,907,65654,0
726,2020-06-06,128,12,812,911,65654,0
727,2021-03-28,128,29,803,903,65654,0
728,2022-03-08,128,39,808,900,65654,0
729,2023-01-27,128,24,808,906,65654,0
730,2023-08-19,128,19,813,910,65654,0
731,2024-06-28,128,20,813,909,65654,0
732,2025-06-04,128,13,810,908,65654,0
733,2020-01-18,129,18,800,905,41189,0
734,2020-11-09,129,10,803,909,41189,0
735,2021-07-13,129,37,800,904,41189,0
736,2022-06-17,129,20,804,900,41189,0
737,2023-04-17,129,26,801,906,41189,0
738,2023-11-24,129,22,805,903,41189,0
739,2024-11-11,129,17,811,906,41189,0
740,2025-06-14,129,31,812,907,41189,0
741,2021-02-26,130,17,802,909,83116,0
742,2021-09-07,130,25,805,904,83116,0
743,2022-04-10,130,27,806,907,83116,0
744,2022-10-07,130,30,801,907,83116,0
745,2023-09-23,130,16,800,904,83116,0
746,2024-03-31,130,24,802,910,83116,0
747,2024-12-15,130,27,801,904,83116,0
748,2022-12-11,131,34,800,906,53940,0
749,2023-10-17,131,12,812,905,53940,0
750,2024-07-14,131,17,806,905,53940,0
751,2017-04-01,132,12,800,901,73309,0
752,2017-11-05,132,33,800,901,73309,0
753,2018-08-01,132,11,814,903,73309,0
754,2019-03-29,132,18,808,901,73309,0
755,2020-03-18,132,20,813,906,73309,0
756,2020-11-27,132,10,812,906,73309,0
757,2021-06-02,132,17,810,905,73309,0
758,2022-04-20,132,29,803,908,77867,0
759,2023-03-19,132,39,803,903,77867,0
760,2024-03-06,132,39,801,908,77867,0
761,2025-02-01,132,18,810,901,77867,0
762,2022-03-25,133,20,814,910,81414,0
763,2022-09-22,133,38,806,903,81414,0
764,2023-06-10,133,40,812,902,81414,0
765,2024-05-25,133,38,803,901,81414,0
766,2025-04-30,133,18,807,909,81414,0
767,2022-11-05,134,20,807,903,78949,0
768,2023-06-18,134,23,808,911,78949,0
769,2024-05-12,134,29,814,908,78949,0
770,2025-03-21,134,34,801,903,78949,0
771,2022-09-15,135,14,809,906,61101,0
772,2023-06-11,135,15,800,904,61101,0
773,2024-04-05,135,34,806,902,61101,0
774,2025-03-03,135,40,807,903,61101,0
775,2021-02-08,137,13,809,904,38756,0
776,2021-11-13,137,13,812,909,38756,0
777,2022-10-21,137,35,813,909,38756,0
778,2023-10-04,137,10,814,903,38756,0
779,2024-04-20,137,23,806,907,38756,0
780,2025-03-08,137,37,810,909,38756,0
781,2023-06-20,138,25,812,902,41438,0
782,2023-12-24,138,28,810,911,41438,0
783,2024-12-04,138,31,801,910,42851,0
784,2024-05-18,139,39,812,910,71174,0
785,2025-03-01,139,19,811,907,71174,0
786,2019-12-21,140,28,813,911,70349,0
787,2020-06-27,140,35,800,904,70349,0
788,2021-02-28,140,30,803,904,70349,0
789,2021-09-30,140,23,802,911,70349,0
790,2022-09-06,140,11,802,910,70349,0
791,2023-06-12,140,10,805,902,74679,0
792,2024-02-05,140,23,815,907,78621,0
793,2024-11-20,140,12,810,904,83528,0
794,2025-06-30,140,20,809,909,83528,0
795,2021-11-03,141,36,813,900,37520,0
796,2022-07-29,141,38,801,903,37520,0
797,2023-03-24,141,30,803,906,37520,0
798,2024-01-23,141,37,807,905,37520,0
799,2024-08-11,141,24,809,908,41130,0
800,2025-04-06,141,20,804,909,41130,0
801,2020-04-06,142,30,810,908,77405,0
802,2020-11-18,142,21,815,909,77405,0
803,2021-11-02,142,37,810,909,77405,0
804,2022-10-14,142,30,803,906,77405,0
805,2023-08-03,142,10,814,905,77405,0
806,2024-03-25,142,27,808,900,77405,0
807,2024-12-18,142,36,808,900,77405,0
808,2017-09-04,143,30,801,905,46275,0
809,2018-07-22,143,25,805,904,47985,0
810,2019-04-29,143,31,805,908,47985,0
811,2020-04-05,143,37,804,908,47985,0
812,2020-10-07,143,22,806,900,47985,0
813,2021-06-09,143,10,815,904,47985,0
814,2022-05-02,143,33,804,907,47985,0
815,2023-03-05,143,18,813,900,47985,0
816,2023-09-29,143,13,814,900,47985,0
817,2024-05-06,143,38,802,909,47985,0
818,2025-01-16,143,13,809,908,47985,0
819,2025-03-09,144,20,811,905,72727,0
820,2024-08-11,145,19,810,906,71433,0
821,2020-01-17,146,15,803,906,70154,0
822,2020-08-26,146,28,812,903,70154,0
823,2021-05-17,146,40,808,906,70154,0
824,2022-04-20,146,35,804,908,72631,0
825,2022-10-17,146,32,804,906,75702,0
826,2023-06-12,146,14,811,906,75702,0
827,2024-02-18,146,12,800,902,83081,0
828,2024-11-13,146,21,814,907,83081,0
829,2023-10-30,147,31,802,908,67394,0
830,2024-09-13,147,31,811,902,67394,0
831,2020-12-29,148,16,812,902,83551,0
832,2021-10-08,148,15,814,910,83551,0
833,2022-09-18,148,35,809,906,83551,0
834,2023-05-14,148,23,814,907,89278,0
835,2024-01-28,148,35,800,904,89278,0
836,2024-11-20,148,38,804,911,97619,0
837,2025-06-11,148,17,807,907,97619,0
838,2021-05-26,149,11,806,902,47113,0
839,2022-04-04,149,18,804,900,47113,0
840,2023-01-02,149,12,800,904,47113,0
841,2023-08-06,149,26,814,903,47113,0
842,2024-07-31,149,17,804,908,47113,0
843,2016-11-20,150,35,814,902,35214,0
844,2017-08-17,150,32,813,900,35214,0
845,2018-06-18,150,16,803,911,35214,0
846,2019-03-11,150,13,803,908,35214,0
847,2019-12-20,150,28,801,901,38340,0
848,2020-10-30,150,26,814,909,38340,0
849,2021-05-26,150,25,807,903,38340,0
850,2022-03-05,150,31,807,906,38340,0
851,2022-12-01,150,35,807,905,38340,0
852,2023-10-22,150,34,801,903,38340,0
853,2024-06-28,150,32,815,910,38340,0
854,2025-01-03,150,11,805,903,41741,0
855,2021-09-27,151,32,809,902,44594,0
856,2022-04-11,151,30,805,904,44594,0
857,2023-01-16,151,31,805,909,46565,0
858,2023-11-24,151,32,814,900,46565,0
859,2024-06-11,151,24,807,903,46565,0
860,2025-05-15,151,19,801,911,46565,0
861,2024-04-18,152,34,811,906,67123,0
862,2025-01-27,152,13,808,908,67123,0
863,2021-03-03,153,11,807,911,60789,0
864,2021-08-31,153,30,802,907,60789,0
865,2022-05-22,153,19,804,911,60789,0
866,2023-03-22,153,17,810,908,60789,0
867,2023-12-18,153,19,807,909,60789,0
868,2024-11-16,153,24,810,909,60789,0
869,2025-05-24,153,16,814,907,60789,0
870,2021-06-30,155,38,810,905,42525,0
871,2022-04-26,155,13,808,906,42525,0
872,2023-03-26,155,26,814,907,42525,0
873,2023-11-16,155,38,803,905,42525,0
874,2024-06-15,155,18,804,909,42525,0
875,2025-05-09,155,29,810,901,42525,0
876,2020-12-17,156,40,813,910,39551,0
877,2021-09-21,156,31,811,908,39551,0
878,2022-04-10,156,19,801,900,39551,0
879,2023-01-29,156,16,810,907,39551,0
880,2023-10-02,156,26,807,910,41348,0
881,2024-08-29,156,10,808,906,42800,0
882,2025-05-06,156,12,805,904,42800,0
883,2016-07-11,157,17,815,906,59744,0
884,2017-05-11,157,28,811,901,59744,0
885,2018-04-07,157,21,813,911,59744,0
886,2018-10-11,157,19,806,909,59744,0
887,2019-09-26,157,37,803,900,59744,0
888,2020-05-01,157,30,804,911,59744,0
889,2021-03-20,157,39,809,900,59744,0
890,2021-10-10,157,26,814,900,59744,0
891,2022-04-30,157,17,801,907,62161,0
892,2023-04-08,157,27,812,904,62161,0
893,2024-01-29,157,36,801,904,67028,0
894,2024-12-05,157,19,800,906,67028,0
895,2018-09-03,159,16,811,908,61973,0
896,2019-08-16,159,30,802,904,61973,0
897,2020-03-19,159,33,801,904,61973,0
898,2020-09-29,159,12,802,901,61973,0
899,2021-06-27,159,26,801,903,61973,0
900,2022-05-07,159,20,805,909,65728,0
901,2023-04-15,159,24,800,902,65728,0
902,2023-11-25,159,20,812,906,65728,0
903,2024-10-28,159,39,808,911,65728,0
904,2025-05-10,159,25,813,903,65728,0
905,2023-04-19,160,18,812,904,75242,0
906,2024-03-05,160,18,811,909,75242,0
907,2024-11-06,160,22,811,910,75242,0
908,2025-05-14,161,31,811,904,78004,0
909,2024-01-05,163,27,806,909,81065,0
910,2024-12-21,163,27,801,905,81065,0
911,2017-01-17,164,34,813,905,64464,0
912,2017-10-22,164,40,809,910,64464,0
913,2018-06-12,164,33,806,900,64464,0
914,2019-03-31,164,38,813,911,64464,0
915,2020-01-10,164,39,801,911,64464,0
916,2020-07-20,164,23,801,906,64464,0
917,2021-05-14,164,17,802,908,64464,0
918,2021-12-05,164,20,801,906,64464,0
919,2022-06-07,164,40,809,906,64464,0
920,2023-03-27,164,16,809,911,68127,0
921,2024-01-05,164,21,804,905,68127,0
922,2024-12-22,164,15,801,907,68127,0
923,2020-11-17,165,39,808,903,37011,0
924,2021-05-19,165,20,801,902,37011,0
925,2021-12-22,165,15,810,905,37011,0
926,2022-11-29,165,27,811,910,37011,0
927,2023-06-17,165,14,802,905,37011,0
928,2024-01-18,165,15,815,909,37011,0
929,2024-12-21,165,28,801,910,39238,0
930,2023-03-21,166,18,806,910,53745,0
931,2024-02-21,166,36,807,904,53745,0
932,2024-11-24,166,12,809,900,53745,0
933,2025-06-21,166,25,800,905,53745,0
934,2018-05-19,167,25,806,907,43440,0
935,2019-03-28,167,17,809,910,43440,0
936,2019-11-27,167,15,806,908,45257,0
937,2020-06-12,167,10,804,906,45257,0
938,2021-05-27,167,28,803,900,45257,0
939,2022-04-19,167,26,811,900,47903,0
940,2023-01-17,167,21,809,901,47903,0
941,2023-11-14,167,15,800,909,47903,0
942,2024-05-14,167,17,808,907,47903,0
943,2025-04-27,167,22,815,911,51012,0
944,2019-04-25,168,13,805,903,75124,0
945,2019-11-23,168,25,806,900,75124,0
946,2020-06-02,168,20,808,906,75124,0
947,2021-01-10,168,28,813,908,75124,0
948,2021-12-29,168,36,801,904,75124,0
949,2022-09-18,168,38,800,900,78795,0
950,2023-03-26,168,11,814,901,82180,0
951,2023-11-19,168,27,808,909,82180,0
952,2024-09-06,168,14,801,906,82180,0
953,2025-04-27,168,39,812,900,86309,0
954,2017-04-13,169,26,802,907,80775,0
955,2017-10-24,169,20,813,903,80775,0
956,2018-05-10,169,10,809,911,80775,0
957,2019-01-20,169,26,815,906,80775,0
958,2019-09-26,169,26,800,901,80775,0
959,2020-05-05,169,34,807,908,80775,0
960,2021-01-21,169,12,802,907,80775,0
961,2021-10-21,169,18,813,908,80775,0
962,2022-06-08,169,38,803,909,80775,0
963,2023-03-06,169,23,813,906,80775,0
964,2024-01-29,169,34,809,907,80775,0
965,2024-10-21,169,26,812,904,80775,0
966,2022-11-16,170,39,815,908,57343,0
967,2023-10-21,170,30,800,907,57343,0
968,2024-10-05,170,19,812,901,57343,0
969,2020-06-18,171,23,812,910,59269,0
970,2020-12-25,171,36,815,904,59269,0
971,2021-08-17,171,29,805,911,59269,0
972,2022-07-29,171,17,804,906,59269,0
973,2023-04-05,171,34,812,901,59269,0
974,2023-11-08,171,36,810,910,59269,0
975,2024-08-18,171,27,804,911,59269,0
976,2020-11-22,172,29,800,906,37685,0
977,2021-08-23,172,35,802,910,37685,0
978,2022-06-16,172,10,804,907,39587,0
979,2022-12-19,172,25,807,907,39587,0
980,2023-10-09,172,24,813,911,39587,0
981,2024-05-29,172,17,814,900,41492,0
982,2025-04-23,172,11,815,910,41492,0
983,2022-10-22,173,25,815,909,47948,0
984,2023-07-29,173,21,814,909,47948,0
985,2024-04-27,173,21,800,903,47948,0
986,2024-12-31,173,13,807,901,47948,0
987,2020-09-19,174,22,811,903,43689,0
988,2021-04-13,174,20,808,901,43689,0
989,2022-01-27,174,13,813,909,43689,0
990,2022-12-24,174,14,811,905,47005,0
991,2023-06-29,174,40,808,900,47005,0
992,2024-01-09,174,35,811,908,48660,0
993,2024-08-20,174,32,803,910,48660,0
994,2025-03-31,174,16,814,906,48660,0
995,2019-01-01,175,36,808,911,80954,0
996,2019-10-22,175,10,803,901,80954,0
997,2020-10-10,175,35,803,908,80954,0
998,2021-08-26,175,26,812,904,80954,0
999,2022-02-24,175,16,801,902,80954,0
1000,2022-12-04,175,15,800,905,80954,0
1001,2023-07-10,175,34,804,911,80954,0
1002,2024-05-14,175,34,810,900,80954,0
1003,2025-01-21,175,28,800,911,80954,0
1004,2024-04-15,176,21,802,907,68088,0
1005,2024-12-01,176,23,814,911,68088,0
1006,2019-02-26,177,35,803,909,84232,0
1007,2020-01-26,177,32,802,904,84232,0
1008,2020-07-25,177,10,807,907,84232,0
1009,2021-07-06,177,35,802,905,84232,0
1010,2022-02-21,177,38,800,903,88922,0
1011,2022-10-10,177,12,806,907,88922,0
1012,2023-09-02,177,30,811,909,88922,0
1013,2024-05-09,177,12,814,902,88922,0
1014,2025-01-04,177,18,804,908,88922,0
1015,2021-06-02,178,29,812,902,40945,0
1016,2021-12-05,178,24,807,911,43227,0
1017,2022-09-04,178,29,808,901,43227,0
1018,2023-06-01,178,10,811,905,43227,0
1019,2023-12-04,178,12,804,909,43227,0
1020,2024-10-22,178,33,807,909,43227,0
1021,2025-05-15,178,24,808,910,43227,0
1022,2018-12-17,179,14,803,905,66991,0
1023,2019-09-02,179,34,802,903,66991,0
1024,2020-05-22,179,26,804,902,66991,0
1025,2021-02-23,179,35,807,906,66991,0
1026,2021-10-23,179,34,806,900,66991,0
1027,2022-06-29,179,16,806,902,66991,0
1028,2023-05-22,179,36,803,910,66991,0
1029,2023-12-18,179,19,805,901,66991,0
1030,2024-10-21,179,25,803,908,66991,0
1031,2025-05-24,179,23,811,908,66991,0
1032,2020-09-24,180,10,802,906,83060,0
1033,2021-08-27,180,14,803,909,83060,0
1034,2022-06-25,180,19,813,906,83060,0
1035,2023-04-26,180,26,808,907,83060,0
1036,2024-03-05,180,20,804,906,91227,0
1037,2025-02-05,180,19,807,902,91227,0
1038,2025-02-24,181,31,802,909,48247,0
1039,2017-09-06,182,10,807,902,53213,0
1040,2018-08-03,182,14,808,909,53213,0
1041,2019-03-05,182,22,808,907,53213,0
1042,2020-02-28,182,29,814,904,53213,0
1043,2020-09-04,182,37,810,905,53213,0
1044,2021-04-07,182,20,802,901,55523,0
1045,2022-03-09,182,39,809,902,55523,0
1046,2023-01-24,182,16,812,904,55523,0
1047,2023-08-14,182,39,810,902,55523,0
1048,2024-04-10,182,35,811,900,55523,0
1049,2024-12-26,182,39,811,911,55523,0
1050,2024-05-09,183,33,811,910,78996,0
1051,2025-04-30,183,39,808,910,78996,0
1052,2021-04-04,184,33,805,904,54595,0
1053,2022-02-14,184,37,806,904,54595,0
1054,2023-01-14,184,36,811,902,54595,0
1055,2023-09-25,184,19,801,906,59775,0
1056,2024-03-29,184,12,805,911,59775,0
1057,2024-11-07,184,40,804,900,59775,0
1058,2025-02-27,185,13,810,911,60828,0
1059,2017-04-13,186,35,812,910,58984,0
1060,2017-12-09,186,19,813,901,58984,0
1061,2018-07-13,186,29,804,903,58984,0
1062,2019-04-08,186,17,807,900,58984,0
1063,2019-10-19,186,18,808,906,58984,0
1064,2020-09-10,186,40,810,906,58984,0
1065,2021-03-21,186,16,800,911,58984,0
1066,2022-01-04,186,39,805,910,58984,0
1067,2022-10-28,186,33,814,903,58984,0
1068,2023-07-21,186,39,814,903,58984,0
1069,2024-04-04,186,30,805,905,58984,0
1070,2024-10-11,186,30,811,902,58984,0
1071,2022-12-21,187,30,812,900,41912,0
1072,2023-07-05,187,29,811,905,41912,0
1073,2024-01-06,187,25,812,900,41912,0
1074,2024-08-12,187,33,812,900,41912,0
1075,2018-05-27,188,13,805,908,81201,0
1076,2019-03-10,188,12,810,911,81201,0
1077,2019-12-29,188,40,801,904,85394,0
1078,2020-11-17,188,16,807,908,85394,0
1079,2021-05-25,188,34,805,909,85394,0
1080,2022-03-30,188,30,804,907,85394,0
1081,2022-10-21,188,34,802,904,85394,0
1082,2023-09-02,188,27,805,910,85394,0
1083,2024-06-22,188,34,814,904,85394,0
1084,2025-06-01,188,29,800,905,90023,0
1085,2025-03-05,189,24,810,910,51407,0
1086,2019-06-13,190,30,806,909,69815,0
1087,2019-12-27,190,18,813,901,69815,0
1088,2020-10-25,190,39,809,907,69815,0
1089,2021-06-26,190,13,812,909,69815,0
1090,2022-02-17,190,16,806,903,69815,0
1091,2022-11-24,190,36,814,908,69815,0
1092,2023-10-19,190,17,804,900,69815,0
1093,2024-08-04,190,33,805,902,69815,0
1094,2020-07-27,191,27,804,908,49815,0
1095,2021-02-05,191,24,805,910,49815,0
1096,2021-11-07,191,32,810,908,49815,0
1097,2022-07-19,191,22,813,906,51520,0
1098,2023-06-21,191,35,804,905,51520,0
1099,2023-12-19,191,27,814,901,51520,0
1100,2024-08-25,191,34,811,903,51520,0
1101,2025-03-22,191,22,808,903,51520,0
1102,2019-10-09,192,16,804,903,66117,0
1103,2020-05-08,192,29,811,900,66117,0
1104,2020-11-04,192,40,806,900,66117,0
1105,2021-10-24,192,26,814,904,66117,0
1106,2022-08-23,192,10,800,906,66117,0
1107,2023-02-21,192,31,809,903,66117,0
1108,2023-10-21,192,40,812,904,66117,0
1109,2024-07-25,192,31,805,902,70352,0
1110,2025-03-22,192,34,801,910,73910,0
1111,2017-03-30,194,10,811,901,63212,0
1112,2018-03-04,194,11,805,903,63212,0
1113,2018-12-27,194,13,814,910,63212,0
1114,2019-09-08,194,30,803,905,63212,0
1115,2020-06-10,194,11,803,905,63212,0
1116,2021-01-10,194,26,807,907,63212,0
1117,2021-11-01,194,17,806,909,63212,0
1118,2022-08-12,194,40,810,911,63212,0
1119,2023-03-19,194,40,804,904,63212,0
1120,2023-12-01,194,16,814,910,69060,0
1121,2024-09-08,194,35,801,900,69060,0
1122,2017-05-14,195,38,808,910,51461,0
1123,2018-01-18,195,10,807,903,51461,0
1124,2018-09-28,195,39,809,909,51461,0
1125,2019-04-14,195,25,809,903,51461,0
1126,2020-02-10,195,16,809,903,51461,0
1127,2020-08-14,195,18,808,904,53728,0
1128,2021-07-14,195,25,808,907,53728,0
1129,2022-03-08,195,34,810,907,53728,0
1130,2023-02-11,195,31,800,903,53728,0
1131,2023-11-15,195,40,809,911,53728,0
1132,2024-06-16,195,35,802,908,53728,0
1133,2025-05-08,195,37,811,905,53728,0
1134,2023-05-25,196,32,813,906,52659,0
1135,2024-03-10,196,16,803,908,56996,0
1136,2025-01-13,196,26,811,907,56996,0
1137,2020-08-12,197,28,813,901,77362,0
1138,2021-03-11,197,21,814,906,77362,0
1139,2021-10-03,197,19,809,904,77362,0
1140,2022-07-19,197,33,810,905,77362,0
1141,2023-07-02,197,35,813,901,77362,0
1142,2024-06-11,197,12,805,900,77362,0
1143,2025-03-28,197,32,811,911,77362,0
1144,2019-10-28,198,28,801,907,63431,0
1145,2020-09-17,198,21,803,910,63431,0
1146,2021-06-18,198,11,813,909,63431,0
1147,2022-02-18,198,13,809,900,63431,0
1148,2023-01-16,198,27,802,900,63431,0
1149,2023-07-27,198,36,815,903,66324,0
1150,2024-02-10,198,25,811,900,66324,0
1151,2024-09-14,198,31,804,904,66324,0
1152,2019-02-11,199,31,806,911,68674,0
1153,2019-09-22,199,30,811,900,68674,0
1154,2020-06-02,199,28,802,900,68674,0
1155,2021-05-27,199,28,804,900,68674,0
1156,2022-03-20,199,36,809,906,68674,0
1157,2022-12-22,199,26,800,907,68674,0
1158,2023-11-29,199,11,814,903,68674,0
1159,2024-07-30,199,39,808,900,68674,0
1160,2024-12-19,200,25,811,902,66595,0
1161,2017-05-16,201,34,803,900,63689,0
1162,2018-03-17,201,19,812,909,63689,0
1163,2019-01-30,201,38,807,902,63689,0
1164,2019-12-18,201,26,801,908,63689,0
1165,2020-11-16,201,16,804,909,63689,0
1166,2021-10-03,201,33,815,904,63689,0
1167,2022-07-14,201,34,812,908,63689,0
1168,2023-05-11,201,27,801,910,63689,0
1169,2024-02-26,201,15,805,902,63689,0
1170,2024-10-28,201,24,811,909,63689,0
1171,2019-02-03,202,16,804,908,82296,0
1172,2019-09-26,202,40,811,900,82296,0
1173,2020-04-04,202,19,813,903,82296,0
1174,2021-01-12,202,17,811,908,82296,0
1175,2021-08-13,202,17,812,910,82296,0
1176,2022-07-05,202,30,800,901,82296,0
1177,2023-01-26,202,21,809,908,82296,0
1178,2023-07-30,202,33,800,906,82296,0
1179,2024-02-16,202,24,812,904,82296,0
1180,2024-10-18,202,30,803,902,82296,0
1181,2023-01-03,203,10,807,905,48552,0
1182,2023-09-06,203,23,804,909,48552,0
1183,2024-07-13,203,17,810,911,51977,0
1184,2025-03-09,203,16,813,910,51977,0
1185,2021-04-17,204,31,807,904,70014,0
1186,2022-04-09,204,25,813,902,70014,0
1187,2023-03-18,204,34,802,911,70014,0
1188,2023-12-12,204,35,811,903,70014,0
1189,2024-11-13,204,37,810,911,70014,0
1190,2019-02-21,205,14,803,904,64910,0
1191,2019-12-13,205,26,803,908,64910,0
1192,2020-07-26,205,39,801,906,64910,0
1193,2021-02-02,205,11,804,904,64910,0
1194,2021-08-09,205,21,807,911,64910,0
1195,2022-07-22,205,13,811,907,64910,0
1196,2023-07-13,205,32,803,907,64910,0
1197,2024-05-01,205,15,802,907,64910,0
1198,2025-03-31,205,30,814,901,70431,0
1199,2017-12-28,206,12,814,901,70688,0
1200,2018-06-28,206,40,810,902,70688,0
1201,2019-03-25,206,24,814,910,70688,0
1202,2020-02-25,206,38,815,902,70688,0
1203,2020-11-01,206,16,803,900,70688,0
1204,2021-05-10,206,35,801,901,70688,0
1205,2022-03-30,206,20,811,908,70688,0
1206,2022-10-28,206,24,803,905,70688,0
1207,2023-05-12,206,12,815,901,70688,0
1208,2024-03-19,206,37,809,904,70688,0
1209,2025-02-06,206,32,805,906,70688,0
1210,2019-03-30,207,16,815,907,50455,0
1211,2019-12-02,207,24,803,905,50455,0
1212,2020-09-26,207,13,811,900,50455,0
1213,2021-09-17,207,11,807,903,50455,0
1214,2022-05-18,207,18,813,906,50455,0
1215,2023-03-07,207,23,806,910,50455,0
1216,2024-02-08,207,17,800,903,55277,0
1217,2024-12-07,207,12,804,901,55277,0
1218,2018-08-28,208,16,802,901,49089,0
1219,2019-05-06,208,29,805,902,49089,0
1220,2020-01-07,208,14,802,907,49089,0
1221,2020-09-24,208,28,813,906,49089,0
1222,2021-07-31,208,31,804,903,49089,0
1223,2022-04-06,208,37,814,910,49089,0
1224,2022-12-16,208,29,809,907,52085,0
1225,2023-06-21,208,39,810,909,52085,0
1226,2024-06-08,208,29,803,908,52085,0
1227,2025-06-01,208,23,801,907,52085,0
1228,2023-03-07,209,29,813,908,62377,0
1229,2023-12-31,209,16,809,907,62377,0
1230,2024-11-13,209,25,809,909,62377,0
1231,2024-10-29,210,37,801,907,43652,0
1232,2022-11-12,212,21,804,903,77677,0
1233,2023-05-25,212,20,801,907,77677,0
1234,2024-05-05,212,26,806,901,77677,0
1235,2024-12-13,212,36,805,907,77677,0
1236,2016-12-26,214,11,801,906,47609,0
1237,2017-10-15,214,19,808,901,47609,0
1238,2018-06-05,214,14,800,902,47609,0
1239,2019-05-31,214,39,808,901,47609,0
1240,2020-04-15,214,37,802,900,47609,0
1241,2021-03-08,214,19,808,906,47609,0
1242,2021-12-23,214,33,801,905,47609,0
1243,2022-09-26,214,20,813,902,47609,0
1244,2023-06-20,214,16,803,910,47609,0
1245,2024-05-08,214,34,810,903,47609,0
1246,2025-03-19,214,19,815,906,47609,0
1247,2022-04-28,215,22,802,903,67712,0
1248,2023-01-09,215,19,801,908,67712,0
1249,2023-10-02,215,27,806,910,67712,0
1250,2024-07-01,215,26,800,909,67712,0
1251,2025-01-27,215,33,811,900,67712,0
1252,2019-04-19,216,27,807,908,80611,0
1253,2020-02-12,216,21,803,904,80611,0
1254,2020-12-22,216,17,805,902,80611,0
1255,2021-06-24,216,17,807,901,80611,0
1256,2022-01-22,216,31,809,901,80611,0
1257,2022-11-18,216,29,802,903,80611,0
1258,2023-10-09,216,38,802,901,88274,0
1259,2024-07-16,216,26,807,911,88274,0
1260,2025-06-09,216,23,808,900,88274,0
1261,2023-08-10,217,38,801,900,46087,0
1262,2024-05-14,217,20,815,901,46087,0
1263,2025-05-03,217,10,808,908,46087,0
1264,2022-12-19,218,40,811,900,36339,0
1265,2023-09-22,218,23,808,902,36339,0
1266,2024-04-11,218,26,801,909,36339,0
1267,2025-03-23,218,12,803,910,36339,0
1268,2017-06-12,219,38,809,911,51309,0
1269,2018-05-04,219,29,814,907,51309,0
1270,2018-12-10,219,22,811,909,51309,0
1271,2019-09-19,219,21,803,910,51309,0
1272,2020-07-14,219,21,815,904,51309,0
1273,2021-02-20,219,11,811,907,51309,0
1274,2022-02-14,219,13,812,910,51309,0
1275,2022-08-30,219,24,811,909,51309,0
1276,2023-03-27,219,31,813,910,51309,0
1277,2023-11-21,219,11,803,906,51309,0
1278,2024-05-28,219,19,803,907,51309,0
1279,2024-12-09,219,16,801,907,56164,0
1280,2022-02-28,220,39,804,907,61699,0
1281,2022-11-26,220,10,801,910,61699,0
1282,2023-10-23,220,24,812,901,61699,0
1283,2024-05-20,220,22,807,909,65748,0
1284,2025-02-25,220,22,814,901,65748,0
1285,2017-10-07,221,28,815,908,70332,0
1286,2018-07-10,221,25,812,911,70332,0
1287,2019-05-05,221,19,800,900,70332,0
1288,2020-02-19,221,20,814,900,70332,0
1289,2020-12-25,221,26,812,903,70332,0
1290,2021-09-15,221,12,806,906,70332,0
1291,2022-07-12,221,20,812,907,70332,0
1292,2023-03-27,221,39,804,907,70332,0
1293,2023-12-10,221,32,810,902,76771,0
1294,2024-06-17,221,18,803,910,82603,0
1295,2025-03-16,221,38,807,904,82603,0
1296,2020-02-09,222,22,803,908,44257,0
1297,2020-09-22,222,40,805,910,48098,0
1298,2021-04-20,222,40,801,906,48098,0
1299,2022-01-09,222,12,806,906,48098,0
1300,2022-10-13,222,36,813,903,48098,0
1301,2023-09-07,222,17,805,906,50448,0
1302,2024-08-09,222,24,800,908,50448,0
1303,2025-05-07,222,30,806,901,50448,0
1304,2025-02-14,223,12,806,908,62158,0
1305,2023-12-05,224,17,811,900,61972,0
1306,2024-07-19,224,32,813,908,61972,0
1307,2025-05-02,224,16,801,906,61972,0
1308,2018-03-24,226,32,806,906,47076,0
1309,2019-01-02,226,37,803,906,47076,0
1310,2019-10-18,226,34,810,908,47076,0
1311,2020-06-09,226,27,802,908,47076,0
1312,2021-02-16,226,27,803,901,47076,0
1313,2021-12-14,226,32,808,911,47076,0
1314,2022-09-30,226,25,814,909,47076,0
1315,2023-08-27,226,40,809,911,50195,0
1316,2024-08-13,226,36,801,906,50195,0
1317,2025-06-16,226,18,808,906,50195,0
1318,2020-08-21,228,26,808,904,52181,0
1319,2021-04-26,228,12,801,902,52181,0
1320,2022-01-15,228,20,801,910,52181,0
1321,2022-11-24,228,36,812,909,52181,0
1322,2023-09-14,228,29,813,909,52181,0
1323,2024-08-05,228,38,800,901,52181,0
1324,2025-02-22,228,21,815,903,55156,0
1325,2020-06-29,229,26,810,904,61811,0
1326,2020-12-27,229,22,806,900,61811,0
1327,2021-06-26,229,40,815,900,61811,0
1328,2022-03-01,229,20,807,904,61811,0
1329,2023-01-13,229,18,808,901,67665,0
1330,2023-08-02,229,37,810,905,67665,0
1331,2024-07-12,229,28,804,902,67665,0
1332,2025-01-24,229,12,808,908,67665,0
1333,2024-08-04,230,28,807,909,37682,0
1334,2025-05-09,230,16,809,911,37682,0
1335,2022-08-16,231,24,809,909,48234,0
1336,2023-02-22,231,28,805,900,48234,0
1337,2024-01-28,231,39,810,907,48234,0
1338,2024-12-06,231,32,809,902,48234,0
1339,2019-10-04,232,24,801,902,54685,0
1340,2020-07-09,232,38,802,901,54685,0
1341,2021-04-24,232,17,804,907,54685,0
1342,2022-04-10,232,28,800,902,54685,0
1343,2023-03-22,232,17,801,911,54685,0
1344,2023-10-21,232,12,805,907,54685,0
1345,2024-06-01,232,33,815,902,54685,0
1346,2025-03-27,232,28,806,907,54685,0
1347,2018-08-04,233,11,806,905,82271,0
1348,2019-03-10,233,22,805,905,82271,0
1349,2020-01-30,233,26,805,907,82271,0
1350,2020-09-28,233,39,810,907,82271,0
1351,2021-04-29,233,20,815,904,82271,0
1352,2021-12-14,233,28,814,911,82271,0
1353,2022-07-02,233,35,808,902,82271,0
1354,2023-06-07,233,15,811,900,82271,0
1355,2024-05-13,233,21,807,908,82271,0
1356,2024-11-28,233,12,813,902,82271,0
1357,2020-01-07,234,29,811,903,36332,0
1358,2020-07-09,234,17,805,901,36332,0
1359,2021-07-03,234,12,811,905,36332,0
1360,2022-06-02,234,39,811,908,36332,0
1361,2023-01-20,234,13,812,907,36332,0
1362,2023-11-27,234,17,814,904,36332,0
1363,2024-09-06,234,29,806,904,36332,0
1364,2025-01-28,235,29,803,903,57379,0
1365,2023-06-23,236,31,813,905,55634,0
1366,2024-02-17,236,23,809,904,60976,0
1367,2024-09-19,236,28,811,902,60976,0
1368,2025-06-04,236,25,801,906,60976,0
1369,2023-09-06,237,21,812,901,45333,0
1370,2024-06-28,237,39,812,907,45333,0
1371,2025-06-08,237,38,815,905,49826,0
1372,2017-07-13,238,25,815,905,64949,0
1373,2018-07-07,238,32,806,904,64949,0
1374,2019-03-21,238,38,807,906,64949,0
1375,2019-09-26,238,29,814,908,64949,0
1376,2020-09-12,238,19,800,902,64949,0
1377,2021-05-29,238,28,800,911,64949,0
1378,2022-04-30,238,34,804,909,64949,0
1379,2023-02-09,238,35,806,902,64949,0
1380,2024-02-01,238,26,806,905,64949,0
1381,2024-08-25,238,23,811,907,64949,0
1382,2024-01-21,239,26,813,911,71048,0
1383,2024-10-05,239,16,814,901,71048,0
1384,2023-02-26,240,35,811,907,70261,0
1385,2023-10-11,240,16,815,901,70261,0
1386,2024-07-05,240,21,803,906,70261,0
1387,2025-03-09,240,24,803,909,70261,0
1388,2017-10-12,241,19,807,900,65516,0
1389,2018-10-02,241,14,806,900,65516,0
1390,2019-07-19,241,24,815,907,65516,0
1391,2020-05-16,241,15,807,901,65516,0
1392,2021-04-18,241,20,814,907,65516,0
1393,2022-01-12,241,34,811,910,65516,0
1394,2022-10-27,241,12,808,904,65516,0
1395,2023-09-12,241,23,815,911,70168,0
1396,2024-08-08,241,11,809,904,73139,0
1397,2025-02-07,241,13,807,911,73139,0
1398,2018-02-08,242,17,801,910,84433,0
1399,2018-10-25,242,34,813,910,84433,0
1400,2019-08-07,242,27,813,911,84433,0
1401,2020-06-02,242,11,801,901,84433,0
1402,2021-01-19,242,24,801,902,84433,0
1403,2022-01-03,242,34,804,910,84433,0
1404,2022-11-11,242,32,800,900,89506,0
1405,2023-09-10,242,11,813,907,89506,0
1406,2024-08-28,242,27,803,904,89506,0
1407,2025-04-24,242,27,810,903,97050,0
1408,2020-03-31,243,37,811,905,44325,0
1409,2020-10-31,243,23,808,902,44325,0
1410,2021-08-10,243,29,802,908,44325,0
1411,2022-05-17,243,14,801,907,44325,0
1412,2022-11-18,243,40,807,906,44325,0
1413,2023-09-22,243,39,809,910,44325,0
1414,2024-04-06,243,18,809,911,48600,0
1415,2025-02-22,243,38,808,902,48600,0
1416,2025-01-10,244,37,807,908,40546,0
1417,2018-06-30,248,40,802,905,83498,0
1418,2019-04-10,248,35,805,901,83498,0
1419,2019-12-23,248,36,805,907,83498,0
1420,2020-07-17,248,26,801,910,83498,0
1421,2021-02-16,248,23,810,906,88977,0
1422,2021-08-21,248,34,808,906,88977,0
1423,2022-03-01,248,28,812,902,88977,0
1424,2022-11-14,248,24,812,901,88977,0
1425,2023-10-08,248,16,803,903,88977,0
1426,2024-06-09,248,25,809,907,88977,0
1427,2025-03-15,248,11,812,902,88977,0
1428,2018-01-30,249,19,812,905,40105,0
1429,2019-01-07,249,32,801,908,40105,0
1430,2019-10-03,249,31,804,905,40105,0
1431,2020-05-09,249,35,807,904,40105,0
1432,2021-04-06,249,36,803,906,42392,0
1433,2022-03-20,249,22,807,908,42392,0
1434,2022-11-20,249,38,809,904,42392,0
1435,2023-06-08,249,38,801,911,42392,0
1436,2023-12-29,249,37,813,904,42392,0
1437,2024-08-21,249,26,807,904,42392,0
1438,2019-12-02,250,17,805,904,38012,0
1439,2020-07-15,250,19,800,910,38012,0
1440,2021-01-25,250,22,802,905,39679,0
1441,2021-12-11,250,29,808,902,39679,0
1442,2022-11-15,250,27,814,908,39679,0
1443,2023-10-02,250,34,808,907,39679,0
1444,2024-04-23,250,32,803,901,39679,0
1445,2025-03-16,250,18,807,906,39679,0
1446,2021-05-06,251,16,808,901,40429,0
1447,2022-03-11,251,33,807,910,40429,0
1448,2022-11-29,251,12,801,903,40429,0
1449,2023-10-03,251,14,807,910,40429,0
1450,2024-05-28,251,24,807,905,40429,0
1451,2025-01-27,251,28,811,904,42635,0
1452,2022-08-09,252,34,810,911,41804,0
1453,2023-06-11,252,27,807,901,41804,0
1454,2024-01-14,252,28,800,908,41804,0
1455,2024-12-08,252,40,809,904,41804,0
1456,2025-06-06,252,26,807,903,41804,0
1457,2019-04-29,253,17,801,900,66743,0
1458,2020-03-22,253,37,807,908,66743,0
1459,2021-02-18,253,27,805,910,66743,0
1460,2021-08-21,253,36,811,907,66743,0
1461,2022-07-12,253,24,806,903,71472,0
1462,2023-03-02,253,34,814,901,71472,0
1463,2024-02-24,253,20,804,911,71472,0
1464,2024-10-14,253,27,808,905,71472,0
1465,2019-08-14,254,14,801,903,48112,0
1466,2020-05-23,254,12,806,900,48112,0
1467,2021-01-27,254,38,807,900,48112,0
1468,2021-10-15,254,11,810,902,52740,0
1469,2022-04-16,254,11,815,911,52740,0
1470,2023-03-30,254,24,805,911,52740,0
1471,2023-11-04,254,18,811,906,52740,0
1472,2024-09-18,254,22,812,908,52740,0
1473,2016-07-12,255,33,805,905,67225,0
1474,2017-01-13,255,36,814,905,70562,0
1475,2017-09-14,255,34,807,911,70562,0
1476,2018-08-07,255,18,811,906,70562,0
1477,2019-02-24,255,33,810,903,70562,0
1478,2020-01-23,255,39,811,908,74860,0
1479,2020-11-06,255,32,813,902,74860,0
1480,2021-09-07,255,21,813,910,74860,0
1481,2022-06-26,255,36,802,911,74860,0
1482,2023-04-26,255,30,808,908,74860,0
1483,2024-03-22,255,16,813,910,74860,0
1484,2025-01-16,255,35,806,902,74860,0
1485,2020-05-12,256,16,813,901,54287,0
1486,2021-02-02,256,29,810,906,54287,0
1487,2021-09-04,256,22,801,911,54287,0
1488,2022-06-26,256,12,812,909,54287,0
1489,2023-01-14,256,12,809,900,54287,0
1490,2023-09-02,256,37,813,905,54287,0
1491,2024-06-30,256,18,812,902,54287,0
1492,2025-06-16,256,19,800,907,54287,0
1493,2019-12-29,257,26,809,902,62223,0
1494,2020-09-09,257,27,806,903,62223,0
1495,2021-04-09,257,29,812,907,62223,0
1496,2021-12-19,257,10,811,910,62223,0
1497,2022-08-24,257,16,802,901,62223,0
1498,2023-06-14,257,15,801,910,62223,0
1499,2024-02-19,257,37,813,908,62223,0
1500,2025-01-24,257,31,813,910,62223,0
1501,2017-10-11,258,18,805,902,41446,0
1502,2018-07-31,258,21,803,907,41446,0
1503,2019-07-08,258,12,810,909,41446,0
1504,2020-06-12,258,13,800,904,41446,0
1505,2020-12-22,258,12,800,901,41446,0
1506,2021-10-03,258,22,810,902,44196,0
1507,2022-05-04,258,25,813,910,44196,0
1508,2023-01-18,258,10,801,904,44196,0
1509,2023-12-03,258,24,803,909,44196,0
1510,2024-08-15,258,35,815,900,44196,0
1511,2023-02-14,259,14,811,903,84777,0
1512,2023-12-09,259,32,804,902,89507,0
1513,2024-11-13,259,25,803,907,89507,0
1514,2022-04-06,260,36,803,908,57783,0
1515,2022-12-28,260,12,807,910,57783,0
1516,2023-09-20,260,38,809,910,62084,0
1517,2024-08-19,260,16,807,908,62084,0
1518,2024-01-11,261,20,808,901,49642,0
1519,2024-09-30,261,33,808,905,49642,0
1520,2021-06-08,262,24,802,908,55575,0
1521,2022-04-03,262,40,809,900,55575,0
1522,2022-12-29,262,20,814,906,55575,0
1523,2023-10-28,262,33,805,905,55575,0
1524,2024-07-07,262,38,812,911,58865,0
1525,2025-03-13,262,21,800,909,62825,0
1526,2023-03-08,263,38,812,908,70486,0
1527,2023-09-24,263,31,805,906,70486,0
1528,2024-05-09,263,15,805,900,74762,0
1529,2025-02-03,263,12,808,903,74762,0
1530,2020-09-23,264,31,815,902,72635,0
1531,2021-04-29,264,16,802,909,75521,0
1532,2022-04-22,264,36,812,909,75521,0
1533,2023-01-08,264,32,802,906,75521,0
1534,2023-09-28,264,38,802,911,75521,0
1535,2024-04-13,264,33,807,909,75521,0
1536,2024-12-14,264,25,803,908,75521,0
1537,2025-06-17,264,12,813,903,75521,0
1538,2016-07-01,265,26,807,910,49317,0
1539,2017-02-11,265,31,805,909,49317,0
1540,2018-01-08,265,15,810,909,49317,0
1541,2018-09-23,265,20,800,902,49317,0
1542,2019-07-30,265,27,802,901,49317,0
1543,2020-07-05,265,29,809,903,49317,0
1544,2021-03-06,265,36,812,908,49317,0
1545,2021-12-10,265,35,801,903,49317,0
1546,2022-07-03,265,28,804,908,49317,0
1547,2023-05-21,265,12,815,909,49317,0
1548,2024-04-13,265,34,808,901,49317,0
1549,2025-02-12,265,23,802,902,49317,0
1550,2019-07-03,266,36,811,903,59396,0
1551,2020-03-28,266,18,813,911,59396,0
1552,2020-10-19,266,16,800,906,59396,0
1553,2021-08-22,266,27,810,902,59396,0
1554,2022-04-01,266,10,807,906,59396,0
1555,2022-09-30,266,22,810,908,59396,0
1556,2023-07-21,266,40,811,906,59396,0
1557,2024-05-13,266,16,803,907,59396,0
1558,2025-02-24,266,23,801,907,64410,0
1559,2022-08-15,267,30,809,901,83718,0
1560,2023-07-13,267,31,803,907,83718,0
1561,2024-07-07,267,11,809,905,83718,0
1562,2025-04-19,267,33,805,904,88219,0
1563,2018-02-22,268,29,804,910,76724,0
1564,2018-12-24,268,38,804,911,76724,0
1565,2019-08-31,268,39,814,902,76724,0
1566,2020-05-01,268,33,809,905,76724,0
1567,2021-04-21,268,25,811,908,83121,0
1568,2021-10-19,268,34,805,907,83121,0
1569,2022-04-17,268,10,803,902,83121,0
1570,2022-12-04,268,37,809,907,83121,0
1571,2023-11-04,268,34,805,909,91213,0
1572,2024-06-03,268,22,813,904,91213,0
1573,2025-05-28,268,17,803,904,91213,0
1574,2020-10-16,269,10,804,910,52798,0
1575,2021-04-19,269,40,813,904,52798,0
1576,2022-03-26,269,29,802,907,56239,0
1577,2023-01-23,269,16,815,910,56239,0
1578,2023-09-24,269,16,812,911,56239,0
1579,2024-04-26,269,20,814,902,56239,0
1580,2024-12-28,269,40,803,903,56239,0
1581,2025-03-17,270,29,806,909,71949,0
1582,2021-12-27,271,28,803,910,68560,0
1583,2022-10-26,271,27,805,904,68560,0
1584,2023-07-18,271,30,806,904,68560,0
1585,2024-03-19,271,37,806,908,68560,0
1586,2024-09-24,271,20,805,900,68560,0
1587,2025-06-07,271,32,811,902,68560,0
1588,2025-01-17,272,18,815,908,53214,0
1589,2022-11-28,273,36,811,903,46604,0
1590,2023-10-30,273,38,813,900,46604,0
1591,2024-10-04,273,18,806,910,46604,0
1592,2021-08-21,274,18,812,904,43177,0
1593,2022-02-17,274,15,815,906,45371,0
1594,2022-12-04,274,21,800,908,45371,0
1595,2023-11-17,274,21,811,900,45371,0
1596,2024-11-05,274,25,800,907,45371,0
1597,2025-05-16,274,36,803,904,45371,0
1598,2024-10-06,275,19,800,907,72959,0
1599,2017-08-24,276,19,809,905,57119,0
1600,2018-08-09,276,38,809,910,57119,0
1601,2019-05-15,276,28,808,900,57119,0
1602,2019-12-28,276,21,811,906,57119,0
1603,2020-07-29,276,27,813,901,62445,0
1604,2021-07-07,276,37,809,903,62445,0
1605,2022-01-11,276,35,801,906,62445,0
1606,2022-10-07,276,16,802,904,62445,0
1607,2023-07-04,276,35,803,909,62445,0
1608,2024-03-25,276,26,809,911,62445,0
1609,2025-01-30,276,28,811,903,62445,0
1610,2018-06-14,277,27,808,910,50023,0
1611,2019-03-17,277,25,815,902,50023,0
1612,2020-02-26,277,18,809,901,50023,0
1613,2020-08-26,277,37,813,908,50023,0
1614,2021-02-24,277,25,813,910,52484,0
1615,2021-08-28,277,18,811,909,52484,0
1616,2022-08-21,277,23,808,906,52484,0
1617,2023-05-08,277,17,809,905,52484,0
1618,2024-04-24,277,37,814,908,52484,0
1619,2025-03-28,277,23,800,900,52484,0
1620,2021-05-28,278,31,811,901,40473,0
1621,2021-11-27,278,13,809,904,40473,0
1622,2022-09-04,278,38,815,906,41781,0
1623,2023-03-30,278,35,806,900,41781,0
1624,2023-11-23,278,37,808,910,41781,0
1625,2024-08-30,278,32,815,905,41781,0
1626,2023-10-17,279,12,814,900,48848,0
1627,2024-07-08,279,22,808,908,48848,0
1628,2025-01-06,279,17,815,904,50372,0
1629,2018-03-03,280,25,803,905,35325,0
1630,2018-11-05,280,21,811,907,35325,0
1631,2019-07-21,280,13,806,908,35325,0
1632,2020-04-04,280,21,800,903,38313,0
1633,2020-11-11,280,32,803,910,38313,0
1634,2021-06-03,280,29,814,908,38313,0
1635,2022-01-27,280,37,814,908,38313,0
1636,2022-10-21,280,16,810,905,38313,0
1637,2023-08-07,280,32,811,904,38313,0
1638,2024-02-05,280,40,809,911,38313,0
1639,2024-11-03,280,29,808,905,38313,0
1640,2024-06-12,281,33,814,909,76679,0
1641,2025-04-07,281,14,811,910,76679,0
1642,2022-02-09,282,38,802,902,44219,0
1643,2022-10-09,282,10,801,911,44219,0
1644,2023-05-09,282,29,802,906,44219,0
1645,2024-03-30,282,25,809,911,44219,0
1646,2025-03-09,282,33,804,911,44219,0
1647,2022-03-20,283,37,806,900,64111,0
1648,2022-10-21,283,24,802,902,64111,0
1649,2023-06-24,283,27,807,909,69471,0
1650,2024-03-11,283,38,800,909,69471,0
1651,2024-11-09,283,20,806,903,69471,0
1652,2018-10-25,285,39,809,903,57393,0
1653,2019-06-21,285,35,804,900,57393,0
1654,2020-05-11,285,26,806,907,57393,0
1655,2021-04-26,285,19,801,900,60603,0
1656,2021-12-10,285,24,806,906,60603,0
1657,2022-10-30,285,18,802,911,60603,0
1658,2023-06-30,285,30,813,907,60603,0
1659,2024-04-04,285,18,802,903,60603,0
1660,2024-10-10,285,29,801,900,63794,0
1661,2025-05-01,285,30,803,910,63794,0
1662,2016-07-16,286,27,800,907,62329,0
1663,2017-01-22,286,13,802,901,62329,0
1664,2017-08-15,286,10,813,904,62329,0
1665,2018-04-30,286,35,811,908,62329,0
1666,2019-02-26,286,18,814,911,62329,0
1667,2019-11-28,286,35,815,908,62329,0
1668,2020-10-01,286,15,806,902,62329,0
1669,2021-08-18,286,38,814,901,62329,0
1670,2022-02-25,286,32,803,908,62329,0
1671,2022-12-15,286,23,800,902,62329,0
1672,2023-11-16,286,26,801,907,62329,0
1673,2024-10-31,286,14,803,909,62329,0
1674,2016-08-14,287,34,806,911,42029,0
1675,2017-02-18,287,34,804,906,42029,0
1676,2017-09-22,287,17,805,903,42029,0
1677,2018-07-29,287,28,806,907,42029,0
1678,2019-03-08,287,37,803,911,42029,0
1679,2019-10-08,287,35,803,910,42029,0
1680,2020-06-26,287,25,814,910,42029,0
1681,2021-04-01,287,25,809,905,42029,0
1682,2021-10-16,287,32,800,906,42029,0
1683,2022-04-18,287,12,800,903,42029,0
1684,2023-03-05,287,12,815,905,42029,0
1685,2023-12-03,287,33,806,907,42029,0
1686,2024-10-18,287,13,812,901,42029,0
1687,2024-05-13,288,16,809,900,38375,0
1688,2025-02-15,288,18,808,902,38375,0
1689,2021-11-30,289,15,813,907,82177,0
1690,2022-11-17,289,31,806,902,88902,0
1691,2023-10-22,289,25,814,900,88902,0
1692,2024-05-17,289,19,802,905,88902,0
1693,2024-12-26,289,32,807,902,88902,0
1694,2021-07-22,290,38,803,900,56362,0
1695,2022-06-21,290,16,803,901,56362,0
1696,2023-02-13,290,10,814,902,56362,0
1697,2023-09-02,290,22,810,909,56362,0
1698,2024-08-08,290,11,809,907,56362,0
1699,2025-06-04,290,37,807,911,56362,0
1700,2018-02-10,291,26,802,900,53235,0
1701,2018-08-18,291,14,807,903,53235,0
1702,2019-03-06,291,19,810,911,53235,0
1703,2019-12-25,291,10,808,907,53235,0
1704,2020-08-14,291,28,814,901,53235,0
1705,2021-02-14,291,13,813,900,53235,0
1706,2022-01-28,291,15,807,902,53235,0
1707,2022-10-02,291,25,800,909,53235,0
1708,2023-09-26,291,39,804,904,53235,0
1709,2024-07-22,291,27,812,901,53235,0
1710,2025-04-12,291,34,815,908,53235,0
1711,2017-08-31,292,18,810,908,72743,0
1712,2018-07-08,292,26,806,911,78438,0
1713,2019-05-15,292,24,800,911,78438,0
1714,2020-02-04,292,31,801,911,84216,0
1715,2020-10-05,292,18,801,906,84216,0
1716,2021-06-07,292,37,804,905,84216,0
1717,2022-03-25,292,34,806,900,84216,0
1718,2022-12-15,292,33,809,910,84216,0
1719,2023-08-25,292,33,802,907,84216,0
1720,2024-04-04,292,19,808,901,84216,0
1721,2024-10-06,292,11,802,908,84216,0
1722,2025-04-26,292,16,815,911,84216,0
1723,2018-05-13,293,16,808,903,84282,0
1724,2019-02-03,293,34,806,906,87547,0
1725,2019-12-22,293,36,802,907,87547,0
1726,2020-08-31,293,16,807,909,87547,0
1727,2021-06-13,293,16,808,906,87547,0
1728,2022-02-16,293,11,804,904,87547,0
1729,2022-11-23,293,13,809,910,87547,0
1730,2023-06-30,293,15,809,904,93254,0
1731,2024-03-27,293,28,804,906,93254,0
1732,2024-10-12,293,16,806,907,101987,0
1733,2025-05-19,293,15,807,907,101987,0
1734,2016-09-16,294,13,813,901,40738,0
1735,2017-07-23,294,20,811,911,40738,0
1736,2018-04-26,294,31,807,900,40738,0
1737,2018-12-09,294,17,800,903,40738,0
1738,2019-07-01,294,31,800,900,40738,0
1739,2020-01-21,294,13,813,909,40738,0
1740,2020-09-27,294,22,812,900,40738,0
1741,2021-05-03,294,31,800,911,40738,0
1742,2021-11-26,294,18,803,909,40738,0
1743,2022-10-02,294,24,807,906,40738,0
1744,2023-08-19,294,33,814,904,40738,0
1745,2024-03-07,294,14,802,910,40738,0
1746,2025-02-23,294,40,810,903,40738,0
1747,2022-04-10,295,12,809,904,75784,0
1748,2023-03-25,295,32,813,911,75784,0
1749,2023-12-14,295,35,815,907,75784,0
1750,2024-10-20,295,10,810,911,75784,0
1751,2020-11-30,296,28,803,909,39747,0
1752,2021-08-31,296,19,813,907,39747,0
1753,2022-06-21,296,37,807,901,43629,0
1754,2023-02-13,296,37,802,910,43629,0
1755,2023-10-27,296,40,800,904,43629,0
1756,2024-09-18,296,17,802,905,43629,0
1757,2018-11-04,297,15,807,904,46335,0
1758,2019-10-15,297,10,804,906,46335,0
1759,2020-07-25,297,10,808,903,46335,0
1760,2021-04-05,297,10,801,904,46335,0
1761,2021-10-10,297,16,806,901,46335,0
1762,2022-07-31,297,33,800,905,46335,0
1763,2023-07-10,297,40,810,905,46335,0
1764,2024-03-23,297,35,804,907,46335,0
1765,2025-01-30,297,24,807,909,46335,0
1766,2023-09-13,298,20,815,907,45809,0
1767,2024-05-31,298,38,809,909,45809,0
1768,2025-01-29,298,34,803,900,45809,0
1769,2022-08-19,299,11,803,905,44541,0
1770,2023-05-12,299,23,814,904,44541,0
1771,2024-02-01,299,21,802,910,44541,0
1772,2024-09-06,299,32,806,907,44541,0
1773,2025-05-14,299,18,814,903,44541,0
1774,2017-12-15,300,25,812,906,38039,0
1775,2018-08-13,300,37,800,903,39306,0
1776,2019-06-17,300,23,814,908,39306,0
1777,2020-01-03,300,38,800,907,39306,0
1778,2020-10-10,300,10,806,908,39306,0
1779,2021-04-19,300,33,805,905,42260,0
1780,2021-11-20,300,25,813,908,42260,0
1781,2022-10-24,300,37,803,910,42260,0
1782,2023-07-04,300,25,808,904,42260,0
1783,2024-01-09,300,23,809,900,42260,0
1784,2024-10-24,300,20,806,904,42260,0
1785,2023-05-23,301,29,810,904,65140,0
1786,2024-05-04,301,40,809,911,65140,0
1787,2025-01-08,301,14,806,906,65140,0
1788,2023-06-25,302,17,806,901,70492,0
1789,2024-01-24,302,28,812,910,70492,0
1790,2024-09-05,302,13,806,908,70492,0
1791,2022-10-13,303,22,813,910,75403,0
1792,2023-07-17,303,35,810,900,75403,0
1793,2024-05-01,303,32,800,907,75403,0
1794,2025-03-05,303,33,808,902,75403,0
1795,2023-05-24,305,23,812,902,59982,0
1796,2024-01-16,305,14,813,911,59982,0
1797,2024-09-30,305,34,807,907,59982,0
1798,2025-04-17,305,20,801,900,59982,0
1799,2017-04-24,307,13,815,906,36735,0
1800,2018-03-23,307,36,802,906,39189,0
1801,2019-02-09,307,27,815,904,39189,0
1802,2019-12-14,307,19,806,911,39189,0
1803,2020-10-23,307,22,809,907,39189,0
1804,2021-06-06,307,33,812,909,39189,0
1805,2022-03-23,307,14,809,909,39189,0
1806,2022-12-25,307,30,814,905,39189,0
1807,2023-11-16,307,16,807,900,39189,0
1808,2024-10-01,307,39,812,906,39189,0
1809,2025-03-10,308,18,810,911,83439,0
1810,2022-06-30,309,28,801,900,39959,0
1811,2022-12-30,309,12,803,900,39959,0
1812,2023-11-07,309,16,809,907,39959,0
1813,2024-05-07,309,15,802,911,39959,0
1814,2024-11-13,309,16,800,903,39959,0
1815,2023-07-17,310,14,813,905,59828,0
1816,2024-02-07,310,38,813,909,59828,0
1817,2024-11-25,310,25,807,904,59828,0
1818,2025-06-12,310,23,801,909,59828,0
1819,2018-05-19,311,19,808,900,62787,0
1820,2019-02-08,311,38,813,909,62787,0
1821,2019-10-12,311,22,802,900,62787,0
1822,2020-08-31,311,30,800,907,62787,0
1823,2021-06-13,311,26,808,905,62787,0
1824,2022-04-18,311,20,812,901,62787,0
1825,2022-12-25,311,30,803,904,62787,0
1826,2023-11-26,311,40,804,909,62787,0
1827,2024-08-28,311,11,809,908,62787,0
1828,2025-05-03,311,33,808,910,62787,0
1829,2022-09-26,312,23,801,911,38395,0
1830,2023-03-27,312,31,808,900,38395,0
1831,2024-02-16,312,36,814,904,38395,0
1832,2024-11-10,312,22,815,901,38395,0
1833,2018-04-16,313,27,813,907,58706,0
1834,2018-10-19,313,11,803,905,62283,0
1835,2019-06-06,313,24,801,900,62283,0
1836,2020-02-22,313,17,802,911,62283,0
1837,2020-10-06,313,20,800,911,62283,0
1838,2021-06-26,313,15,801,908,62283,0
1839,2022-05-10,313,31,814,903,62283,0
1840,2023-04-05,313,24,805,911,62283,0
1841,2023-11-08,313,32,810,903,62283,0
1842,2024-09-01,313,31,809,907,62283,0
1843,2025-04-29,313,39,812,903,62283,0
1844,2024-01-11,314,11,808,901,46207,0
1845,2024-07-13,314,26,812,908,46207,0
1846,2025-01-16,314,26,811,900,46207,0
1847,2021-10-28,315,12,807,910,40777,0
1848,2022-07-27,315,25,801,907,40777,0
1849,2023-05-07,315,22,800,907,40777,0
1850,2024-04-22,315,16,805,901,40777,0
1851,2024-11-11,315,11,810,908,40777,0
1852,2021-11-30,317,33,805,910,66643,0
1853,2022-11-03,317,12,813,911,66643,0
1854,2023-08-29,317,15,812,900,66643,0
1855,2024-04-28,317,21,807,908,66643,0
1856,2024-11-25,317,22,811,909,66643,0
1857,2017-02-19,318,35,814,907,48634,0
1858,2017-08-25,318,17,814,900,48634,0
1859,2018-06-06,318,15,802,900,48634,0
1860,2019-03-07,318,40,800,902,48634,0
1861,2019-11-16,318,12,803,902,48634,0
1862,2020-11-05,318,29,800,902,48634,0
1863,2021-05-09,318,12,805,903,48634,0
1864,2022-03-28,318,30,809,909,48634,0
1865,2022-11-23,318,22,804,906,50766,0
1866,2023-07-24,318,40,801,905,50766,0
1867,2024-07-01,318,32,804,911,50766,0
1868,2025-05-29,318,17,801,902,52565,0
1869,2017-08-14,319,21,811,900,74634,0
1870,2018-05-20,319,29,808,901,74634,0
1871,2018-12-09,319,37,808,907,74634,0
1872,2019-11-28,319,17,802,906,74634,0
1873,2020-06-22,319,16,806,901,74634,0
1874,2021-05-02,319,35,809,904,74634,0
1875,2022-03-09,319,19,802,900,74634,0
1876,2022-10-24,319,22,809,906,74634,0
1877,2023-07-14,319,15,802,905,74634,0
1878,2024-03-18,319,29,812,904,74634,0
1879,2024-12-21,319,37,804,901,74634,0
1880,2022-06-20,320,20,803,907,46714,0
1881,2023-02-12,320,12,808,900,46714,0
1882,2024-01-19,320,29,813,907,46714,0
1883,2024-10-04,320,30,815,904,46714,0
1884,2025-04-17,320,27,803,908,46714,0
1885,2023-09-30,321,30,801,910,53252,0
1886,2024-07-12,321,16,815,911,53252,0
1887,2025-05-24,321,28,807,902,53252,0
1888,2019-11-08,322,21,809,909,72441,0
1889,2020-10-20,322,15,807,904,72441,0
1890,2021-09-14,322,18,805,905,72441,0
1891,2022-08-12,322,26,809,905,72441,0
1892,2023-05-18,322,33,808,908,72441,0
1893,2024-02-24,322,37,807,903,72441,0
1894,2024-09-11,322,29,814,907,72441,0
1895,2020-09-21,323,28,811,910,62168,0
1896,2021-07-05,323,16,814,905,62168,0
1897,2022-03-27,323,31,815,911,62168,0
1898,2023-02-18,323,34,815,905,62168,0
1899,2023-08-22,323,14,805,910,62168,0
1900,2024-04-24,323,31,805,909,62168,0
1901,2025-02-16,323,16,802,909,62168,0
1902,2017-05-18,324,36,809,905,53959,0
1903,2018-01-06,324,36,810,911,53959,0
1904,2018-07-25,324,39,805,902,53959,0
1905,2019-03-03,324,16,804,905,53959,0
1906,2019-12-16,324,32,806,903,53959,0
1907,2020-09-30,324,24,809,908,53959,0
1908,2021-05-22,324,33,809,902,53959,0
1909,2022-03-07,324,27,814,909,53959,0
1910,2023-02-05,324,25,801,901,57713,0
1911,2023-10-30,324,40,815,908,57713,0
1912,2024-10-22,324,28,811,902,57713,0
1913,2022-03-01,326,11,804,906,63516,0
1914,2022-12-03,326,27,803,907,63516,0
1915,2023-11-03,326,27,814,904,63516,0
1916,2024-08-08,326,37,803,905,63516,0
1917,2025-06-27,326,39,809,901,63516,0
1918,2024-10-01,327,27,800,901,42012,0
1919,2025-04-23,327,37,804,906,42012,0
1920,2018-12-22,328,32,800,903,46518,0
1921,2019-11-23,328,30,811,909,46518,0
1922,2020-07-18,328,13,800,901,46518,0
1923,2021-03-26,328,27,805,901,46518,0
1924,2021-11-20,328,30,806,904,46518,0
1925,2022-08-30,328,18,809,909,46518,0
1926,2023-03-04,328,36,808,909,50233,0
1927,2023-12-20,328,17,803,900,50233,0
1928,2024-11-17,328,25,814,910,50233,0
1929,2018-11-05,329,15,801,903,80229,0
1930,2019-09-11,329,28,804,903,80229,0
1931,2020-04-21,329,34,801,903,80229,0
1932,2021-02-28,329,14,804,903,80229,0
1933,2021-09-02,329,22,804,905,80229,0
1934,2022-05-24,329,16,808,902,80229,0
1935,2023-01-05,329,17,802,909,80229,0
1936,2023-12-29,329,31,809,902,80229,0
1937,2024-07-10,329,16,811,908,80229,0
1938,2025-01-18,329,22,803,907,84976,0
1939,2021-08-19,331,21,810,907,51096,0
1940,2022-03-02,331,23,804,911,55906,0
1941,2023-02-11,331,16,811,907,55906,0
1942,2023-12-20,331,22,805,911,55906,0
1943,2024-10-10,331,13,804,906,55906,0
1944,2021-05-13,332,13,807,907,39972,0
1945,2022-05-03,332,16,814,900,39972,0
1946,2022-11-12,332,35,804,907,39972,0
1947,2023-10-18,332,19,813,903,39972,0
1948,2024-09-07,332,34,800,905,39972,0
1949,2025-03-31,332,15,811,910,39972,0
1950,2017-02-22,333,39,805,904,69173,0
1951,2017-08-28,333,23,811,905,69173,0
1952,2018-04-22,333,34,815,909,69173,0
1953,2018-11-13,333,25,802,904,69173,0
1954,2019-06-28,333,21,805,905,69173,0
1955,2020-04-26,333,30,805,903,69173,0
1956,2021-02-27,333,33,813,904,69173,0
1957,2022-01-21,333,15,803,905,69173,0
1958,2022-09-07,333,14,808,903,69173,0
1959,2023-08-27,333,32,809,905,69173,0
1960,2024-07-14,333,18,809,902,69173,0
1961,2025-03-13,333,23,800,900,69173,0
1962,2019-05-06,334,11,801,907,44141,0
1963,2020-03-23,334,11,806,905,44141,0
1964,2020-12-12,334,22,812,911,44141,0
1965,2021-09-30,334,18,805,909,44141,0
1966,2022-05-20,334,37,814,904,44141,0
1967,2022-12-21,334,11,807,905,44141,0
1968,2023-07-24,334,38,812,908,44141,0
1969,2024-06-30,334,25,813,905,44141,0
1970,2025-01-24,334,24,802,904,44141,0
1971,2025-06-02,335,36,811,900,81458,0
1972,2021-10-31,336,11,814,902,79649,0
1973,2022-05-22,336,13,812,900,79649,0
1974,2023-02-11,336,24,801,908,79649,0
1975,2023-11-10,336,33,812,908,79649,0
1976,2024-08-22,336,14,800,906,79649,0
1977,2025-04-30,336,21,804,903,79649,0
1978,2016-12-27,337,37,807,907,71205,0
1979,2017-07-22,337,31,805,906,71205,0
1980,2018-05-06,337,21,815,900,71205,0
1981,2018-12-26,337,17,812,901,71205,0
1982,2019-08-04,337,36,806,910,71205,0
1983,2020-04-17,337,33,810,900,71205,0
1984,2021-01-20,337,21,808,907,71205,0
1985,2021-10-10,337,30,815,910,71205,0
1986,2022-08-19,337,25,815,909,71205,0
1987,2023-03-31,337,13,806,908,71205,0
1988,2023-10-05,337,23,807,903,71205,0
1989,2024-07-24,337,19,802,901,71205,0
1990,2025-05-16,337,16,814,902,71205,0
1991,2016-10-30,338,32,803,910,40168,0
1992,2017-09-07,338,20,807,906,40168,0
1993,2018-06-08,338,19,802,905,44012,0
1994,2019-04-24,338,37,808,901,44012,0
1995,2019-11-01,338,26,813,907,44012,0
1996,2020-10-20,338,19,807,910,44012,0
1997,2021-10-01,338,25,811,910,44012,0
1998,2022-09-05,338,37,800,900,44012,0
1999,2023-04-03,338,22,811,909,44012,0
2000,2023-12-01,338,30,801,907,44012,0
2001,2024-11-18,338,36,808,911,44012,0
2002,2019-10-03,339,16,815,904,46372,0
2003,2020-08-23,339,24,806,901,50872,0
2004,2021-08-12,339,28,804,902,50872,0
2005,2022-04-04,339,14,808,905,50872,0
2006,2023-03-17,339,14,812,908,50872,0
2007,2023-11-26,339,18,810,911,50872,0
2008,2024-08-24,339,34,815,904,50872,0
2009,2025-06-04,339,39,811,905,50872,0
2010,2023-07-05,340,28,812,908,82106,0
2011,2024-02-13,340,25,800,911,82106,0
2012,2024-09-06,340,33,804,909,82106,0
2013,2025-03-24,340,23,815,902,82106,0
2014,2020-06-20,341,10,802,900,79563,0
2015,2021-02-20,341,27,807,904,79563,0
2016,2021-12-15,341,25,800,908,79563,0
2017,2022-10-05,341,40,802,909,79563,0
2018,2023-08-08,341,29,801,911,79563,0
2019,2024-04-07,341,38,814,901,79563,0
2020,2024-10-14,341,34,807,907,79563,0
2021,2019-05-18,342,16,802,900,37833,0
2022,2019-11-22,342,26,803,909,37833,0
2023,2020-06-10,342,13,802,900,37833,0
2024,2021-04-02,342,36,800,909,37833,0
2025,2021-12-01,342,27,804,901,37833,0
2026,2022-11-24,342,36,812,902,37833,0
2027,2023-09-23,342,32,807,909,37833,0
2028,2024-03-24,342,30,804,900,37833,0
2029,2025-01-12,342,12,811,910,37833,0
2030,2016-07-10,343,25,807,904,76169,0
2031,2017-04-02,343,40,803,903,76169,0
2032,2017-12-17,343,19,808,910,76169,0
2033,2018-08-21,343,34,813,904,76169,0
2034,2019-06-02,343,35,800,907,76169,0
2035,2020-02-17,343,31,800,904,76169,0
2036,2020-12-24,343,31,813,906,76169,0
2037,2021-11-09,343,23,800,911,76169,0
2038,2022-07-22,343,12,802,909,76169,0
2039,2023-06-11,343,19,802,907,76169,0
2040,2024-03-19,343,34,809,908,76169,0
2041,2024-10-21,343,18,804,910,76169,0
2042,2025-06-16,343,30,804,909,76169,0
2043,2019-04-11,344,31,811,911,71711,0
2044,2020-03-08,344,36,805,910,71711,0
2045,2020-12-04,344,19,804,902,71711,0
2046,2021-10-09,344,35,813,909,71711,0
2047,2022-09-19,344,16,805,910,71711,0
2048,2023-06-20,344,15,802,911,71711,0
2049,2024-03-05,344,29,809,900,71711,0
2050,2025-01-09,344,16,808,903,71711,0
2051,2020-12-19,345,34,813,906,56997,0
2052,2021-11-11,345,15,815,908,56997,0
2053,2022-10-19,345,14,809,908,56997,0
2054,2023-07-11,345,39,809,904,56997,0
2055,2024-04-27,345,35,812,909,56997,0
2056,2025-01-16,345,34,810,910,56997,0
2057,2020-11-28,346,15,809,903,68690,0
2058,2021-09-28,346,36,802,906,73792,0
2059,2022-08-12,346,14,809,901,76386,0
2060,2023-04-08,346,30,813,908,76386,0
2061,2023-12-03,346,33,813,906,76386,0
2062,2024-07-29,346,23,800,908,76386,0
2063,2025-04-15,346,38,800,909,76386,0
2064,2024-07-16,347,20,806,909,51321,0
2065,2025-03-26,347,20,800,907,51321,0
2066,2024-10-15,348,15,810,909,59521,0
2067,2019-10-11,349,19,815,911,52978,0
2068,2020-06-19,349,27,804,911,52978,0
2069,2020-12-28,349,28,804,907,52978,0
2070,2021-11-09,349,19,815,905,52978,0
2071,2022-07-24,349,31,807,902,52978,0
2072,2023-06-29,349,36,810,905,52978,0
2073,2024-06-13,349,11,810,905,52978,0
2074,2025-03-25,349,23,800,908,52978,0
2075,2023-05-26,350,17,808,910,68507,0
2076,2024-04-02,350,36,800,902,68507,0
2077,2025-01-01,350,20,809,903,68507,0
2078,2021-09-30,351,26,802,908,50559,0
2079,2022-04-26,351,38,809,903,50559,0
2080,2023-03-16,351,34,815,903,50559,0
2081,2024-02-08,351,23,809,900,50559,0
2082,2025-01-08,351,22,806,910,50559,0
2083,2019-10-26,352,39,805,911,53122,0
2084,2020-10-04,352,13,803,911,53122,0
2085,2021-06-01,352,32,813,904,53122,0
2086,2022-04-04,352,11,805,903,53122,0
2087,2022-12-29,352,36,802,908,53122,0
2088,2023-08-29,352,14,807,908,53122,0
2089,2024-06-14,352,14,814,905,53122,0
2090,2025-02-23,352,19,809,901,54962,0
2091,2024-06-04,353,30,811,903,45049,0
2092,2025-02-10,353,38,813,906,45049,0
2093,2023-10-25,354,20,809,909,62562,0
2094,2024-09-25,354,10,806,909,62562,0
2095,2018-11-17,356,19,804,909,66909,0
2096,2019-05-29,356,24,801,900,66909,0
2097,2019-12-10,356,13,803,910,66909,0
2098,2020-06-28,356,25,807,906,66909,0
2099,2021-02-03,356,15,806,906,66909,0
2100,2021-09-14,356,22,801,906,66909,0
2101,2022-03-29,356,11,806,908,66909,0
2102,2022-10-21,356,38,801,907,66909,0
2103,2023-04-25,356,35,805,903,66909,0
2104,2024-01-16,356,34,804,907,66909,0
2105,2024-07-20,356,13,812,901,66909,0
2106,2025-05-19,356,39,802,906,66909,0
2107,2021-02-19,357,11,810,900,51638,0
2108,2021-09-11,357,31,809,901,51638,0
2109,2022-07-13,357,37,810,902,51638,0
2110,2023-07-05,357,39,804,910,51638,0
2111,2024-04-17,357,36,811,905,56594,0
2112,2025-03-15,357,40,803,910,56594,0
2113,2021-02-19,358,18,814,910,80598,0
2114,2021-10-07,358,24,810,911,80598,0
2115,2022-05-25,358,34,810,910,80598,0
2116,2023-02-07,358,26,814,901,80598,0
2117,2024-01-16,358,37,803,905,80598,0
2118,2024-08-10,358,28,812,908,80598,0
2119,2025-02-25,358,18,812,908,80598,0
2120,2018-03-23,359,31,810,911,83033,0
2121,2018-09-27,359,26,811,904,83033,0
2122,2019-07-09,359,15,807,907,83033,0
2123,2020-05-09,359,20,803,911,83033,0
2124,2021-03-22,359,26,808,908,83033,0
2125,2021-11-30,359,13,802,908,83033,0
2126,2022-10-25,359,25,806,902,83033,0
2127,2023-06-04,359,11,809,910,83033,0
2128,2023-12-07,359,32,809,910,83033,0
2129,2024-11-23,359,19,802,908,83033,0
2130,2021-12-08,360,39,810,905,35122,0
2131,2022-08-26,360,24,800,902,35122,0
2132,2023-04-04,360,40,815,906,35122,0
2133,2024-01-09,360,15,803,901,35122,0
2134,2024-07-18,360,14,803,908,35122,0
2135,2023-08-30,361,22,810,910,54056,0
2136,2024-05-13,361,22,809,905,54056,0
2137,2025-03-27,361,10,800,910,54056,0
2138,2020-11-22,362,17,802,911,35044,0
2139,2021-06-27,362,35,802,907,35044,0
2140,2022-04-24,362,31,802,906,35044,0
2141,2022-11-16,362,11,809,905,35044,0
2142,2023-10-31,362,13,811,902,36185,0
2143,2024-07-04,362,14,813,906,36185,0
2144,2025-05-24,362,34,814,906,36185,0
2145,2025-01-02,363,28,814,907,73278,0
2146,2025-02-02,364,26,803,905,48845,0
2147,2020-05-20,365,32,800,908,53389,0
2148,2021-02-27,365,33,815,910,55557,0
2149,2021-09-18,365,16,809,901,55557,0
2150,2022-08-04,365,25,814,907,55557,0
2151,2023-03-21,365,33,810,901,55557,0
2152,2024-01-15,365,35,812,902,55557,0
2153,2024-07-26,365,29,812,909,55557,0
2154,2017-02-08,366,30,807,905,65730,0
2155,2018-01-25,366,11,802,906,69359,0
2156,2018-11-12,366,20,802,910,69359,0
2157,2019-06-18,366,34,804,910,69359,0
2158,2020-02-21,366,22,805,905,75754,0
2159,2020-10-19,366,32,802,911,75754,0
2160,2021-09-01,366,29,809,907,75754,0
2161,2022-06-01,366,18,805,905,75754,0
2162,2023-05-15,366,27,814,907,82003,0
2163,2024-02-27,366,25,814,909,86695,0
2164,2025-02-20,366,20,805,901,86695,0
2165,2020-12-06,367,22,805,905,62909,0
2166,2021-11-14,367,12,815,907,62909,0
2167,2022-09-07,367,25,811,901,62909,0
2168,2023-05-07,367,30,803,908,62909,0
2169,2024-01-02,367,29,806,910,62909,0
2170,2024-10-28,367,31,807,902,62909,0
2171,2018-05-01,368,31,814,900,73253,0
2172,2019-01-27,368,25,810,900,73253,0
2173,2019-12-13,368,36,815,902,73253,0
2174,2020-12-05,368,17,810,908,73253,0
2175,2021-07-08,368,15,800,900,73253,0
2176,2022-06-28,368,33,813,908,73253,0
2177,2023-05-09,368,40,810,904,73253,0
2178,2024-03-11,368,38,805,911,73253,0
2179,2024-10-15,368,11,804,910,73253,0
2180,2021-12-11,369,15,804,904,68782,0
2181,2022-10-15,369,40,806,904,68782,0
2182,2023-07-26,369,29,804,900,68782,0
2183,2024-07-19,369,21,805,903,68782,0
2184,2025-05-26,369,40,801,900,68782,0
2185,2017-05-16,370,13,803,904,45033,0
2186,2017-11-14,370,28,811,910,45033,0
2187,2018-06-04,370,39,809,908,45033,0
2188,2019-04-21,370,22,807,904,45033,0
2189,2019-12-14,370,12,800,903,45033,0
2190,2020-10-21,370,35,810,902,45033,0
2191,2021-06-25,370,32,805,909,46574,0
2192,2022-04-05,370,33,801,908,46574,0
2193,2023-01-13,370,15,800,900,46574,0
2194,2023-08-10,370,38,812,903,46574,0
2195,2024-06-02,370,21,809,906,46574,0
2196,2025-04-11,370,32,815,902,46574,0
2197,2025-01-11,371,32,800,907,63733,0
2198,2025-04-12,373,36,803,908,52304,0
2199,2020-09-20,375,34,804,911,75420,0
2200,2021-07-27,375,37,812,904,79137,0
2201,2022-05-28,375,39,804,903,79137,0
2202,2023-04-12,375,22,807,910,79137,0
2203,2024-03-06,375,17,800,908,79137,0
2204,2024-11-19,375,14,805,906,79137,0
2205,2020-09-14,376,23,815,900,80709,0
2206,2021-03-31,376,18,810,903,84581,0
2207,2021-11-02,376,40,813,900,84581,0
2208,2022-10-09,376,20,811,902,84581,0
2209,2023-09-15,376,12,803,907,84581,0
2210,2024-07-22,376,37,813,910,92941,0
2211,2025-06-14,376,20,815,905,92941,0
2212,2024-08-29,377,23,805,907,80879,0
2213,2025-05-15,377,15,809,906,86782,0
2214,2021-01-25,378,14,813,911,37120,0
2215,2021-10-21,378,20,804,911,37120,0
2216,2022-05-14,378,10,805,909,37120,0
2217,2023-04-12,378,19,808,906,37120,0
2218,2024-03-20,378,26,815,906,37120,0
2219,2025-01-22,378,14,806,910,37120,0
2220,2021-05-10,379,27,801,902,45011,0
2221,2021-12-10,379,36,812,911,45011,0
2222,2022-07-01,379,24,812,907,45011,0
2223,2023-03-14,379,16,815,911,45011,0
2224,2024-01-17,379,25,813,905,45011,0
2225,2024-10-09,379,13,810,904,45011,0
2226,2025-06-27,379,19,811,905,45011,0
2227,2019-06-21,380,13,802,901,35216,0
2228,2020-03-21,380,14,815,903,35216,0
2229,2021-01-13,380,17,802,902,35216,0
2230,2021-10-14,380,38,802,900,37557,0
2231,2022-08-30,380,33,800,902,37557,0
2232,2023-06-15,380,29,803,906,37557,0
2233,2024-01-21,380,28,807,901,37557,0
2234,2024-12-26,380,12,801,907,37557,0
2235,2017-07-14,381,13,806,908,43803,0
2236,2018-01-27,381,30,815,910,43803,0
2237,2018-09-19,381,20,802,904,43803,0
2238,2019-08-25,381,21,805,901,43803,0
2239,2020-06-26,381,30,805,911,43803,0
2240,2021-03-07,381,10,812,904,43803,0
2241,2021-11-06,381,35,802,903,46454,0
2242,2022-07-25,381,27,805,906,46454,0
2243,2023-05-16,381,26,812,910,46454,0
2244,2024-04-27,381,11,801,906,46454,0
2245,2024-10-24,381,35,803,905,46454,0
2246,2022-06-07,382,25,805,901,68168,0
2247,2023-05-31,382,30,811,909,68168,0
2248,2024-04-12,382,36,803,906,68168,0
2249,2025-01-15,382,27,815,908,68168,0
2250,2024-04-30,383,21,810,905,73152,0
2251,2024-12-16,383,28,800,907,73152,0
2252,2019-04-09,384,17,803,906,43730,0
2253,2019-10-17,384,38,814,910,43730,0
2254,2020-09-08,384,11,803,905,43730,0
2255,2021-07-25,384,39,802,900,43730,0
2256,2022-07-01,384,21,815,910,43730,0
2257,2023-06-11,384,22,807,901,43730,0
2258,2024-04-25,384,38,808,910,43730,0
2259,2025-03-04,384,17,808,911,43730,0
2260,2020-11-14,385,24,805,906,49103,0
2261,2021-09-30,385,25,812,910,49103,0
2262,2022-08-30,385,25,812,910,51848,0
2263,2023-06-19,385,32,814,900,51848,0
2264,2024-05-09,385,31,807,900,51848,0
2265,2024-11-07,385,32,804,905,51848,0
2266,2023-04-02,386,37,800,903,37762,0
2267,2023-10-15,386,34,811,906,37762,0
2268,2024-07-25,386,12,804,910,37762,0
2269,2025-03-06,386,30,803,910,37762,0
2270,2025-03-28,387,24,801,906,49611,0
2271,2024-02-19,388,28,805,904,79529,0
2272,2025-01-31,388,37,812,909,79529,0
2273,2025-01-22,389,14,803,911,54862,0
2274,2017-05-05,390,11,801,908,48029,0
2275,2018-04-09,390,33,808,900,52547,0
2276,2018-12-17,390,37,809,910,52547,0
2277,2019-11-10,390,18,809,901,52547,0
2278,2020-08-16,390,34,806,911,52547,0
2279,2021-02-14,390,17,814,908,52547,0
2280,2022-01-31,390,38,814,905,52547,0
2281,2022-08-28,390,21,800,910,52547,0
2282,2023-08-12,390,14,810,905,52547,0
2283,2024-02-28,390,16,810,910,52547,0
2284,2025-01-17,390,14,805,910,52547,0
2285,2019-11-08,391,31,800,906,84175,0
2286,2020-05-06,391,32,813,905,84175,0
2287,2021-02-27,391,37,804,910,84175,0
2288,2022-01-27,391,11,805,902,84175,0
2289,2022-10-31,391,30,804,907,84175,0
2290,2023-06-06,391,39,804,910,84175,0
2291,2024-05-28,391,10,813,904,84175,0
2292,2025-04-30,391,22,811,911,84175,0
2293,2017-10-07,392,38,815,910,36777,0
2294,2018-09-10,392,13,810,901,36777,0
2295,2019-07-24,392,22,808,907,36777,0
2296,2020-06-13,392,20,814,901,36777,0
2297,2020-12-13,392,26,815,900,36777,0
2298,2021-08-02,392,31,808,906,38183,0
2299,2022-06-04,392,31,811,907,38183,0
2300,2022-12-21,392,35,807,905,38183,0
2301,2023-07-11,392,22,811,906,38183,0
2302,2024-04-07,392,18,813,904,38183,0
2303,2025-02-22,392,21,814,901,38183,0
2304,2023-01-19,393,15,815,910,48036,0
2305,2023-10-10,393,13,812,910,48036,0
2306,2024-07-12,393,14,809,907,48036,0
2307,2025-01-28,393,26,810,901,48036,0
2308,2024-09-29,394,16,808,904,45592,0
2309,2025-06-14,394,15,801,906,45592,0
2310,2024-03-28,396,37,815,908,75293,0
2311,2025-01-13,396,27,810,904,75293,0
2312,2017-01-04,397,32,812,901,45012,0
2313,2017-08-09,397,37,803,907,45012,0
2314,2018-02-09,397,33,812,908,45012,0
2315,2018-10-27,397,28,814,903,45012,0
2316,2019-09-12,397,30,805,901,45012,0
2317,2020-07-18,397,19,813,905,45012,0
2318,2021-05-23,397,14,811,903,45012,0
2319,2021-12-21,397,12,806,904,45012,0
2320,2022-08-22,397,15,808,907,45012,0
2321,2023-08-04,397,40,801,908,45012,0
2322,2024-02-02,397,29,801,901,48688,0
2323,2024-08-03,397,30,803,907,48688,0
2324,2018-09-21,398,17,804,901,39937,0
2325,2019-05-08,398,28,802,901,39937,0
2326,2019-11-26,398,33,802,907,39937,0
2327,2020-09-08,398,23,807,910,39937,0
2328,2021-03-23,398,29,815,908,39937,0
2329,2021-11-30,398,35,815,908,39937,0
2330,2022-09-04,398,36,814,903,39937,0
2331,2023-05-11,398,30,814,901,39937,0
2332,2024-02-27,398,12,814,906,39937,0
2333,2024-09-20,398,14,806,906,39937,0
2334,2025-06-16,398,20,806,910,39937,0
2335,2020-06-26,399,21,809,900,63432,0
2336,2021-01-05,399,12,807,906,63432,0
2337,2021-11-05,399,38,806,905,63432,0
2338,2022-08-02,399,32,805,901,63432,0
2339,2023-05-06,399,29,805,906,63432,0
2340,2023-11-20,399,30,804,910,63432,0
2341,2024-06-22,399,38,812,903,63432,0
2342,2025-02-09,399,33,812,900,66374,0
2343,2021-01-09,400,14,814,907,70744,0
2344,2021-09-24,400,27,813,906,70744,0
2345,2022-04-07,400,29,801,910,70744,0
2346,2023-02-08,400,23,808,909,70744,0
2347,2023-12-06,400,33,815,907,70744,0
2348,2024-11-14,400,22,800,901,70744,0
2349,2017-08-17,401,10,805,903,49546,0
2350,2018-05-23,401,27,803,900,49546,0
2351,2019-01-26,401,35,811,906,49546,0
2352,2019-09-15,401,16,806,908,49546,0
2353,2020-03-16,401,20,815,900,49546,0
2354,2020-11-17,401,14,812,907,49546,0
2355,2021-07-03,401,34,812,903,52587,0
2356,2022-03-22,401,15,808,904,52587,0
2357,2023-01-19,401,11,809,903,52587,0
2358,2023-08-24,401,27,800,911,52587,0
2359,2024-04-25,401,29,811,910,52587,0
2360,2025-02-26,401,17,803,900,52587,0
2361,2019-06-12,402,37,806,907,76794,0
2362,2020-02-26,402,20,806,908,76794,0
2363,2020-10-31,402,27,810,910,76794,0
2364,2021-05-31,402,13,814,905,76794,0
2365,2022-01-28,402,26,810,901,76794,0
2366,2022-12-10,402,19,808,907,76794,0
2367,2023-08-16,402,31,813,910,76794,0
2368,2024-05-21,402,21,813,910,76794,0
2369,2025-01-19,402,39,812,906,84214,0
2370,2024-04-05,404,35,802,911,42370,0
2371,2024-12-09,404,39,801,904,42370,0
2372,2018-11-15,405,35,801,909,68152,0
2373,2019-09-28,405,25,803,911,68152,0
2374,2020-08-20,405,10,809,911,68152,0
2375,2021-06-05,405,31,803,902,68152,0
2376,2022-03-24,405,21,806,904,68152,0
2377,2022-10-17,405,36,801,911,68152,0
2378,2023-08-25,405,21,800,906,68152,0
2379,2024-08-09,405,25,804,911,68152,0
2380,2025-02-11,405,19,802,904,68152,0
2381,2017-08-08,406,13,805,900,48049,0
2382,2018-07-22,406,34,813,908,48049,0
2383,2019-04-09,406,18,803,903,48049,0
2384,2020-02-09,406,40,804,910,48049,0
2385,2020-11-24,406,36,802,904,48049,0
2386,2021-08-03,406,24,807,902,48049,0
2387,2022-04-03,406,11,806,910,48049,0
2388,2023-03-18,406,15,812,900,48049,0
2389,2024-01-25,406,28,813,911,48049,0
2390,2025-01-14,406,32,801,908,48049,0
2391,2020-08-23,407,40,814,903,72469,0
2392,2021-07-19,407,21,808,905,72469,0
2393,2022-02-24,407,10,815,900,72469,0
2394,2022-12-16,407,17,803,908,72469,0
2395,2023-11-24,407,32,806,900,79652,0
2396,2024-06-18,407,24,812,909,82433,0
2397,2025-05-30,407,23,808,905,82433,0
2398,2021-02-28,408,22,801,910,60558,0
2399,2021-12-20,408,33,808,907,60558,0
2400,2022-08-28,408,25,804,903,60558,0
2401,2023-04-14,408,25,802,909,60558,0
2402,2024-03-24,408,15,807,903,60558,0
2403,2025-01-19,408,12,802,909,60558,0
2404,2018-06-08,409,32,805,906,39414,0
2405,2019-03-30,409,13,805,901,39414,0
2406,2020-02-20,409,24,804,911,39414,0
2407,2021-02-09,409,10,811,911,39414,0
2408,2021-09-25,409,35,809,902,42132,0
2409,2022-05-11,409,14,814,911,42132,0
2410,2023-02-27,409,38,803,902,42132,0
2411,2024-01-06,409,23,812,908,42132,0
2412,2024-11-02,409,33,809,905,42132,0
2413,2025-06-04,409,35,808,901,42132,0
2414,2017-06-14,412,33,809,901,67550,0
2415,2018-05-18,412,23,804,904,67550,0
2416,2019-03-16,412,14,802,900,67550,0
2417,2020-01-08,412,32,807,911,67550,0
2418,2020-11-22,412,40,808,901,67550,0
2419,2021-11-01,412,20,811,904,67550,0
2420,2022-06-27,412,12,800,905,67550,0
2421,2023-02-28,412,35,803,901,67550,0
2422,2023-12-20,412,20,806,910,67550,0
2423,2024-07-24,412,36,802,900,67550,0
2424,2025-02-03,412,24,807,903,67550,0
2425,2024-09-23,413,24,802,902,41021,0
2426,2019-02-14,414,36,802,909,65327,0
2427,2020-01-07,414,24,815,903,65327,0
2428,2020-07-29,414,30,812,904,65327,0
2429,2021-03-09,414,31,802,903,65327,0
2430,2022-02-17,414,26,802,909,65327,0
2431,2023-01-11,414,17,805,903,65327,0
2432,2023-09-26,414,24,806,909,65327,0
2433,2024-05-06,414,40,812,900,65327,0
2434,2025-04-29,414,31,813,904,65327,0
2435,2017-07-14,416,12,809,900,38359,0
2436,2018-04-22,416,33,804,909,38359,0
2437,2018-12-28,416,40,811,909,39910,0
2438,2019-09-18,416,27,800,904,39910,0
2439,2020-04-15,416,13,802,903,39910,0
2440,2021-01-23,416,33,809,903,39910,0
2441,2021-11-29,416,12,805,905,39910,0
2442,2022-10-29,416,15,814,904,39910,0
2443,2023-08-18,416,36,810,910,39910,0
2444,2024-02-14,416,26,803,908,39910,0
2445,2024-12-29,416,36,811,911,39910,0
2446,2019-05-26,417,17,813,902,74606,0
2447,2020-04-01,417,31,815,907,74606,0
2448,2021-02-13,417,40,803,909,81471,0
2449,2021-08-13,417,39,815,900,81471,0
2450,2022-06-25,417,17,807,901,81471,0
2451,2023-04-03,417,19,813,911,81471,0
2452,2023-10-18,417,20,809,906,81471,0
2453,2024-07-18,417,20,814,909,81471,0
2454,2025-02-08,417,38,804,901,81471,0
2455,2023-08-18,418,32,803,905,41751,0
2456,2024-07-21,418,21,815,910,43240,0
2457,2025-06-04,418,17,806,909,43240,0
2458,2023-08-02,419,38,808,904,56757,0
2459,2024-03-16,419,29,803,909,56757,0
2460,2025-01-24,419,12,804,910,56757,0
2461,2025-06-13,420,37,807,905,58062,0
2462,2023-08-10,421,12,814,907,61353,0
2463,2024-07-21,421,20,813,910,61353,0
2464,2025-04-21,421,35,810,902,61353,0
2465,2021-01-03,422,19,811,904,36216,0
2466,2021-08-17,422,14,812,910,36216,0
2467,2022-05-05,422,37,809,911,38816,0
2468,2023-01-18,422,27,810,911,38816,0
2469,2023-09-23,422,29,807,905,38816,0
2470,2024-08-05,422,10,810,910,38816,0
2471,2025-02-25,422,27,802,911,38816,0
2472,2017-09-21,423,22,807,910,39144,0
2473,2018-08-22,423,16,815,908,39144,0
2474,2019-05-15,423,17,802,908,39144,0
2475,2020-04-02,423,35,801,907,39144,0
2476,2021-03-27,423,31,813,900,41578,0
2477,2021-12-02,423,39,808,907,41578,0
2478,2022-05-31,423,38,813,905,41578,0
2479,2023-05-13,423,31,802,906,41578,0
2480,2024-04-23,423,11,807,910,41578,0
2481,2024-12-17,423,19,812,907,41578,0
2482,2019-11-26,425,31,808,902,70993,0
2483,2020-05-29,425,15,812,903,70993,0
2484,2021-01-17,425,19,811,911,70993,0
2485,2022-01-03,425,19,808,901,70993,0
2486,2022-11-24,425,32,811,900,76588,0
2487,2023-06-29,425,15,814,911,76588,0
2488,2024-04-13,425,30,811,911,76588,0
2489,2025-01-27,425,19,815,910,76588,0
2490,2023-09-15,426,16,801,908,51273,0
2491,2024-09-01,426,37,807,900,51273,0
2492,2025-04-19,426,15,812,907,51273,0
2493,2018-10-21,428,19,810,906,58148,0
2494,2019-08-25,428,39,801,911,58148,0
2495,2020-04-05,428,33,812,908,58148,0
2496,2021-01-22,428,32,815,903,58148,0
2497,2021-09-13,428,34,815,905,58148,0
2498,2022-04-15,428,26,801,908,60473,0
2499,2023-02-02,428,15,800,906,60473,0
2500,2023-11-23,428,16,808,902,62775,0
2501,2024-09-30,428,22,815,909,62775,0
2502,2025-06-15,428,37,804,901,62775,0
2503,2019-08-10,429,35,809,903,56698,0
2504,2020-02-07,429,36,812,902,56698,0
2505,2021-01-08,429,38,807,902,56698,0
2506,2021-10-16,429,14,807,903,56698,0
2507,2022-06-27,429,15,808,902,56698,0
2508,2023-03-01,429,30,809,911,56698,0
2509,2024-01-20,429,17,806,900,56698,0
2510,2024-09-03,429,17,808,905,56698,0
2511,2023-11-08,430,18,809,910,63485,0
2512,2024-08-14,430,22,800,908,68080,0
2513,2025-06-25,430,38,811,901,68080,0
2514,2024-08-09,431,23,810,909,53158,0
2515,2025-05-05,431,33,804,910,53158,0
2516,2017-10-30,433,29,801,909,61298,0
2517,2018-07-01,433,37,809,909,61298,0
2518,2019-04-02,433,18,813,910,61298,0
2519,2020-01-09,433,27,803,902,61298,0
2520,2020-09-05,433,32,809,910,61298,0
2521,2021-05-06,433,25,809,905,61298,0
2522,2022-01-16,433,34,809,905,61298,0
2523,2022-10-12,433,14,805,909,61298,0
2524,2023-07-16,433,29,809,901,61298,0
2525,2024-05-24,433,35,803,910,61298,0
2526,2025-01-31,433,40,801,902,61298,0
2527,2024-11-16,434,28,809,907,41076,0
2528,2024-08-11,435,31,804,909,50684,0
2529,2016-12-20,436,11,805,911,73351,0
2530,2017-06-23,436,16,809,900,73351,0
2531,2018-06-10,436,40,800,905,73351,0
2532,2019-02-09,436,34,812,905,73351,0
2533,2019-11-17,436,23,805,904,73351,0
2534,2020-10-21,436,11,813,906,73351,0
2535,2021-05-16,436,19,812,906,73351,0
2536,2021-12-31,436,36,804,908,73351,0
2537,2022-10-25,436,28,810,911,73351,0
2538,2023-05-23,436,13,803,902,73351,0
2539,2024-01-20,436,28,812,905,75852,0
2540,2024-12-02,436,17,812,900,75852,0
2541,2017-06-06,437,33,805,907,46424,0
2542,2018-05-12,437,25,812,907,46424,0
2543,2019-04-05,437,35,812,902,48365,0
2544,2020-03-05,437,15,805,901,52660,0
2545,2021-01-29,437,22,808,906,52660,0
2546,2021-12-10,437,40,811,908,52660,0
2547,2022-08-30,437,26,803,903,52660,0
2548,2023-07-06,437,22,809,910,52660,0
2549,2024-05-19,437,36,804,901,52660,0
2550,2025-02-27,437,19,813,908,52660,0
2551,2022-08-15,438,29,805,906,70335,0
2552,2023-03-18,438,24,802,904,70335,0
2553,2023-11-09,438,32,807,911,70335,0
2554,2024-06-27,438,40,804,900,70335,0
2555,2025-05-04,438,18,803,903,70335,0
2556,2024-02-26,439,13,809,904,41662,0
2557,2024-11-24,439,25,807,906,43885,0
2558,2018-05-10,440,27,809,906,43585,0
2559,2019-05-01,440,36,811,910,43585,0
2560,2020-02-08,440,26,807,902,43585,0
2561,2020-11-13,440,37,804,908,43585,0
2562,2021-09-06,440,36,812,910,43585,0
2563,2022-03-11,440,16,801,903,43585,0
2564,2023-02-23,440,14,800,902,43585,0
2565,2024-02-09,440,13,808,901,43585,0
2566,2024-11-26,440,35,811,902,43585,0
2567,2019-11-25,441,16,812,901,72333,0
2568,2020-08-15,441,36,810,903,72333,0
2569,2021-04-17,441,23,802,910,72333,0
2570,2022-03-26,441,40,808,906,72333,0
2571,2023-03-18,441,21,808,904,72333,0
2572,2023-10-13,441,18,805,902,72333,0
2573,2024-07-14,441,23,813,908,79279,0
2574,2025-01-29,441,33,800,901,79279,0
2575,2024-08-07,442,39,800,904,65273,0
2576,2025-04-25,442,33,809,909,65273,0
2577,2018-07-01,443,25,806,911,38040,0
2578,2019-02-01,443,36,800,908,38040,0
2579,2019-09-22,443,36,808,904,38040,0
2580,2020-05-05,443,15,802,909,39912,0
2581,2021-03-21,443,29,802,902,43716,0
2582,2021-11-26,443,18,810,907,43716,0
2583,2022-05-28,443,31,812,908,47924,0
2584,2023-04-23,443,18,813,911,47924,0
2585,2024-02-08,443,25,800,908,47924,0
2586,2024-09-29,443,12,813,907,47924,0
2587,2025-06-23,443,34,802,911,47924,0
2588,2023-05-08,444,17,814,903,39013,0
2589,2024-03-24,444,34,814,905,39013,0
2590,2024-11-04,444,30,814,901,39013,0
2591,2023-07-22,445,16,812,901,71243,0
2592,2024-06-08,445,40,805,909,71243,0
2593,2024-12-20,445,24,803,903,71243,0
2594,2018-02-28,446,26,802,902,41027,0
2595,2019-01-06,446,31,807,902,41027,0
2596,2019-08-01,446,35,802,908,41027,0
2597,2020-04-16,446,13,815,903,41027,0
2598,2020-12-24,446,39,813,905,41027,0
2599,2021-09-28,446,34,801,911,41027,0
2600,2022-08-13,446,18,807,909,41027,0
2601,2023-06-15,446,40,801,911,41027,0
2602,2024-01-27,446,22,813,904,41027,0
2603,2024-11-11,446,26,804,910,41027,0
2604,2021-10-13,447,20,801,908,45701,0
2605,2022-08-22,447,35,800,900,45701,0
2606,2023-05-17,447,27,814,901,45701,0
2607,2024-02-26,447,37,807,908,45701,0
2608,2024-09-18,447,12,801,911,45701,0
2609,2025-05-12,447,19,812,911,45701,0
2610,2024-06-08,449,14,803,904,69494,0
2611,2025-05-22,449,30,815,908,69494,0
2612,2022-03-19,450,14,802,910,66792,0
2613,2022-09-26,450,39,814,902,66792,0
2614,2023-05-03,450,24,803,902,72454,0
2615,2023-11-05,450,20,810,900,72454,0
2616,2024-09-12,450,27,813,907,72454,0
2617,2019-01-22,451,33,811,909,68314,0
2618,2019-11-27,451,17,805,901,73610,0
2619,2020-10-22,451,36,806,906,73610,0
2620,2021-06-27,451,19,808,910,73610,0
2621,2022-01-18,451,13,811,906,73610,0
2622,2022-08-25,451,25,811,904,73610,0
2623,2023-05-26,451,37,809,904,73610,0
2624,2024-02-02,451,10,806,900,73610,0
2625,2024-11-11,451,27,809,900,73610,0
2626,2019-12-02,452,30,815,910,51894,0
2627,2020-06-02,452,17,806,903,51894,0
2628,2021-05-13,452,33,808,911,51894,0
2629,2021-11-28,452,22,807,911,51894,0
2630,2022-08-02,452,27,809,908,51894,0
2631,2023-05-30,452,34,807,900,51894,0
2632,2024-03-18,452,16,810,907,51894,0
2633,2024-11-20,452,34,801,907,51894,0
2634,2025-05-29,452,39,807,906,51894,0
2635,2019-02-24,454,19,813,906,81039,0
2636,2019-11-29,454,35,800,901,81039,0
2637,2020-06-30,454,11,810,903,81039,0
2638,2021-05-12,454,33,815,908,81039,0
2639,2022-05-03,454,28,807,907,81039,0
2640,2023-03-06,454,26,814,907,81039,0
2641,2023-12-03,454,22,814,907,81039,0
2642,2024-09-10,454,26,805,906,89078,0
2643,2022-01-27,455,34,814,910,39077,0
2644,2022-11-14,455,25,813,903,39077,0
2645,2023-07-19,455,21,810,902,39077,0
2646,2024-03-18,455,33,804,910,39077,0
2647,2024-11-06,455,19,815,903,39077,0
2648,2023-08-19,456,35,809,906,45646,0
2649,2024-06-14,456,14,801,902,45646,0
2650,2025-06-04,456,24,813,903,45646,0
2651,2024-06-23,457,31,807,911,60569,0
2652,2025-02-16,457,39,812,900,60569,0
2653,2024-07-15,458,39,804,909,84906,0
2654,2025-02-13,458,11,802,904,84906,0
2655,2021-09-30,459,10,811,903,42070,0
2656,2022-07-06,459,31,809,905,42070,0
2657,2023-01-29,459,40,804,900,44163,0
2658,2023-10-19,459,15,808,900,44163,0
2659,2024-09-26,459,32,802,911,44163,0
2660,2025-04-11,459,20,800,907,44163,0
2661,2019-08-07,460,31,808,901,80334,0
2662,2020-02-22,460,14,814,903,80334,0
2663,2020-08-27,460,15,801,902,85280,0
2664,2021-05-21,460,40,800,909,85280,0
2665,2022-04-21,460,30,805,908,85280,0
2666,2023-01-05,460,23,808,904,85280,0
2667,2023-08-09,460,12,814,909,85280,0
2668,2024-02-06,460,33,806,901,85280,0
2669,2024-10-12,460,15,808,911,85280,0
2670,2025-06-10,460,30,800,900,85280,0
2671,2019-02-13,461,27,801,908,78440,0
2672,2019-11-21,461,39,807,904,78440,0
2673,2020-09-09,461,39,801,905,78440,0
2674,2021-06-23,461,31,815,901,81565,0
2675,2022-05-12,461,38,806,901,81565,0
2676,2022-11-18,461,35,807,905,81565,0
2677,2023-08-05,461,34,800,901,81565,0
2678,2024-02-03,461,31,805,901,81565,0
2679,2024-10-11,461,30,814,911,81565,0
2680,2021-02-16,462,40,807,907,83733,0
2681,2021-09-22,462,37,806,910,83733,0
2682,2022-06-27,462,30,814,908,90632,0
2683,2023-05-26,462,10,813,907,90632,0
2684,2024-05-07,462,33,804,903,90632,0
2685,2025-02-12,462,11,809,907,90632,0
2686,2020-04-15,463,24,808,902,47254,0
2687,2020-11-28,463,21,809,902,47254,0
2688,2021-07-27,463,20,806,911,47254,0
2689,2022-03-04,463,15,810,903,47254,0
2690,2022-10-03,463,10,803,904,47254,0
2691,2023-06-15,463,40,812,905,47254,0
2692,2024-01-21,463,32,810,900,47254,0
2693,2024-08-17,463,10,811,904,47254,0
2694,2018-09-09,464,16,808,902,81483,0
2695,2019-04-27,464,18,814,902,81483,0
2696,2019-11-14,464,36,810,906,81483,0
2697,2020-07-20,464,19,814,908,81483,0
2698,2021-02-16,464,33,810,909,81483,0
2699,2021-09-06,464,10,809,909,81483,0
2700,2022-05-04,464,32,810,909,81483,0
2701,2022-11-14,464,39,802,905,87900,0
2702,2023-08-19,464,10,807,902,87900,0
2703,2024-05-05,464,28,809,903,87900,0
2704,2025-02-03,464,11,807,901,91378,0
2705,2019-04-24,466,20,814,909,45819,0
2706,2020-01-29,466,21,812,900,45819,0
2707,2020-09-02,466,11,806,905,45819,0
2708,2021-04-14,466,25,805,900,45819,0
2709,2021-11-10,466,15,806,904,45819,0
2710,2022-05-13,466,37,810,907,48016,0
2711,2023-03-01,466,34,807,905,48016,0
2712,2023-09-17,466,27,811,906,48016,0
2713,2024-08-15,466,23,806,906,48016,0
2714,2025-05-06,466,16,806,904,48016,0
2715,2018-08-11,467,22,806,906,80709,0
2716,2019-04-11,467,38,808,902,80709,0
2717,2019-10-30,467,13,805,909,80709,0
2718,2020-10-02,467,12,813,909,80709,0
2719,2021-05-01,467,10,800,900,80709,0
2720,2021-12-10,467,27,814,908,86317,0
2721,2022-11-23,467,29,814,903,86317,0
2722,2023-06-25,467,33,809,901,86317,0
2723,2024-03-07,467,39,813,901,86317,0
2724,2024-11-03,467,28,815,900,86317,0
2725,2020-02-29,468,11,809,903,42355,0
2726,2020-08-28,468,18,804,909,45660,0
2727,2021-04-09,468,34,803,902,45660,0
2728,2021-11-13,468,16,807,910,45660,0
2729,2022-05-18,468,27,811,903,45660,0
2730,2023-03-15,468,21,811,906,45660,0
2731,2023-11-04,468,10,806,907,45660,0
2732,2024-08-03,468,29,803,903,49970,0
2733,2025-03-18,468,32,803,900,49970,0
2734,2022-03-16,469,29,811,901,83141,0
2735,2023-02-17,469,33,810,900,83141,0
2736,2023-08-21,469,21,804,905,83141,0
2737,2024-03-20,469,26,803,901,83141,0
2738,2024-09-17,469,10,800,907,83141,0
2739,2020-11-28,470,15,805,904,69065,0
2740,2021-11-04,470,22,815,906,69065,0
2741,2022-08-20,470,18,813,905,69065,0
2742,2023-02-24,470,14,804,901,69065,0
2743,2023-09-23,470,21,811,908,69065,0
2744,2024-05-19,470,10,807,911,69065,0
2745,2024-12-21,470,28,814,904,74629,0
2746,2024-06-07,471,29,811,903,63200,0
2747,2025-03-29,471,25,805,908,63200,0
2748,2017-02-05,472,22,802,910,46953,0
2749,2017-12-02,472,31,810,904,46953,0
2750,2018-09-11,472,12,807,903,46953,0
2751,2019-08-05,472,22,803,902,49754,0
2752,2020-03-09,472,31,804,902,49754,0
2753,2021-03-04,472,17,801,904,49754,0
2754,2021-11-06,472,16,810,900,49754,0
2755,2022-09-18,472,10,802,903,49754,0
2756,2023-05-04,472,39,800,905,49754,0
2757,2024-01-04,472,19,814,909,49754,0
2758,2024-12-16,472,27,811,910,49754,0
2759,2025-06-15,472,22,811,909,49754,0
2760,2025-01-08,473,32,800,906,77428,0
2761,2018-02-07,474,18,812,902,82572,0
2762,2018-08-07,474,11,800,900,82572,0
2763,2019-04-22,474,37,809,901,82572,0
2764,2019-11-19,474,29,803,908,82572,0
2765,2020-09-25,474,36,812,906,82572,0
2766,2021-06-05,474,25,815,910,82572,0
2767,2021-12-30,474,30,806,911,82572,0
2768,2022-09-18,474,39,801,909,82572,0
2769,2023-08-24,474,27,812,907,82572,0
2770,2024-04-05,474,13,815,904,82572,0
2771,2025-02-27,474,31,809,908,82572,0
2772,2024-08-29,475,37,812,908,52611,0
2773,2024-04-29,476,13,801,901,58852,0
2774,2025-04-01,476,39,810,906,58852,0
2775,2021-08-05,477,17,813,900,65794,0
2776,2022-06-25,477,20,812,910,65794,0
2777,2022-12-28,477,30,803,900,65794,0
2778,2023-11-14,477,16,801,906,71223,0
2779,2024-09-20,477,32,811,901,71223,0
2780,2016-08-17,478,21,803,911,51315,0
2781,2017-05-13,478,40,813,911,51315,0
2782,2018-04-30,478,18,805,902,51315,0
2783,2019-03-26,478,34,815,903,51315,0
2784,2020-02-13,478,21,807,906,51315,0
2785,2020-09-16,478,10,802,901,51315,0
2786,2021-08-05,478,33,810,909,51315,0
2787,2022-07-06,478,19,800,905,51315,0
2788,2023-06-15,478,28,803,901,51315,0
2789,2024-06-05,478,14,800,900,51315,0
2790,2024-12-23,478,16,801,905,51315,0
2791,2019-11-22,479,36,810,910,45831,0
2792,2020-11-03,479,37,805,904,45831,0
2793,2021-10-17,479,12,814,909,45831,0
2794,2022-09-13,479,31,808,909,49376,0
2795,2023-04-27,479,17,815,902,49376,0
2796,2023-12-10,479,18,802,902,49376,0
2797,2024-08-15,479,29,809,909,49376,0
2798,2021-08-03,480,37,812,905,47121,0
2799,2022-05-30,480,39,814,909,47121,0
2800,2023-04-14,480,39,805,910,47121,0
2801,2024-01-12,480,26,809,909,47121,0
2802,2024-10-28,480,16,803,911,50883,0
2803,2017-05-12,481,16,806,906,61311,0
2804,2017-11-09,481,35,807,911,64427,0
2805,2018-07-29,481,19,811,905,64427,0
2806,2019-05-09,481,11,813,901,64427,0
2807,2020-04-09,481,36,808,910,64427,0
2808,2021-03-28,481,33,801,902,64427,0
2809,2022-03-23,481,11,806,909,64427,0
2810,2022-12-13,481,15,810,911,64427,0
2811,2023-11-24,481,32,814,906,64427,0
2812,2024-07-15,481,22,808,910,64427,0
2813,2025-04-09,481,11,812,905,64427,0
2814,2019-10-31,482,37,809,900,55528,0
2815,2020-06-26,482,31,802,902,55528,0
2816,2020-12-29,482,11,812,909,55528,0
2817,2021-09-28,482,33,800,910,55528,0
2818,2022-06-06,482,11,813,900,55528,0
2819,2023-04-13,482,37,802,908,55528,0
2820,2023-12-04,482,27,803,903,55528,0
2821,2024-07-29,482,35,807,900,55528,0
2822,2025-04-30,482,23,809,900,55528,0
2823,2021-02-11,484,34,813,904,52724,0
2824,2021-12-05,484,19,812,906,52724,0
2825,2022-08-18,484,30,809,906,52724,0
2826,2023-07-23,484,39,811,900,52724,0
2827,2024-03-22,484,33,805,911,52724,0
2828,2024-10-29,484,33,806,910,52724,0
2829,2024-10-10,485,14,804,909,74822,0
2830,2025-06-02,485,33,801,903,74822,0
2831,2020-08-03,486,35,800,911,81728,0
2832,2021-07-12,486,11,814,902,81728,0
2833,2022-05-18,486,35,810,903,81728,0
2834,2023-04-10,486,24,809,905,81728,0
2835,2024-03-21,486,24,812,905,81728,0
2836,2025-02-17,486,33,811,905,81728,0
2837,2024-12-14,487,26,800,900,81849,0
2838,2021-01-07,488,33,801,905,56967,0
2839,2021-12-28,488,12,801,900,56967,0
2840,2022-09-29,488,35,807,905,56967,0
2841,2023-06-18,488,29,811,909,60364,0
2842,2024-05-23,488,13,815,906,60364,0
2843,2025-03-13,488,32,809,903,60364,0
2844,2019-06-16,489,25,814,900,53545,0
2845,2020-02-21,489,21,811,907,53545,0
2846,2020-08-20,489,24,807,906,53545,0
2847,2021-03-23,489,11,812,901,53545,0
2848,2022-03-02,489,31,811,906,53545,0
2849,2022-12-11,489,29,803,910,53545,0
2850,2023-09-18,489,27,815,911,53545,0
2851,2024-07-18,489,37,815,907,53545,0
2852,2025-04-23,489,36,801,900,53545,0
2853,2021-12-08,490,39,810,907,68796,0
2854,2022-11-13,490,29,807,905,68796,0
2855,2023-09-04,490,17,809,905,68796,0
2856,2024-05-31,490,28,805,902,68796,0
2857,2025-02-24,490,19,814,908,68796,0
2858,2019-10-31,491,26,804,903,48298,0
2859,2020-07-07,491,26,802,907,48298,0
2860,2021-04-06,491,13,800,904,48298,0
2861,2021-11-23,491,11,800,908,48298,0
2862,2022-08-01,491,26,812,910,48298,0
2863,2023-05-08,491,17,809,900,48298,0
2864,2024-03-27,491,21,815,901,48298,0
2865,2025-01-11,491,25,814,905,48298,0
2866,2023-01-18,492,29,806,904,76869,0
2867,2023-10-19,492,10,801,903,76869,0
2868,2024-07-15,492,21,806,906,76869,0
2869,2025-06-29,492,30,805,900,76869,0
2870,2024-06-28,493,12,813,903,37165,0
2871,2025-01-06,493,32,810,901,37165,0
2872,2018-07-16,494,14,800,911,60774,0
2873,2019-05-05,494,37,815,907,60774,0
2874,2019-11-17,494,25,809,909,60774,0
2875,2020-09-13,494,24,810,900,60774,0
2876,2021-06-10,494,19,803,901,60774,0
2877,2022-02-06,494,22,809,909,60774,0
2878,2022-09-17,494,25,803,905,60774,0
2879,2023-09-03,494,36,807,906,60774,0
2880,2024-07-04,494,11,805,903,60774,0
2881,2025-03-08,494,13,809,905,60774,0
2882,2025-04-03,495,19,807,902,63693,0
2883,2016-09-24,496,33,803,902,57126,0
2884,2017-07-28,496,23,811,902,57126,0
2885,2018-05-03,496,15,809,905,57126,0
2886,2019-02-07,496,33,809,902,57126,0
2887,2019-08-14,496,21,807,907,57126,0
2888,2020-06-09,496,22,805,901,57126,0
2889,2021-04-14,496,27,801,906,57126,0
2890,2022-02-03,496,13,810,904,57126,0
2891,2022-08-20,496,17,811,908,57126,0
2892,2023-06-10,496,20,809,904,57126,0
2893,2024-04-11,496,13,812,911,57126,0
2894,2025-04-05,496,24,807,904,57126,0
2895,2023-08-14,497,20,812,904,55940,0
2896,2024-06-11,497,29,807,901,55940,0
2897,2025-05-19,497,34,804,902,55940,0
2898,2025-04-06,498,35,810,911,49072,0
2899,2016-12-13,499,28,807,906,82781,0
2900,2017-07-05,499,40,809,900,82781,0
2901,2018-06-03,499,38,807,903,82781,0
2902,2018-12-17,499,10,807,900,89664,0
2903,2019-09-26,499,12,815,907,89664,0
2904,2020-08-06,499,13,812,910,92538,0
2905,2021-04-01,499,34,813,910,96154,0
2906,2022-03-05,499,15,808,901,96154,0
2907,2023-01-04,499,22,804,910,96154,0
2908,2023-11-22,499,28,815,903,96154,0
2909,2024-06-29,499,25,806,905,96154,0
2910,2025-02-20,499,34,801,901,96154,0
2911,2023-06-18,500,34,815,908,48617,0
2912,2024-04-27,500,32,802,903,48617,0
2913,2025-01-17,500,13,815,909,48617,0
2914,2023-07-27,501,17,812,908,58184,0
2915,2024-02-14,501,24,803,911,58184,0
2916,2024-10-20,501,13,806,901,58184,0
2917,2025-06-05,501,26,809,910,58184,0
2918,2023-02-27,502,21,805,901,60994,0
2919,2023-11-18,502,20,806,907,60994,0
2920,2024-09-04,502,24,810,907,60994,0
2921,2022-04-19,503,39,802,910,81078,0
2922,2022-12-02,503,14,804,905,81078,0
2923,2023-08-24,503,33,802,905,87419,0
2924,2024-08-13,503,26,801,911,91573,0
2925,2025-03-30,503,27,813,909,91573,0
2926,2024-10-14,504,24,813,902,47753,0
2927,2023-10-20,505,20,806,907,53058,0
2928,2024-07-23,505,27,806,908,53058,0
2929,2025-05-21,505,32,811,903,53058,0
2930,2019-10-26,506,17,809,905,44403,0
2931,2020-05-02,506,15,802,904,44403,0
2932,2020-12-12,506,37,809,904,44403,0
2933,2021-06-28,506,10,815,909,44403,0
2934,2021-12-29,506,38,806,908,44403,0
2935,2022-12-24,506,19,807,906,44403,0
2936,2023-12-18,506,22,804,910,44403,0
2937,2024-11-07,506,17,814,907,44403,0
2938,2019-11-16,507,29,801,906,61824,0
2939,2020-06-17,507,30,806,907,61824,0
2940,2020-12-26,507,38,812,901,61824,0
2941,2021-09-24,507,17,800,902,61824,0
2942,2022-08-01,507,31,801,911,61824,0
2943,2023-04-19,507,30,805,904,61824,0
2944,2024-03-07,507,25,814,908,61824,0
2945,2024-12-10,507,33,808,911,61824,0
2946,2020-10-23,508,31,806,900,70759,0
2947,2021-06-20,508,38,815,902,70759,0
2948,2022-05-18,508,18,805,905,70759,0
2949,2023-03-30,508,12,811,902,70759,0
2950,2024-01-21,508,25,809,911,70759,0
2951,2024-08-09,508,22,803,900,70759,0
2952,2025-03-24,508,38,809,907,70759,0
2953,2022-04-23,509,17,805,905,65952,0
2954,2023-03-23,509,21,814,900,65952,0
2955,2024-01-03,509,29,804,909,65952,0
2956,2024-08-08,509,10,800,901,65952,0
2957,2025-02-13,509,40,809,904,65952,0
2958,2022-11-03,510,36,806,901,38084,0
2959,2023-08-14,510,30,815,907,38084,0
2960,2024-05-28,510,16,812,910,38084,0
2961,2025-02-07,510,34,807,900,38084,0
2962,2018-08-07,511,29,805,908,74935,0
2963,2019-03-20,511,20,812,900,74935,0
2964,2020-01-21,511,14,807,908,74935,0
2965,2020-11-09,511,15,806,907,74935,0
2966,2021-06-16,511,15,807,902,74935,0
2967,2022-02-14,511,15,811,906,74935,0
2968,2022-08-13,511,12,813,909,74935,0
2969,2023-05-30,511,22,805,911,74935,0
2970,2024-02-17,511,26,807,905,74935,0
2971,2024-09-06,511,24,811,905,74935,0
2972,2025-05-17,511,38,806,910,81285,0
2973,2018-04-01,512,40,801,905,79507,0
2974,2019-02-27,512,28,802,909,79507,0
2975,2020-01-23,512,27,812,902,79507,0
2976,2020-12-20,512,25,809,911,79507,0
2977,2021-07-31,512,38,814,904,79507,0
2978,2022-03-02,512,30,814,900,79507,0
2979,2022-12-04,512,16,803,907,83625,0
2980,2023-06-12,512,36,802,904,83625,0
2981,2024-04-08,512,21,805,909,83625,0
2982,2024-10-23,512,18,804,908,83625,0
2983,2023-10-07,513,14,810,904,42105,0
2984,2024-04-10,513,29,813,910,42105,0
2985,2024-12-25,513,31,803,907,42105,0
2986,2023-06-22,514,32,815,908,58130,0
2987,2024-02-14,514,31,808,907,58130,0
2988,2024-08-16,514,25,815,900,58130,0
2989,2025-05-01,514,37,807,902,58130,0
2990,2020-03-30,515,13,809,903,50044,0
2991,2021-02-20,515,29,813,911,50044,0
2992,2021-09-27,515,21,802,910,50044,0
2993,2022-05-15,515,14,806,900,50044,0
2994,2023-03-09,515,30,810,909,50044,0
2995,2023-10-06,515,32,808,903,50044,0
2996,2024-06-06,515,14,810,905,50044,0
2997,2025-01-18,515,22,813,911,50044,0
2998,2025-04-14,516,26,803,910,60143,0
2999,2018-01-13,517,21,811,904,84500,0
3000,2018-10-27,517,30,809,903,84500,0
3001,2019-06-21,517,11,809,901,84500,0
3002,2019-12-26,517,20,805,910,84500,0
3003,2020-10-14,517,19,802,902,84500,0
3004,2021-09-04,517,10,806,909,84500,0
3005,2022-04-29,517,34,815,903,88549,0
3006,2023-03-11,517,32,810,909,88549,0
3007,2023-09-10,517,20,810,906,93235,0
3008,2024-07-22,517,33,803,906,93235,0
3009,2025-05-18,517,15,803,902,93235,0
3010,2016-08-19,518,11,800,910,77335,0
3011,2017-04-29,518,11,800,902,77335,0
3012,2017-11-02,518,31,809,909,77335,0
3013,2018-07-22,518,25,812,905,77335,0
3014,2019-03-20,518,30,806,906,77335,0
3015,2019-10-20,518,15,810,905,77335,0
3016,2020-06-16,518,31,801,900,83695,0
3017,2021-01-03,518,40,803,906,83695,0
3018,2021-10-14,518,10,812,910,83695,0
3019,2022-05-18,518,26,801,908,87747,0
3020,2023-03-05,518,25,813,908,87747,0
3021,2023-11-22,518,18,813,910,87747,0
3022,2024-05-22,518,18,801,901,87747,0
3023,2025-03-17,518,10,815,903,87747,0
3024,2021-02-13,519,24,802,906,66339,0
3025,2022-01-03,519,37,806,908,66339,0
3026,2022-09-09,519,12,810,907,66339,0
3027,2023-08-10,519,16,806,907,66339,0
3028,2024-05-17,519,19,810,906,66339,0
3029,2025-03-27,519,24,803,910,66339,0
3030,2024-04-23,520,16,808,902,82453,0
3031,2025-01-14,520,14,800,904,82453,0
3032,2024-06-05,521,36,811,906,50272,0
3033,2025-05-29,521,17,813,907,50272,0
3034,2021-10-11,522,14,811,902,68030,0
3035,2022-06-16,522,12,809,910,68030,0
3036,2023-06-06,522,25,811,909,68030,0
3037,2024-02-28,522,36,801,908,68030,0
3038,2025-02-22,522,32,805,904,68030,0
3039,2022-10-26,523,31,811,908,66128,0
3040,2023-10-10,523,39,809,909,66128,0
3041,2024-07-27,523,12,804,903,66128,0
3042,2025-05-21,524,30,813,902,75733,0
3043,2023-02-05,526,13,813,903,60598,0
3044,2023-08-19,526,28,810,902,60598,0
3045,2024-04-05,526,23,803,906,60598,0
3046,2025-02-08,526,39,809,905,60598,0
3047,2025-03-05,527,37,801,910,77232,0
3048,2022-11-15,529,28,803,906,71014,0
3049,2023-06-01,529,17,811,900,71014,0
3050,2024-05-22,529,10,805,903,71014,0
3051,2025-04-06,529,23,812,903,71014,0
3052,2016-12-11,530,16,808,905,48437,0
3053,2017-10-28,530,22,807,902,48437,0
3054,2018-10-03,530,20,804,905,48437,0
3055,2019-05-10,530,26,806,904,48437,0
3056,2020-03-23,530,17,800,907,50225,0
3057,2021-02-02,530,33,801,903,50225,0
3058,2021-11-29,530,26,809,901,50225,0
3059,2022-05-28,530,29,804,905,50225,0
3060,2023-02-16,530,34,801,908,50225,0
3061,2023-11-30,530,21,815,911,50225,0
3062,2024-06-04,530,26,807,901,50225,0
3063,2025-04-25,530,20,808,902,50225,0
3064,2022-12-29,531,15,808,903,59737,0
3065,2023-12-16,531,21,802,905,59737,0
3066,2024-12-10,531,13,815,900,59737,0
3067,2016-07-17,532,40,807,901,45207,0
3068,2017-05-26,532,31,810,911,45207,0
3069,2018-02-07,532,19,815,910,45207,0
3070,2018-12-11,532,29,810,907,45207,0
3071,2019-09-28,532,33,805,910,45207,0
3072,2020-06-12,532,37,815,904,45207,0
3073,2021-01-10,532,40,815,900,45207,0
3074,2021-08-20,532,29,803,904,45207,0
3075,2022-06-11,532,32,806,901,45207,0
3076,2023-06-01,532,18,800,908,45207,0
3077,2024-02-16,532,22,800,901,45207,0
3078,2024-10-04,532,19,800,904,45207,0
3079,2022-07-07,533,20,810,906,72310,0
3080,2023-01-21,533,32,805,906,72310,0
3081,2023-10-19,533,14,814,902,72310,0
3082,2024-10-09,533,33,809,903,72310,0
3083,2016-12-19,534,24,808,900,38417,0
3084,2017-08-04,534,27,814,909,38417,0
3085,2018-06-20,534,15,811,910,38417,0
3086,2018-12-19,534,15,802,909,38417,0
3087,2019-08-26,534,18,806,909,38417,0
3088,2020-03-23,534,25,802,904,38417,0
3089,2020-12-04,534,38,808,911,38417,0
3090,2021-06-07,534,19,809,900,38417,0
3091,2022-02-23,534,20,806,910,38417,0
3092,2023-01-01,534,21,810,906,38417,0
3093,2023-11-05,534,23,801,910,38417,0
3094,2024-05-07,534,28,813,904,39985,0
3095,2025-01-10,534,25,800,900,39985,0
3096,2022-05-08,535,17,809,909,60468,0
3097,2023-02-11,535,24,813,908,60468,0
3098,2023-11-02,535,17,808,906,60468,0
3099,2024-08-01,535,37,810,908,63890,0
3100,2025-06-16,535,20,802,904,63890,0
3101,2016-09-28,536,31,805,901,59773,0
3102,2017-03-29,536,27,814,907,59773,0
3103,2018-03-16,536,19,815,901,59773,0
3104,2019-02-18,536,17,805,905,59773,0
3105,2019-12-04,536,37,809,910,59773,0
3106,2020-09-07,536,36,810,900,59773,0
3107,2021-06-06,536,27,808,908,64108,0
3108,2021-12-27,536,39,808,911,64108,0
3109,2022-10-24,536,40,810,907,64108,0
3110,2023-09-24,536,33,810,904,69354,0
3111,2024-05-14,536,19,814,901,69354,0
3112,2025-04-13,536,31,811,909,69354,0
3113,2018-03-15,537,36,800,907,42615,0
3114,2018-11-19,537,37,804,902,42615,0
3115,2019-09-14,537,30,807,911,42615,0
3116,2020-07-19,537,15,805,902,42615,0
3117,2021-04-12,537,22,807,905,42615,0
3118,2021-12-06,537,23,805,909,42615,0
3119,2022-08-07,537,20,812,908,42615,0
3120,2023-06-13,537,27,801,911,42615,0
3121,2024-05-04,537,33,804,902,45592,0
3122,2025-03-18,537,22,803,908,47842,0
3123,2020-12-18,538,20,806,902,70404,0
3124,2021-08-31,538,19,800,903,70404,0
3125,2022-04-28,538,29,800,902,70404,0
3126,2022-11-10,538,38,811,906,70404,0
3127,2023-08-09,538,11,805,905,70404,0
3128,2024-07-16,538,26,807,904,70404,0
3129,2025-05-18,538,23,812,900,70404,0
3130,2019-07-30,539,33,813,904,70532,0
3131,2020-03-13,539,15,809,900,70532,0
3132,2020-09-27,539,11,810,906,70532,0
3133,2021-07-22,539,16,815,905,70532,0
3134,2022-01-21,539,32,801,905,70532,0
3135,2022-09-20,539,24,808,906,70532,0
3136,2023-05-04,539,10,803,900,70532,0
3137,2024-01-12,539,28,808,911,70532,0
3138,2024-12-26,539,10,808,907,70532,0
3139,2025-06-25,539,33,806,905,70532,0
3140,2019-02-05,540,31,801,904,77358,0
3141,2019-10-11,540,29,812,907,77358,0
3142,2020-08-03,540,35,804,900,77358,0
3143,2021-06-17,540,27,810,906,77358,0
3144,2022-06-06,540,26,800,903,77358,0
3145,2022-12-31,540,26,805,909,81667,0
3146,2023-12-09,540,33,810,908,81667,0
3147,2024-08-17,540,19,813,900,81667,0
3148,2025-06-09,540,10,804,905,81667,0
3149,2024-12-18,541,33,809,900,49174,0
3150,2022-10-12,544,33,813,905,63520,0
3151,2023-07-19,544,30,815,909,63520,0
3152,2024-05-19,544,24,803,903,63520,0
3153,2025-03-25,544,36,813,903,63520,0
3154,2023-03-28,545,40,811,908,74931,0
3155,2024-02-18,545,34,808,904,74931,0
3156,2024-08-17,545,16,803,905,74931,0
3157,2024-12-17,546,12,804,909,51568,0
3158,2021-03-15,547,10,800,906,81004,0
3159,2022-01-07,547,37,815,904,81004,0
3160,2022-10-26,547,21,809,900,81004,0
3161,2023-08-21,547,24,800,900,81004,0
3162,2024-05-06,547,39,814,904,81004,0
3163,2025-03-27,547,35,810,911,81004,0
3164,2021-03-02,549,26,805,910,80498,0
3165,2022-01-12,549,22,814,907,80498,0
3166,2022-09-03,549,27,813,906,80498,0
3167,2023-07-15,549,14,812,911,80498,0
3168,2024-05-30,549,25,815,904,80498,0
3169,2025-05-14,549,23,800,910,80498,0
3170,2017-07-09,550,22,806,904,54900,0
3171,2018-01-23,550,10,803,910,54900,0
3172,2018-09-12,550,10,811,906,54900,0
3173,2019-07-15,550,23,800,902,54900,0
3174,2020-02-09,550,20,815,907,54900,0
3175,2020-11-25,550,36,803,902,54900,0
3176,2021-08-24,550,10,800,911,54900,0
3177,2022-06-28,550,29,806,906,54900,0
3178,2023-05-04,550,37,800,907,59019,0
3179,2023-12-02,550,23,809,903,59019,0
3180,2024-06-02,550,18,803,907,59019,0
3181,2024-12-28,550,15,813,907,59019,0
3182,2020-12-09,551,39,801,905,39801,0
3183,2021-08-09,551,20,806,902,39801,0
3184,2022-05-12,551,16,815,902,39801,0
3185,2023-03-24,551,17,807,900,39801,0
3186,2024-02-14,551,18,810,900,39801,0
3187,2025-01-01,551,32,808,908,39801,0
3188,2018-07-22,553,11,815,905,63762,0
3189,2019-06-26,553,16,814,900,63762,0
3190,2020-05-15,553,12,811,911,63762,0
3191,2021-04-07,553,30,802,910,67723,0
3192,2021-12-02,553,32,803,901,67723,0
3193,2022-09-03,553,25,814,907,67723,0
3194,2023-04-12,553,34,802,902,71046,0
3195,2024-03-27,553,19,813,908,71046,0
3196,2024-10-17,553,10,802,903,71046,0
3197,2018-11-10,554,35,814,906,41134,0
3198,2019-09-28,554,22,802,905,41134,0
3199,2020-08-07,554,40,808,904,41134,0
3200,2021-03-28,554,39,807,907,43788,0
3201,2021-12-04,554,28,801,905,43788,0
3202,2022-10-03,554,28,801,902,43788,0
3203,2023-07-20,554,32,811,908,43788,0
3204,2024-05-18,554,21,813,909,43788,0
3205,2025-03-18,554,14,810,900,43788,0
3206,2017-08-18,555,38,803,904,52658,0
3207,2018-05-23,555,12,807,904,52658,0
3208,2019-01-24,555,19,806,903,52658,0
3209,2019-10-05,555,16,801,909,52658,0
3210,2020-07-16,555,11,807,910,52658,0
3211,2021-05-05,555,40,806,907,52658,0
3212,2022-01-23,555,23,806,908,52658,0
3213,2022-12-06,555,20,800,902,57681,0
3214,2023-11-15,555,33,804,901,57681,0
3215,2024-08-09,555,10,807,908,57681,0
3216,2025-04-22,555,40,807,907,57681,0
3217,2022-05-16,556,20,814,901,64762,0
3218,2022-12-19,556,19,804,905,64762,0
3219,2023-10-16,556,22,811,909,64762,0
3220,2024-04-25,556,31,808,908,64762,0
3221,2025-01-15,556,39,805,906,64762,0
3222,2019-08-08,557,32,807,907,58713,0
3223,2020-04-13,557,13,812,906,58713,0
3224,2020-10-22,557,40,806,904,58713,0
3225,2021-04-22,557,36,805,911,58713,0
3226,2021-12-03,557,29,814,910,58713,0
3227,2022-07-23,557,18,803,900,58713,0
3228,2023-05-12,557,28,809,903,58713,0
3229,2024-02-10,557,28,811,909,58713,0
3230,2024-10-23,557,11,801,910,60645,0
3231,2019-07-03,558,35,813,904,69347,0
3232,2020-02-22,558,15,802,909,69347,0
3233,2020-12-22,558,39,809,908,75075,0
3234,2021-11-01,558,38,812,903,75075,0
3235,2022-09-05,558,33,811,909,75075,0
3236,2023-05-15,558,18,802,900,75075,0
3237,2023-11-13,558,23,808,902,75075,0
3238,2024-10-13,558,14,800,909,79621,0
3239,2018-12-22,559,28,801,909,46034,0
3240,2019-08-04,559,24,804,910,46034,0
3241,2020-04-18,559,25,809,911,46034,0
3242,2021-03-26,559,15,806,901,46034,0
3243,2021-11-03,559,16,801,905,46034,0
3244,2022-10-11,559,18,803,908,46034,0
3245,2023-05-24,559,34,815,903,46034,0
3246,2024-03-20,559,11,813,905,46034,0
3247,2024-12-18,559,22,814,906,46034,0
3248,2016-08-05,560,19,809,900,62483,0
3249,2017-07-30,560,12,812,904,62483,0
3250,2018-03-15,560,20,813,900,62483,0
3251,2019-01-06,560,32,800,910,62483,0
3252,2019-09-04,560,27,809,903,62483,0
3253,2020-03-24,560,30,803,908,62483,0
3254,2020-11-10,560,11,808,908,62483,0
3255,2021-06-28,560,12,800,909,62483,0
3256,2022-02-26,560,31,805,900,62483,0
3257,2022-12-27,560,26,800,911,62483,0
3258,2023-09-16,560,15,808,902,62483,0
3259,2024-03-27,560,27,803,900,62483,0
3260,2024-10-01,560,10,807,900,62483,0
3261,2023-01-28,561,15,801,910,39763,0
3262,2023-11-23,561,18,813,907,39763,0
3263,2024-06-03,561,12,810,900,43608,0
3264,2025-05-21,561,20,800,905,47860,0
3265,2022-03-18,562,32,812,907,56991,0
3266,2022-09-20,562,27,808,904,56991,0
3267,2023-08-15,562,29,809,904,56991,0
3268,2024-05-29,562,20,809,900,56991,0
3269,2025-03-09,562,13,815,906,56991,0
3270,2017-01-10,563,28,815,908,78427,0
3271,2017-07-31,563,20,806,903,83118,0
3272,2018-02-05,563,25,815,901,83118,0
3273,2018-12-15,563,22,810,903,88862,0
3274,2019-06-27,563,22,815,904,88862,0
3275,2020-02-21,563,20,803,907,88862,0
3276,2020-09-10,563,23,809,903,88862,0
3277,2021-07-28,563,32,800,903,88862,0
3278,2022-06-21,563,11,809,904,88862,0
3279,2023-02-25,563,21,808,902,88862,0
3280,2024-02-20,563,39,808,909,88862,0
3281,2024-11-25,563,23,811,907,88862,0
3282,2016-12-12,564,15,812,908,47093,0
3283,2017-07-20,564,16,802,905,47093,0
3284,2018-03-31,564,35,810,900,47093,0
3285,2019-03-01,564,24,804,908,47093,0
3286,2019-10-27,564,20,804,907,47093,0
3287,2020-05-10,564,24,800,907,47093,0
3288,2021-01-22,564,34,800,901,47093,0
3289,2022-01-09,564,19,806,910,47093,0
3290,2022-08-11,564,26,805,911,47093,0
3291,2023-02-11,564,23,810,903,47093,0
3292,2024-01-28,564,34,813,903,47093,0
3293,2024-12-14,564,34,807,905,47093,0
3294,2024-08-13,565,39,810,907,68166,0
3295,2025-05-10,567,26,812,909,76100,0
3296,2018-05-10,568,11,814,900,40693,0
3297,2018-12-12,568,29,808,900,40693,0
3298,2019-08-01,568,14,802,902,40693,0
3299,2020-05-11,568,34,805,908,44350,0
3300,2021-03-14,568,40,806,911,46009,0
3301,2021-11-27,568,34,814,910,46009,0
3302,2022-09-14,568,20,805,911,46009,0
3303,2023-03-31,568,35,805,907,46009,0
3304,2023-12-20,568,17,811,908,46009,0
3305,2024-10-22,568,30,810,906,46009,0
3306,2025-05-11,568,23,801,902,46009,0
3307,2019-09-19,569,29,806,910,75859,0
3308,2020-06-27,569,34,805,900,75859,0
3309,2021-03-30,569,22,800,906,75859,0
3310,2022-01-04,569,11,809,910,75859,0
3311,2022-10-26,569,18,802,900,75859,0
3312,2023-06-01,569,21,813,910,75859,0
3313,2024-03-04,569,15,803,904,75859,0
3314,2024-11-29,569,24,805,902,75859,0
3315,2023-12-28,570,21,805,906,77013,0
3316,2024-08-27,570,13,806,905,77013,0
3317,2025-05-14,570,40,801,908,77013,0
3318,2016-12-04,571,36,802,909,83376,0
3319,2017-09-10,571,39,803,910,91635,0
3320,2018-07-04,571,17,813,904,91635,0
3321,2019-06-01,571,37,801,902,91635,0
3322,2019-12-10,571,35,813,906,91635,0
3323,2020-06-28,571,40,807,900,91635,0
3324,2021-05-03,571,14,803,902,91635,0
3325,2022-04-01,571,25,806,903,91635,0
3326,2023-03-15,571,40,806,905,91635,0
3327,2023-12-14,571,14,807,909,91635,0
3328,2024-08-05,571,29,812,911,91635,0
3329,2025-04-08,571,39,800,901,91635,0
3330,2024-05-11,572,27,813,905,57927,0
3331,2025-04-01,572,33,812,907,57927,0
3332,2020-08-04,573,15,811,904,57914,0
3333,2021-05-18,573,40,814,907,57914,0
3334,2021-11-21,573,34,815,908,57914,0
3335,2022-08-03,573,26,803,909,57914,0
3336,2023-07-12,573,23,804,904,57914,0
3337,2024-04-22,573,32,810,900,57914,0
3338,2024-10-21,573,36,810,911,57914,0
3339,2025-05-17,573,22,802,908,57914,0
3340,2019-03-29,574,23,815,909,60152,0
3341,2020-02-24,574,18,802,903,60152,0
3342,2021-01-25,574,32,807,905,60152,0
3343,2021-09-28,574,36,812,902,65904,0
3344,2022-09-10,574,22,812,903,65904,0
3345,2023-05-01,574,22,809,908,65904,0
3346,2024-01-28,574,32,811,905,65904,0
3347,2024-09-22,574,30,803,901,65904,0
3348,2025-06-25,574,10,806,904,65904,0
3349,2017-02-06,575,24,806,911,43099,0
3350,2017-08-07,575,39,804,904,43099,0
3351,2018-06-28,575,40,805,905,43099,0
3352,2019-01-16,575,30,801,900,43099,0
3353,2019-11-07,575,22,815,908,43099,0
3354,2020-10-24,575,28,812,908,43099,0
3355,2021-04-27,575,26,801,910,43099,0
3356,2022-03-19,575,11,803,911,43099,0
3357,2022-10-06,575,18,806,900,43099,0
3358,2023-04-11,575,36,804,905,43099,0
3359,2024-03-21,575,38,813,909,43099,0
3360,2025-03-04,575,12,801,911,43099,0
3361,2022-10-15,576,29,808,905,73477,0
3362,2023-05-28,576,23,807,905,73477,0
3363,2024-01-25,576,33,812,906,73477,0
3364,2024-10-06,576,28,812,905,73477,0
3365,2020-11-09,577,22,811,909,41520,0
3366,2021-08-19,577,40,810,902,41520,0
3367,2022-05-01,577,33,808,907,41520,0
3368,2022-12-21,577,20,811,908,41520,0
3369,2023-08-21,577,30,801,908,41520,0
3370,2024-06-16,577,25,809,905,41520,0
3371,2024-12-25,577,29,806,903,41520,0
3372,2024-03-30,578,14,810,908,59813,0
3373,2025-01-13,578,28,808,900,62245,0
3374,2017-10-23,579,33,810,900,51501,0
3375,2018-06-29,579,15,813,903,51501,0
3376,2019-03-11,579,26,812,900,51501,0
3377,2019-12-26,579,33,803,902,51501,0
3378,2020-10-28,579,20,806,910,51501,0
3379,2021-06-13,579,15,803,903,54372,0
3380,2022-06-06,579,39,806,906,54372,0
3381,2023-02-04,579,34,806,909,56777,0
3382,2023-11-13,579,10,813,907,59970,0
3383,2024-06-21,579,26,810,906,59970,0
3384,2024-12-29,579,31,815,902,59970,0
3385,2025-06-29,579,31,807,901,59970,0
3386,2024-10-09,581,32,812,910,41507,0
3387,2019-04-06,582,22,804,901,59136,0
3388,2019-12-28,582,22,812,911,59136,0
3389,2020-07-13,582,16,814,908,59136,0
3390,2021-02-18,582,35,812,905,59136,0
3391,2021-11-05,582,34,809,901,59136,0
3392,2022-09-29,582,32,800,900,59136,0
3393,2023-07-25,582,17,815,901,59136,0
3394,2024-06-22,582,10,806,910,59136,0
3395,2025-01-13,582,30,806,907,59136,0
3396,2021-12-25,583,30,813,907,71233,0
3397,2022-11-23,583,25,801,911,78268,0
3398,2023-06-23,583,35,809,900,78268,0
3399,2024-03-05,583,17,801,901,78268,0
3400,2024-09-09,583,15,815,902,78268,0
3401,2025-03-28,583,14,813,902,78268,0
3402,2025-01-23,585,14,800,909,62698,0
3403,2022-01-24,586,35,812,903,57335,0
3404,2023-01-10,586,20,806,906,57335,0
3405,2023-12-26,586,24,805,907,57335,0
3406,2024-10-08,586,20,811,907,57335,0
3407,2021-01-01,587,12,811,903,57158,0
3408,2021-08-19,587,38,801,909,57158,0
3409,2022-07-23,587,39,800,901,57158,0
3410,2023-05-05,587,36,810,901,57158,0
3411,2024-04-28,587,10,802,903,57158,0
3412,2025-02-18,587,40,806,905,62524,0
3413,2023-01-31,588,30,813,900,37510,0
3414,2023-12-15,588,28,803,904,37510,0
3415,2024-09-19,588,24,809,911,37510,0
3416,2017-08-01,589,20,806,904,42571,0
3417,2018-07-07,589,37,811,903,42571,0
3418,2019-06-09,589,33,804,908,42571,0
3419,2020-05-28,589,19,814,904,42571,0
3420,2021-05-09,589,26,808,904,42571,0
3421,2022-03-05,589,24,808,908,42571,0
3422,2023-02-07,589,39,809,900,42571,0
3423,2023-08-15,589,31,807,906,42571,0
3424,2024-02-25,589,19,805,900,42571,0
3425,2024-10-15,589,12,802,907,42571,0
3426,2022-06-28,590,38,809,906,41909,0
3427,2023-02-03,590,19,804,902,45965,0
3428,2023-09-04,590,11,814,910,45965,0
3429,2024-05-03,590,27,812,900,45965,0
3430,2024-12-28,590,14,803,904,45965,0
3431,2019-10-04,591,39,809,905,68911,0
3432,2020-09-09,591,15,809,902,68911,0
3433,2021-04-24,591,20,812,907,68911,0
3434,2022-02-17,591,29,801,909,68911,0
3435,2022-11-13,591,39,808,909,68911,0
3436,2023-06-20,591,36,808,905,68911,0
3437,2024-01-02,591,26,800,900,68911,0
3438,2024-08-13,591,28,810,907,68911,0
3439,2022-10-28,592,28,812,902,39790,0
3440,2023-06-09,592,32,805,909,39790,0
3441,2024-01-06,592,13,809,901,39790,0
3442,2024-11-27,592,28,804,904,39790,0
3443,2016-09-03,593,14,810,906,70070,0
3444,2017-07-26,593,30,800,904,70070,0
3445,2018-07-16,593,34,812,909,75166,0
3446,2019-07-10,593,34,801,905,78206,0
3447,2020-05-25,593,39,801,903,78206,0
3448,2020-12-04,593,27,808,906,78206,0
3449,2021-08-31,593,22,811,903,78206,0
3450,2022-05-04,593,15,800,906,78206,0
3451,2023-01-21,593,24,801,909,78206,0
3452,2023-12-31,593,36,805,910,78206,0
3453,2024-12-15,593,38,814,910,78206,0
3454,2025-06-30,593,34,806,902,85889,0
3455,2024-03-13,594,34,815,905,58737,0
3456,2025-02-10,594,10,800,905,58737,0
3457,2017-12-17,595,40,802,904,66275,0
3458,2018-10-19,595,20,808,902,66275,0
3459,2019-08-08,595,26,806,911,66275,0
3460,2020-02-08,595,35,805,901,66275,0
3461,2020-08-23,595,29,801,903,66275,0
3462,2021-05-12,595,17,812,908,69575,0
3463,2022-02-10,595,16,805,903,69575,0
3464,2022-09-27,595,27,800,910,69575,0
3465,2023-07-25,595,23,807,901,75416,0
3466,2024-04-15,595,32,809,907,75416,0
3467,2025-03-10,595,33,807,903,75416,0
3468,2022-11-10,596,35,807,908,55195,0
3469,2023-11-05,596,12,814,901,55195,0
3470,2024-09-01,596,35,812,903,55195,0
3471,2023-10-20,597,21,809,902,35272,0
3472,2024-05-16,597,27,803,908,37374,0
3473,2025-04-20,597,36,803,907,37374,0
3474,2019-08-20,598,22,806,908,35762,0
3475,2020-07-05,598,36,802,911,35762,0
3476,2021-03-12,598,22,811,909,35762,0
3477,2021-12-16,598,12,814,906,35762,0
3478,2022-08-19,598,25,801,909,35762,0
3479,2023-03-02,598,13,805,904,35762,0
3480,2024-01-17,598,31,806,910,35762,0
3481,2024-12-21,598,39,812,904,35762,0
3482,2022-08-04,599,16,812,905,74974,0
3483,2023-03-04,599,21,800,906,74974,0
3484,2023-10-06,599,28,813,901,74974,0
3485,2024-07-29,599,18,815,910,74974,0
3486,2025-03-23,599,23,800,902,74974,0
3487,2017-10-09,600,15,801,908,62336,0
3488,2018-09-20,600,26,803,903,62336,0
3489,2019-07-27,600,28,806,903,62336,0
3490,2020-07-21,600,30,805,902,62336,0
3491,2021-06-10,600,30,810,905,62336,0
3492,2022-01-13,600,12,811,910,62336,0
3493,2022-08-14,600,17,811,905,64374,0
3494,2023-06-22,600,36,801,903,64374,0
3495,2024-03-07,600,38,814,905,64374,0
3496,2025-01-19,600,34,806,902,64374,0
3497,2016-09-14,601,26,813,900,66593,0
3498,2017-05-22,601,27,801,907,70949,0
3499,2017-12-16,601,11,807,909,70949,0
3500,2018-08-03,601,32,808,909,70949,0
3501,2019-05-10,601,35,810,908,70949,0
3502,2019-12-31,601,18,805,909,70949,0
3503,2020-09-02,601,17,813,909,70949,0
3504,2021-04-07,601,28,802,910,70949,0
3505,2021-11-20,601,31,801,911,70949,0
3506,2022-07-06,601,35,814,911,70949,0
3507,2023-05-04,601,25,801,908,70949,0
3508,2024-02-13,601,24,810,905,70949,0
3509,2024-12-12,601,33,805,906,70949,0
3510,2024-09-08,602,21,800,905,53582,0
3511,2025-05-24,602,31,803,909,53582,0
3512,2018-10-09,603,10,812,901,68509,0
3513,2019-07-12,603,35,802,911,68509,0
3514,2020-01-17,603,40,809,907,68509,0
3515,2020-10-23,603,40,813,900,68509,0
3516,2021-07-26,603,22,808,904,68509,0
3517,2022-03-02,603,17,815,909,68509,0
3518,2022-08-31,603,36,809,911,73477,0
3519,2023-06-22,603,10,800,905,73477,0
3520,2024-01-16,603,32,815,909,73477,0
3521,2024-11-06,603,27,803,903,73477,0
3522,2017-11-16,604,36,807,902,78655,0
3523,2018-05-31,604,23,813,901,78655,0
3524,2019-03-12,604,36,800,908,78655,0
3525,2019-09-28,604,26,806,911,84552,0
3526,2020-09-10,604,14,805,908,84552,0
3527,2021-04-10,604,13,808,907,84552,0
3528,2022-02-24,604,31,814,904,89116,0
3529,2022-12-16,604,35,813,909,89116,0
3530,2023-09-12,604,27,809,903,89116,0
3531,2024-04-17,604,36,815,904,89116,0
3532,2024-11-27,604,19,812,901,89116,0
3533,2025-04-21,605,11,810,904,74815,0
3534,2022-01-21,606,33,812,901,56538,0
3535,2022-09-29,606,31,804,901,56538,0
3536,2023-08-13,606,17,809,905,56538,0
3537,2024-06-17,606,27,809,911,60308,0
3538,2025-03-11,606,39,807,907,60308,0
3539,2021-12-05,607,29,810,904,39648,0
3540,2022-11-10,607,20,808,901,39648,0
3541,2023-08-20,607,31,813,909,39648,0
3542,2024-08-02,607,27,805,903,39648,0
3543,2018-02-28,608,28,815,906,53119,0
3544,2018-09-16,608,29,814,906,53119,0
3545,2019-08-14,608,32,812,908,53119,0
3546,2020-07-04,608,21,801,906,53119,0
3547,2021-06-08,608,23,814,905,53119,0
3548,2022-02-26,608,26,806,908,53119,0
3549,2022-08-30,608,10,813,908,55749,0
3550,2023-07-13,608,14,803,909,55749,0
3551,2024-06-20,608,19,811,911,55749,0
3552,2025-05-19,608,12,811,910,55749,0
3553,2017-10-06,609,34,808,900,65073,0
3554,2018-09-15,609,36,812,900,65073,0
3555,2019-03-25,609,15,801,900,65073,0
3556,2019-10-01,609,36,812,906,65073,0
3557,2020-05-30,609,37,813,911,65073,0
3558,2021-03-02,609,21,802,908,65073,0
3559,2022-02-17,609,35,803,907,65073,0
3560,2022-08-17,609,40,810,907,65073,0
3561,2023-05-25,609,21,800,909,65073,0
3562,2024-03-26,609,33,804,904,65073,0
3563,2024-12-23,609,10,809,900,65073,0
3564,2025-01-26,610,20,803,902,63537,0
3565,2022-03-01,611,30,805,907,49629,0
3566,2023-01-14,611,31,813,902,49629,0
3567,2023-12-22,611,32,801,910,49629,0
3568,2024-09-08,611,10,814,902,49629,0
3569,2025-06-03,611,13,805,902,49629,0
3570,2023-07-26,612,32,808,903,78149,0
3571,2024-07-09,612,19,807,904,78149,0
3572,2025-04-16,612,13,801,902,78149,0
3573,2018-11-23,613,38,813,902,74156,0
3574,2019-09-18,613,24,812,902,80139,0
3575,2020-08-25,613,24,806,902,80139,0
3576,2021-03-31,613,17,805,908,80139,0
3577,2021-12-04,613,19,815,906,80139,0
3578,2022-08-11,613,25,807,907,86446,0
3579,2023-07-21,613,12,810,903,86446,0
3580,2024-06-29,613,11,812,910,89746,0
3581,2025-06-06,613,34,801,905,89746,0
3582,2023-08-26,614,19,803,900,37163,0
3583,2024-04-27,614,37,800,907,37163,0
3584,2024-11-25,614,23,800,907,37163,0
3585,2025-06-24,614,11,802,903,37163,0
3586,2019-12-10,615,13,815,902,59568,0
3587,2020-09-17,615,30,813,907,59568,0
3588,2021-06-03,615,27,812,902,59568,0
3589,2022-04-16,615,30,813,907,59568,0
3590,2023-02-01,615,40,812,900,59568,0
3591,2024-01-09,615,38,809,906,59568,0
3592,2024-08-20,615,29,812,910,59568,0
3593,2025-05-21,615,17,812,901,59568,0
3594,2019-01-25,616,14,808,903,82017,0
3595,2019-11-17,616,15,802,911,82017,0
3596,2020-10-04,616,32,811,901,82017,0
3597,2021-08-17,616,38,803,906,82017,0
3598,2022-04-07,616,17,806,909,82017,0
3599,2023-01-20,616,37,815,900,82017,0
3600,2023-08-16,616,33,811,909,82017,0
3601,2024-07-10,616,33,810,902,82017,0
3602,2025-06-03,616,18,808,900,82017,0
3603,2023-08-22,617,12,813,904,37108,0
3604,2024-06-15,617,18,803,909,37108,0
3605,2025-04-26,617,28,812,901,37108,0
3606,2025-02-04,620,17,813,908,53396,0
3607,2019-01-10,621,30,800,902,37754,0
3608,2019-07-16,621,31,804,900,37754,0
3609,2020-05-06,621,12,810,906,37754,0
3610,2021-03-13,621,34,812,901,37754,0
3611,2021-12-23,621,37,808,901,37754,0
3612,2022-07-17,621,15,815,903,37754,0
3613,2023-05-05,621,23,807,908,37754,0
3614,2024-02-25,621,29,814,900,37754,0
3615,2024-12-15,621,40,802,904,39662,0
3616,2021-09-28,622,25,805,911,56940,0
3617,2022-07-22,622,22,805,905,56940,0
3618,2023-06-02,622,40,806,903,56940,0
3619,2024-05-15,622,29,805,905,61461,0
3620,2024-12-11,622,26,806,910,61461,0
3621,2017-12-11,623,17,814,903,36514,0
3622,2018-07-19,623,37,815,911,36514,0
3623,2019-03-13,623,11,810,904,36514,0
3624,2020-03-02,623,37,808,909,36514,0
3625,2021-01-10,623,21,815,906,36514,0
3626,2021-12-25,623,38,812,905,36514,0
3627,2022-10-21,623,31,802,901,36514,0
3628,2023-07-12,623,29,815,903,36514,0
3629,2024-06-28,623,27,801,904,36514,0
3630,2025-01-23,623,13,803,906,36514,0
3631,2020-06-30,624,37,805,900,39755,0
3632,2021-01-19,624,18,802,903,39755,0
3633,2021-11-30,624,31,808,905,39755,0
3634,2022-11-14,624,32,801,903,39755,0
3635,2023-08-17,624,20,813,911,39755,0
3636,2024-05-24,624,19,810,903,39755,0
3637,2025-01-24,624,14,815,909,39755,0
3638,2024-04-24,625,29,814,911,74987,0
3639,2024-12-30,625,29,808,910,74987,0
3640,2018-12-05,626,32,802,904,77184,0
3641,2019-10-11,626,36,803,907,77184,0
3642,2020-07-24,626,35,811,908,77184,0
3643,2021-03-14,626,10,809,903,77184,0
3644,2022-01-20,626,32,812,910,77184,0
3645,2022-11-10,626,22,810,901,77184,0
3646,2023-09-08,626,36,814,904,77184,0
3647,2024-04-26,626,13,811,910,77184,0
3648,2025-02-01,626,34,809,901,77184,0
3649,2021-04-28,627,24,800,907,47926,0
3650,2021-10-27,627,12,815,905,47926,0
3651,2022-05-09,627,28,801,906,47926,0
3652,2022-12-28,627,39,814,900,47926,0
3653,2023-11-10,627,19,815,901,47926,0
3654,2024-07-14,627,10,805,900,47926,0
3655,2025-04-26,627,21,807,906,52486,0
3656,2020-01-20,628,17,811,902,39179,0
3657,2020-09-23,628,23,810,904,39179,0
3658,2021-06-29,628,23,809,903,39179,0
3659,2022-03-30,628,28,805,904,39179,0
3660,2023-03-05,628,31,808,900,40377,0
3661,2023-11-08,628,18,804,902,40377,0
3662,2024-10-06,628,38,802,905,40377,0
3663,2025-05-12,628,19,813,903,40377,0
3664,2023-10-07,629,39,810,911,64978,0
3665,2024-08-04,629,38,809,905,64978,0
3666,2025-02-03,629,16,803,904,64978,0
3667,2018-10-04,630,11,814,902,49162,0
3668,2019-04-15,630,14,815,909,49162,0
3669,2020-02-19,630,17,814,901,49162,0
3670,2020-11-19,630,36,807,911,49162,0
3671,2021-10-04,630,13,812,901,49162,0
3672,2022-08-31,630,32,812,900,49162,0
3673,2023-03-12,630,27,805,910,49162,0
3674,2024-02-24,630,33,805,903,49162,0
3675,2024-11-18,630,15,801,900,49162,0
3676,2025-05-23,630,14,803,910,49162,0
3677,2018-08-12,631,27,810,903,54520,0
3678,2019-07-13,631,22,806,908,54520,0
3679,2020-05-28,631,21,814,908,54520,0
3680,2021-03-18,631,23,800,901,54520,0
3681,2021-10-17,631,26,805,905,57788,0
3682,2022-06-09,631,28,810,908,57788,0
3683,2023-03-08,631,36,805,906,57788,0
3684,2023-10-03,631,40,806,902,61344,0
3685,2024-08-11,631,40,806,908,61344,0
3686,2025-06-03,631,30,811,905,61344,0
3687,2021-11-01,632,31,800,901,68611,0
3688,2022-10-15,632,18,802,910,68611,0
3689,2023-09-06,632,13,811,908,68611,0
3690,2024-08-19,632,21,802,902,68611,0
3691,2025-05-16,632,36,810,904,68611,0
3692,2017-01-20,633,35,813,901,76487,0
3693,2017-11-09,633,39,804,901,76487,0
3694,2018-10-08,633,28,807,904,76487,0
3695,2019-04-10,633,29,805,907,76487,0
3696,2020-01-25,633,12,812,909,76487,0
3697,2020-11-22,633,28,800,911,76487,0
3698,2021-10-10,633,23,804,908,76487,0
3699,2022-04-22,633,13,805,910,76487,0
3700,2022-12-21,633,25,810,904,76487,0
3701,2023-09-25,633,10,815,906,76487,0
3702,2024-08-16,633,39,806,903,76487,0
3703,2025-04-27,633,39,801,907,80240,0
3704,2023-04-14,634,34,805,905,47649,0
3705,2023-10-30,634,22,812,905,47649,0
3706,2024-10-02,634,10,800,909,47649,0
3707,2025-05-11,634,24,803,907,47649,0
3708,2025-05-10,636,21,811,900,80138,0
3709,2023-04-05,637,35,802,900,73767,0
3710,2023-12-08,637,32,807,905,73767,0
3711,2024-08-14,637,28,804,909,73767,0
3712,2025-06-19,637,39,807,902,73767,0
3713,2022-10-25,638,10,810,903,38535,0
3714,2023-07-24,638,16,800,909,38535,0
3715,2024-04-22,638,16,813,909,38535,0
3716,2024-11-22,638,33,801,906,38535,0
3717,2025-04-15,639,31,807,907,71847,0
3718,2019-02-12,640,12,812,906,84191,0
3719,2019-11-28,640,15,805,906,84191,0
3720,2020-07-25,640,18,815,900,84191,0
3721,2021-04-09,640,38,800,900,84191,0
3722,2021-12-17,640,36,805,900,84191,0
3723,2022-06-30,640,31,808,904,84191,0
3724,2023-04-30,640,25,813,906,84191,0
3725,2024-02-17,640,37,812,901,84191,0
3726,2024-10-10,640,15,809,900,84191,0
3727,2025-05-16,640,23,805,902,84191,0
3728,2020-10-05,641,12,807,909,70305,0
3729,2021-06-22,641,23,804,906,70305,0
3730,2022-06-04,641,15,803,909,70305,0
3731,2022-12-14,641,34,815,905,70305,0
3732,2023-11-23,641,37,807,906,70305,0
3733,2024-06-19,641,40,813,904,70305,0
3734,2025-04-15,641,36,812,902,70305,0
3735,2018-01-03,642,40,810,909,46909,0
3736,2018-08-02,642,12,800,903,46909,0
3737,2019-03-14,642,30,800,908,46909,0
3738,2019-10-26,642,33,801,909,46909,0
3739,2020-06-02,642,39,803,907,46909,0
3740,2021-02-24,642,35,814,908,51331,0
3741,2021-09-18,642,11,801,900,51331,0
3742,2022-05-19,642,35,804,906,51331,0
3743,2023-02-07,642,20,807,911,51331,0
3744,2023-10-03,642,20,815,901,51331,0
3745,2024-09-13,642,13,815,900,51331,0
3746,2023-06-05,643,22,809,907,72928,0
3747,2024-03-17,643,10,804,911,72928,0
3748,2024-11-01,643,40,811,908,72928,0
3749,2020-12-15,644,34,812,905,36082,0
3750,2021-11-19,644,26,810,904,36082,0
3751,2022-05-19,644,29,810,907,36082,0
3752,2023-02-08,644,37,811,904,36082,0
3753,2023-11-08,644,27,802,900,36082,0
3754,2024-07-29,644,33,813,911,36082,0
3755,2020-05-29,645,17,811,904,36193,0
3756,2021-03-31,645,11,810,906,36193,0
3757,2021-10-27,645,34,811,905,38061,0
3758,2022-09-15,645,16,812,901,38061,0
3759,2023-08-21,645,29,802,911,38061,0
3760,2024-05-13,645,22,809,905,38061,0
3761,2024-12-25,645,26,809,903,38061,0
3762,2018-12-21,646,17,805,903,45956,0
3763,2019-07-19,646,12,814,908,45956,0
3764,2020-06-29,646,26,802,904,45956,0
3765,2021-05-15,646,17,808,901,45956,0
3766,2021-11-13,646,12,806,903,47855,0
3767,2022-08-04,646,23,807,908,47855,0
3768,2023-07-02,646,20,801,903,47855,0
3769,2024-03-28,646,35,810,906,47855,0
3770,2025-01-28,646,16,802,908,47855,0
3771,2021-01-10,647,12,810,910,38662,0
3772,2022-01-02,647,16,812,902,38662,0
3773,2022-07-18,647,29,803,903,38662,0
3774,2023-03-14,647,19,815,906,38662,0
3775,2023-10-31,647,27,813,910,38662,0
3776,2024-10-03,647,21,815,906,38662,0
3777,2025-05-03,647,13,815,901,38662,0
3778,2019-02-06,648,32,809,906,62413,0
3779,2019-08-26,648,35,806,910,62413,0
3780,2020-06-20,648,27,813,908,62413,0
3781,2021-02-27,648,35,809,910,62413,0
3782,2022-02-01,648,22,810,906,62413,0
3783,2022-09-28,648,25,805,906,62413,0
3784,2023-08-13,648,29,805,906,62413,0
3785,2024-02-20,648,12,807,902,62413,0
3786,2024-12-11,648,13,801,903,62413,0
3787,2021-05-27,649,23,806,908,80004,0
3788,2022-03-15,649,22,809,904,80004,0
3789,2023-02-16,649,26,807,909,86750,0
3790,2024-01-07,649,16,804,903,86750,0
3791,2024-10-23,649,33,813,902,86750,0
3792,2025-06-16,649,18,803,910,86750,0
3793,2021-05-17,650,24,813,903,72306,0
3794,2022-04-27,650,19,809,908,77157,0
3795,2023-01-31,650,28,814,904,77157,0
3796,2023-08-18,650,13,814,902,77157,0
3797,2024-06-02,650,21,806,904,77157,0
3798,2025-04-07,650,18,806,908,77157,0
3799,2018-11-05,651,15,815,910,43074,0
3800,2019-06-25,651,36,807,908,43074,0
3801,2020-03-22,651,34,812,908,43074,0
3802,2021-02-20,651,18,803,907,43074,0
3803,2021-11-24,651,29,805,903,43074,0
3804,2022-10-26,651,12,812,902,43074,0
3805,2023-08-16,651,28,809,901,43074,0
3806,2024-03-24,651,27,808,903,43074,0
3807,2025-03-09,651,23,808,900,44510,0
3808,2024-12-24,652,28,811,906,60718,0
3809,2018-09-27,654,15,801,911,55732,0
3810,2019-04-27,654,25,803,910,55732,0
3811,2020-03-09,654,29,815,902,55732,0
3812,2021-02-04,654,25,804,905,55732,0
3813,2021-12-24,654,35,806,902,55732,0
3814,2022-11-08,654,36,810,905,55732,0
3815,2023-06-09,654,20,814,908,55732,0
3816,2024-02-05,654,20,815,904,55732,0
3817,2024-10-02,654,29,808,906,55732,0
3818,2025-06-14,654,16,801,905,55732,0
3819,2021-04-17,655,27,813,906,53508,0
3820,2022-03-29,655,22,803,904,53508,0
3821,2023-03-19,655,24,812,901,57751,0
3822,2024-01-29,655,12,801,903,57751,0
3823,2025-01-09,655,39,807,905,57751,0
3824,2023-07-25,656,39,805,905,53967,0
3825,2024-05-23,656,23,812,902,53967,0
3826,2024-12-07,656,14,800,906,53967,0
3827,2022-08-31,657,28,802,906,82741,0
3828,2023-05-08,657,21,808,908,89468,0
3829,2024-01-05,657,35,814,907,89468,0
3830,2024-09-23,657,23,806,904,89468,0
3831,2025-03-29,657,23,814,906,89468,0
3832,2021-08-03,658,14,801,909,68574,0
3833,2022-02-15,658,36,812,902,68574,0
3834,2022-09-04,658,12,800,900,68574,0
3835,2023-03-21,658,21,804,909,68574,0
3836,2023-10-28,658,36,803,900,68574,0
3837,2024-10-06,658,28,815,911,68574,0
3838,2020-03-09,659,12,803,906,50892,0
3839,2021-01-12,659,22,801,904,50892,0
3840,2021-12-16,659,17,805,910,50892,0
3841,2022-10-13,659,13,804,905,50892,0
3842,2023-05-02,659,24,811,901,50892,0
3843,2024-04-04,659,13,804,910,50892,0
3844,2024-11-16,659,21,801,909,50892,0
3845,2023-11-07,660,33,806,905,65854,0
3846,2024-06-04,660,34,806,907,65854,0
3847,2025-03-10,660,24,805,900,65854,0
3848,2022-03-17,661,39,815,908,38059,0
3849,2023-02-01,661,12,809,905,38059,0
3850,2023-10-21,661,19,814,911,38059,0
3851,2024-09-16,661,36,812,908,38059,0
3852,2025-04-18,661,11,810,908,38059,0
3853,2019-03-15,662,14,803,900,37233,0
3854,2020-02-09,662,18,810,900,37233,0
3855,2020-12-11,662,24,802,905,39259,0
3856,2021-06-09,662,14,812,905,39259,0
3857,2022-02-24,662,35,800,901,39259,0
3858,2022-12-12,662,35,808,902,41285,0
3859,2023-08-02,662,21,802,910,41285,0
3860,2024-06-28,662,23,800,900,41285,0
3861,2024-12-25,662,26,808,904,41285,0
3862,2021-11-27,663,28,801,908,78188,0
3863,2022-07-23,663,25,811,900,78188,0
3864,2023-06-10,663,22,808,911,78188,0
3865,2023-12-18,663,28,810,903,78188,0
3866,2024-09-10,663,23,801,909,78188,0
3867,2021-02-12,664,24,812,907,45982,0
3868,2021-11-05,664,13,803,908,45982,0
3869,2022-05-26,664,25,804,907,45982,0
3870,2023-02-11,664,25,800,911,45982,0
3871,2023-12-22,664,36,810,911,45982,0
3872,2024-12-02,664,31,800,905,45982,0
3873,2022-04-30,665,12,807,902,49816,0
3874,2023-04-12,665,39,812,904,49816,0
3875,2023-10-15,665,35,810,904,49816,0
3876,2024-09-04,665,30,800,908,49816,0
3877,2025-04-25,665,29,813,911,49816,0
3878,2018-08-08,667,34,810,910,55224,0
3879,2019-07-12,667,10,808,901,55224,0
3880,2020-02-06,667,20,802,911,55224,0
3881,2021-01-05,667,30,815,911,55224,0
3882,2021-12-17,667,13,810,904,57176,0
3883,2022-09-21,667,39,815,902,57176,0
3884,2023-08-25,667,14,806,902,57176,0
3885,2024-03-22,667,21,813,905,57176,0
3886,2025-01-11,667,31,801,905,57176,0
3887,2020-09-09,668,29,813,906,35322,0
3888,2021-04-05,668,40,804,907,35322,0
3889,2022-01-04,668,10,815,901,35322,0
3890,2022-07-11,668,36,808,907,35322,0
3891,2023-03-07,668,14,815,908,35322,0
3892,2023-10-20,668,13,808,900,35322,0
3893,2024-05-23,668,21,802,900,35322,0
3894,2024-12-22,668,34,810,906,35322,0
3895,2024-10-18,669,30,814,906,41028,0
3896,2024-03-06,670,35,814,911,70819,0
3897,2024-10-05,670,38,812,903,73144,0
3898,2022-04-13,671,18,812,901,79361,0
3899,2022-12-31,671,32,808,907,79361,0
3900,2023-09-27,671,18,802,905,79361,0
3901,2024-04-21,671,15,802,904,79361,0
3902,2024-10-28,671,29,804,905,79361,0
3903,2021-04-16,672,23,803,906,80394,0
3904,2021-11-08,672,15,810,911,87167,0
3905,2022-06-01,672,40,800,903,87167,0
3906,2023-01-07,672,18,807,908,87167,0
3907,2023-10-21,672,10,803,908,87167,0
3908,2024-05-21,672,18,811,907,94595,0
3909,2025-04-09,672,21,815,907,94595,0
3910,2024-12-17,673,23,806,902,62103,0
3911,2022-05-12,674,34,807,900,66164,0
3912,2022-11-27,674,13,806,911,66164,0
3913,2023-06-25,674,34,803,907,66164,0
3914,2024-01-02,674,16,815,909,66164,0
3915,2024-09-10,674,36,809,905,66164,0
3916,2017-04-24,675,33,813,910,74898,0
3917,2018-01-29,675,24,801,910,74898,0
3918,2018-09-13,675,16,802,910,74898,0
3919,2019-07-28,675,15,814,910,74898,0
3920,2020-05-28,675,12,806,906,74898,0
3921,2021-05-01,675,28,801,901,74898,0
3922,2022-04-06,675,12,803,910,74898,0
3923,2023-03-10,675,27,809,907,74898,0
3924,2023-12-21,675,11,809,910,74898,0
3925,2024-07-12,675,23,800,900,74898,0
3926,2025-02-19,675,13,804,900,74898,0
3927,2023-03-08,676,40,804,900,81985,0
3928,2024-02-27,676,38,805,905,81985,0
3929,2025-02-06,676,19,812,909,81985,0
3930,2019-11-02,677,26,801,910,41934,0
3931,2020-06-19,677,23,815,902,41934,0
3932,2021-04-21,677,39,815,906,41934,0
3933,2021-11-12,677,20,810,909,41934,0
3934,2022-06-16,677,27,811,904,41934,0
3935,2023-03-03,677,40,807,905,41934,0
3936,2024-02-06,677,23,812,906,41934,0
3937,2024-10-04,677,21,810,900,41934,0
3938,2025-06-22,677,14,806,909,41934,0
3939,2017-11-07,679,33,815,909,37830,0
3940,2018-05-12,679,29,806,901,37830,0
3941,2019-04-20,679,30,810,904,37830,0
3942,2019-12-20,679,11,802,905,37830,0
3943,2020-09-09,679,20,809,910,37830,0
3944,2021-06-17,679,34,810,911,37830,0
3945,2022-04-13,679,28,800,910,37830,0
3946,2022-12-13,679,14,811,908,37830,0
3947,2023-11-27,679,25,802,908,37830,0
3948,2024-06-05,679,40,808,908,37830,0
3949,2025-05-23,679,10,803,901,40607,0
3950,2016-08-29,680,21,802,904,74115,0
3951,2017-07-07,680,25,807,904,74115,0
3952,2018-02-20,680,37,803,910,74115,0
3953,2018-08-22,680,15,813,908,74115,0
3954,2019-06-26,680,37,808,909,74115,0
3955,2020-06-01,680,40,812,911,74115,0
3956,2021-04-21,680,33,805,908,81489,0
3957,2021-12-01,680,19,815,900,81489,0
3958,2022-07-29,680,18,803,900,81489,0
3959,2023-03-12,680,32,802,908,87409,0
3960,2023-10-11,680,25,814,903,87409,0
3961,2024-09-16,680,27,800,909,87409,0
3962,2018-01-28,682,19,813,904,67600,0
3963,2019-01-14,682,34,803,900,67600,0
3964,2019-12-28,682,15,812,911,67600,0
3965,2020-07-01,682,23,810,900,67600,0
3966,2021-03-17,682,28,806,909,67600,0
3967,2021-12-07,682,32,812,900,73460,0
3968,2022-10-05,682,25,809,908,77368,0
3969,2023-05-16,682,32,808,902,77368,0
3970,2024-01-12,682,16,815,903,77368,0
3971,2024-09-18,682,26,814,903,80177,0
3972,2025-06-27,682,17,804,906,80177,0
3973,2021-05-14,683,29,805,907,65381,0
3974,2022-05-09,683,20,814,901,65381,0
3975,2023-03-25,683,38,812,901,68212,0
3976,2024-03-16,683,22,803,910,68212,0
3977,2024-10-15,683,12,805,901,68212,0
3978,2025-05-13,683,14,802,901,68212,0
3979,2023-07-04,684,19,812,901,63742,0
3980,2024-05-19,684,19,807,907,63742,0
3981,2024-11-23,684,32,809,902,63742,0
3982,2025-05-26,684,36,813,910,63742,0
3983,2020-05-01,685,16,811,910,48764,0
3984,2020-12-21,685,29,812,904,48764,0
3985,2021-08-17,685,30,809,908,48764,0
3986,2022-04-15,685,24,806,907,48764,0
3987,2023-01-05,685,29,814,909,48764,0
3988,2023-07-05,685,24,812,906,48764,0
3989,2024-06-19,685,35,806,902,48764,0
3990,2025-06-08,685,40,800,906,48764,0
3991,2020-11-19,686,13,814,911,39490,0
3992,2021-08-30,686,16,811,904,39490,0
3993,2022-05-15,686,15,802,901,39490,0
3994,2023-02-02,686,17,804,907,39490,0
3995,2023-09-19,686,34,803,901,39490,0
3996,2024-07-18,686,17,800,909,39490,0
3997,2025-06-10,686,28,801,902,39490,0
3998,2020-11-19,687,37,815,900,77066,0
3999,2021-08-19,687,11,813,904,77066,0
4000,2022-08-06,687,34,813,906,77066,0
4001,2023-07-07,687,24,800,903,77066,0
4002,2024-06-06,687,12,807,901,77066,0
4003,2025-05-02,687,36,812,910,81541,0
4004,2023-01-11,688,32,807,902,57763,0
4005,2023-08-02,688,10,813,904,57763,0
4006,2024-02-14,688,26,811,900,57763,0
4007,2024-10-27,688,31,808,908,57763,0
4008,2020-01-08,689,33,803,909,60627,0
4009,2020-11-27,689,14,806,903,60627,0
4010,2021-09-22,689,16,802,908,60627,0
4011,2022-08-16,689,23,811,911,66108,0
4012,2023-06-18,689,19,810,905,66108,0
4013,2024-03-14,689,24,807,900,66108,0
4014,2024-12-28,689,23,804,910,66108,0
4015,2019-05-12,691,17,800,906,57135,0
4016,2020-04-22,691,12,807,906,57135,0
4017,2021-04-03,691,34,800,908,57135,0
4018,2021-10-04,691,30,808,910,57135,0
4019,2022-05-09,691,25,807,911,57135,0
4020,2022-12-04,691,13,803,908,57135,0
4021,2023-07-27,691,26,814,902,57135,0
4022,2024-07-10,691,34,803,906,57135,0
4023,2025-06-10,691,38,807,909,57135,0
4024,2024-06-01,692,18,808,911,51676,0
4025,2025-02-25,692,17,813,910,51676,0
4026,2024-04-22,693,38,803,903,70107,0
4027,2024-11-25,693,34,809,907,70107,0
4028,2025-06-10,693,18,811,902,70107,0
4029,2024-01-23,694,33,806,906,69471,0
4030,2024-11-22,694,32,812,902,69471,0
4031,2017-10-02,695,30,809,907,67887,0
4032,2018-05-28,695,29,809,900,67887,0
4033,2019-04-20,695,20,801,902,67887,0
4034,2020-01-27,695,27,800,906,67887,0
4035,2020-11-30,695,11,810,905,67887,0
4036,2021-09-14,695,28,814,904,67887,0
4037,2022-04-04,695,10,801,903,67887,0
4038,2022-11-01,695,21,812,902,67887,0
4039,2023-08-11,695,19,808,904,67887,0
4040,2024-02-22,695,13,813,904,67887,0
4041,2024-10-15,695,31,814,904,67887,0
4042,2021-04-19,696,17,804,906,68856,0
4043,2021-11-14,696,33,801,902,68856,0
4044,2022-07-23,696,39,815,905,68856,0
4045,2023-06-27,696,17,812,903,68856,0
4046,2024-04-22,696,20,810,905,68856,0
4047,2024-11-29,696,15,801,910,68856,0
4048,2019-10-02,697,14,801,905,41099,0
4049,2020-04-25,697,37,802,901,41099,0
4050,2020-12-04,697,29,801,909,41099,0
4051,2021-07-12,697,36,811,903,41099,0
4052,2022-02-22,697,26,810,907,41099,0
4053,2022-09-06,697,30,810,910,45109,0
4054,2023-06-29,697,31,808,904,45109,0
4055,2024-02-23,697,11,812,903,45109,0
4056,2024-09-30,697,33,814,905,45109,0
4057,2025-06-06,697,19,804,908,45109,0
4058,2016-09-23,699,36,813,903,75861,0
4059,2017-05-10,699,11,803,910,75861,0
4060,2017-12-11,699,21,805,900,75861,0
4061,2018-07-01,699,37,812,900,75861,0
4062,2019-02-13,699,17,813,900,75861,0
4063,2019-11-20,699,18,809,900,75861,0
4064,2020-06-30,699,13,807,906,75861,0
4065,2020-12-30,699,26,807,905,82325,0
4066,2021-11-19,699,10,806,901,87582,0
4067,2022-11-04,699,24,800,902,87582,0
4068,2023-06-11,699,22,807,903,87582,0
4069,2024-05-31,699,11,815,906,90615,0
4070,2025-05-03,699,40,812,905,90615,0
4071,2024-10-23,701,21,805,904,56930,0
4072,2021-04-05,702,36,812,904,70973,0
4073,2022-01-16,702,30,802,911,70973,0
4074,2022-11-30,702,15,804,906,70973,0
4075,2023-05-29,702,25,814,909,70973,0
4076,2023-12-27,702,37,802,906,70973,0
4077,2024-12-14,702,33,809,911,73827,0
4078,2025-06-17,702,28,801,908,73827,0
4079,2021-11-23,703,26,809,905,77961,0
4080,2022-07-27,703,11,804,907,80828,0
4081,2023-05-07,703,17,813,907,80828,0
4082,2023-12-13,703,32,805,904,80828,0
4083,2024-09-04,703,25,814,908,80828,0
4084,2025-06-09,703,33,812,905,80828,0
4085,2018-05-10,704,40,812,907,38509,0
4086,2019-01-29,704,35,801,908,38509,0
4087,2020-01-11,704,24,811,908,38509,0
4088,2020-11-24,704,26,800,911,38509,0
4089,2021-10-28,704,40,815,900,38509,0
4090,2022-09-18,704,30,808,902,38509,0
4091,2023-06-09,704,34,809,909,38509,0
4092,2023-12-27,704,36,802,909,38509,0
4093,2024-10-17,704,30,810,909,40859,0
4094,2025-05-14,704,25,812,910,40859,0
4095,2017-05-19,705,13,811,901,43069,0
4096,2018-03-08,705,24,804,911,43069,0
4097,2018-09-12,705,32,808,906,43069,0
4098,2019-08-24,705,35,805,908,43069,0
4099,2020-03-22,705,24,813,908,43069,0
4100,2020-12-13,705,34,805,911,43069,0
4101,2021-10-11,705,33,813,911,43069,0
4102,2022-07-14,705,25,800,909,43069,0
4103,2023-06-04,705,11,802,908,43069,0
4104,2024-01-26,705,25,809,900,43069,0
4105,2024-11-04,705,32,804,904,43069,0
4106,2018-02-07,706,12,803,906,72334,0
4107,2018-12-23,706,17,810,908,72334,0
4108,2019-11-12,706,28,812,900,72334,0
4109,2020-05-22,706,12,808,905,75642,0
4110,2021-03-23,706,29,810,905,75642,0
4111,2021-10-27,706,14,806,908,75642,0
4112,2022-08-22,706,24,812,910,75642,0
4113,2023-02-22,706,28,814,900,75642,0
4114,2023-12-29,706,20,804,907,75642,0
4115,2024-07-02,706,12,811,902,75642,0
4116,2025-06-18,706,27,813,909,75642,0
4117,2025-03-25,707,20,802,910,59005,0
4118,2019-12-30,708,34,815,905,62249,0
4119,2020-07-18,708,34,803,905,68024,0
4120,2021-02-11,708,24,805,911,68024,0
4121,2022-02-04,708,30,805,910,68024,0
4122,2022-11-27,708,21,803,911,68024,0
4123,2023-09-02,708,24,815,901,68024,0
4124,2024-07-13,708,31,804,902,68024,0
4125,2025-02-02,708,18,804,906,68024,0
4126,2023-08-02,710,10,813,911,59558,0
4127,2024-03-01,710,22,814,906,59558,0
4128,2024-11-07,710,33,810,905,59558,0
4129,2024-08-28,711,39,802,908,62328,0
4130,2019-08-12,712,15,813,907,58222,0
4131,2020-03-02,712,16,805,907,58222,0
4132,2020-09-21,712,31,814,906,58222,0
4133,2021-07-09,712,10,812,903,61545,0
4134,2022-04-05,712,38,811,907,61545,0
4135,2022-11-17,712,12,811,908,61545,0
4136,2023-06-10,712,32,815,911,61545,0
4137,2024-01-02,712,16,802,907,67239,0
4138,2024-11-21,712,37,804,900,67239,0
4139,2020-12-27,713,16,809,900,74236,0
4140,2021-11-07,713,16,800,909,74236,0
4141,2022-06-21,713,14,808,905,74236,0
4142,2023-01-23,713,36,815,900,74236,0
4143,2023-09-01,713,28,807,907,74236,0
4144,2024-03-03,713,19,809,906,80311,0
4145,2024-08-31,713,34,813,901,80311,0
4146,2025-05-08,713,26,804,900,80311,0
4147,2023-04-22,714,28,812,908,81030,0
4148,2024-02-22,714,18,805,907,81030,0
4149,2024-10-31,714,15,813,902,81030,0
4150,2020-10-13,715,17,802,902,81373,0
4151,2021-07-27,715,23,800,905,81373,0
4152,2022-04-11,715,23,811,906,81373,0
4153,2022-12-21,715,20,808,904,81373,0
4154,2023-06-27,715,12,812,909,81373,0
4155,2024-03-21,715,25,809,906,81373,0
4156,2025-03-12,715,18,805,909,81373,0
4157,2017-05-07,716,36,814,907,42859,0
4158,2017-11-30,716,40,810,908,42859,0
4159,2018-08-24,716,16,804,901,42859,0
4160,2019-05-27,716,33,814,904,44637,0
4161,2020-01-27,716,33,808,906,44637,0
4162,2020-09-07,716,22,811,910,44637,0
4163,2021-07-21,716,30,806,903,44637,0
4164,2022-07-08,716,18,809,900,44637,0
4165,2023-04-02,716,35,811,905,44637,0
4166,2023-11-02,716,38,802,911,44637,0
4167,2024-06-03,716,21,812,910,44637,0
4168,2025-03-11,716,26,811,903,44637,0
4169,2025-01-22,717,22,815,901,54723,0
4170,2021-09-02,718,23,807,900,45470,0
4171,2022-05-09,718,19,804,908,45470,0
4172,2022-12-17,718,33,813,905,45470,0
4173,2023-06-18,718,16,800,911,45470,0
4174,2024-02-27,718,37,815,905,45470,0
4175,2024-11-19,718,27,804,911,45470,0
4176,2018-04-06,719,24,810,909,50002,0
4177,2018-11-13,719,38,806,904,50002,0
4178,2019-07-24,719,15,805,907,50002,0
4179,2020-05-17,719,10,807,910,50002,0
4180,2021-04-20,719,14,810,904,50002,0
4181,2022-02-19,719,25,805,903,50002,0
4182,2022-11-08,719,32,815,903,50002,0
4183,2023-05-09,719,33,800,907,50002,0
4184,2024-04-29,719,29,801,911,50002,0
4185,2025-01-23,719,24,813,907,50002,0
4186,2024-05-16,721,29,803,909,80659,0
4187,2025-02-15,721,23,805,908,80659,0
4188,2021-04-11,722,24,808,906,60220,0
4189,2022-02-06,722,12,802,905,60220,0
4190,2022-12-27,722,20,802,911,60220,0
4191,2023-10-12,722,19,815,905,60220,0
4192,2024-08-12,722,38,811,904,60220,0
4193,2018-03-17,723,18,811,904,83337,0
4194,2018-12-17,723,38,800,902,83337,0
4195,2019-07-02,723,25,814,905,83337,0
4196,2020-01-17,723,37,815,902,83337,0
4197,2020-07-16,723,23,815,900,89564,0
4198,2021-01-21,723,19,805,900,89564,0
4199,2021-12-08,723,14,813,911,89564,0
4200,2022-11-21,723,38,809,902,89564,0
4201,2023-09-04,723,18,800,910,89564,0
4202,2024-03-20,723,21,813,904,89564,0
4203,2025-01-05,723,28,804,906,89564,0
4204,2017-07-08,724,25,813,901,44976,0
4205,2018-02-26,724,34,803,907,44976,0
4206,2018-12-19,724,21,809,907,44976,0
4207,2019-08-01,724,30,813,900,44976,0
4208,2020-05-21,724,18,806,907,44976,0
4209,2021-04-10,724,18,811,900,44976,0
4210,2022-03-06,724,23,812,905,44976,0
4211,2022-10-14,724,25,814,911,46741,0
4212,2023-06-11,724,40,813,910,46741,0
4213,2024-02-08,724,22,806,905,46741,0
4214,2024-09-28,724,31,814,907,46741,0
4215,2017-10-19,725,14,804,903,83708,0
4216,2018-07-11,725,40,801,909,83708,0
4217,2019-05-20,725,26,806,900,87526,0
4218,2020-04-15,725,10,805,910,87526,0
4219,2021-04-03,725,14,808,901,87526,0
4220,2022-01-04,725,37,813,904,87526,0
4221,2022-08-26,725,25,809,906,87526,0
4222,2023-03-11,725,26,806,904,96145,0
4223,2024-02-01,725,25,807,907,96145,0
4224,2024-11-23,725,26,815,910,96145,0
4225,2021-05-14,726,30,811,905,63881,0
4226,2022-01-29,726,36,805,909,63881,0
4227,2023-01-01,726,31,809,903,63881,0
4228,2023-10-01,726,25,815,910,63881,0
4229,2024-09-20,726,15,808,908,63881,0
4230,2025-04-22,726,39,814,907,63881,0
4231,2019-01-14,727,26,811,910,79102,0
4232,2019-11-09,727,31,804,909,79102,0
4233,2020-07-04,727,14,811,907,79102,0
4234,2021-05-28,727,33,813,906,79102,0
4235,2022-05-07,727,21,815,908,79102,0
4236,2022-11-28,727,33,811,900,79102,0
4237,2023-10-25,727,24,803,900,79102,0
4238,2024-07-30,727,21,806,907,79102,0
4239,2025-04-10,727,25,804,908,79102,0
4240,2020-01-16,728,13,800,901,56912,0
4241,2020-10-29,728,20,810,909,56912,0
4242,2021-10-08,728,15,810,909,56912,0
4243,2022-04-06,728,32,808,902,56912,0
4244,2022-12-08,728,25,811,908,56912,0
4245,2023-09-28,728,22,800,900,56912,0
4246,2024-05-17,728,28,809,905,62046,0
4247,2025-01-11,728,21,804,902,62046,0
4248,2018-12-13,729,10,801,906,41159,0
4249,2019-11-17,729,36,812,902,41159,0
4250,2020-05-27,729,36,803,904,41159,0
4251,2021-02-24,729,34,813,909,41159,0
4252,2021-10-08,729,16,802,909,41159,0
4253,2022-06-22,729,19,805,902,41159,0
4254,2023-03-12,729,33,805,905,41159,0
4255,2023-10-09,729,15,802,911,41159,0
4256,2024-09-15,729,12,801,906,41159,0
4257,2021-11-26,730,29,810,911,67224,0
4258,2022-06-24,730,11,804,903,67224,0
4259,2023-06-13,730,39,809,903,67224,0
4260,2024-02-17,730,30,809,905,67224,0
4261,2025-01-01,730,16,802,902,67224,0
4262,2021-04-23,731,38,809,907,38049,0
4263,2021-11-29,731,34,807,908,38049,0
4264,2022-09-15,731,20,813,904,38049,0
4265,2023-03-20,731,16,813,909,38049,0
4266,2023-10-19,731,39,805,903,38049,0
4267,2024-10-12,731,17,802,905,41595,0
4268,2025-05-09,731,29,802,909,41595,0
4269,2018-06-03,733,39,806,902,43362,0
4270,2019-05-13,733,10,813,905,43362,0
4271,2020-04-27,733,18,803,911,43362,0
4272,2021-04-19,733,11,811,908,43362,0
4273,2021-12-27,733,19,815,901,43362,0
4274,2022-08-23,733,39,811,906,43362,0
4275,2023-04-02,733,14,812,900,43362,0
4276,2023-11-25,733,13,805,903,43362,0
4277,2024-09-17,733,35,801,905,43362,0
4278,2022-06-18,734,34,815,906,60761,0
4279,2023-02-22,734,14,803,905,60761,0
4280,2023-09-28,734,35,808,905,60761,0
4281,2024-06-15,734,21,813,911,60761,0
4282,2025-03-13,734,24,806,900,60761,0
4283,2022-08-03,735,33,814,905,63060,0
4284,2023-04-03,735,23,815,902,63060,0
4285,2024-03-27,735,33,805,906,63060,0
4286,2025-03-10,735,29,808,901,63060,0
4287,2020-08-26,736,32,812,906,67027,0
4288,2021-03-26,736,34,813,904,67027,0
4289,2022-01-23,736,23,806,908,67027,0
4290,2022-09-04,736,29,800,901,67027,0
4291,2023-06-16,736,17,807,911,67027,0
4292,2023-12-21,736,27,806,910,67027,0
4293,2024-07-02,736,15,803,904,67027,0
4294,2025-04-25,736,26,812,900,67027,0
4295,2019-07-11,737,13,803,910,64776,0
4296,2020-06-12,737,16,806,911,64776,0
4297,2021-06-07,737,12,809,907,64776,0
4298,2021-12-08,737,11,807,901,64776,0
4299,2022-09-16,737,29,801,903,64776,0
4300,2023-06-15,737,10,809,905,64776,0
4301,2024-01-20,737,28,801,911,64776,0
4302,2024-10-21,737,12,802,902,64776,0
4303,2025-06-14,737,22,813,911,64776,0
4304,2023-11-09,738,25,805,909,72558,0
4305,2024-09-06,738,39,806,906,72558,0
4306,2024-08-16,739,19,806,904,68531,0
4307,2025-05-21,739,12,804,908,68531,0
4308,2016-07-10,740,33,811,910,39291,0
4309,2017-02-25,740,38,800,903,39291,0
4310,2017-12-12,740,39,803,901,39291,0
4311,2018-10-01,740,36,810,909,39291,0
4312,2019-07-19,740,12,814,900,39291,0
4313,2020-01-29,740,19,809,909,39291,0
4314,2020-12-05,740,11,809,900,39291,0
4315,2021-08-29,740,15,806,906,39291,0
4316,2022-04-16,740,14,805,905,41601,0
4317,2022-11-25,740,24,801,904,41601,0
4318,2023-10-22,740,14,812,906,44772,0
4319,2024-05-27,740,10,802,903,44772,0
4320,2025-03-12,740,26,812,905,44772,0
4321,2020-10-04,741,24,815,903,76094,0
4322,2021-09-24,741,26,813,904,76094,0
4323,2022-07-10,741,27,814,901,80373,0
4324,2023-02-16,741,39,815,910,80373,0
4325,2023-12-20,741,24,805,911,80373,0
4326,2024-09-20,741,39,800,901,80373,0
4327,2016-11-20,742,19,813,906,37114,0
4328,2017-08-30,742,39,801,905,37114,0
4329,2018-04-04,742,40,804,902,39478,0
4330,2018-10-26,742,36,806,901,39478,0
4331,2019-07-23,742,19,807,905,43239,0
4332,2020-02-13,742,21,801,910,43239,0
4333,2021-01-21,742,35,812,908,43239,0
4334,2021-09-20,742,37,805,900,43239,0
4335,2022-05-25,742,15,807,900,43239,0
4336,2023-05-17,742,31,815,905,43239,0
4337,2024-03-24,742,26,803,903,43239,0
4338,2024-11-26,742,38,814,909,43239,0
4339,2023-04-30,743,15,802,906,72466,0
4340,2023-12-24,743,25,814,911,72466,0
4341,2024-08-25,743,37,807,901,72466,0
4342,2025-05-18,743,11,811,910,72466,0
4343,2020-02-17,745,29,802,903,49075,0
4344,2020-11-03,745,18,808,900,49075,0
4345,2021-10-10,745,33,810,903,49075,0
4346,2022-04-23,745,10,810,902,49075,0
4347,2022-10-20,745,40,800,900,49075,0
4348,2023-08-06,745,24,807,901,49075,0
4349,2024-07-30,745,33,801,902,49075,0
4350,2025-02-26,745,19,805,907,49075,0
4351,2024-08-19,746,23,812,908,79152,0
4352,2024-05-07,747,28,802,905,58440,0
4353,2024-12-20,747,14,813,909,58440,0
4354,2025-06-09,749,12,802,911,41532,0
4355,2025-05-10,750,32,809,901,53013,0
4356,2019-03-09,751,30,808,901,64570,0
4357,2019-11-28,751,22,805,909,64570,0
4358,2020-07-28,751,17,800,905,64570,0
4359,2021-04-05,751,14,802,907,64570,0
4360,2021-10-18,751,39,802,908,64570,0
4361,2022-09-27,751,24,810,906,64570,0
4362,2023-09-12,751,20,815,908,64570,0
4363,2024-08-06,751,25,800,906,64570,0
4364,2025-06-12,751,35,807,908,64570,0
4365,2022-03-13,752,37,800,909,44448,0
4366,2022-12-01,752,22,814,903,44448,0
4367,2023-07-05,752,28,807,908,44448,0
4368,2024-04-23,752,39,814,908,44448,0
4369,2025-01-19,752,40,803,902,46189,0
4370,2022-09-30,753,28,813,902,82417,0
4371,2023-05-11,753,15,808,906,82417,0
4372,2023-11-18,753,30,815,906,82417,0
4373,2024-06-10,753,13,805,905,82417,0
4374,2025-04-23,753,30,815,911,82417,0
4375,2021-12-14,754,18,802,900,55036,0
4376,2022-07-20,754,24,803,909,55036,0
4377,2023-03-26,754,24,800,905,55036,0
4378,2024-03-16,754,26,805,910,55036,0
4379,2024-12-05,754,34,803,909,55036,0
4380,2020-10-09,755,12,801,907,84927,0
4381,2021-04-18,755,19,801,901,84927,0
4382,2022-01-02,755,36,814,906,84927,0
4383,2022-07-08,755,31,810,907,84927,0
4384,2023-01-28,755,38,808,909,84927,0
4385,2023-12-03,755,17,804,911,88744,0
4386,2024-09-19,755,30,802,910,88744,0
4387,2025-04-26,755,29,813,907,94899,0
4388,2020-11-29,756,16,813,908,57484,0
4389,2021-08-03,756,15,801,909,57484,0
4390,2022-07-28,756,30,812,907,57484,0
4391,2023-02-09,756,39,802,905,57484,0
4392,2024-01-27,756,31,811,911,57484,0
4393,2024-11-08,756,17,811,905,57484,0
4394,2020-07-25,758,18,805,900,36835,0
4395,2021-05-01,758,39,815,910,38522,0
4396,2021-12-16,758,31,801,902,38522,0
4397,2022-11-13,758,21,806,903,40401,0
4398,2023-09-13,758,34,815,907,40401,0
4399,2024-05-14,758,33,812,902,40401,0
4400,2024-11-24,758,11,806,900,40401,0
4401,2018-04-22,759,21,802,905,57496,0
4402,2019-03-28,759,12,811,906,57496,0
4403,2019-09-24,759,10,809,904,57496,0
4404,2020-09-08,759,40,801,908,57496,0
4405,2021-06-19,759,11,812,903,57496,0
4406,2022-04-22,759,20,813,908,57496,0
4407,2022-11-04,759,35,807,904,57496,0
4408,2023-06-23,759,28,804,907,57496,0
4409,2024-03-24,759,26,807,909,57496,0
4410,2025-02-26,759,30,801,911,57496,0
4411,2022-08-01,760,26,809,908,60753,0
4412,2023-03-10,760,36,805,904,60753,0
4413,2023-11-15,760,19,800,904,60753,0
4414,2024-10-25,760,18,803,901,64276,0
4415,2025-05-25,760,15,806,903,64276,0
4416,2021-02-28,761,30,806,901,50203,0
4417,2021-11-21,761,35,809,902,50203,0
4418,2022-09-23,761,37,801,909,50203,0
4419,2023-05-08,761,20,802,904,50203,0
4420,2024-03-21,761,13,800,907,50203,0
4421,2025-03-02,761,33,815,907,50203,0
4422,2017-08-10,762,14,809,909,58178,0
4423,2018-03-29,762,31,805,904,63266,0
4424,2018-11-01,762,34,812,902,63266,0
4425,2019-08-25,762,38,801,909,63266,0
4426,2020-07-17,762,30,811,903,63266,0
4427,2021-02-20,762,21,808,902,63266,0
4428,2021-11-30,762,22,812,910,63266,0
4429,2022-08-05,762,17,808,911,63266,0
4430,2023-02-11,762,30,813,908,63266,0
4431,2023-10-21,762,15,813,908,63266,0
4432,2024-08-31,762,30,812,909,63266,0
4433,2025-06-26,762,18,804,905,63266,0
4434,2018-09-02,763,27,809,903,74919,0
4435,2019-04-14,763,28,815,902,74919,0
4436,2019-12-18,763,31,809,910,74919,0
4437,2020-11-26,763,33,815,907,74919,0
4438,2021-06-01,763,37,800,900,74919,0
4439,2022-04-20,763,27,806,908,74919,0
4440,2023-02-20,763,16,814,911,74919,0
4441,2023-08-21,763,26,803,910,74919,0
4442,2024-02-22,763,25,806,900,81619,0
4443,2024-11-18,763,31,812,905,81619,0
4444,2023-03-04,764,39,802,910,74102,0
4445,2024-01-23,764,13,801,902,74102,0
4446,2024-09-27,764,23,806,909,74102,0
4447,2016-09-30,765,17,800,908,74596,0
4448,2017-07-28,765,14,806,910,74596,0
4449,2018-06-16,765,23,801,902,74596,0
4450,2019-01-13,765,32,803,904,74596,0
4451,2019-10-21,765,38,802,905,74596,0
4452,2020-08-30,765,31,800,903,74596,0
4453,2021-05-02,765,26,807,909,74596,0
4454,2021-12-11,765,12,806,911,74596,0
4455,2022-08-17,765,30,809,905,74596,0
4456,2023-04-23,765,26,805,907,74596,0
4457,2023-11-30,765,37,807,911,74596,0
4458,2024-09-03,765,33,810,903,74596,0
4459,2025-03-23,765,24,809,911,74596,0
4460,2020-02-12,766,37,814,901,55014,0
4461,2020-09-04,766,13,809,910,55014,0
4462,2021-03-23,766,38,811,902,55014,0
4463,2021-11-08,766,29,812,903,55014,0
4464,2022-05-16,766,22,814,902,55014,0
4465,2023-04-14,766,21,801,902,55014,0
4466,2024-01-07,766,39,802,911,56769,0
4467,2024-11-27,766,22,809,900,56769,0
4468,2024-10-12,767,33,803,910,63542,0
4469,2017-03-16,768,20,811,909,45879,0
4470,2018-01-22,768,23,809,900,45879,0
4471,2018-11-24,768,34,804,906,45879,0
4472,2019-09-04,768,40,800,906,45879,0
4473,2020-08-10,768,13,803,911,45879,0
4474,2021-06-24,768,31,800,904,45879,0
4475,2022-01-30,768,24,800,910,45879,0
4476,2022-12-31,768,37,807,909,45879,0
4477,2023-07-05,768,15,805,908,45879,0
4478,2024-01-05,768,35,803,903,45879,0
4479,2024-07-09,768,21,811,906,45879,0
4480,2025-02-06,768,17,808,910,45879,0
4481,2024-07-28,769,39,814,902,48846,0
4482,2025-02-22,769,32,802,901,48846,0
4483,2023-08-02,770,33,800,910,74358,0
4484,2024-06-07,770,21,811,904,81486,0
4485,2025-02-13,770,16,809,903,81486,0
4486,2021-05-15,772,35,809,902,84272,0
4487,2022-02-22,772,26,802,911,84272,0
4488,2022-09-08,772,15,810,911,84272,0
4489,2023-03-13,772,12,809,910,84272,0
4490,2023-09-30,772,13,800,903,84272,0
4491,2024-04-10,772,26,807,904,84272,0
4492,2025-04-04,772,16,811,909,84272,0
4493,2022-11-04,773,32,809,903,44419,0
4494,2023-07-12,773,17,808,907,44419,0
4495,2024-02-12,773,20,806,911,44419,0
4496,2024-12-31,773,18,806,908,44419,0
4497,2019-01-10,775,26,812,908,43857,0
4498,2019-09-09,775,24,813,905,43857,0
4499,2020-06-07,775,36,812,911,43857,0
4500,2021-01-12,775,23,802,900,43857,0
4501,2021-10-11,775,12,807,906,43857,0
4502,2022-08-12,775,37,806,900,43857,0
4503,2023-07-21,775,14,811,910,47972,0
4504,2024-01-27,775,36,805,900,47972,0
4505,2025-01-20,775,11,806,900,47972,0
4506,2023-02-08,776,17,814,901,39504,0
4507,2023-10-03,776,23,814,900,39504,0
4508,2024-06-16,776,24,814,911,39504,0
4509,2025-01-17,776,25,809,904,39504,0
4510,2023-03-14,777,28,807,910,74270,0
4511,2023-11-22,777,14,813,900,74270,0
4512,2024-11-16,777,32,804,908,74270,0
4513,2022-07-22,778,11,809,903,83526,0
4514,2023-04-08,778,27,812,905,83526,0
4515,2023-10-16,778,17,801,907,83526,0
4516,2024-06-16,778,22,808,910,83526,0
4517,2024-12-31,778,23,807,906,83526,0
4518,2020-09-18,779,12,806,905,50753,0
4519,2021-05-07,779,17,805,900,50753,0
4520,2021-12-22,779,19,815,902,50753,0
4521,2022-11-07,779,10,809,900,50753,0
4522,2023-08-15,779,20,808,907,52532,0
4523,2024-07-04,779,37,813,901,52532,0
4524,2025-02-04,779,39,807,901,52532,0
4525,2021-11-27,780,23,806,907,59852,0
4526,2022-11-18,780,34,801,905,59852,0
4527,2023-08-27,780,15,806,909,59852,0
4528,2024-03-10,780,24,807,909,59852,0
4529,2024-11-08,780,21,813,906,59852,0
4530,2018-07-03,781,10,806,903,79108,0
4531,2019-01-24,781,29,803,901,81880,0
4532,2019-08-17,781,33,805,901,81880,0
4533,2020-05-24,781,25,806,906,81880,0
4534,2021-01-30,781,28,809,905,81880,0
4535,2021-11-10,781,35,803,911,81880,0
4536,2022-06-01,781,37,814,900,81880,0
4537,2022-12-03,781,20,812,908,81880,0
4538,2023-08-03,781,18,808,910,81880,0
4539,2024-04-21,781,23,801,910,81880,0
4540,2024-11-25,781,29,809,903,81880,0
4541,2020-12-17,782,15,807,908,78816,0
4542,2021-08-13,782,31,808,907,78816,0
4543,2022-05-09,782,14,803,903,78816,0
4544,2023-03-14,782,10,808,904,78816,0
4545,2024-01-31,782,31,808,907,78816,0
4546,2024-08-17,782,12,809,906,78816,0
4547,2025-03-21,782,32,807,902,78816,0
4548,2020-09-17,783,31,814,909,82464,0
4549,2021-07-13,783,16,814,904,82464,0
4550,2022-05-20,783,31,811,903,87182,0
4551,2023-04-08,783,13,813,902,87182,0
4552,2024-03-21,783,15,812,901,87182,0
4553,2024-11-06,783,23,803,908,87182,0
4554,2023-08-11,784,39,803,904,73625,0
4555,2024-03-11,784,33,807,908,73625,0
4556,2025-01-07,784,40,815,911,73625,0
4557,2018-06-10,785,14,808,905,45839,0
4558,2019-02-26,785,33,803,910,45839,0
4559,2020-01-07,785,11,801,908,45839,0
4560,2020-09-27,785,22,815,908,45839,0
4561,2021-08-28,785,32,815,904,45839,0
4562,2022-07-07,785,29,810,909,45839,0
4563,2023-04-03,785,26,815,907,45839,0
4564,2024-01-09,785,18,801,908,45839,0
4565,2024-10-19,785,31,805,905,45839,0
4566,2020-09-08,787,14,801,909,41412,0
4567,2021-08-01,787,13,803,906,43203,0
4568,2022-07-21,787,27,814,911,43203,0
4569,2023-04-07,787,23,805,905,43203,0
4570,2023-10-17,787,18,800,911,43203,0
4571,2024-06-14,787,14,809,903,43203,0
4572,2024-12-28,787,29,800,903,43203,0
4573,2019-10-18,788,39,808,905,55883,0
4574,2020-09-30,788,36,802,909,55883,0
4575,2021-06-30,788,35,811,903,55883,0
4576,2022-04-15,788,22,810,909,55883,0
4577,2023-01-19,788,18,811,910,55883,0
4578,2023-10-17,788,16,812,910,55883,0
4579,2024-09-04,788,40,807,909,55883,0
4580,2025-03-21,788,26,808,901,55883,0
4581,2023-07-19,790,28,812,907,56363,0
4582,2024-05-25,790,32,807,911,56363,0
4583,2025-01-03,790,24,808,901,56363,0
4584,2021-03-29,791,20,812,911,59879,0
4585,2022-01-20,791,27,815,906,59879,0
4586,2022-09-15,791,18,803,911,59879,0
4587,2023-05-04,791,11,800,902,59879,0
4588,2024-03-15,791,28,812,906,59879,0
4589,2025-03-10,791,15,811,910,59879,0
4590,2019-06-06,792,26,805,905,69159,0
4591,2020-05-07,792,35,803,903,69159,0
4592,2021-01-15,792,15,800,906,69159,0
4593,2021-08-13,792,21,801,904,72718,0
4594,2022-06-03,792,15,807,904,72718,0
4595,2022-12-31,792,18,810,900,72718,0
4596,2023-07-26,792,20,813,908,79312,0
4597,2024-05-06,792,40,804,902,79312,0
4598,2025-04-28,792,37,812,910,79312,0
4599,2016-09-23,793,11,801,908,74134,0
4600,2017-05-22,793,14,807,908,74134,0
4601,2018-03-31,793,40,804,902,74134,0
4602,2018-12-27,793,21,804,902,74134,0
4603,2019-08-24,793,40,809,902,74134,0
4604,2020-04-14,793,21,801,901,74134,0
4605,2020-10-21,793,31,803,902,74134,0
4606,2021-08-13,793,40,800,909,74134,0
4607,2022-04-25,793,22,804,901,74134,0
4608,2023-01-30,793,25,807,903,74134,0
4609,2023-09-23,793,19,801,911,74134,0
4610,2024-07-04,793,17,803,906,74134,0
4611,2025-03-10,793,34,813,908,80628,0
4612,2022-11-14,794,10,809,911,41050,0
4613,2023-10-01,794,13,802,904,41050,0
4614,2024-08-08,794,31,813,902,41050,0
4615,2025-06-15,794,10,803,905,41050,0
4616,2022-01-06,795,28,808,903,79366,0
4617,2022-10-13,795,17,814,908,79366,0
4618,2023-08-02,795,37,807,903,79366,0
4619,2024-03-21,795,35,800,909,79366,0
4620,2025-03-04,795,21,812,900,79366,0
4621,2025-02-10,796,12,813,901,81415,0
4622,2018-10-23,797,38,809,908,47178,0
4623,2019-08-17,797,17,810,900,47178,0
4624,2020-03-16,797,22,807,901,47178,0
4625,2021-03-08,797,36,807,911,47178,0
4626,2021-10-26,797,27,812,905,47178,0
4627,2022-07-23,797,26,801,910,47178,0
4628,2023-02-23,797,10,810,911,47178,0
4629,2024-02-17,797,32,809,901,47178,0
4630,2024-11-13,797,24,808,902,47178,0
4631,2019-07-30,798,12,813,904,81319,0
4632,2020-05-31,798,15,803,904,88495,0
4633,2021-01-14,798,32,803,906,88495,0
4634,2021-10-28,798,34,812,904,88495,0
4635,2022-05-23,798,37,801,905,97176,0
4636,2023-01-30,798,16,802,909,97176,0
4637,2023-12-29,798,27,811,904,97176,0
4638,2024-10-05,798,19,808,903,97176,0
4639,2020-10-01,799,16,802,903,84345,0
4640,2021-05-25,799,29,814,900,84345,0
4641,2022-04-07,799,37,815,901,84345,0
4642,2022-10-30,799,33,814,904,84345,0
4643,2023-08-08,799,38,814,905,84345,0
4644,2024-06-27,799,37,804,904,84345,0
4645,2025-05-10,799,32,801,900,84345,0
4646,2018-02-11,801,18,815,908,71596,0
4647,2018-08-28,801,36,814,909,77688,0
4648,2019-05-02,801,21,805,910,77688,0
4649,2020-01-21,801,24,811,900,77688,0
4650,2020-08-27,801,31,815,907,77688,0
4651,2021-07-13,801,10,801,908,77688,0
4652,2022-03-10,801,13,814,903,77688,0
4653,2023-01-13,801,28,806,907,77688,0
4654,2023-12-15,801,30,801,905,77688,0
4655,2024-09-20,801,39,801,906,82441,0
4656,2022-02-20,802,22,804,908,82400,0
4657,2022-08-26,802,26,801,905,82400,0
4658,2023-08-13,802,17,801,905,82400,0
4659,2024-06-20,802,28,801,904,82400,0
4660,2025-03-07,802,32,801,906,82400,0
4661,2024-09-18,803,19,810,910,38501,0
4662,2016-10-04,804,40,801,910,70178,0
4663,2017-09-16,804,29,806,908,70178,0
4664,2018-05-29,804,13,801,907,70178,0
4665,2018-12-14,804,35,800,910,70178,0
4666,2019-08-09,804,20,813,909,70178,0
4667,2020-06-13,804,34,814,901,70178,0
4668,2021-03-05,804,38,809,907,70178,0
4669,2021-12-30,804,40,800,903,74811,0
4670,2022-08-27,804,40,801,907,74811,0
4671,2023-03-18,804,23,807,907,80140,0
4672,2023-11-13,804,21,813,900,80140,0
4673,2024-06-05,804,24,808,909,80140,0
4674,2025-02-12,804,34,807,907,86835,0
4675,2018-11-16,805,22,814,902,70709,0
4676,2019-09-23,805,22,804,906,70709,0
4677,2020-07-10,805,37,808,903,73508,0
4678,2021-06-20,805,15,808,911,73508,0
4679,2022-06-02,805,29,804,906,73508,0
4680,2023-02-05,805,15,813,902,73508,0
4681,2023-08-19,805,10,803,900,73508,0
4682,2024-02-22,805,24,800,910,73508,0
4683,2024-11-28,805,37,808,904,73508,0
4684,2024-02-10,806,34,809,909,55685,0
4685,2024-11-05,806,34,813,900,55685,0
4686,2020-07-06,808,13,805,903,42944,0
4687,2021-04-28,808,23,807,903,42944,0
4688,2021-12-30,808,19,801,905,42944,0
4689,2022-10-02,808,32,808,908,42944,0
4690,2023-06-01,808,24,807,902,42944,0
4691,2024-01-27,808,36,811,908,46877,0
4692,2024-11-24,808,24,804,904,46877,0
4693,2018-07-03,809,37,811,901,66484,0
4694,2019-02-11,809,25,804,910,66484,0
4695,2019-08-10,809,18,815,911,66484,0
4696,2020-02-24,809,36,814,908,66484,0
4697,2021-02-13,809,26,801,909,66484,0
4698,2021-09-02,809,33,808,901,66484,0
4699,2022-06-16,809,19,810,906,66484,0
4700,2023-01-31,809,23,802,909,66484,0
4701,2024-01-05,809,14,800,903,66484,0
4702,2024-10-17,809,24,812,910,66484,0
4703,2025-06-06,809,29,806,901,66484,0
4704,2019-10-14,810,31,814,909,80804,0
4705,2020-04-13,810,17,814,910,86978,0
4706,2020-12-25,810,39,808,900,86978,0
4707,2021-10-06,810,36,801,905,86978,0
4708,2022-09-14,810,15,809,902,90131,0
4709,2023-06-01,810,18,803,910,90131,0
4710,2024-01-02,810,20,808,905,90131,0
4711,2024-08-30,810,29,815,901,90131,0
4712,2025-06-15,810,17,805,903,90131,0
4713,2023-10-02,811,17,814,907,49243,0
4714,2024-09-02,811,37,811,905,49243,0
4715,2025-06-30,811,23,814,905,53259,0
4716,2022-04-23,812,17,810,904,77060,0
4717,2022-12-12,812,23,811,904,77060,0
4718,2023-11-27,812,27,803,907,77060,0
4719,2024-09-16,812,34,800,903,77060,0
4720,2025-04-10,812,30,804,902,77060,0
4721,2019-09-28,813,37,811,907,51861,0
4722,2020-05-29,813,38,807,907,51861,0
4723,2021-02-13,813,38,800,906,51861,0
4724,2021-09-21,813,40,809,907,51861,0
4725,2022-07-03,813,37,811,901,51861,0
4726,2023-06-16,813,34,815,902,51861,0
4727,2024-01-07,813,27,807,910,51861,0
4728,2024-12-26,813,15,806,902,51861,0
4729,2018-03-26,814,14,801,910,45868,0
4730,2019-02-27,814,40,812,910,45868,0
4731,2019-09-04,814,19,811,908,45868,0
4732,2020-07-28,814,38,806,905,45868,0
4733,2021-02-01,814,10,808,906,45868,0
4734,2021-12-12,814,25,805,904,45868,0
4735,2022-11-17,814,36,803,904,47794,0
4736,2023-07-05,814,24,801,908,49823,0
4737,2024-02-28,814,23,810,906,54077,0
4738,2025-02-15,814,39,800,911,54077,0
4739,2020-10-16,815,34,813,908,47148,0
4740,2021-10-03,815,19,815,909,47148,0
4741,2022-09-17,815,28,810,909,47148,0
4742,2023-05-11,815,27,810,909,47148,0
4743,2024-02-24,815,13,809,902,49003,0
4744,2024-12-02,815,38,805,904,49003,0
4745,2021-06-29,816,13,805,900,43124,0
4746,2022-02-01,816,14,809,910,43124,0
4747,2023-01-27,816,21,809,907,43124,0
4748,2023-11-01,816,36,804,904,43124,0
4749,2024-05-17,816,14,809,904,43124,0
4750,2024-12-30,816,24,801,911,47237,0
4751,2016-11-04,817,30,814,906,44329,0
4752,2017-05-16,817,39,805,900,47284,0
4753,2018-01-19,817,10,813,911,47284,0
4754,2019-01-14,817,27,812,904,47284,0
4755,2019-12-03,817,16,806,908,47284,0
4756,2020-11-18,817,12,815,900,47284,0
4757,2021-06-17,817,25,812,902,47284,0
4758,2022-04-11,817,13,810,905,47284,0
4759,2023-02-13,817,18,800,900,47284,0
4760,2023-12-22,817,38,803,911,47284,0
4761,2024-07-16,817,34,807,906,47284,0
4762,2025-04-05,817,22,812,903,47284,0
4763,2024-12-08,818,35,810,905,45777,0
4764,2016-09-09,819,21,814,903,47969,0
4765,2017-03-18,819,15,805,904,47969,0
4766,2017-12-18,819,17,801,908,47969,0
4767,2018-08-19,819,15,804,911,47969,0
4768,2019-08-02,819,29,809,910,51374,0
4769,2020-05-30,819,34,806,909,51374,0
4770,2021-01-08,819,11,802,909,51374,0
4771,2021-11-11,819,10,815,909,51374,0
4772,2022-08-26,819,37,803,904,51374,0
4773,2023-03-16,819,24,804,903,51374,0
4774,2023-11-25,819,10,807,901,51374,0
4775,2024-05-31,819,30,801,905,51374,0
4776,2025-01-29,819,19,810,906,51374,0
4777,2020-08-02,820,36,802,908,37365,0
4778,2021-05-07,820,11,815,910,37365,0
4779,2022-02-17,820,34,814,902,37365,0
4780,2022-09-22,820,11,811,902,37365,0
4781,2023-07-28,820,31,810,909,37365,0
4782,2024-04-24,820,38,807,910,37365,0
4783,2024-12-11,820,10,802,907,37365,0
4784,2016-08-16,821,28,805,906,39622,0
4785,2017-04-01,821,13,811,908,39622,0
4786,2018-01-19,821,36,815,901,43114,0
4787,2018-11-18,821,28,815,900,43114,0
4788,2019-10-24,821,30,802,900,43114,0
4789,2020-08-07,821,11,806,909,43114,0
4790,2021-07-02,821,21,800,901,43114,0
4791,2022-03-12,821,31,813,903,43114,0
4792,2022-12-16,821,16,812,905,43114,0
4793,2023-11-25,821,17,805,903,43114,0
4794,2024-10-07,821,11,809,901,43114,0
4795,2025-06-30,821,11,813,907,43114,0
4796,2023-06-08,822,12,814,904,70795,0
4797,2024-04-05,822,27,806,904,70795,0
4798,2024-10-28,822,22,809,902,70795,0
4799,2025-02-16,824,30,807,900,54005,0
4800,2018-02-10,825,13,813,907,75037,0
4801,2019-01-21,825,29,808,904,75037,0
4802,2020-01-06,825,29,810,911,75037,0
4803,2020-09-01,825,27,802,903,75037,0
4804,2021-08-06,825,31,813,900,79178,0
4805,2022-07-12,825,22,804,905,79178,0
4806,2023-01-12,825,32,811,910,84035,0
4807,2023-08-21,825,19,806,909,84035,0
4808,2024-07-27,825,11,807,908,84035,0
4809,2018-01-13,826,20,803,908,40984,0
4810,2018-09-04,826,15,808,905,40984,0
4811,2019-06-08,826,37,808,910,40984,0
4812,2020-01-24,826,12,815,911,44860,0
4813,2020-11-14,826,17,803,911,44860,0
4814,2021-07-07,826,21,813,902,44860,0
4815,2022-05-06,826,40,813,901,48400,0
4816,2022-12-24,826,29,812,903,48400,0
4817,2023-08-06,826,37,810,908,48400,0
4818,2024-07-05,826,32,802,905,48400,0
4819,2025-06-01,826,22,802,911,51608,0
4820,2020-03-06,827,16,813,909,36148,0
4821,2020-09-30,827,36,807,904,38504,0
4822,2021-08-12,827,28,808,909,38504,0
4823,2022-04-18,827,36,805,900,38504,0
4824,2023-01-15,827,40,801,908,42218,0
4825,2023-11-19,827,27,802,900,42218,0
4826,2024-10-06,827,10,805,900,42218,0
4827,2021-02-18,829,35,803,911,57236,0
4828,2021-10-13,829,11,809,909,57236,0
4829,2022-08-29,829,26,815,901,62480,0
4830,2023-07-19,829,33,800,908,62480,0
4831,2024-02-28,829,21,803,903,62480,0
4832,2024-10-08,829,23,801,903,62480,0
4833,2025-04-28,829,33,803,906,62480,0
4834,2020-04-03,830,29,812,907,58051,0
4835,2021-02-05,830,35,815,910,58051,0
4836,2021-09-13,830,31,813,907,58051,0
4837,2022-07-03,830,16,801,900,58051,0
4838,2023-04-01,830,10,809,911,58051,0
4839,2023-11-21,830,39,806,909,58051,0
4840,2024-06-17,830,28,806,910,58051,0
4841,2025-05-30,830,23,815,902,58051,0
4842,2024-01-07,831,38,812,904,67582,0
4843,2024-10-15,831,38,806,908,67582,0
4844,2025-04-17,831,21,802,901,67582,0
4845,2017-08-03,832,28,801,902,51831,0
4846,2018-06-12,832,19,806,907,51831,0
4847,2019-05-18,832,18,814,908,51831,0
4848,2019-12-19,832,18,803,911,51831,0
4849,2020-10-31,832,16,809,907,51831,0
4850,2021-10-16,832,31,810,901,51831,0
4851,2022-06-11,832,35,805,904,51831,0
4852,2023-05-11,832,36,810,909,51831,0
4853,2024-03-27,832,24,814,905,51831,0
4854,2025-01-02,832,27,814,906,51831,0
4855,2021-03-28,833,23,810,911,72577,0
4856,2021-11-30,833,27,814,904,72577,0
4857,2022-09-26,833,24,815,909,72577,0
4858,2023-08-02,833,22,806,909,72577,0
4859,2024-03-15,833,13,815,900,72577,0
4860,2024-11-01,833,31,803,906,72577,0
4861,2025-05-08,833,15,813,907,72577,0
4862,2021-02-07,834,22,811,902,53653,0
4863,2022-01-05,834,40,805,901,53653,0
4864,2022-11-07,834,11,804,908,53653,0
4865,2023-06-24,834,40,807,908,53653,0
4866,2024-03-24,834,35,804,901,53653,0
4867,2024-11-24,834,12,809,907,53653,0
4868,2025-06-08,834,26,801,906,53653,0
4869,2016-09-10,835,39,805,911,57321,0
4870,2017-09-04,835,31,813,907,57321,0
4871,2018-06-08,835,23,810,901,57321,0
4872,2019-05-08,835,35,814,902,57321,0
4873,2020-01-24,835,31,807,900,57321,0
4874,2020-08-10,835,15,803,905,57321,0
4875,2021-07-29,835,39,802,901,57321,0
4876,2022-05-07,835,34,810,910,62698,0
4877,2023-02-05,835,24,813,903,62698,0
4878,2023-09-25,835,29,810,905,62698,0
4879,2024-08-08,835,33,803,907,62698,0
4880,2025-04-15,835,25,802,902,62698,0
4881,2022-03-29,836,32,813,911,67221,0
4882,2023-01-18,836,38,805,904,67221,0
4883,2023-11-18,836,26,800,911,67221,0
4884,2024-06-26,836,16,810,909,67221,0
4885,2025-02-16,836,37,800,901,67221,0
4886,2021-12-20,837,36,811,908,62849,0
4887,2022-10-05,837,30,810,900,62849,0
4888,2023-04-28,837,10,815,909,62849,0
4889,2024-02-24,837,12,805,900,62849,0
4890,2025-01-14,837,37,808,903,62849,0
4891,2018-09-21,838,34,806,909,35705,0
4892,2019-04-04,838,13,801,908,35705,0
4893,2020-03-20,838,36,803,909,35705,0
4894,2020-11-21,838,40,805,908,35705,0
4895,2021-06-17,838,37,800,904,35705,0
4896,2022-01-15,838,31,805,900,38816,0
4897,2022-11-24,838,38,811,907,38816,0
4898,2023-06-02,838,13,808,910,38816,0
4899,2024-05-09,838,23,810,908,38816,0
4900,2025-01-12,838,24,808,900,38816,0
4901,2018-10-04,839,18,803,911,43075,0
4902,2019-05-10,839,40,804,905,45110,0
4903,2020-02-27,839,26,812,906,45110,0
4904,2020-10-29,839,30,813,910,46946,0
4905,2021-10-17,839,33,801,909,46946,0
4906,2022-08-14,839,12,810,910,46946,0
4907,2023-08-01,839,25,803,906,46946,0
4908,2024-05-21,839,23,803,907,50010,0
4909,2025-01-01,839,25,804,907,50010,0
4910,2019-05-13,840,38,810,911,57458,0
4911,2020-04-15,840,28,801,909,57458,0
4912,2021-03-10,840,17,807,911,57458,0
4913,2021-10-23,840,16,805,904,57458,0
4914,2022-09-04,840,14,813,902,57458,0
4915,2023-08-12,840,33,801,911,57458,0
4916,2024-05-06,840,27,801,907,57458,0
4917,2025-03-26,840,39,800,911,57458,0
4918,2017-07-23,842,37,801,900,84070,0
4919,2018-02-02,842,40,815,901,87446,0
4920,2018-09-17,842,10,815,904,91523,0
4921,2019-03-30,842,15,805,908,91523,0
4922,2020-01-25,842,11,813,906,91523,0
4923,2020-11-06,842,24,811,900,91523,0
4924,2021-07-01,842,28,811,906,91523,0
4925,2022-02-05,842,13,813,902,91523,0
4926,2022-10-30,842,10,812,909,91523,0
4927,2023-10-14,842,29,815,906,96406,0
4928,2024-05-10,842,26,800,907,96406,0
4929,2025-03-16,842,20,814,900,96406,0
4930,2023-11-11,843,18,807,903,58908,0
4931,2024-08-13,843,23,811,906,64586,0
4932,2022-02-03,844,18,813,907,56190,0
4933,2022-10-16,844,25,806,906,56190,0
4934,2023-09-28,844,31,804,911,56190,0
4935,2024-05-29,844,27,803,911,56190,0
4936,2025-01-28,844,29,815,903,56190,0
4937,2023-03-27,845,34,804,900,81253,0
4938,2023-12-25,845,37,805,911,81253,0
4939,2024-09-18,845,20,800,906,81253,0
4940,2025-04-21,845,24,811,902,81253,0
4941,2020-12-12,846,12,812,901,83545,0
4942,2021-07-04,846,30,809,903,83545,0
4943,2022-05-07,846,22,812,907,83545,0
4944,2023-02-13,846,22,805,909,83545,0
4945,2023-09-21,846,16,814,907,83545,0
4946,2024-08-26,846,23,806,902,83545,0
4947,2025-04-17,846,26,813,901,83545,0
4948,2019-05-24,847,37,808,906,64236,0
4949,2020-02-28,847,34,814,902,64236,0
4950,2020-12-05,847,27,809,901,64236,0
4951,2021-09-24,847,21,800,904,64236,0
4952,2022-07-01,847,25,810,908,68516,0
4953,2023-02-10,847,11,807,911,68516,0
4954,2023-11-15,847,40,815,904,68516,0
4955,2024-10-03,847,22,810,900,71455,0
4956,2020-02-27,848,16,803,904,46802,0
4957,2020-12-18,848,22,811,904,46802,0
4958,2021-08-30,848,23,812,904,48253,0
4959,2022-05-12,848,14,802,909,48253,0
4960,2022-12-23,848,27,805,900,48253,0
4961,2023-07-20,848,39,804,908,48253,0
4962,2024-06-07,848,20,801,910,48253,0
4963,2025-03-16,848,14,809,901,48253,0
4964,2023-01-26,850,22,803,906,83001,0
4965,2023-08-13,850,24,815,901,83001,0
4966,2024-05-30,850,21,802,902,83001,0
4967,2025-02-21,850,28,801,902,83001,0
4968,2022-06-01,851,37,814,908,50867,0
4969,2022-11-29,851,25,805,910,50867,0
4970,2023-10-14,851,11,804,900,50867,0
4971,2024-04-12,851,27,801,908,53253,0
4972,2025-03-18,851,32,803,906,53253,0
4973,2018-05-29,852,34,815,908,40623,0
4974,2019-03-04,852,22,808,906,44460,0
4975,2019-10-21,852,10,815,909,44460,0
4976,2020-06-06,852,15,814,910,44460,0
4977,2021-04-30,852,18,814,901,44460,0
4978,2022-01-09,852,13,808,908,44460,0
4979,2022-11-30,852,23,807,907,47838,0
4980,2023-07-18,852,20,812,903,47838,0
4981,2024-04-10,852,40,815,900,47838,0
4982,2024-10-07,852,15,800,900,47838,0
4983,2018-11-11,853,21,812,905,51718,0
4984,2019-06-10,853,28,802,906,53459,0
4985,2020-05-11,853,19,803,909,53459,0
4986,2021-04-18,853,17,812,902,53459,0
4987,2022-02-12,853,13,810,908,53459,0
4988,2022-10-20,853,36,814,902,53459,0
4989,2023-08-30,853,39,805,910,55200,0
4990,2024-05-13,853,17,802,903,57084,0
4991,2025-03-05,853,26,808,904,57084,0
4992,2022-03-21,854,25,808,911,83980,0
4993,2022-10-04,854,18,805,909,83980,0
4994,2023-04-02,854,26,812,905,83980,0
4995,2023-11-16,854,34,815,902,83980,0
4996,2024-09-08,854,12,813,911,83980,0
4997,2023-10-19,855,23,815,904,60943,0
4998,2024-08-26,855,33,810,908,60943,0
4999,2025-03-08,855,27,808,908,60943,0
5000,2025-02-03,856,17,800,902,58111,0
5001,2023-02-13,857,18,804,911,72988,0
5002,2024-02-01,857,34,815,909,72988,0
5003,2024-08-27,857,27,809,902,72988,0
5004,2017-12-21,858,32,806,907,62337,0
5005,2018-07-02,858,12,810,904,62337,0
5006,2019-04-07,858,28,812,904,62337,0
5007,2019-12-15,858,27,812,903,62337,0
5008,2020-07-08,858,27,808,910,62337,0
5009,2021-01-26,858,14,806,908,62337,0
5010,2021-10-11,858,30,808,905,62337,0
5011,2022-07-30,858,36,802,911,62337,0
5012,2023-03-06,858,18,814,909,62337,0
5013,2023-12-29,858,30,812,907,62337,0
5014,2024-08-18,858,32,804,902,62337,0
5015,2025-06-12,858,29,803,905,62337,0
5016,2016-11-14,859,21,809,904,75677,0
5017,2017-10-29,859,31,805,911,82772,0
5018,2018-05-30,859,23,810,903,82772,0
5019,2019-03-30,859,23,811,905,82772,0
5020,2020-03-14,859,31,804,903,82772,0
5021,2020-11-19,859,33,800,903,82772,0
5022,2021-09-27,859,31,812,901,82772,0
5023,2022-06-18,859,17,807,905,82772,0
5024,2023-02-15,859,27,804,907,90604,0
5025,2023-11-06,859,32,812,901,90604,0
5026,2024-06-03,859,23,813,909,90604,0
5027,2025-02-02,859,36,803,901,90604,0
5028,2016-07-06,860,28,814,906,58483,0
5029,2017-01-12,860,19,815,909,58483,0
5030,2017-12-02,860,39,807,910,58483,0
5031,2018-08-09,860,32,800,910,58483,0
5032,2019-05-03,860,22,812,901,58483,0
5033,2019-12-17,860,21,802,907,58483,0
5034,2020-08-18,860,17,815,903,58483,0
5035,2021-04-17,860,30,815,903,58483,0
5036,2022-03-30,860,24,805,904,58483,0
5037,2023-02-26,860,37,810,905,58483,0
5038,2024-01-15,860,11,801,909,61547,0
5039,2024-09-12,860,23,810,905,63859,0
5040,2016-09-18,861,32,806,900,70531,0
5041,2017-05-01,861,12,812,904,70531,0
5042,2018-04-11,861,13,813,909,70531,0
5043,2019-02-13,861,13,809,911,70531,0
5044,2019-10-10,861,35,812,905,70531,0
5045,2020-08-08,861,24,800,911,70531,0
5046,2021-03-19,861,21,803,911,70531,0
5047,2022-02-09,861,33,813,909,70531,0
5048,2022-11-23,861,30,804,903,70531,0
5049,2023-06-08,861,23,803,907,70531,0
5050,2024-05-10,861,31,808,907,70531,0
5051,2024-12-11,861,35,800,902,70531,0
5052,2017-02-28,862,30,802,905,82248,0
5053,2018-01-14,862,15,806,903,82248,0
5054,2018-10-21,862,25,810,904,82248,0
5055,2019-07-18,862,30,812,911,82248,0
5056,2020-03-25,862,13,804,911,82248,0
5057,2021-03-04,862,29,800,906,82248,0
5058,2021-12-05,862,10,812,901,82248,0
5059,2022-10-03,862,37,807,901,88637,0
5060,2023-04-06,862,37,811,901,88637,0
5061,2023-10-05,862,39,802,901,96654,0
5062,2024-08-15,862,10,805,906,96654,0
5063,2025-06-12,862,23,812,909,96654,0
5064,2016-10-31,863,24,810,907,49244,0
5065,2017-09-20,863,17,815,906,49244,0
5066,2018-05-23,863,35,812,909,49244,0
5067,2019-01-07,863,31,808,909,52342,0
5068,2019-07-07,863,25,810,911,52342,0
5069,2020-02-08,863,39,813,911,52342,0
5070,2020-08-18,863,23,808,901,52342,0
5071,2021-07-27,863,21,811,904,56678,0
5072,2022-06-16,863,28,808,900,62019,0
5073,2023-03-19,863,21,803,909,68120,0
5074,2023-10-29,863,29,810,905,68120,0
5075,2024-06-28,863,14,803,910,68120,0
5076,2025-04-10,863,17,811,911,68120,0
5077,2021-03-18,864,35,815,905,37309,0
5078,2022-01-28,864,14,808,905,37309,0
5079,2022-12-03,864,40,815,903,37309,0
5080,2023-06-04,864,30,815,910,37309,0
5081,2024-05-16,864,40,805,909,37309,0
5082,2024-11-22,864,10,803,902,37309,0
5083,2021-10-03,865,18,805,910,81160,0
5084,2022-07-22,865,22,800,900,81160,0
5085,2023-01-28,865,14,809,905,81160,0
5086,2023-10-02,865,34,800,904,81160,0
5087,2024-07-27,865,33,813,902,81160,0
5088,2019-12-19,866,18,805,900,50204,0
5089,2020-06-26,866,13,807,908,50204,0
5090,2021-04-06,866,13,812,902,50204,0
5091,2021-10-24,866,32,811,903,50204,0
5092,2022-05-29,866,10,807,908,50204,0
5093,2022-12-22,866,15,803,906,50204,0
5094,2023-11-10,866,34,808,907,50204,0
5095,2024-11-02,866,11,807,908,50204,0
5096,2025-05-09,866,20,803,905,50204,0
5097,2018-02-24,868,18,805,908,48382,0
5098,2018-10-16,868,21,808,906,48382,0
5099,2019-05-14,868,37,804,909,48382,0
5100,2019-12-17,868,35,808,905,48382,0
5101,2020-06-14,868,30,814,901,48382,0
5102,2021-03-21,868,23,805,905,51127,0
5103,2021-12-24,868,36,800,905,51127,0
5104,2022-12-13,868,31,810,906,51127,0
5105,2023-09-09,868,32,809,908,53308,0
5106,2024-03-15,868,21,809,909,53308,0
5107,2024-12-04,868,12,800,902,53308,0
5108,2022-12-05,869,25,811,911,68732,0
5109,2023-08-04,869,25,809,901,68732,0
5110,2024-02-11,869,12,808,905,68732,0
5111,2024-11-04,869,40,803,910,68732,0
5112,2021-02-03,870,35,803,905,81688,0
5113,2021-08-20,870,25,807,906,81688,0
5114,2022-06-22,870,30,805,901,81688,0
5115,2023-04-03,870,15,803,907,81688,0
5116,2023-10-26,870,21,805,902,87115,0
5117,2024-06-30,870,34,814,902,87115,0
5118,2025-06-17,870,15,812,906,87115,0
5119,2021-06-22,871,15,810,904,82130,0
5120,2022-05-23,871,10,811,909,82130,0
5121,2023-05-16,871,15,804,907,82130,0
5122,2024-02-21,871,22,814,900,82130,0
5123,2024-12-28,871,19,802,902,82130,0
5124,2025-03-03,872,14,808,901,79972,0
5125,2021-02-24,873,28,810,906,60036,0
5126,2021-10-19,873,23,812,911,60036,0
5127,2022-09-23,873,21,811,907,60036,0
5128,2023-04-28,873,25,802,910,60036,0
5129,2024-02-17,873,13,808,901,60036,0
5130,2024-09-08,873,33,813,910,60036,0
5131,2025-05-20,873,15,809,901,63789,0
5132,2019-01-03,874,16,805,905,74001,0
5133,2019-07-19,874,18,809,909,74001,0
5134,2020-02-19,874,29,811,903,74001,0
5135,2020-11-30,874,13,806,907,74001,0
5136,2021-06-23,874,38,801,906,74001,0
5137,2022-03-09,874,15,806,909,74001,0
5138,2023-01-10,874,15,803,908,74001,0
5139,2023-09-11,874,14,807,904,74001,0
5140,2024-05-18,874,23,815,901,74001,0
5141,2025-03-09,874,24,808,901,74001,0
5142,2024-01-30,875,29,809,910,50421,0
5143,2024-09-13,875,19,806,901,50421,0
5144,2025-03-25,875,19,809,906,50421,0
5145,2017-04-27,876,40,811,900,52508,0
5146,2018-04-10,876,28,806,906,52508,0
5147,2018-10-28,876,26,805,900,52508,0
5148,2019-07-16,876,18,811,903,56554,0
5149,2020-04-20,876,26,810,901,56554,0
5150,2021-02-18,876,37,812,909,56554,0
5151,2022-02-07,876,26,809,910,56554,0
5152,2022-09-28,876,22,802,910,56554,0
5153,2023-04-29,876,20,805,906,56554,0
5154,2023-12-24,876,15,800,908,56554,0
5155,2024-12-15,876,22,815,901,56554,0
5156,2017-01-14,877,17,812,905,60767,0
5157,2017-12-14,877,37,811,900,65616,0
5158,2018-12-02,877,23,800,901,65616,0
5159,2019-08-25,877,28,813,904,65616,0
5160,2020-04-25,877,30,812,903,65616,0
5161,2020-12-04,877,25,804,900,65616,0
5162,2021-09-19,877,27,813,900,65616,0
5163,2022-05-10,877,15,811,910,65616,0
5164,2023-04-17,877,14,806,910,65616,0
5165,2024-01-09,877,15,802,909,65616,0
5166,2024-12-21,877,14,802,905,65616,0
5167,2019-07-23,878,23,805,900,63708,0
5168,2020-05-05,878,23,808,905,63708,0
5169,2020-11-27,878,30,812,903,63708,0
5170,2021-07-11,878,25,803,905,63708,0
5171,2022-06-19,878,24,806,910,67754,0
5172,2023-03-07,878,29,809,900,67754,0
5173,2024-02-21,878,32,806,908,67754,0
5174,2024-10-12,878,12,805,903,67754,0
5175,2025-06-30,878,29,805,908,67754,0
5176,2020-05-26,879,31,809,901,51477,0
5177,2021-02-03,879,18,802,901,51477,0
5178,2021-12-15,879,33,811,902,51477,0
5179,2022-12-03,879,18,804,910,51477,0
5180,2023-10-15,879,21,815,910,51477,0
5181,2024-05-14,879,33,800,911,51477,0
5182,2025-04-28,879,10,815,901,51477,0
5183,2020-02-11,880,25,809,906,46190,0
5184,2021-01-08,880,35,815,908,46190,0
5185,2021-12-28,880,28,811,905,46190,0
5186,2022-12-20,880,25,809,904,46190,0
5187,2023-08-16,880,32,801,910,46190,0
5188,2024-04-19,880,11,809,905,46190,0
5189,2025-02-27,880,15,807,911,46190,0
5190,2024-12-02,881,14,810,900,59371,0
5191,2018-11-02,882,20,810,908,53702,0
5192,2019-09-18,882,13,812,910,53702,0
5193,2020-06-20,882,19,806,906,57327,0
5194,2021-04-02,882,21,808,909,57327,0
5195,2021-10-05,882,32,808,909,57327,0
5196,2022-05-17,882,23,806,908,57327,0
5197,2023-01-26,882,24,806,909,57327,0
5198,2023-12-30,882,21,802,900,57327,0
5199,2024-11-19,882,12,804,908,57327,0
5200,2025-06-25,882,26,807,905,57327,0
5201,2019-11-13,883,30,808,908,46628,0
5202,2020-08-29,883,27,803,904,46628,0
5203,2021-04-06,883,19,802,906,46628,0
5204,2021-12-10,883,18,806,905,50025,0
5205,2022-09-13,883,17,805,907,50025,0
5206,2023-04-14,883,12,809,901,50025,0
5207,2023-11-06,883,12,815,907,50025,0
5208,2024-06-16,883,39,814,906,50025,0
5209,2025-02-01,883,34,805,911,50025,0
5210,2018-08-09,884,37,814,902,55658,0
5211,2019-02-08,884,38,801,907,55658,0
5212,2020-01-12,884,26,811,910,55658,0
5213,2020-07-10,884,24,815,908,55658,0
5214,2021-01-23,884,39,815,904,55658,0
5215,2021-09-01,884,35,800,907,55658,0
5216,2022-08-16,884,28,805,901,55658,0
5217,2023-02-13,884,40,812,907,55658,0
5218,2024-01-19,884,32,810,910,60174,0
5219,2024-09-06,884,31,814,904,60174,0
5220,2025-03-16,884,17,814,900,60174,0
5221,2025-06-12,885,25,804,903,75681,0
5222,2019-01-23,886,17,812,904,79403,0
5223,2019-10-07,886,11,808,910,79403,0
5224,2020-07-16,886,37,810,910,79403,0
5225,2021-02-12,886,12,812,905,79403,0
5226,2021-10-15,886,26,800,908,79403,0
5227,2022-06-17,886,38,807,902,79403,0
5228,2023-02-09,886,17,813,906,79403,0
5229,2023-11-08,886,28,812,901,87319,0
5230,2024-10-05,886,25,807,910,87319,0
5231,2025-06-13,886,34,810,901,87319,0
5232,2018-12-26,887,31,809,902,58915,0
5233,2019-10-08,887,15,801,903,58915,0
5234,2020-07-18,887,27,814,911,58915,0
5235,2021-07-08,887,25,807,900,58915,0
5236,2022-03-18,887,23,806,911,58915,0
5237,2023-03-05,887,12,807,902,58915,0
5238,2024-02-18,887,27,814,909,58915,0
5239,2024-08-19,887,17,804,905,60754,0
5240,2025-05-22,887,21,811,904,65731,0
5241,2021-11-28,889,19,801,910,61950,0
5242,2022-09-09,889,22,801,908,61950,0
5243,2023-04-03,889,16,803,909,61950,0
5244,2024-01-06,889,34,811,902,61950,0
5245,2024-09-15,889,40,815,906,64287,0
5246,2021-06-11,890,39,806,909,46895,0
5247,2022-05-02,890,18,814,907,46895,0
5248,2022-11-21,890,12,811,907,46895,0
5249,2023-08-20,890,10,810,911,46895,0
5250,2024-03-21,890,21,807,900,49809,0
5251,2024-12-31,890,23,801,911,49809,0
5252,2023-06-01,891,37,804,900,35380,0
5253,2024-03-07,891,16,801,900,35380,0
5254,2025-02-13,891,28,805,903,35380,0
5255,2019-03-14,892,14,809,910,35576,0
5256,2019-10-14,892,16,800,906,35576,0
5257,2020-07-28,892,26,804,903,35576,0
5258,2021-04-17,892,37,807,908,35576,0
5259,2021-10-24,892,19,801,910,35576,0
5260,2022-05-24,892,18,815,910,35576,0
5261,2023-01-25,892,39,810,910,35576,0
5262,2023-08-25,892,40,812,909,35576,0
5263,2024-05-07,892,35,801,907,37236,0
5264,2024-12-06,892,37,806,904,37236,0
5265,2022-05-02,893,10,815,911,38356,0
5266,2022-11-10,893,40,812,904,41863,0
5267,2023-10-02,893,14,802,905,41863,0
5268,2024-05-21,893,10,807,903,41863,0
5269,2025-05-04,893,22,814,904,41863,0
5270,2022-05-15,894,34,813,909,44215,0
5271,2023-03-25,894,10,812,904,45876,0
5272,2024-02-23,894,19,810,902,47433,1
5273,2023-06-18,895,30,806,910,81621,0
5274,2023-12-21,895,38,807,906,81621,0
5275,2024-08-25,895,17,800,902,81621,0
5276,2025-06-07,895,13,806,909,81621,0
5277,2021-10-05,897,36,801,911,64504,0
5278,2022-05-15,897,32,803,906,64504,0
5279,2023-03-23,897,17,814,905,64504,0
5280,2023-10-12,897,28,811,904,64504,0
5281,2024-10-05,897,12,815,908,64504,0
5282,2025-04-09,897,32,808,906,64504,0
5283,2023-03-15,898,23,808,904,71121,0
5284,2024-01-09,898,17,811,904,71121,0
5285,2024-11-07,898,33,805,907,71121,0
5286,2024-12-27,899,28,805,900,52274,0
5287,2025-06-27,899,31,807,908,52274,0
5288,2021-03-03,900,32,811,901,72307,0
5289,2021-10-11,900,20,800,907,72307,0
5290,2022-07-16,900,27,811,905,72307,0
5291,2023-02-11,900,10,810,900,72307,0
5292,2024-01-27,900,40,813,906,72307,0
5293,2024-12-13,900,13,807,905,72307,0
5294,2024-11-28,901,19,806,901,58430,0
5295,2022-04-22,902,15,801,901,61193,0
5296,2023-03-09,902,27,815,904,61193,0
5297,2024-01-06,902,25,812,902,61193,0
5298,2024-11-08,902,25,805,909,61193,0
5299,2022-07-11,903,14,811,909,83953,0
5300,2023-02-18,903,32,802,908,83953,0
5301,2023-09-16,903,18,803,902,83953,0
5302,2024-07-05,903,22,809,911,83953,0
5303,2025-04-26,903,13,812,905,83953,0
5304,2023-07-29,904,32,811,901,71166,0
5305,2024-02-09,904,27,805,901,71166,0
5306,2024-11-24,904,31,806,911,71166,0
5307,2025-06-10,904,26,814,905,71166,0
5308,2017-11-14,905,13,801,902,46905,0
5309,2018-09-13,905,25,806,902,46905,0
5310,2019-05-25,905,36,809,903,46905,0
5311,2019-12-03,905,40,802,911,46905,0
5312,2020-06-11,905,33,811,904,46905,0
5313,2021-05-07,905,28,811,905,46905,0
5314,2022-04-02,905,34,808,910,46905,0
5315,2023-02-04,905,16,802,902,46905,0
5316,2023-10-22,905,18,811,910,46905,0
5317,2024-06-13,905,20,813,903,46905,0
5318,2025-04-21,905,14,815,910,46905,0
5319,2020-05-07,906,11,807,906,45742,0
5320,2020-11-10,906,19,806,901,45742,0
5321,2021-07-16,906,10,800,907,45742,0
5322,2022-04-10,906,19,806,906,45742,0
5323,2022-10-24,906,17,805,907,45742,0
5324,2023-08-05,906,36,813,907,45742,0
5325,2024-04-10,906,22,815,904,45742,0
5326,2025-03-22,906,29,815,910,45742,0
5327,2021-08-02,907,23,804,910,49123,0
5328,2022-07-06,907,29,808,910,49123,0
5329,2023-05-05,907,31,802,900,49123,0
5330,2024-04-27,907,39,813,905,49123,0
5331,2025-01-06,907,11,804,911,49123,0
5332,2022-08-02,908,20,807,905,82396,0
5333,2023-07-16,908,21,811,900,82396,0
5334,2024-06-16,908,34,813,906,82396,0
5335,2025-01-19,908,32,800,908,82396,0
5336,2018-04-24,909,38,808,911,45579,0
5337,2019-02-24,909,15,805,908,45579,0
5338,2019-12-06,909,34,807,906,45579,0
5339,2020-08-15,909,28,801,901,45579,0
5340,2021-02-28,909,18,802,900,45579,0
5341,2022-01-01,909,30,804,910,45579,0
5342,2022-08-28,909,19,815,903,45579,0
5343,2023-03-08,909,28,814,902,45579,0
5344,2023-11-16,909,15,805,904,45579,0
5345,2024-10-08,909,33,802,905,45579,0
5346,2018-09-20,910,17,804,902,37611,0
5347,2019-09-08,910,11,802,901,37611,0
5348,2020-05-06,910,34,803,902,37611,0
5349,2021-02-22,910,15,809,905,37611,0
5350,2021-11-21,910,34,811,906,37611,0
5351,2022-05-31,910,16,804,900,37611,0
5352,2023-04-16,910,11,804,905,39544,0
5353,2023-12-30,910,30,812,902,39544,0
5354,2024-09-16,910,19,815,907,41567,0
5355,2020-12-27,911,10,806,908,67528,0
5356,2021-12-17,911,19,800,905,67528,0
5357,2022-06-25,911,15,813,904,73842,0
5358,2023-03-11,911,24,814,906,73842,0
5359,2023-10-05,911,27,815,909,73842,0
5360,2024-09-14,911,35,800,901,73842,0
5361,2025-06-02,911,36,804,908,73842,0
5362,2019-05-24,912,33,805,905,78188,0
5363,2020-01-07,912,17,805,901,78188,0
5364,2020-11-22,912,28,805,910,78188,0
5365,2021-06-24,912,33,810,907,78188,0
5366,2022-02-01,912,15,811,910,78188,0
5367,2023-01-16,912,22,807,909,78188,0
5368,2023-12-31,912,26,813,911,78188,0
5369,2024-09-21,912,24,813,904,78188,0
5370,2025-04-27,912,27,807,903,78188,0
5371,2020-03-30,913,28,803,906,50903,0
5372,2021-01-28,913,40,813,902,50903,0
5373,2021-11-25,913,14,814,904,50903,0
5374,2022-11-14,913,16,806,909,50903,0
5375,2023-08-09,913,40,815,910,53390,0
5376,2024-04-19,913,31,815,910,57207,0
5377,2025-01-06,913,34,807,909,57207,0
5378,2022-11-20,914,16,815,900,38092,0
5379,2023-06-22,914,17,802,901,38092,0
5380,2024-04-03,914,20,813,909,38092,0
5381,2025-01-04,914,10,811,908,38092,0
5382,2018-06-30,915,15,810,905,82472,0
5383,2019-04-16,915,38,809,911,82472,0
5384,2020-01-26,915,29,801,911,82472,0
5385,2020-08-04,915,40,809,904,82472,0
5386,2021-03-05,915,27,808,909,82472,0
5387,2021-10-10,915,36,802,911,82472,0
5388,2022-05-16,915,25,805,900,82472,0
5389,2023-01-14,915,18,809,900,82472,0
5390,2023-10-13,915,20,811,906,87397,0
5391,2024-08-01,915,33,800,908,87397,0
5392,2025-02-02,915,20,805,908,87397,0
5393,2023-08-31,917,16,802,909,44696,0
5394,2024-06-23,917,24,804,903,44696,0
5395,2025-03-13,917,38,812,911,44696,0
5396,2020-01-21,918,39,800,908,51588,0
5397,2020-12-03,918,11,800,909,51588,0
5398,2021-10-27,918,11,802,901,51588,0
5399,2022-06-07,918,18,813,909,51588,0
5400,2023-04-19,918,21,802,909,55827,0
5401,2024-02-26,918,20,801,905,55827,0
5402,2024-12-31,918,25,801,907,55827,0
5403,2019-06-30,919,35,805,903,71927,0
5404,2020-04-23,919,27,801,910,71927,0
5405,2020-11-03,919,40,811,902,71927,0
5406,2021-06-09,919,29,801,906,71927,0
5407,2022-03-26,919,13,815,900,71927,0
5408,2023-02-10,919,19,805,911,71927,0
5409,2023-11-03,919,15,800,905,71927,0
5410,2024-06-20,919,13,812,911,71927,0
5411,2025-03-30,919,12,806,910,71927,0
5412,2025-04-19,921,36,814,905,58069,0
5413,2023-08-14,922,21,806,903,50593,0
5414,2024-07-14,922,18,810,908,50593,0
5415,2025-05-23,922,31,800,907,50593,0
5416,2020-08-04,925,26,804,904,84843,0
5417,2021-07-03,925,19,802,909,84843,0
5418,2021-12-30,925,24,811,909,84843,0
5419,2022-11-03,925,14,805,906,84843,0
5420,2023-05-20,925,38,802,900,84843,0
5421,2024-01-30,925,25,815,900,84843,0
5422,2024-08-30,925,34,801,903,84843,0
5423,2025-06-01,925,11,809,910,84843,0
5424,2016-09-24,926,19,803,906,59234,0
5425,2017-04-29,926,22,800,911,59234,0
5426,2017-12-02,926,16,801,910,59234,0
5427,2018-09-03,926,10,810,910,59234,0
5428,2019-08-03,926,19,808,910,59234,0
5429,2020-04-03,926,13,805,901,59234,0
5430,2020-10-21,926,24,800,911,59234,0
5431,2021-10-14,926,25,815,900,59234,0
5432,2022-08-24,926,19,803,903,59234,0
5433,2023-05-21,926,31,814,906,59234,0
5434,2023-12-02,926,31,810,910,59234,0
5435,2024-07-19,926,19,811,907,59234,0
5436,2025-02-17,926,18,807,901,59234,0
5437,2019-12-19,927,25,801,908,64172,0
5438,2020-10-31,927,39,815,908,64172,0
5439,2021-05-20,927,23,800,910,64172,0
5440,2021-12-30,927,34,815,905,64172,0
5441,2022-12-14,927,19,813,902,64172,0
5442,2023-07-30,927,13,815,900,68706,0
5443,2024-01-28,927,12,807,900,68706,0
5444,2024-08-16,927,11,800,910,68706,0
5445,2025-03-09,927,18,815,904,68706,0
5446,2016-12-05,928,23,813,909,41045,0
5447,2017-08-14,928,12,800,905,41045,0
5448,2018-04-08,928,17,807,902,41045,0
5449,2019-02-22,928,33,806,911,41045,0
5450,2020-01-29,928,36,813,907,41045,0
5451,2020-09-24,928,24,812,908,41045,0
5452,2021-05-06,928,37,815,907,41045,0
5453,2022-03-24,928,34,805,911,41045,0
5454,2023-02-04,928,18,809,901,41045,0
5455,2024-01-30,928,32,801,902,41045,0
5456,2024-08-12,928,38,806,900,43579,0
5457,2025-05-18,928,37,811,900,43579,0
5458,2022-10-01,929,30,812,900,45084,0
5459,2023-09-20,929,34,807,904,46884,0
5460,2024-06-12,929,20,806,904,46884,0
5461,2025-01-27,929,21,803,908,46884,0
5462,2020-07-04,930,34,803,905,46397,0
5463,2021-02-19,930,18,807,902,46397,0
5464,2021-09-14,930,36,804,907,46397,0
5465,2022-05-02,930,30,802,903,46397,0
5466,2023-03-12,930,15,808,904,46397,0
5467,2023-12-08,930,20,811,900,46397,0
5468,2024-09-07,930,10,810,906,46397,0
5469,2025-06-24,930,15,806,909,49938,0
5470,2020-03-20,931,10,800,904,56440,0
5471,2021-02-01,931,26,804,906,56440,0
5472,2021-11-03,931,27,808,907,56440,0
5473,2022-08-29,931,13,805,901,60604,0
5474,2023-04-10,931,26,804,901,60604,0
5475,2024-03-07,931,34,806,900,60604,0
5476,2024-09-13,931,40,802,902,60604,0
5477,2017-03-19,932,18,815,903,37076,0
5478,2017-12-08,932,15,800,905,37076,0
5479,2018-10-06,932,38,812,905,37076,0
5480,2019-04-08,932,16,815,904,37076,0
5481,2019-11-09,932,37,809,910,40297,0
5482,2020-08-25,932,28,806,901,40297,0
5483,2021-03-17,932,39,810,911,40297,0
5484,2021-10-15,932,22,807,910,40297,0
5485,2022-06-18,932,11,815,903,40297,0
5486,2023-01-01,932,16,800,905,40297,0
5487,2023-08-16,932,32,809,900,40297,0
5488,2024-04-19,932,30,815,904,40297,0
5489,2024-10-21,932,14,806,907,40297,0
5490,2025-04-25,934,31,800,904,36373,0
5491,2024-01-29,935,34,811,903,48754,0
5492,2024-09-18,935,32,809,908,53485,0
5493,2018-05-10,936,26,803,907,82365,0
5494,2019-02-27,936,26,801,905,82365,0
5495,2019-12-16,936,23,811,906,82365,0
5496,2020-07-26,936,30,808,909,82365,0
5497,2021-03-06,936,32,814,906,82365,0
5498,2021-09-26,936,36,803,902,82365,0
5499,2022-07-12,936,29,804,909,82365,0
5500,2023-03-05,936,28,808,902,82365,0
5501,2023-12-26,936,22,800,907,82365,0
5502,2024-11-19,936,27,802,901,86055,0
5503,2025-04-04,937,10,809,909,42489,0
5504,2020-07-13,938,30,813,909,72070,0
5505,2021-07-02,938,17,812,902,72070,0
5506,2022-05-06,938,13,803,904,72070,0
5507,2022-12-23,938,40,805,900,72070,0
5508,2023-09-20,938,25,813,901,72070,0
5509,2024-04-07,938,26,807,910,72070,0
5510,2024-11-24,938,19,815,903,72070,0
5511,2019-02-25,939,32,808,905,64226,0
5512,2019-12-10,939,19,809,908,64226,0
5513,2020-11-21,939,27,815,903,64226,0
5514,2021-08-06,939,35,812,905,64226,0
5515,2022-07-25,939,22,810,902,69370,0
5516,2023-07-03,939,13,811,906,69370,0
5517,2024-02-10,939,27,806,902,69370,0
5518,2024-10-12,939,35,814,906,71530,0
5519,2025-04-10,939,31,812,909,71530,0
5520,2025-01-14,940,28,807,903,46121,0
5521,2022-07-17,941,14,813,905,81986,0
5522,2023-07-03,941,38,812,901,81986,0
5523,2024-01-02,941,28,800,904,81986,0
5524,2024-10-08,941,30,814,904,81986,0
5525,2017-05-01,942,32,810,900,48633,0
5526,2018-04-02,942,23,808,901,48633,0
5527,2018-10-17,942,11,807,902,48633,0
5528,2019-07-03,942,21,800,910,48633,0
5529,2020-05-21,942,10,800,907,48633,0
5530,2021-01-02,942,31,811,900,48633,0
5531,2021-12-17,942,37,812,902,48633,0
5532,2022-10-23,942,23,802,902,48633,0
5533,2023-09-17,942,11,814,908,48633,0
5534,2024-04-07,942,39,811,911,48633,0
5535,2024-10-05,942,21,809,906,48633,0
5536,2023-02-26,943,40,801,911,78304,0
5537,2024-02-03,943,21,812,901,78304,0
5538,2024-12-20,943,28,806,904,78304,0
5539,2016-10-25,944,36,807,908,83722,0
5540,2017-06-01,944,10,807,905,83722,0
5541,2018-01-04,944,12,815,906,83722,0
5542,2018-09-25,944,21,809,907,89054,0
5543,2019-05-11,944,31,815,911,89054,0
5544,2020-01-15,944,34,811,904,89054,0
5545,2020-09-17,944,33,800,902,89054,0
5546,2021-06-18,944,16,806,902,95514,0
5547,2021-12-22,944,28,806,911,95514,0
5548,2022-07-25,944,38,804,904,95514,0
5549,2023-02-16,944,37,800,905,102835,0
5550,2023-09-06,944,31,804,903,102835,0
5551,2024-03-28,944,14,815,903,102835,0
5552,2025-01-11,944,31,809,908,102835,0
5553,2020-02-24,945,38,812,905,51594,0
5554,2020-10-12,945,26,808,901,53563,0
5555,2021-05-22,945,17,807,901,53563,0
5556,2021-12-31,945,19,812,908,57654,0
5557,2022-11-19,945,31,804,910,57654,0
5558,2023-09-14,945,21,806,901,57654,0
5559,2024-07-17,945,24,809,904,57654,0
5560,2025-03-01,945,39,801,903,57654,0
5561,2024-08-11,946,14,809,904,44169,0
5562,2025-06-25,946,35,806,905,44169,0
5563,2019-09-28,947,33,813,903,36843,0
5564,2020-06-11,947,31,811,907,36843,0
5565,2021-02-26,947,37,813,909,36843,0
5566,2021-09-08,947,39,815,909,36843,0
5567,2022-06-21,947,13,813,907,36843,0
5568,2023-02-25,947,12,807,904,36843,0
5569,2023-08-25,947,30,809,911,36843,0
5570,2024-07-12,947,13,803,900,36843,0
5571,2025-04-26,947,24,807,903,36843,0
5572,2024-03-30,949,26,809,901,74427,0
5573,2024-11-26,949,40,811,910,74427,0
5574,2022-12-15,950,40,813,909,46473,0
5575,2023-08-10,950,10,815,909,46473,0
5576,2024-04-28,950,11,807,902,46473,0
5577,2025-02-15,950,10,814,904,46473,0
5578,2018-08-04,951,38,802,909,49646,0
5579,2019-05-21,951,17,814,903,49646,0
5580,2019-12-16,951,37,803,910,49646,0
5581,2020-10-07,951,34,804,905,49646,0
5582,2021-05-15,951,32,801,907,49646,0
5583,2022-02-27,951,28,806,908,54293,0
5584,2022-11-27,951,25,800,903,58870,0
5585,2023-06-20,951,14,811,905,58870,0
5586,2024-01-14,951,24,815,901,58870,0
5587,2024-08-16,951,13,809,902,58870,0
5588,2021-09-29,952,22,801,909,78798,0
5589,2022-08-08,952,11,814,900,78798,0
5590,2023-03-24,952,20,805,910,78798,0
5591,2024-02-17,952,26,811,910,78798,0
5592,2025-01-25,952,35,806,905,78798,0
5593,2025-03-17,953,29,804,908,52017,0
5594,2021-06-11,954,17,805,910,60881,0
5595,2022-05-21,954,25,810,910,60881,0
5596,2023-02-18,954,17,811,901,60881,0
5597,2023-09-03,954,22,800,909,65315,0
5598,2024-04-18,954,39,807,903,65315,0
5599,2025-01-14,954,40,804,901,65315,0
5600,2019-07-03,955,27,806,902,78328,0
5601,2020-02-28,955,33,812,910,78328,0
5602,2020-10-10,955,26,804,907,78328,0
5603,2021-04-30,955,27,812,905,78328,0
5604,2021-10-27,955,32,804,901,78328,0
5605,2022-10-08,955,39,803,900,78328,0
5606,2023-09-17,955,12,801,911,78328,0
5607,2024-08-26,955,28,803,908,78328,0
5608,2025-04-12,955,30,812,903,78328,0
5609,2018-05-23,956,12,812,910,44605,0
5610,2019-02-22,956,13,815,910,44605,0
5611,2020-01-08,956,31,815,906,44605,0
5612,2020-11-15,956,15,803,907,44605,0
5613,2021-06-17,956,29,802,910,44605,0
5614,2022-05-19,956,20,807,909,44605,0
5615,2022-12-14,956,25,810,907,44605,0
5616,2023-07-17,956,21,800,902,44605,0
5617,2024-04-18,956,31,802,902,44605,0
5618,2024-11-11,956,31,810,903,44605,0
5619,2025-06-23,956,34,801,911,44605,0
5620,2017-12-24,957,29,814,904,82403,0
5621,2018-10-21,957,29,801,910,82403,0
5622,2019-09-15,957,20,812,900,82403,0
5623,2020-07-19,957,24,802,904,82403,0
5624,2021-02-26,957,17,811,906,82403,0
5625,2021-08-26,957,21,805,900,82403,0
5626,2022-04-20,957,15,803,902,82403,0
5627,2022-10-30,957,35,807,907,82403,0
5628,2023-07-21,957,17,810,906,82403,0
5629,2024-02-11,957,27,802,904,82403,0
5630,2024-08-20,957,25,809,905,82403,0
5631,2025-03-21,957,12,807,911,82403,0
5632,2016-07-13,958,34,800,908,44413,0
5633,2017-04-18,958,38,800,902,48692,0
5634,2017-11-05,958,35,805,909,48692,0
5635,2018-05-15,958,11,810,908,48692,0
5636,2018-11-29,958,16,814,904,48692,0
5637,2019-09-11,958,20,813,907,48692,0
5638,2020-06-01,958,40,801,909,48692,0
5639,2021-01-16,958,18,801,911,48692,0
5640,2021-08-07,958,19,812,902,48692,0
5641,2022-03-09,958,40,815,909,48692,0
5642,2022-11-08,958,17,803,906,48692,0
5643,2023-10-15,958,18,803,909,48692,0
5644,2024-09-16,958,34,807,900,48692,0
5645,2020-01-27,959,11,812,904,36891,0
5646,2020-12-17,959,40,802,902,36891,0
5647,2021-07-02,959,15,802,903,36891,0
5648,2022-06-18,959,25,806,900,36891,0
5649,2023-03-08,959,12,810,909,36891,0
5650,2024-01-05,959,12,808,903,36891,0
5651,2024-11-05,959,37,801,901,39673,0
5652,2025-05-12,959,20,814,903,39673,0
5653,2019-04-12,960,31,807,902,79640,0
5654,2020-02-06,960,34,807,903,79640,0
5655,2020-09-29,960,19,815,906,79640,0
5656,2021-04-21,960,40,804,908,79640,0
5657,2021-12-05,960,16,810,903,79640,0
5658,2022-11-19,960,23,811,908,79640,0
5659,2023-07-12,960,26,810,903,79640,0
5660,2024-04-14,960,35,807,911,79640,0
5661,2025-01-06,960,19,805,901,79640,0
5662,2019-01-14,961,28,808,905,53148,0
5663,2019-12-03,961,15,805,907,53148,0
5664,2020-07-29,961,11,810,905,53148,0
5665,2021-03-29,961,14,800,907,53148,0
5666,2021-12-29,961,23,815,908,53148,0
5667,2022-07-10,961,26,812,903,53148,0
5668,2023-05-15,961,37,812,902,53148,0
5669,2024-02-10,961,40,812,900,53148,0
5670,2025-01-28,961,29,808,902,53148,0
5671,2023-05-31,962,19,801,903,78674,0
5672,2024-02-07,962,20,806,910,78674,0
5673,2024-10-11,962,39,810,902,78674,0
5674,2021-12-23,963,10,803,903,55356,0
5675,2022-07-20,963,29,807,902,55356,0
5676,2023-01-17,963,23,814,908,55356,0
5677,2023-10-18,963,10,813,911,55356,0
5678,2024-08-19,963,20,810,909,55356,0
5679,2025-05-17,963,33,810,910,55356,0
5680,2019-06-14,964,12,802,900,84437,0
5681,2020-02-14,964,14,800,910,84437,0
5682,2020-12-26,964,22,810,908,84437,0
5683,2021-08-08,964,29,804,908,84437,0
5684,2022-04-24,964,22,814,904,84437,0
5685,2022-11-10,964,25,813,905,84437,0
5686,2023-07-03,964,28,814,906,90133,0
5687,2024-04-16,964,32,802,910,90133,0
5688,2024-12-26,964,28,814,911,90133,0
5689,2024-01-12,965,28,807,906,68772,0
5690,2024-09-14,965,35,815,905,68772,0
5691,2025-06-07,965,25,800,904,68772,0
5692,2016-07-30,966,10,803,904,64779,0
5693,2017-07-23,966,24,811,905,64779,0
5694,2018-04-07,966,13,800,911,64779,0
5695,2018-12-31,966,36,801,910,64779,0
5696,2019-11-10,966,25,801,904,64779,0
5697,2020-09-16,966,15,803,906,64779,0
5698,2021-04-21,966,31,815,904,64779,0
5699,2022-03-14,966,36,803,901,64779,0
5700,2023-02-15,966,31,802,905,64779,0
5701,2024-02-03,966,12,812,906,71190,0
5702,2024-12-07,966,28,808,907,71190,0
5703,2024-09-04,967,25,812,911,41448,0
5704,2023-10-15,968,32,808,901,38759,0
5705,2024-04-29,968,26,810,900,38759,0
5706,2024-12-08,968,18,800,908,38759,0
5707,2019-04-07,969,33,813,911,40861,0
5708,2020-01-02,969,19,811,906,40861,0
5709,2020-08-18,969,35,808,907,40861,0
5710,2021-05-14,969,18,805,904,40861,0
5711,2021-11-15,969,17,813,906,40861,0
5712,2022-11-04,969,22,805,907,40861,0
5713,2023-08-04,969,24,815,905,40861,0
5714,2024-07-22,969,20,812,908,40861,0
5715,2025-04-16,969,13,807,906,40861,0
5716,2017-10-25,970,32,806,904,44299,0
5717,2018-09-14,970,25,811,909,44299,0
5718,2019-08-03,970,10,810,908,48627,0
5719,2020-04-12,970,11,804,903,48627,0
5720,2020-12-28,970,16,807,904,48627,0
5721,2021-10-12,970,38,800,902,48627,0
5722,2022-07-24,970,40,811,909,48627,0
5723,2023-06-26,970,39,812,909,48627,0
5724,2024-05-17,970,19,811,909,48627,0
5725,2025-03-18,970,30,807,902,48627,0
5726,2023-05-10,971,10,806,901,38517,0
5727,2024-03-02,971,27,802,911,38517,0
5728,2024-11-15,971,36,811,901,38517,0
5729,2020-09-23,972,32,810,911,53540,0
5730,2021-04-12,972,36,809,908,53540,0
5731,2021-10-17,972,27,809,902,57724,0
5732,2022-09-16,972,20,803,909,57724,0
5733,2023-08-19,972,19,810,911,57724,0
5734,2024-04-01,972,32,815,900,57724,0
5735,2024-11-16,972,29,804,903,57724,0
5736,2025-05-25,972,39,814,910,57724,0
5737,2018-04-06,973,14,808,907,36173,0
5738,2019-03-30,973,15,804,904,36173,0
5739,2019-12-19,973,33,806,903,36173,0
5740,2020-09-04,973,28,800,901,36173,0
5741,2021-05-29,973,19,810,906,36173,0
5742,2021-12-30,973,19,802,911,36173,0
5743,2022-12-09,973,39,814,908,36173,0
5744,2023-07-18,973,28,813,902,36173,0
5745,2024-03-01,973,15,803,902,36173,0
5746,2024-10-25,973,28,812,911,36173,0
5747,2019-01-15,974,30,811,905,36857,0
5748,2019-10-16,974,20,804,908,36857,0
5749,2020-05-29,974,31,801,907,39225,0
5750,2021-04-27,974,21,800,902,39225,0
5751,2022-03-21,974,10,803,903,39225,0
5752,2023-01-05,974,20,801,904,39225,0
5753,2023-08-09,974,20,804,910,39225,0
5754,2024-03-02,974,36,801,911,39225,0
5755,2024-09-24,974,18,811,900,39225,0
5756,2023-08-13,975,28,807,907,80082,0
5757,2024-06-04,975,40,808,903,80082,0
5758,2025-05-20,975,31,802,901,80082,0
5759,2021-05-20,976,18,815,904,71149,0
5760,2021-12-27,976,16,814,907,71149,0
5761,2022-11-22,976,30,801,904,71149,0
5762,2023-05-25,976,28,811,904,71149,0
5763,2024-04-27,976,35,803,905,71149,0
5764,2025-03-15,976,20,809,901,71149,0
5765,2024-12-31,977,20,801,903,76540,0
5766,2023-09-25,978,12,811,909,80590,0
5767,2024-05-07,978,22,810,908,80590,0
5768,2025-01-29,978,18,805,909,80590,0
5769,2021-05-24,979,25,804,910,41435,0
5770,2021-12-19,979,16,800,904,41435,0
5771,2022-07-17,979,34,800,903,41435,0
5772,2023-02-18,979,39,805,911,41435,0
5773,2024-01-29,979,34,810,911,41435,0
5774,2025-01-12,979,40,814,900,41435,0
5775,2021-09-06,980,25,805,908,63712,0
5776,2022-07-17,980,30,812,903,63712,0
5777,2023-06-06,980,20,811,900,63712,0
5778,2023-12-27,980,13,805,905,63712,0
5779,2024-10-10,980,30,805,908,63712,0
5780,2025-05-24,980,15,812,911,63712,0
5781,2021-02-04,982,31,813,909,67854,0
5782,2021-10-16,982,36,805,910,67854,0
5783,2022-10-11,982,11,807,904,67854,0
5784,2023-06-22,982,29,813,902,67854,0
5785,2024-01-15,982,37,807,903,67854,0
5786,2024-09-26,982,18,802,908,67854,0
5787,2022-02-24,983,17,811,911,73666,0
5788,2022-09-11,983,14,805,903,73666,0
5789,2023-04-29,983,15,809,907,73666,0
5790,2023-11-03,983,24,809,900,73666,0
5791,2024-06-24,983,30,806,903,73666,0
5792,2025-04-19,983,30,812,901,73666,0
5793,2021-09-11,984,11,804,905,50202,0
5794,2022-07-03,984,34,814,908,50202,0
5795,2023-02-04,984,10,810,900,50202,0
5796,2023-10-10,984,34,811,902,50202,0
5797,2024-06-20,984,33,806,905,50202,0
5798,2025-05-09,984,11,813,909,50202,0
5799,2024-12-24,985,20,813,904,36942,0
5800,2020-12-19,986,22,811,902,68268,0
5801,2021-06-27,986,36,812,901,68268,0
5802,2022-04-25,986,26,807,907,68268,0
5803,2023-01-10,986,19,811,902,68268,0
5804,2023-08-22,986,12,811,906,72310,0
5805,2024-05-03,986,14,808,905,72310,0
5806,2025-03-29,986,30,813,906,72310,0
5807,2022-11-22,987,34,800,903,45264,0
5808,2023-09-01,987,32,806,903,45264,0
5809,2024-08-14,987,12,805,904,49637,0
5810,2021-09-03,988,21,810,900,69041,0
5811,2022-03-15,988,25,808,910,69041,0
5812,2023-03-10,988,24,813,910,69041,0
5813,2023-09-09,988,18,806,906,69041,0
5814,2024-06-10,988,28,801,903,69041,0
5815,2025-05-30,988,10,802,905,69041,0
5816,2019-11-21,989,16,810,907,56808,0
5817,2020-11-12,989,25,807,908,56808,0
5818,2021-10-05,989,34,802,909,56808,0
5819,2022-05-16,989,32,812,909,56808,0
5820,2023-03-21,989,31,807,910,56808,0
5821,2023-12-18,989,26,803,902,56808,0
5822,2024-10-04,989,12,809,903,56808,0
5823,2025-06-09,989,29,805,911,56808,0
5824,2017-11-24,990,22,810,904,82976,0
5825,2018-11-09,990,15,800,910,82976,0
5826,2019-08-15,990,26,805,911,82976,0
5827,2020-04-20,990,32,814,905,82976,0
5828,2021-01-05,990,28,801,900,82976,0
5829,2021-08-22,990,17,801,906,82976,0
5830,2022-07-11,990,37,801,907,82976,0
5831,2023-01-29,990,15,802,901,82976,0
5832,2023-12-26,990,32,804,900,82976,0
5833,2024-10-22,990,20,805,911,82976,0
5834,2025-05-18,991,28,805,905,50159,0
5835,2016-10-30,992,23,811,903,59160,0
5836,2017-06-22,992,25,809,907,59160,0
5837,2018-01-25,992,26,805,910,59160,0
5838,2018-12-27,992,35,810,903,59160,0
5839,2019-12-22,992,12,806,907,59160,0
5840,2020-07-31,992,13,812,908,59160,0
5841,2021-04-29,992,31,806,901,62357,0
5842,2022-02-18,992,13,814,910,62357,0
5843,2023-02-13,992,25,807,908,64678,0
5844,2023-10-25,992,18,806,903,64678,0
5845,2024-07-23,992,38,812,907,64678,0
5846,2025-05-06,992,27,803,900,64678,0
5847,2017-12-30,993,31,815,909,67451,0
5848,2018-12-09,993,15,810,907,67451,0
5849,2019-06-15,993,38,806,910,67451,0
5850,2020-03-17,993,21,814,905,67451,0
5851,2020-10-19,993,29,803,902,67451,0
5852,2021-07-18,993,32,813,907,72259,0
5853,2022-01-17,993,28,810,902,72259,0
5854,2022-08-05,993,20,812,909,72259,0
5855,2023-04-20,993,12,807,904,72259,0
5856,2023-10-24,993,15,810,902,72259,0
5857,2024-10-17,993,25,814,906,72259,0
5858,2018-05-16,994,16,814,910,37710,0
5859,2019-04-06,994,36,807,900,37710,0
5860,2019-12-15,994,12,804,903,37710,0
5861,2020-09-06,994,38,813,901,37710,0
5862,2021-08-22,994,13,810,901,37710,0
5863,2022-03-28,994,32,804,910,37710,0
5864,2023-01-13,994,33,803,903,37710,0
5865,2023-12-31,994,18,811,909,37710,0
5866,2024-11-09,994,14,803,902,37710,0
5867,2025-06-05,994,14,807,911,37710,0
5868,2020-03-22,995,25,808,905,37128,0
5869,2021-01-13,995,19,814,904,37128,0
5870,2021-10-02,995,10,808,906,37128,0
5871,2022-08-01,995,21,806,905,37128,0
5872,2023-04-12,995,24,815,910,37128,0
5873,2024-03-01,995,40,805,901,37128,0
5874,2024-11-18,995,38,812,909,37128,0
5875,2017-09-30,996,19,811,902,57814,0
5876,2018-06-23,996,13,807,902,57814,0
5877,2019-03-06,996,31,812,903,57814,0
5878,2019-12-22,996,32,813,907,57814,0
5879,2020-10-04,996,38,800,910,57814,0
5880,2021-08-09,996,39,809,907,57814,0
5881,2022-06-05,996,29,806,901,61903,0
5882,2022-12-25,996,10,814,901,61903,0
5883,2023-08-08,996,15,808,910,61903,0
5884,2024-06-26,996,39,807,910,61903,0
5885,2025-03-09,996,21,807,907,61903,0
5886,2020-08-10,997,12,809,903,76476,0
5887,2021-03-25,997,11,808,911,76476,0
5888,2022-01-12,997,10,811,901,76476,0
5889,2022-10-25,997,32,803,901,76476,0
5890,2023-08-23,997,22,800,903,76476,0
5891,2024-03-29,997,12,810,909,76476,0
5892,2024-10-11,997,35,801,911,76476,0
5893,2025-05-05,997,24,807,906,76476,0
5894,2022-02-25,998,40,805,903,53663,0
5895,2022-09-04,998,16,800,905,53663,0
5896,2023-04-28,998,10,814,910,53663,0
5897,2024-03-20,998,34,811,900,53663,0
5898,2024-11-03,998,16,809,910,53663,0
5899,2023-10-20,999,34,807,903,65023,0
5900,2024-09-26,999,38,812,909,65023,0
5901,2025-05-03,999,27,811,904,65023,0
5902,2022-07-21,1000,36,807,908,49274,0
5903,2023-05-02,1000,23,806,902,49274,0
5904,2023-11-13,1000,18,809,904,52978,0
5905,2024-07-11,1000,35,803,910,52978,0
5906,2025-03-10,1000,29,811,904,52978,0
