campaign_fact_id,date,campaign_key,product_key,channel_key,region_key,spend,leads_generated,impressions
1,2023-04-02,8,2,600,400,391.06,83,13731
2,2024-11-17,90,9,603,400,406.6,76,3589
3,2023-01-28,47,2,604,401,420.11,36,13298
4,2024-03-14,82,2,603,402,76.5,40,11506
5,2024-08-10,4,12,600,401,196.34,14,5087
6,2025-03-30,68,8,605,403,366.52,78,8371
7,2023-05-24,28,5,603,402,165.77,55,5060
8,2023-02-26,59,13,605,402,216.27,37,5161
9,2024-11-28,34,13,602,403,365.62,48,5433
10,2024-04-19,14,7,600,400,289.06,73,1986
11,2022-12-02,44,5,603,403,213.89,77,6711
12,2023-01-29,59,15,602,401,372.47,52,10507
13,2022-01-01,52,2,601,403,306.67,22,3508
14,2024-06-18,58,12,604,401,78.37,53,6057
15,2024-06-14,56,12,600,400,293.7,90,1776
16,2024-11-22,74,13,602,401,226.1,24,11976
17,2023-08-08,83,3,604,401,495.45,94,4628
18,2023-03-23,59,2,601,402,372.86,42,13716
19,2023-12-18,65,6,605,402,154.03,24,5729
20,2023-09-25,26,1,602,403,421.47,73,12158
21,2024-02-02,21,5,602,402,417.37,98,3720
22,2022-08-26,96,12,603,403,58.59,78,13580
23,2023-06-22,49,9,605,402,409.21,100,13891
24,2024-02-17,84,9,603,403,104.07,62,3958
25,2022-03-09,82,7,605,400,193.46,66,949
26,2023-12-01,65,4,602,401,227.23,35,14112
27,2024-10-10,27,8,602,401,63.82,18,12379
28,2025-02-01,72,13,600,403,455.76,59,3483
29,2022-05-03,100,15,604,402,310.24,36,7239
30,2022-11-13,75,11,601,400,101.63,86,14299
31,2024-06-10,39,11,600,400,169.99,51,3851
32,2022-06-18,24,14,603,401,475.26,46,11911
33,2024-05-11,54,4,602,403,238.95,61,5728
34,2022-10-02,32,14,601,403,300.87,50,7285
35,2024-10-23,30,7,604,400,467.37,56,2582
36,2025-02-24,85,1,600,403,470.45,40,6463
37,2022-02-15,2,11,600,400,198.26,59,11430
38,2022-06-21,79,6,602,402,88.45,52,2844
39,2022-01-12,74,3,600,402,345.4,82,4007
40,2023-06-26,10,12,605,400,343.26,71,1327
41,2022-12-25,98,4,604,403,151.32,69,9310
42,2024-08-10,48,5,605,403,465.22,57,12945
43,2024-01-01,24,3,605,400,133.42,59,14174
44,2022-05-08,67,5,603,401,199.33,27,4757
45,2024-01-21,50,4,602,403,204.21,10,3095
46,2024-01-17,3,7,603,400,93.99,89,11156
47,2024-07-01,94,12,600,401,96.76,44,7229
48,2024-10-18,52,12,605,400,383.19,58,9379
49,2022-09-24,13,13,605,403,79.09,100,7280
50,2024-04-21,70,4,602,402,327.75,74,14716
51,2023-03-14,36,13,605,403,450.84,86,2351
52,2023-07-29,55,4,604,402,406.91,78,10521
53,2024-02-03,66,6,605,403,69.85,15,6649
54,2025-04-29,97,3,603,401,415.17,39,2571
55,2022-10-10,99,7,602,403,128.66,34,1390
56,2025-01-18,71,7,602,402,488.24,68,610
57,2023-09-12,10,11,601,401,145.1,6,10634
58,2023-10-25,71,3,602,403,70.01,8,11563
59,2023-06-30,53,8,604,402,157.56,64,5502
60,2023-10-23,30,14,600,403,459.85,54,4234
61,2025-01-13,2,5,601,402,117.64,6,7612
62,2023-01-11,58,14,604,401,194.51,75,3278
63,2024-09-19,40,11,605,403,438.17,32,8006
64,2025-06-19,17,1,601,402,415.27,44,4022
65,2023-01-13,62,5,603,401,413.07,6,9579
66,2022-10-24,38,10,604,401,195.87,73,12737
67,2022-08-10,72,12,600,401,471.0,5,5150
68,2022-12-28,60,11,604,401,364.4,89,6811
69,2024-07-12,37,8,601,401,467.63,58,846
70,2022-01-07,25,15,603,402,329.35,5,9681
71,2024-05-13,49,7,605,403,171.63,6,788
72,2023-03-03,8,6,602,401,339.3,88,5607
73,2022-10-12,84,3,604,402,83.26,95,9479
74,2022-01-08,1,3,600,402,163.02,26,14178
75,2025-01-13,27,4,604,400,92.39,55,326
76,2024-11-11,38,1,602,403,217.88,97,14875
77,2024-04-30,26,5,602,403,191.14,61,11546
78,2022-02-17,5,11,604,401,238.92,31,716
79,2022-08-23,71,5,603,403,183.74,55,8033
80,2024-02-02,26,7,600,403,455.11,88,12143
81,2024-06-02,78,9,601,402,482.12,43,4333
82,2024-12-31,87,7,604,402,261.55,64,4929
83,2023-12-09,98,12,601,402,298.42,94,12512
84,2022-09-16,40,10,603,402,138.43,77,7132
85,2022-02-15,45,11,601,400,62.35,8,725
86,2024-12-02,81,14,602,403,437.66,69,2972
87,2024-09-25,28,8,601,402,75.42,55,5696
88,2022-04-30,80,10,602,402,256.02,24,5001
89,2025-03-20,3,12,604,400,472.2,89,5753
90,2022-05-30,95,2,604,402,295.08,7,1390
91,2025-02-26,96,1,600,403,359.75,33,2027
92,2023-03-06,35,11,601,402,449.98,67,6325
93,2024-07-27,92,1,602,400,124.05,87,14307
94,2023-04-21,58,6,604,402,244.12,71,3438
95,2024-05-15,96,15,601,403,57.53,61,399
96,2025-01-12,21,5,601,400,110.14,12,13513
97,2024-12-15,19,5,602,401,105.62,97,12613
98,2023-10-27,100,12,603,402,417.32,88,10653
99,2023-12-12,56,7,605,403,214.46,36,7350
100,2025-03-03,8,1,600,401,291.74,63,7811
101,2022-10-30,67,6,605,402,187.1,25,8977
102,2024-08-19,72,8,601,403,433.51,71,1383
103,2023-04-13,80,2,603,403,404.03,84,7119
104,2025-04-10,13,10,604,401,495.42,53,12645
105,2024-02-14,95,9,603,402,174.36,63,2330
106,2025-04-03,21,6,603,403,438.3,22,14905
107,2022-01-11,19,8,605,401,229.88,30,13739
108,2025-02-23,84,5,602,403,389.06,6,9073
109,2024-04-29,14,15,600,401,190.18,76,7839
110,2022-09-05,14,1,604,401,189.41,18,3373
111,2025-02-15,100,4,603,402,294.5,43,5076
112,2022-07-16,8,1,603,402,392.91,53,7399
113,2024-12-31,5,7,603,403,224.16,80,2563
114,2022-12-12,20,4,603,401,298.97,78,918
115,2023-04-05,97,12,603,403,358.43,68,10777
116,2024-03-14,65,1,605,400,356.71,14,9271
117,2024-12-06,62,3,601,400,370.79,14,854
118,2022-02-27,6,1,605,403,319.08,40,6372
119,2024-06-25,77,8,604,400,139.77,52,10445
120,2024-09-22,93,6,605,402,133.19,38,664
121,2025-01-25,96,6,604,401,185.44,79,10255
122,2022-10-22,58,10,600,403,315.02,9,12897
123,2025-02-09,98,2,601,401,195.98,50,11989
124,2022-03-08,21,13,602,403,454.69,94,13719
125,2023-11-01,62,3,605,402,292.94,48,11176
126,2025-03-23,23,6,602,403,422.5,93,2328
127,2023-08-14,63,2,600,402,100.55,30,14675
128,2023-02-06,19,5,600,403,59.73,20,12980
129,2022-01-16,45,8,601,401,383.77,78,11584
130,2023-06-25,64,10,601,403,54.14,75,13942
131,2022-07-06,53,9,600,400,496.97,71,6424
132,2024-03-19,66,1,603,403,388.88,24,5155
133,2024-04-20,29,4,605,400,105.03,91,5299
134,2022-10-13,70,15,600,401,135.11,66,8317
135,2022-08-25,96,3,600,400,414.22,28,8742
136,2024-12-24,88,15,601,400,159.96,23,2546
137,2023-05-28,43,14,601,400,375.07,91,3501
138,2023-06-22,56,3,601,400,303.01,25,12651
139,2023-04-20,94,3,602,400,429.63,21,3466
140,2023-04-28,74,2,600,401,78.08,14,770
141,2024-03-05,89,8,601,400,201.41,26,5912
142,2024-09-27,62,7,603,402,249.82,84,3485
143,2025-04-21,34,4,601,403,189.3,69,450
144,2024-10-28,25,10,601,401,358.71,91,14629
145,2024-12-15,36,9,602,400,430.64,30,695
146,2023-11-21,19,15,601,400,378.34,23,9155
147,2022-07-23,8,6,602,400,67.24,32,7032
148,2023-11-09,10,11,602,402,111.55,79,3130
149,2024-01-12,29,12,605,403,212.85,53,7380
150,2022-10-27,22,6,600,403,435.23,41,11113
151,2024-08-02,59,12,601,402,343.41,27,4201
152,2024-07-12,62,6,605,401,171.88,10,12188
153,2023-11-04,87,15,605,400,301.57,87,13757
154,2023-07-30,49,5,602,403,183.88,87,6107
155,2024-08-25,78,10,602,403,145.65,6,5290
156,2024-06-13,26,7,602,400,265.6,62,970
157,2022-01-21,20,4,602,401,257.29,19,2907
158,2023-10-03,3,3,604,402,218.21,82,11979
159,2023-08-01,57,3,601,401,151.91,77,13273
160,2022-02-15,25,12,603,400,397.87,57,2911
161,2023-02-28,38,5,600,400,203.38,6,9550
162,2023-01-05,15,9,600,402,289.51,60,1598
163,2025-05-01,87,5,603,401,433.99,36,4646
164,2025-02-01,45,12,603,401,82.76,81,3804
165,2023-03-26,69,4,605,401,142.02,80,4508
166,2024-12-28,27,13,604,403,175.66,46,4070
167,2024-11-18,25,7,603,401,446.97,35,14880
168,2024-09-29,77,5,603,401,52.75,90,9521
169,2025-03-23,95,8,604,402,317.38,61,3987
170,2024-07-23,68,1,602,401,295.69,66,6259
171,2022-02-06,85,7,600,400,279.43,83,14324
172,2023-10-20,58,5,605,400,105.36,69,10718
173,2022-05-01,22,6,601,402,223.37,20,8366
174,2023-03-02,44,13,604,401,359.95,7,14382
175,2024-05-19,26,4,601,401,137.94,78,11476
176,2024-01-08,85,11,605,403,409.98,59,8744
177,2023-09-10,61,13,604,402,444.88,30,14901
178,2024-01-16,1,1,601,400,241.82,16,6146
179,2024-10-04,81,6,603,403,112.48,30,1024
180,2023-12-17,70,4,604,403,74.87,67,1733
181,2023-03-22,26,4,600,400,160.53,72,12245
182,2022-01-23,71,3,602,403,213.73,87,3047
183,2022-09-01,24,3,601,402,105.93,57,12490
184,2024-12-26,58,1,603,400,407.01,87,540
185,2024-07-24,39,12,602,401,71.17,89,3941
186,2025-01-31,69,10,600,401,413.6,61,1239
187,2025-06-26,48,3,604,400,214.86,19,932
188,2024-09-18,92,4,600,400,481.49,73,14822
189,2023-01-12,30,8,601,401,98.48,26,8990
190,2025-03-03,80,5,605,403,88.31,100,6080
191,2024-03-27,42,11,600,400,199.53,85,1820
192,2022-02-17,91,5,602,403,490.97,56,3590
193,2022-07-08,90,13,603,403,313.18,33,9000
194,2023-04-10,11,7,602,403,200.88,39,9495
195,2023-02-25,48,2,603,401,272.84,94,185
196,2023-12-02,66,3,600,400,127.25,63,934
197,2022-02-11,27,12,601,402,378.06,64,12140
198,2022-08-27,69,12,603,403,443.95,79,10683
199,2023-02-01,18,13,603,403,207.76,23,3882
200,2022-01-10,93,8,600,403,326.66,10,14114
201,2024-08-11,82,7,603,400,432.74,57,10284
202,2023-06-05,73,15,604,403,116.54,71,877
203,2022-08-31,38,2,604,403,270.93,41,10594
204,2023-10-17,4,3,605,400,383.98,81,3811
205,2023-10-27,35,9,602,403,77.38,37,13898
206,2024-11-15,1,4,605,400,344.5,66,3823
207,2023-12-14,82,10,600,400,287.03,83,11266
208,2022-06-09,6,9,602,402,75.12,45,1278
209,2023-04-13,76,10,603,400,198.52,81,5282
210,2022-03-29,81,4,600,403,349.31,60,985
211,2022-10-13,29,7,605,402,117.0,18,1474
212,2024-08-23,23,15,603,402,93.58,43,5504
213,2025-02-18,31,11,603,402,441.73,42,1683
214,2022-02-28,5,4,600,400,491.82,43,637
215,2024-07-19,72,7,601,403,197.71,95,2405
216,2023-07-22,86,15,605,403,448.14,99,9328
217,2024-03-28,56,1,605,403,441.63,45,14090
218,2022-11-13,56,2,605,402,324.44,49,13881
219,2025-01-15,83,2,600,402,416.68,42,2261
220,2024-04-01,85,3,601,400,141.49,35,3361
221,2023-11-08,19,11,605,403,189.27,60,724
222,2025-01-15,49,7,600,400,247.77,95,9674
223,2024-03-01,54,11,600,401,143.93,48,5703
224,2023-06-21,32,14,604,401,292.99,71,9762
225,2023-02-16,33,12,603,400,259.47,100,3342
226,2023-12-12,34,1,602,402,392.33,81,10679
227,2025-02-15,98,15,602,403,424.42,33,9288
228,2024-01-04,3,14,604,403,333.56,96,2689
229,2022-10-06,33,6,601,400,210.24,81,492
230,2023-05-16,26,13,601,403,111.69,34,11872
231,2023-01-03,33,2,604,401,180.99,72,5886
232,2024-06-14,93,15,600,401,123.73,16,14770
233,2024-07-04,17,9,605,403,161.96,95,6256
234,2024-02-16,56,13,600,401,489.46,62,14449
235,2024-05-12,77,5,605,403,89.85,76,13816
236,2024-06-19,19,15,601,403,405.22,21,13737
237,2023-10-03,27,13,602,403,301.4,35,2686
238,2023-01-18,59,6,600,401,186.95,38,9273
239,2024-11-19,20,8,603,400,50.93,37,2081
240,2022-04-07,19,13,603,402,76.79,84,7353
241,2023-11-12,46,14,602,403,429.47,73,12288
242,2024-06-27,24,10,603,401,64.61,34,13121
243,2022-12-22,50,4,600,403,416.85,54,9130
244,2022-11-16,36,11,604,400,295.75,36,9321
245,2022-03-26,51,2,601,400,454.86,82,11238
246,2022-08-11,28,7,601,403,463.34,81,9710
247,2024-06-18,57,13,603,402,183.63,44,13622
248,2023-07-28,2,8,600,403,112.79,98,1904
249,2023-06-11,56,12,601,403,396.97,76,7676
250,2023-04-26,7,4,605,403,251.32,97,1929
251,2023-11-04,84,12,600,400,278.57,30,1091
252,2022-09-23,28,6,603,402,83.89,86,13626
253,2024-12-27,51,11,603,400,389.88,9,9270
254,2025-05-31,13,2,604,402,333.69,54,2642
255,2024-01-27,39,13,601,402,404.87,37,14888
256,2022-02-28,42,4,603,401,249.21,25,3648
257,2023-04-07,23,4,602,402,128.72,89,2118
258,2024-03-25,8,13,603,401,429.32,74,9968
259,2023-03-02,29,9,601,401,353.4,40,11526
260,2022-10-09,48,10,605,400,470.89,73,9883
261,2025-01-07,31,6,602,401,300.91,94,5055
262,2022-03-10,73,6,605,400,187.82,36,1074
263,2023-06-12,72,11,603,400,333.99,52,3010
264,2024-07-01,21,1,600,403,407.82,25,3554
265,2024-10-24,69,1,605,400,66.54,55,3868
266,2022-08-23,36,12,602,401,499.44,39,12447
267,2023-12-28,36,3,604,403,144.77,98,8208
268,2022-07-23,1,5,601,401,167.24,53,1163
269,2022-11-11,52,4,605,402,383.46,32,8564
270,2024-09-23,36,7,601,401,425.23,15,835
271,2024-05-11,50,4,603,400,320.6,72,12440
272,2022-02-17,66,14,602,401,412.76,86,3239
273,2024-01-21,3,5,600,400,113.67,71,9848
274,2022-11-22,76,6,602,402,148.75,97,604
275,2024-03-14,94,2,601,400,148.4,20,13374
276,2023-05-14,65,13,601,401,482.18,46,9257
277,2024-12-05,64,13,600,400,328.13,22,8901
278,2023-10-15,36,7,600,402,289.13,56,11135
279,2024-06-22,21,15,604,400,319.93,83,7883
280,2022-01-30,57,7,603,401,194.57,17,11976
281,2025-06-17,73,14,605,402,464.15,13,6894
282,2023-10-27,56,7,603,400,350.76,74,14167
283,2024-12-20,13,9,603,400,198.54,8,14615
284,2023-07-05,12,11,602,402,279.12,5,2831
285,2023-02-01,68,5,603,401,474.79,55,11059
286,2025-05-17,100,6,601,400,281.05,65,6525
287,2023-06-06,71,11,604,403,94.72,99,14006
288,2023-07-30,79,4,602,401,71.74,32,12547
289,2022-08-17,95,12,605,402,454.89,20,11228
290,2025-06-16,63,14,601,403,126.2,98,2606
291,2025-01-30,52,7,605,403,348.3,26,3061
292,2024-12-30,38,12,602,403,155.58,13,12973
293,2022-07-12,17,11,605,402,351.83,24,8795
294,2022-05-23,6,3,600,401,194.78,51,9122
295,2024-03-29,63,4,602,400,59.18,11,5794
296,2023-12-06,28,15,604,403,483.65,63,11382
297,2023-07-20,27,13,605,402,273.85,70,11394
298,2022-07-24,14,10,604,401,229.03,53,1647
299,2025-04-17,63,6,603,402,473.98,19,12702
300,2023-10-16,35,12,605,402,186.21,25,3757
301,2023-06-23,10,10,601,400,219.59,14,11121
302,2024-08-20,92,5,603,403,132.46,99,3635
303,2024-03-29,88,1,604,403,442.52,95,4105
304,2023-11-27,40,7,603,401,468.15,47,11803
305,2025-04-05,6,12,603,401,146.17,58,3417
306,2024-09-01,72,3,604,401,278.83,48,14949
307,2023-08-07,33,1,603,403,363.9,91,4554
308,2024-05-21,53,6,603,401,403.38,18,3849
309,2023-08-28,64,15,605,402,136.28,86,12604
310,2023-05-18,24,13,600,401,175.39,88,1438
311,2025-01-09,94,5,600,402,334.23,68,7801
312,2023-03-16,62,11,603,401,174.64,94,5863
313,2024-07-26,21,10,604,400,70.13,47,848
314,2022-03-02,77,7,604,403,467.98,15,5576
315,2024-01-08,26,6,601,402,145.96,28,4093
316,2023-12-07,31,14,602,402,441.55,98,9088
317,2022-09-05,7,8,604,401,236.97,52,4043
318,2022-10-17,34,4,605,401,320.04,89,2130
319,2024-06-22,54,1,601,402,392.08,5,11694
320,2022-05-10,21,15,602,401,397.21,13,5036
321,2024-08-23,95,4,603,401,304.28,26,3578
322,2023-02-21,82,10,604,401,325.83,100,2184
323,2023-04-25,33,6,603,403,251.11,61,7109
324,2024-01-18,17,13,600,401,238.76,88,1369
325,2024-09-07,57,13,603,401,468.33,36,10311
326,2025-06-21,69,2,600,403,402.51,65,4426
327,2022-09-10,21,7,605,403,267.68,51,2345
328,2023-07-26,70,9,603,400,268.03,73,11734
329,2024-09-14,6,2,601,403,115.68,66,3941
330,2024-07-18,14,3,602,403,214.77,8,7867
331,2023-05-29,21,15,603,401,143.79,39,2667
332,2025-06-06,74,15,602,402,439.32,54,1753
333,2023-08-14,35,3,603,400,271.52,37,741
334,2023-08-15,85,4,601,400,470.01,23,8655
335,2024-03-01,42,11,604,400,334.14,61,8785
336,2024-02-17,48,6,600,400,126.76,24,3371
337,2023-10-11,50,10,600,400,411.31,39,6076
338,2025-03-14,43,1,605,402,352.23,96,9342
339,2023-08-21,59,4,603,402,154.1,83,7083
340,2023-07-29,9,15,600,403,376.05,46,4031
341,2025-01-14,28,14,603,401,318.36,76,7141
342,2023-09-17,81,13,600,401,440.45,85,9984
343,2025-04-24,39,10,604,400,407.24,62,6295
344,2022-05-02,2,13,603,401,176.86,76,7147
345,2024-07-27,34,13,603,400,241.05,28,7641
346,2025-06-28,98,3,600,403,113.54,93,12454
347,2024-02-06,16,12,604,400,440.95,63,3673
348,2024-12-16,98,5,602,401,55.11,76,1823
349,2022-02-08,85,6,603,402,295.43,8,3348
350,2022-05-15,26,4,603,401,349.46,65,7522
351,2023-07-30,52,6,602,400,395.05,64,9885
352,2022-07-05,22,10,604,400,194.08,53,13038
353,2024-10-05,84,12,602,400,276.67,75,12057
354,2025-04-14,61,3,601,403,70.23,26,10683
355,2023-07-21,67,7,603,403,257.1,48,12486
356,2024-06-14,24,14,605,402,155.16,8,412
357,2023-07-04,19,14,605,402,375.65,10,939
358,2025-02-08,91,8,600,400,406.86,12,4517
359,2023-07-19,58,11,602,400,196.83,88,991
360,2023-05-10,5,3,600,403,175.78,62,9926
361,2023-04-01,9,4,604,403,168.01,67,3943
362,2023-09-18,2,12,600,403,175.16,21,13585
363,2024-11-06,98,2,602,400,67.68,41,9220
364,2022-03-13,94,9,603,402,293.75,28,1202
365,2022-12-25,69,6,604,401,146.78,14,11576
366,2024-08-05,57,13,602,402,445.0,74,9885
367,2022-06-10,78,10,604,400,326.12,34,4610
368,2025-03-19,55,3,602,401,229.94,95,2620
369,2025-04-16,2,10,603,400,92.87,9,7788
370,2023-06-15,41,3,601,400,178.63,69,8948
371,2024-03-18,88,12,605,403,169.37,7,4559
372,2023-01-23,66,3,601,401,482.87,13,9556
373,2022-02-06,62,8,601,401,80.8,90,5088
374,2024-06-23,33,7,600,400,94.38,60,11128
375,2025-02-28,90,13,601,401,347.3,23,13079
376,2022-09-18,3,6,600,400,451.68,38,8428
377,2022-07-24,74,9,604,401,238.26,58,8659
378,2025-04-20,81,1,602,401,243.08,84,3725
379,2024-03-02,75,4,603,402,63.87,30,5153
380,2025-02-23,34,3,600,403,161.86,87,3042
381,2022-05-30,2,8,601,400,328.01,57,13206
382,2024-08-31,79,1,604,402,92.08,17,8244
383,2024-06-22,44,3,602,402,410.86,28,11286
384,2023-05-27,3,3,604,401,231.48,13,14438
385,2023-01-02,21,4,601,402,437.08,37,10234
386,2024-09-13,42,13,604,403,224.37,41,334
387,2022-11-21,96,4,605,403,121.46,46,4303
388,2024-05-27,71,14,600,402,307.12,91,7943
389,2023-01-29,64,8,604,403,228.63,11,11176
390,2024-02-07,87,5,602,400,387.83,46,6522
391,2024-10-27,37,10,603,402,126.7,50,7645
392,2024-09-14,96,4,605,402,192.89,46,8910
393,2023-11-03,80,4,600,401,216.18,88,4432
394,2023-11-30,40,6,602,401,145.99,23,13003
395,2023-02-08,88,2,602,400,153.72,53,13153
396,2024-03-14,66,4,605,400,154.52,18,5261
397,2022-08-16,5,5,603,402,128.48,98,9121
398,2023-01-07,24,2,602,401,327.34,42,12021
399,2022-04-25,78,8,601,403,304.72,68,14786
400,2022-03-04,71,13,603,403,109.99,10,3121
401,2023-10-16,83,13,605,402,377.92,64,10914
402,2024-04-16,44,9,603,403,107.06,30,8525
403,2022-11-21,24,11,603,403,143.3,99,965
404,2024-07-31,99,9,602,403,247.2,36,7212
405,2025-05-19,35,13,604,401,400.51,75,11197
406,2025-06-13,53,6,603,400,282.4,19,6847
407,2022-05-07,81,7,602,403,235.27,56,1721
408,2023-03-25,34,8,603,400,482.89,46,2031
409,2023-01-15,76,4,604,401,252.5,48,3001
410,2023-07-14,22,2,605,403,404.16,29,8193
411,2022-01-12,10,13,604,401,278.24,78,14040
412,2025-06-06,14,5,601,400,474.43,88,12264
413,2025-03-24,44,13,605,400,226.02,85,6720
414,2022-12-28,40,12,601,402,387.03,72,11787
415,2025-04-04,26,13,604,400,96.01,70,9297
416,2022-12-26,19,8,604,400,271.34,63,1024
417,2024-11-10,76,2,605,402,258.32,25,8879
418,2024-04-07,70,9,602,402,286.33,100,414
419,2022-09-25,57,6,603,400,191.38,32,6967
420,2024-11-22,23,13,601,402,248.29,11,6621
421,2023-12-23,69,5,604,401,117.38,99,11435
422,2022-07-06,68,1,600,403,123.77,33,14847
423,2025-03-12,73,10,604,400,400.6,87,7265
424,2024-03-21,61,13,602,403,339.77,88,3891
425,2022-03-01,81,7,605,400,429.05,70,1602
426,2023-11-04,17,11,602,400,140.01,66,10983
427,2024-07-19,40,3,602,403,98.46,51,12666
428,2022-12-06,86,13,603,400,339.47,32,12291
429,2023-06-09,19,6,602,403,231.2,31,14206
430,2023-01-12,93,10,600,400,65.61,79,12343
431,2024-08-28,70,8,602,403,272.61,24,3183
432,2022-01-06,26,11,601,400,81.58,72,232
433,2024-11-07,50,3,605,400,364.21,91,12477
434,2025-05-25,9,4,601,400,455.44,38,7166
435,2022-07-07,83,5,602,401,473.69,82,3182
436,2023-01-02,9,4,600,402,352.85,12,9321
437,2025-02-12,5,7,601,402,98.42,72,13670
438,2024-04-29,90,10,605,401,389.91,84,11152
439,2022-03-18,53,2,600,401,350.29,67,12031
440,2024-04-30,99,15,600,403,246.71,99,6125
441,2022-12-11,16,3,603,400,490.78,9,6323
442,2024-06-14,90,6,600,402,473.07,70,1618
443,2023-11-13,95,13,605,402,257.79,81,5757
444,2022-05-23,16,5,600,402,377.26,88,11392
445,2022-08-17,95,14,600,402,327.99,87,7660
446,2024-11-27,59,6,605,402,165.95,67,9385
447,2024-05-17,9,6,601,400,437.93,82,13694
448,2022-05-21,80,9,600,403,227.13,49,2867
449,2025-04-20,19,4,600,400,378.88,38,7678
450,2023-02-12,4,13,604,402,340.9,16,7214
451,2022-04-23,3,12,603,400,316.87,47,9390
452,2024-07-04,99,4,603,402,477.37,82,4569
453,2023-06-07,31,15,604,403,158.62,66,14257
454,2025-03-19,71,10,600,403,496.09,40,4181
455,2023-03-31,51,13,604,403,84.39,90,9059
456,2025-05-10,18,6,601,400,255.83,20,10086
457,2022-06-09,15,9,602,402,371.57,50,2212
458,2022-01-22,4,13,602,400,145.2,79,1100
459,2024-06-24,94,10,600,402,496.78,54,3248
460,2024-08-06,76,3,603,400,135.56,52,2382
461,2023-08-13,24,1,602,400,67.74,55,10048
462,2023-04-23,68,1,603,401,423.99,84,9402
463,2025-06-02,93,1,605,403,343.62,21,3957
464,2023-03-24,89,7,603,402,483.37,20,11769
465,2022-12-16,32,13,602,403,461.22,65,3606
466,2025-04-27,89,14,604,401,308.86,16,4590
467,2024-01-19,20,4,605,402,384.42,62,9104
468,2023-02-10,37,3,604,400,408.02,63,9694
469,2022-12-09,45,7,605,400,134.16,53,11276
470,2023-07-11,81,5,603,403,334.32,26,10865
471,2024-02-22,68,7,600,400,338.63,40,9016
472,2025-04-17,96,6,602,401,212.63,38,12373
473,2023-03-11,10,11,601,401,183.99,84,12767
474,2025-06-27,18,6,604,402,210.8,97,2951
475,2024-12-13,85,2,605,401,481.44,29,1766
476,2024-05-14,63,15,600,402,75.26,24,3584
477,2023-08-01,11,8,602,401,171.31,56,11221
478,2024-02-26,56,12,602,400,194.52,35,4776
479,2025-01-04,48,4,602,403,351.49,72,12029
480,2023-10-14,42,12,602,401,460.85,52,4330
481,2023-02-28,71,11,601,401,167.38,60,14234
482,2023-09-20,54,3,600,403,108.86,63,12765
483,2025-06-24,31,5,603,401,224.04,69,14759
484,2024-08-28,19,8,603,403,331.3,17,4974
485,2024-01-12,50,15,603,400,281.16,34,4941
486,2023-07-25,66,15,604,400,82.27,88,10025
487,2023-04-15,50,1,600,403,52.92,56,9141
488,2023-01-03,75,9,603,401,302.4,84,4269
489,2023-01-19,79,9,604,400,456.94,17,2832
490,2024-08-22,68,14,602,401,428.97,27,5777
491,2022-12-27,96,4,602,401,346.58,27,13531
492,2025-03-12,87,10,600,401,309.03,88,7727
493,2023-11-14,88,3,604,403,179.63,96,12478
494,2022-12-12,38,4,604,402,237.57,71,11850
495,2023-11-13,92,9,605,401,119.73,37,6314
496,2024-05-24,56,3,605,400,487.84,100,14426
497,2024-03-22,74,7,605,401,367.65,36,5990
498,2025-02-01,73,10,602,403,104.93,65,5566
499,2022-08-04,81,6,604,401,461.77,69,6522
500,2025-03-14,48,2,602,400,58.29,53,13032
501,2025-02-25,83,3,604,400,198.59,33,4055
502,2023-03-04,14,5,601,402,366.88,43,11038
503,2025-02-18,51,3,605,402,410.9,96,10800
504,2023-01-30,16,8,602,403,383.17,46,6687
505,2022-12-11,24,7,605,403,439.53,43,12249
506,2023-11-25,39,4,605,400,306.36,39,2104
507,2023-04-12,65,5,602,403,303.14,66,290
508,2024-09-18,27,12,605,403,455.24,84,5034
509,2023-02-11,86,13,604,403,424.86,13,3239
510,2024-03-03,82,5,604,401,435.91,76,8318
511,2024-03-01,44,2,602,402,86.24,65,8976
512,2022-03-07,7,13,605,400,469.96,62,14235
513,2022-04-23,28,13,605,402,294.22,67,5525
514,2024-11-28,3,4,600,401,261.61,50,14970
515,2024-02-17,83,5,600,400,379.68,8,7513
516,2023-08-22,54,12,604,402,97.3,10,4590
517,2022-07-23,16,12,600,402,110.66,62,1739
518,2024-08-07,70,1,601,400,354.99,96,9396
519,2022-05-22,76,13,603,403,366.73,26,9420
520,2025-06-18,59,13,601,402,282.5,81,7618
521,2023-03-02,14,8,603,403,115.8,90,4196
522,2024-10-17,2,1,603,402,86.76,35,4722
523,2025-05-22,56,4,601,402,433.06,92,2228
524,2024-12-22,20,6,603,401,274.9,28,8598
525,2024-01-24,6,6,600,402,410.66,77,9081
526,2022-03-21,97,15,605,401,324.67,88,2852
527,2023-08-19,87,13,603,402,175.32,86,6004
528,2024-03-23,42,4,601,401,282.66,76,4529
529,2023-01-12,33,1,601,402,84.93,38,284
530,2024-02-26,32,6,600,400,243.64,79,13866
531,2022-12-23,48,3,602,402,355.07,75,10806
532,2023-04-05,78,5,604,401,334.29,23,4868
533,2022-02-17,72,1,601,400,436.79,52,2052
534,2024-04-01,4,6,601,403,93.08,77,14537
535,2022-09-23,42,8,602,400,494.38,21,8905
536,2022-10-24,8,12,604,402,300.89,65,8630
537,2022-06-14,12,9,601,403,305.21,73,13238
538,2023-01-02,55,2,605,402,343.02,69,11110
539,2024-06-03,51,15,601,402,380.86,5,14242
540,2025-04-02,21,11,604,403,100.15,20,1621
541,2023-09-28,28,1,603,401,205.84,76,5065
542,2023-02-11,1,14,604,400,322.65,15,13330
543,2024-01-23,38,12,605,401,137.32,85,8059
544,2022-10-10,62,15,600,401,72.6,54,7667
545,2024-04-23,44,3,605,402,116.54,97,8715
546,2024-04-06,66,14,600,402,138.42,35,10857
547,2024-04-28,91,11,605,402,451.92,79,3478
548,2025-05-18,97,12,602,401,429.65,41,10052
549,2023-11-09,44,10,601,403,136.45,64,2202
550,2022-04-12,22,13,603,402,76.86,44,8273
551,2023-10-19,9,14,602,400,261.81,81,2196
552,2025-05-18,88,5,601,402,85.08,5,3390
553,2023-07-23,34,7,600,403,278.25,5,9158
554,2025-05-20,26,5,602,400,220.32,75,3084
555,2024-11-20,5,14,601,401,281.29,69,13263
556,2024-04-11,91,4,605,400,198.32,49,14533
557,2025-03-27,86,12,602,402,431.53,56,14843
558,2022-12-08,6,11,604,401,398.47,69,5765
559,2024-08-26,64,13,601,400,466.27,7,4974
560,2023-06-19,55,15,605,400,442.82,12,7844
561,2023-01-08,97,6,600,403,72.76,43,6759
562,2023-12-30,48,12,605,401,184.98,89,7362
563,2023-11-23,52,2,604,403,162.2,89,3182
564,2023-03-16,62,12,602,402,319.94,81,13670
565,2024-06-25,4,14,605,401,432.45,53,12605
566,2024-07-16,66,6,602,402,245.53,9,4926
567,2023-11-13,17,4,601,401,355.74,55,2149
568,2024-06-29,62,11,605,402,407.8,84,1634
569,2023-10-11,24,3,600,403,477.61,22,6848
570,2024-07-15,16,2,604,402,111.28,99,470
571,2025-06-28,69,8,600,401,443.92,68,1358
572,2023-06-08,58,14,602,401,323.1,87,8652
573,2022-11-19,12,11,603,402,433.12,45,13880
574,2022-08-23,63,5,603,402,430.91,5,14120
575,2025-01-14,91,13,602,403,61.77,49,12317
576,2023-05-28,73,9,605,403,488.08,36,8471
577,2023-10-04,45,10,602,400,184.31,39,5547
578,2025-02-25,58,14,605,401,452.68,77,2990
579,2023-01-08,32,9,605,401,232.05,100,10918
580,2025-05-28,81,15,603,400,248.25,53,3760
581,2024-01-20,86,4,601,400,53.33,62,1710
582,2023-10-10,64,13,605,402,83.26,32,14241
583,2024-09-11,41,4,602,401,209.17,58,563
584,2025-05-03,90,12,601,400,155.66,13,11408
585,2024-09-22,84,9,600,402,431.81,8,4330
586,2025-06-05,12,14,603,401,474.05,79,3938
587,2022-06-06,91,1,605,400,341.39,79,1889
588,2024-04-16,97,12,600,403,182.47,64,974
589,2022-10-04,52,6,600,401,181.62,67,4247
590,2025-05-23,36,3,605,401,231.64,9,13727
591,2022-03-22,89,8,605,402,55.94,21,14163
592,2024-10-31,94,14,602,403,168.25,58,2299
593,2024-08-11,2,11,604,403,111.58,22,8212
594,2022-11-01,23,13,600,400,368.6,85,11913
595,2022-05-08,20,1,603,402,323.83,42,13450
596,2023-03-09,87,3,601,401,282.06,38,3950
597,2022-06-26,64,9,604,400,154.33,90,8582
598,2022-06-05,67,10,602,401,453.13,11,2489
599,2022-12-02,38,11,601,400,276.49,18,6228
600,2023-02-20,21,9,600,400,207.49,19,8094
601,2024-08-19,73,15,602,400,170.64,70,6629
602,2024-09-24,9,12,604,401,151.37,19,5603
603,2023-07-10,28,9,601,401,492.25,87,12275
604,2024-12-16,57,7,601,400,227.66,41,6407
605,2025-02-01,14,9,604,400,320.79,53,5799
606,2024-10-26,78,15,602,401,367.62,92,5154
607,2022-01-22,1,11,603,401,342.32,42,5007
608,2023-02-02,56,5,602,400,154.73,99,2293
609,2022-10-10,51,3,603,400,64.22,11,5463
610,2024-06-27,54,3,604,403,494.41,39,6581
611,2024-06-20,84,7,601,402,475.66,49,829
612,2025-05-09,11,5,602,400,488.7,9,11074
613,2024-09-19,23,7,604,402,68.6,15,13889
614,2024-04-18,81,7,602,402,243.89,22,10580
615,2023-07-14,9,2,600,400,370.4,72,1124
616,2023-11-18,1,5,604,403,129.05,6,8597
617,2023-06-21,38,4,604,400,169.75,73,14797
618,2024-04-12,37,8,605,401,466.5,71,8811
619,2023-11-01,76,15,603,403,175.11,38,3123
620,2023-12-05,37,12,600,400,240.38,78,978
621,2022-08-25,13,3,601,403,352.82,41,3859
622,2022-11-27,95,9,601,402,407.79,23,12301
623,2024-03-04,21,12,601,403,57.74,80,4165
624,2022-08-01,29,9,604,402,177.53,66,2734
625,2022-01-28,37,4,602,403,151.29,37,2809
626,2022-05-27,92,14,601,403,412.64,16,7401
627,2022-03-09,3,3,603,401,90.96,68,13095
628,2024-03-01,54,5,601,403,162.02,60,7168
629,2023-10-12,89,12,600,401,92.71,46,11231
630,2023-06-15,11,9,603,400,273.88,45,1565
631,2024-08-22,10,14,603,401,435.92,83,4241
632,2023-05-27,93,10,604,402,248.87,11,4820
633,2022-11-13,92,7,600,402,376.87,18,179
634,2024-10-29,40,10,600,400,267.14,85,2457
635,2023-01-13,67,9,601,402,71.74,59,12447
636,2025-04-24,30,5,605,402,236.15,80,7369
637,2024-10-08,76,11,603,402,188.67,23,6973
638,2024-03-06,6,11,605,400,292.76,56,3014
639,2024-02-19,86,8,601,400,417.42,32,13295
640,2025-03-21,11,7,605,403,213.49,44,14799
641,2023-05-30,9,15,600,401,334.98,21,11971
642,2025-03-04,26,7,603,400,156.38,43,12701
643,2024-04-28,56,8,605,400,461.0,66,5416
644,2022-11-26,2,14,604,402,339.25,11,1992
645,2023-09-17,76,9,604,401,239.3,15,12343
646,2023-02-28,70,9,602,401,129.6,8,2969
647,2024-06-19,98,8,600,403,371.52,18,11340
648,2022-08-07,89,1,601,402,192.22,45,2289
649,2023-12-23,12,10,605,402,79.91,12,4944
650,2023-03-05,47,2,600,403,185.34,58,3629
651,2022-11-20,63,10,600,401,146.95,9,1830
652,2023-04-12,50,2,600,403,425.98,34,4257
653,2024-09-29,19,2,604,403,310.7,79,11476
654,2022-12-25,71,5,605,400,196.48,66,14866
655,2022-06-26,70,5,601,402,159.91,94,6768
656,2023-03-12,18,2,600,403,452.89,87,5349
657,2024-11-20,5,1,602,403,405.38,33,11028
658,2025-02-10,100,13,605,401,197.38,74,11315
659,2022-03-11,7,12,604,402,446.18,13,2190
660,2025-03-30,64,2,600,403,373.92,97,4934
661,2025-03-01,62,5,600,401,314.37,44,11449
662,2022-03-02,9,14,604,403,271.94,53,11098
663,2023-03-13,94,2,604,400,401.27,52,7558
664,2023-09-10,91,5,605,402,227.99,42,6868
665,2024-10-08,78,1,604,401,240.56,64,9528
666,2025-04-28,31,1,602,403,139.52,22,12278
667,2022-08-13,95,5,602,400,106.8,86,14848
668,2025-01-21,15,4,605,401,281.81,87,3581
669,2024-12-30,13,1,602,401,251.68,90,2069
670,2023-11-11,26,4,603,401,256.0,84,1814
671,2023-11-20,3,13,600,402,288.77,58,1520
672,2022-09-13,26,12,604,401,359.97,29,13017
673,2025-05-10,76,10,605,403,429.38,27,7434
674,2023-06-13,17,1,603,400,193.09,96,4504
675,2023-06-21,50,3,600,401,466.62,64,3719
676,2023-09-09,34,12,603,402,318.38,98,8243
677,2022-10-06,20,9,602,403,397.39,94,2910
678,2025-03-25,57,4,605,401,319.99,38,4932
679,2024-05-22,87,13,604,402,197.74,57,10859
680,2022-05-14,94,13,604,400,195.55,90,8749
681,2024-05-18,16,12,604,402,452.36,100,14355
682,2024-05-03,8,6,600,403,227.79,63,6889
683,2023-09-27,45,8,605,402,77.26,42,716
684,2023-03-10,27,6,600,402,321.7,89,11167
685,2023-09-07,80,12,600,400,153.63,96,12440
686,2024-09-16,36,12,604,400,437.48,57,10164
687,2024-08-01,74,3,605,403,79.57,90,8863
688,2024-08-12,30,7,600,400,322.77,86,5787
689,2023-12-11,63,5,604,400,137.89,13,3399
690,2023-01-29,8,15,604,402,466.03,47,4584
691,2025-02-22,100,11,602,400,307.68,28,8746
692,2024-07-11,20,4,601,403,238.43,80,2592
693,2023-05-28,61,9,602,402,288.53,30,117
694,2022-07-16,28,15,600,403,62.05,64,9221
695,2022-01-31,15,1,605,400,207.86,65,6707
696,2023-12-26,46,3,600,400,380.21,78,742
697,2023-12-08,75,12,603,401,473.15,57,11255
698,2022-02-06,22,1,601,400,463.63,97,8894
699,2025-03-19,2,4,601,401,473.38,28,6984
700,2025-03-28,26,12,601,400,431.37,38,7513
701,2025-01-18,38,8,602,401,384.13,54,3293
702,2023-01-31,68,11,604,401,486.02,17,5203
703,2024-11-11,87,2,601,401,299.39,68,8243
704,2024-10-24,34,9,603,403,336.99,100,865
705,2024-10-09,94,8,602,402,94.46,26,7974
706,2025-05-14,60,14,605,400,407.67,35,7913
707,2022-08-05,31,7,604,401,408.03,5,11313
708,2024-07-26,78,7,604,402,497.44,71,5544
709,2024-09-29,66,6,602,401,311.73,91,12123
710,2024-07-24,43,3,601,402,130.21,81,3562
711,2025-06-15,51,1,605,403,312.16,28,11666
712,2022-05-29,46,8,601,400,66.74,74,230
713,2024-06-02,24,15,602,401,481.24,30,5681
714,2024-08-18,93,6,601,402,75.69,72,5752
715,2023-08-27,41,3,604,401,447.14,24,3406
716,2022-09-02,19,10,605,402,227.25,92,13070
717,2024-07-01,63,14,604,401,431.63,74,867
718,2024-01-01,93,2,603,401,273.15,44,1330
719,2024-06-01,65,3,601,402,250.95,99,9076
720,2023-01-12,40,9,604,401,122.02,12,5790
721,2022-03-15,58,9,604,401,102.16,30,14010
722,2025-02-01,9,4,602,401,426.04,37,6476
723,2022-12-19,70,11,604,400,373.93,63,4366
724,2023-10-15,33,5,600,401,62.71,92,14222
725,2023-11-11,99,8,605,403,471.19,99,1185
726,2024-08-03,91,15,605,403,53.09,85,10713
727,2024-08-26,16,7,601,402,194.1,24,7195
728,2023-11-02,63,3,602,400,66.48,31,13126
729,2025-01-16,1,10,604,402,459.6,73,3322
730,2022-04-11,19,13,600,401,82.23,89,12364
731,2024-11-21,9,8,605,401,312.53,56,8894
732,2023-01-20,27,5,604,401,293.83,47,2127
733,2022-04-13,49,14,602,403,275.95,6,1014
734,2024-10-29,29,1,602,403,243.18,7,5480
735,2023-04-03,11,13,600,401,81.42,58,6705
736,2024-03-11,65,5,601,401,416.13,39,7220
737,2022-10-15,1,4,605,400,379.97,95,1090
738,2022-02-19,95,5,602,402,170.79,80,2876
739,2022-10-11,60,7,602,403,241.61,53,733
740,2022-12-07,2,15,605,401,139.17,54,10974
741,2024-11-13,25,1,601,401,286.91,9,12652
742,2022-04-30,96,4,601,403,145.93,87,3328
743,2025-06-01,58,14,605,403,241.73,30,12642
744,2022-02-02,43,7,601,402,169.1,29,4472
745,2025-03-06,92,13,604,401,121.6,94,14463
746,2023-01-16,64,1,600,403,192.93,70,6229
747,2022-01-20,36,14,605,402,123.6,61,464
748,2023-08-06,38,10,605,400,106.48,52,846
749,2025-05-13,36,15,603,403,302.51,77,10774
750,2023-10-08,1,2,601,402,326.03,35,670
751,2022-12-01,93,15,604,403,391.01,76,1604
752,2022-05-29,79,4,605,400,187.44,10,1845
753,2024-11-30,34,4,604,403,77.61,13,6336
754,2022-07-06,97,3,604,400,164.16,72,7759
755,2023-03-20,15,8,603,403,325.36,55,12645
756,2023-08-17,46,10,603,402,400.44,91,12756
757,2024-01-30,90,8,602,403,230.03,55,11952
758,2023-03-06,35,7,600,402,228.58,34,6427
759,2023-01-22,92,4,600,401,196.78,38,10796
760,2022-09-08,18,14,603,400,398.94,62,13700
761,2022-02-14,5,15,605,400,480.62,63,1818
762,2023-01-19,14,7,600,400,134.61,61,11979
763,2023-12-16,71,15,600,403,155.9,23,503
764,2023-12-22,79,7,600,403,181.69,6,9177
765,2023-06-01,82,15,605,400,334.01,63,11357
766,2022-07-08,71,14,602,401,78.71,95,9439
767,2024-11-19,62,2,604,402,328.17,81,791
768,2023-06-07,39,7,602,400,418.15,94,7389
769,2023-06-09,43,9,602,400,206.19,72,11718
770,2023-05-17,70,13,601,400,227.44,84,11767
771,2025-01-08,68,13,600,400,57.47,8,12690
772,2023-08-10,46,13,601,403,439.11,67,4878
773,2023-08-18,35,9,605,400,337.36,52,11559
774,2022-07-03,25,7,604,402,453.73,26,5743
775,2023-11-01,30,14,604,403,58.56,62,1422
776,2024-12-30,3,9,603,402,288.84,11,12954
777,2024-08-02,96,8,604,401,122.89,64,5904
778,2022-08-14,13,1,601,401,125.74,9,319
779,2024-02-22,33,12,605,400,473.84,9,6272
780,2024-08-01,12,12,602,403,275.09,96,4162
781,2024-03-21,95,11,605,403,381.31,78,4728
782,2024-09-09,19,10,601,401,419.6,100,10990
783,2022-02-04,18,1,604,401,418.52,17,14031
784,2022-03-08,75,13,602,401,201.28,67,5951
785,2022-02-06,48,15,602,403,473.15,75,4913
786,2022-07-27,34,15,603,400,470.37,33,4517
787,2022-07-11,62,2,601,403,349.35,27,8121
788,2023-02-06,94,7,601,402,184.75,66,10863
789,2025-04-10,9,10,605,403,314.59,94,267
790,2023-09-13,27,12,601,402,419.15,24,4266
791,2023-10-13,33,2,601,403,110.42,83,6936
792,2022-01-31,32,2,604,401,111.0,56,11493
793,2024-09-22,74,12,602,400,71.08,38,13141
794,2023-09-21,3,1,604,402,223.62,41,10470
795,2023-11-10,93,4,604,402,290.62,42,2134
796,2023-09-05,74,6,600,400,205.81,14,2302
797,2024-10-19,32,9,600,402,53.36,6,7066
798,2024-03-01,98,1,600,402,459.17,63,7716
799,2025-06-09,5,10,600,402,224.17,50,1741
800,2024-03-09,43,5,604,402,497.59,41,6220
801,2022-10-21,20,10,605,403,431.74,36,8448
802,2022-02-17,70,10,604,402,351.21,66,3036
803,2022-06-25,48,1,601,400,108.94,79,3126
804,2024-10-17,31,8,605,402,185.38,71,3229
805,2022-12-09,100,3,605,402,328.4,58,11243
806,2023-08-22,1,10,604,401,60.25,18,5270
807,2024-05-14,48,8,604,401,59.34,62,10321
808,2024-10-10,24,11,605,400,64.44,42,6174
809,2022-09-30,39,2,601,403,68.5,76,6206
810,2022-10-14,94,4,602,401,66.94,64,4670
811,2024-03-01,2,6,605,402,497.11,57,4692
812,2023-11-28,21,3,600,401,330.2,99,12960
813,2023-10-20,8,11,603,402,174.05,83,10208
814,2022-05-03,42,15,600,402,351.11,78,1134
815,2024-03-08,79,10,600,401,349.19,24,10646
816,2024-05-04,8,10,600,402,483.67,100,5479
817,2022-12-28,28,6,604,401,163.41,83,3161
818,2025-01-23,71,10,605,401,410.8,64,4620
819,2024-09-13,10,12,602,401,203.77,38,13133
820,2024-09-23,34,14,602,403,168.83,33,3575
821,2024-11-04,15,6,600,403,56.9,80,8224
822,2023-09-16,62,15,602,401,251.8,68,4698
823,2022-11-27,87,2,602,400,420.13,54,801
824,2025-05-01,39,15,605,401,150.42,44,13709
825,2024-08-14,93,3,604,400,88.87,36,5917
826,2023-04-04,46,14,604,403,390.72,42,14804
827,2022-09-26,51,3,601,402,400.78,24,9490
828,2024-04-14,52,9,600,400,448.41,23,11836
829,2024-06-05,47,14,605,403,129.88,36,5292
830,2022-07-26,24,2,604,401,189.77,31,12984
831,2023-11-27,95,11,604,401,55.29,23,12619
832,2023-02-16,20,3,604,402,245.16,6,5545
833,2022-01-19,24,4,604,400,387.52,5,11347
834,2022-10-15,68,14,601,403,95.22,32,4707
835,2022-05-12,48,14,605,403,203.59,97,12176
836,2024-12-03,74,14,601,403,434.16,95,13513
837,2022-02-05,2,6,601,402,422.34,96,10033
838,2023-07-31,25,12,602,402,361.27,33,10137
839,2022-03-31,62,8,601,403,240.21,99,3984
840,2022-12-15,12,12,602,401,205.21,82,9867
841,2023-04-02,83,12,602,402,373.06,66,1712
842,2024-12-17,91,7,601,401,252.5,26,10369
843,2023-01-23,3,4,603,403,288.13,58,8793
844,2022-04-06,96,3,604,400,190.44,11,13403
845,2025-04-15,31,15,601,403,247.78,50,8087
846,2024-12-02,30,15,602,402,243.83,20,456
847,2024-10-22,75,6,600,400,76.52,24,8135
848,2024-10-05,29,7,600,401,83.76,83,13159
849,2025-03-02,14,10,605,400,240.5,95,557
850,2023-01-07,29,10,601,402,224.97,96,5667
851,2022-11-29,5,10,603,402,440.14,43,615
852,2022-05-13,96,5,604,403,95.66,77,1694
853,2022-02-14,16,12,602,401,496.58,88,6802
854,2023-02-26,72,9,604,403,116.81,25,12032
855,2022-10-29,72,6,604,401,475.64,42,12169
856,2023-11-15,65,13,601,401,73.67,83,10444
857,2022-11-05,27,4,605,400,123.28,22,13604
858,2024-05-12,32,4,603,401,77.77,35,6664
859,2024-12-18,35,1,600,403,140.27,38,7657
860,2022-01-28,19,8,602,400,278.26,13,9616
861,2024-12-29,8,10,602,401,213.19,78,8183
862,2025-03-21,2,10,601,402,428.15,72,11981
863,2025-04-16,46,13,603,403,350.81,13,7625
864,2024-03-12,35,12,601,403,205.66,82,3208
865,2022-01-31,1,8,600,400,225.51,91,2690
866,2025-03-14,19,15,602,403,187.14,47,8983
867,2024-01-29,73,12,603,402,131.77,57,8701
868,2024-05-08,75,13,602,400,333.02,30,5011
869,2024-01-10,98,11,603,402,295.45,98,6601
870,2025-01-10,95,1,600,401,323.88,88,3755
871,2024-07-24,63,2,604,403,350.05,88,3247
872,2022-11-30,42,12,600,400,262.3,7,11359
873,2023-09-10,16,1,603,402,393.34,74,2694
874,2022-11-10,55,1,603,403,426.61,13,12904
875,2023-10-15,86,9,600,403,456.2,48,13215
876,2024-03-22,79,13,605,401,84.89,52,6677
877,2024-01-30,28,5,601,403,236.18,42,1672
878,2023-04-27,1,8,605,400,197.5,53,1790
879,2022-01-25,79,6,605,400,337.44,11,10988
880,2024-01-14,33,8,602,402,247.81,68,2394
881,2023-11-17,83,5,601,400,106.68,5,1834
882,2024-07-02,29,4,603,403,356.36,29,7228
883,2022-11-04,42,4,603,403,127.74,64,10843
884,2024-07-21,12,3,602,403,240.53,39,14635
885,2025-05-14,35,7,605,400,459.75,26,2521
886,2022-10-06,69,14,604,401,420.65,78,11126
887,2023-05-22,93,6,601,401,216.08,18,13668
888,2022-06-08,21,13,605,403,434.76,23,8161
889,2023-01-30,98,12,604,400,95.14,6,1607
890,2022-10-20,84,14,605,402,82.82,15,3368
891,2024-10-22,52,3,603,403,401.86,60,14258
892,2025-06-11,12,15,602,401,497.34,25,2016
893,2023-02-16,68,12,601,402,132.55,19,12572
894,2022-02-26,99,1,605,401,377.84,31,8383
895,2024-05-02,48,11,604,402,177.19,27,3731
896,2022-08-18,64,5,600,401,435.6,29,11736
897,2023-07-13,23,12,604,401,140.15,83,3425
898,2024-12-12,55,12,600,402,319.94,7,5781
899,2025-04-02,71,11,600,400,256.07,79,10448
900,2023-08-05,60,3,600,403,83.58,83,5453
901,2022-08-10,18,1,604,401,274.8,60,7465
902,2025-03-07,21,4,603,401,110.45,66,8734
903,2022-12-06,37,1,600,400,386.61,40,4692
904,2025-02-25,18,9,600,400,92.28,30,10785
905,2022-07-14,30,14,605,401,304.29,89,9179
906,2025-02-26,44,1,602,403,444.12,11,11792
907,2025-04-10,73,6,605,401,445.72,59,6427
908,2024-05-27,6,8,604,402,290.66,23,3193
909,2025-03-19,6,15,604,402,401.04,59,13661
910,2023-01-07,17,8,604,402,180.47,26,2829
911,2023-07-30,33,14,604,400,71.15,63,8281
912,2022-04-05,34,9,602,402,466.69,32,9028
913,2023-07-15,35,1,604,400,335.46,23,13122
914,2024-02-23,69,11,604,400,161.58,30,14423
915,2025-05-04,46,12,600,400,169.29,99,12731
916,2024-10-11,63,2,604,401,271.64,13,11411
917,2023-04-19,76,13,605,403,244.84,9,12429
918,2024-06-21,63,2,604,403,284.16,44,13997
919,2022-12-25,82,10,602,402,256.63,32,8116
920,2023-05-18,81,13,602,402,455.94,87,530
921,2023-07-12,2,6,605,401,283.56,100,1209
922,2025-04-27,53,1,600,401,149.52,28,3173
923,2023-04-21,20,3,602,401,353.05,33,1173
924,2022-11-23,3,12,603,401,199.62,45,6304
925,2022-04-22,94,7,605,401,173.69,52,1175
926,2022-07-19,58,9,602,401,357.61,62,481
927,2023-04-26,93,8,602,400,366.1,49,13449
928,2022-09-22,90,6,602,402,206.28,86,8027
929,2025-02-24,13,8,605,400,93.29,44,13381
930,2023-10-09,45,3,601,402,238.26,7,4044
931,2023-02-18,35,14,603,402,369.41,70,9645
932,2025-05-23,26,12,601,402,332.61,15,7906
933,2022-06-04,87,4,604,401,454.56,17,13552
934,2024-08-24,35,14,601,400,416.25,28,1698
935,2025-04-27,6,6,604,400,98.56,32,5453
936,2023-01-08,95,10,600,401,54.94,73,12735
937,2025-06-04,5,14,602,402,403.49,8,1084
938,2023-11-01,58,9,605,401,68.26,9,14266
939,2024-07-06,93,14,601,401,149.01,82,10061
940,2025-01-31,74,1,605,402,152.82,9,3338
941,2023-08-02,78,11,604,403,432.8,77,9066
942,2024-06-28,93,2,602,403,300.93,36,14329
943,2023-12-15,27,9,603,402,128.07,26,7042
944,2024-09-17,57,14,602,400,210.02,42,13517
945,2022-10-04,17,4,603,401,235.83,96,1247
946,2023-02-08,82,9,601,401,327.16,79,1413
947,2024-06-18,67,9,600,401,114.97,22,11568
948,2025-06-02,55,12,600,402,256.05,22,7453
949,2024-12-30,74,13,603,402,129.01,10,8374
950,2024-07-06,36,3,604,403,232.34,47,9869
951,2025-04-12,100,13,602,403,227.28,73,11476
952,2022-06-13,15,13,600,400,69.6,68,3473
953,2025-02-25,19,1,605,402,460.71,29,1318
954,2023-07-11,15,11,603,403,394.51,28,12923
955,2022-06-27,95,10,605,401,60.93,10,386
956,2022-01-30,24,3,601,403,63.35,19,6730
957,2022-08-09,7,2,602,400,384.91,99,10212
958,2023-03-14,85,6,604,400,174.38,36,8791
959,2024-03-20,49,5,604,402,458.02,34,11914
960,2023-09-18,9,15,605,401,409.8,15,7099
961,2024-04-09,29,3,603,403,105.55,5,5068
962,2023-09-05,30,5,603,400,256.0,42,3679
963,2023-10-08,90,13,604,400,230.37,61,3798
964,2023-07-23,43,4,605,401,224.28,5,8021
965,2023-05-08,23,11,600,403,452.39,54,321
966,2024-02-15,23,15,604,401,398.49,70,8246
967,2023-08-08,33,14,601,400,130.93,20,6479
968,2025-02-12,7,9,604,401,312.04,13,2344
969,2022-12-11,45,9,600,403,459.18,61,11225
970,2023-09-14,29,2,603,401,59.31,97,14233
971,2023-06-26,92,3,600,403,372.84,41,8233
972,2022-01-15,4,12,602,400,67.47,14,6978
973,2022-04-02,7,10,600,403,196.46,38,10540
974,2023-08-07,95,2,604,400,450.55,61,1171
975,2025-02-07,18,8,602,400,349.31,85,9227
976,2024-04-01,96,11,603,402,177.6,48,6541
977,2024-06-08,94,13,602,402,327.76,95,8543
978,2025-06-15,27,13,605,402,369.97,59,13798
979,2023-01-18,79,6,604,401,369.29,74,2644
980,2024-04-16,78,15,600,403,160.97,41,9692
981,2025-05-16,76,14,603,402,407.71,66,12029
982,2023-01-03,37,3,605,401,250.0,17,12513
983,2022-02-10,61,3,601,401,468.95,63,7477
984,2025-01-05,98,15,604,402,422.7,7,10323
985,2022-11-20,13,11,601,402,104.63,38,7114
986,2024-07-03,40,15,602,400,459.26,92,11480
987,2023-06-22,3,11,602,401,241.42,54,5909
988,2022-01-04,33,9,605,402,497.72,50,4527
989,2024-03-21,74,5,603,401,376.98,32,8004
990,2023-10-16,94,1,604,401,434.46,35,9850
991,2024-12-18,54,7,605,403,204.01,11,8329
992,2025-04-18,49,12,601,402,52.57,86,7837
993,2022-07-19,67,9,604,401,372.0,32,11911
994,2024-12-12,37,14,603,400,159.76,6,9377
995,2022-10-22,36,8,601,402,55.04,56,11595
996,2022-11-02,68,7,605,400,230.1,5,1052
997,2023-11-21,79,5,602,401,379.47,31,13399
998,2022-07-06,78,4,605,403,344.09,80,9262
999,2024-05-24,16,9,602,400,403.56,16,11677
1000,2023-05-09,44,5,603,402,266.37,21,8386
1001,2025-01-24,45,9,601,400,96.59,24,12671
1002,2024-02-15,73,14,600,403,444.1,10,7265
1003,2022-10-19,68,14,603,402,348.81,59,2630
1004,2023-02-06,25,14,603,403,300.83,72,5523
1005,2023-08-20,95,12,605,400,233.22,65,6247
1006,2024-07-22,62,4,602,402,416.05,49,5109
1007,2024-10-07,36,4,603,402,243.23,10,14825
1008,2023-02-26,86,3,604,403,394.44,36,3117
1009,2023-09-18,40,2,603,402,479.0,23,8930
1010,2023-04-09,7,13,605,402,358.01,16,1325
1011,2023-08-14,44,7,600,402,174.0,56,1141
1012,2023-04-13,4,10,600,403,494.64,89,6696
1013,2025-01-24,79,10,605,400,350.95,59,14464
1014,2023-08-24,83,14,602,403,96.29,88,9796
1015,2022-11-20,60,4,601,403,154.77,50,3050
1016,2023-05-06,59,5,604,402,243.31,56,1049
1017,2024-11-21,59,1,602,400,249.15,98,10243
1018,2023-11-09,1,14,601,401,420.13,99,4727
1019,2024-02-03,90,6,604,402,494.06,21,1413
1020,2024-06-19,22,11,605,401,389.87,77,3563
1021,2022-08-16,11,12,600,403,121.99,87,8496
1022,2023-07-04,59,8,603,403,109.46,93,2381
1023,2025-02-14,71,9,602,402,467.97,25,10198
1024,2022-04-25,41,1,603,402,417.42,24,593
1025,2024-11-24,75,15,602,400,152.94,34,6796
1026,2024-12-13,82,10,603,401,340.42,15,3616
1027,2024-11-17,93,3,605,402,172.72,63,9313
1028,2022-07-27,2,1,600,401,474.0,53,1183
1029,2025-02-13,61,10,604,402,68.94,52,1342
1030,2024-06-28,69,6,604,400,140.33,87,9506
1031,2022-11-11,68,12,600,400,159.39,92,14820
1032,2024-08-11,21,5,601,400,338.33,34,3117
1033,2022-04-07,19,4,600,403,105.24,95,8664
1034,2024-04-16,82,3,604,400,295.08,77,10789
1035,2023-12-18,42,6,602,402,280.28,81,12702
1036,2024-03-23,11,12,604,403,214.96,74,13169
1037,2022-04-02,69,14,605,401,234.85,96,4468
1038,2024-04-12,44,12,601,402,145.06,59,6476
1039,2023-11-17,20,4,603,401,451.4,49,6631
1040,2024-04-13,37,11,600,400,153.37,48,919
1041,2023-07-09,18,10,601,401,384.78,70,5546
1042,2022-12-22,17,5,600,401,219.27,36,5854
1043,2022-06-18,33,8,601,403,231.12,27,14271
1044,2025-02-06,97,7,603,400,373.26,57,14117
1045,2022-08-05,51,15,604,400,332.05,7,5338
1046,2022-11-23,43,5,604,402,241.8,20,6014
1047,2023-10-12,49,11,601,403,159.17,51,6180
1048,2024-04-17,94,2,600,401,174.53,30,13517
1049,2023-07-31,3,10,604,403,398.05,45,1736
1050,2023-08-30,48,15,600,403,90.47,44,14010
1051,2023-06-12,7,1,603,400,221.2,57,7769
1052,2025-04-29,60,14,601,403,73.47,25,8998
1053,2024-12-16,1,14,604,403,346.21,37,10588
1054,2024-04-27,94,6,605,401,216.6,48,149
1055,2023-09-26,81,4,600,403,443.32,35,7821
1056,2024-01-21,46,6,604,402,85.69,89,12134
1057,2022-09-07,84,5,604,401,350.23,5,13121
1058,2022-04-29,6,12,601,400,191.04,18,2415
1059,2022-12-05,63,3,600,403,272.35,95,4376
1060,2022-06-25,63,7,603,401,188.05,47,2422
1061,2022-06-09,20,1,602,402,194.76,60,13848
1062,2022-09-11,52,4,604,400,207.68,83,6960
1063,2025-03-05,51,14,601,402,54.68,99,582
1064,2023-07-19,87,13,605,403,142.11,98,6981
1065,2024-05-09,42,1,601,403,379.55,52,14598
1066,2024-01-20,96,9,603,401,298.55,44,5424
1067,2022-09-01,64,6,600,403,381.33,81,7514
1068,2023-01-11,91,13,601,401,498.56,88,9487
1069,2024-10-27,15,6,602,403,146.44,81,6413
1070,2024-01-10,73,12,602,403,481.98,65,9917
1071,2023-03-21,7,11,601,402,328.39,86,1073
1072,2024-06-04,98,12,604,402,266.99,87,9575
1073,2022-12-08,27,15,601,400,432.19,90,748
1074,2022-04-19,21,4,602,400,342.37,22,9007
1075,2023-07-26,56,11,604,400,145.31,100,3772
1076,2022-09-16,65,3,602,403,314.5,78,4713
1077,2023-01-05,42,14,603,401,306.09,11,696
1078,2024-12-03,57,8,602,400,480.98,65,11871
1079,2024-03-02,61,15,604,401,337.47,79,9288
1080,2022-09-15,19,14,602,400,241.13,71,13980
1081,2023-07-04,21,6,604,400,354.08,95,3787
1082,2024-11-12,78,3,602,400,149.84,16,788
1083,2024-04-01,8,13,604,401,61.9,72,6962
1084,2023-08-19,84,13,602,402,454.05,30,10413
1085,2022-07-29,79,12,603,400,344.8,78,7517
1086,2024-05-15,67,3,605,400,410.6,95,11589
1087,2023-03-19,35,5,600,401,424.06,98,2086
1088,2024-03-07,81,9,600,403,81.39,10,14381
1089,2022-04-12,80,3,605,402,264.59,74,10412
1090,2022-05-11,40,6,600,403,145.58,31,8389
1091,2025-02-03,82,9,603,400,145.81,40,8678
1092,2022-10-25,10,13,600,403,186.27,65,6033
1093,2025-06-11,20,1,600,400,323.77,12,3555
1094,2022-02-23,32,14,601,400,319.09,32,3291
1095,2025-05-04,91,6,602,402,126.35,38,4273
1096,2023-09-03,79,5,600,400,384.66,62,1339
1097,2022-02-13,53,14,605,402,296.54,88,10066
1098,2023-09-10,74,11,605,402,95.66,19,2425
1099,2022-01-24,91,12,603,403,192.6,60,12257
1100,2024-09-16,98,13,605,401,433.91,77,12113
1101,2022-10-16,84,1,600,401,69.54,15,6179
1102,2023-05-11,52,9,602,402,319.38,52,8791
1103,2023-03-19,62,4,602,400,406.56,29,4378
1104,2025-01-05,42,1,602,403,95.03,38,10343
1105,2022-11-02,47,10,604,402,489.32,68,11142
1106,2024-11-19,84,7,602,402,254.25,35,2819
1107,2022-06-21,50,11,601,401,117.87,42,6528
1108,2023-05-25,5,5,604,401,484.4,55,13764
1109,2023-07-22,77,6,601,401,180.27,100,6639
1110,2022-04-23,70,14,605,401,50.21,82,11877
1111,2025-01-03,61,4,600,401,278.95,86,14692
1112,2025-02-19,66,8,604,403,355.03,5,3442
1113,2024-01-25,96,10,602,403,96.42,45,1912
1114,2023-08-07,84,1,600,400,102.7,47,9889
1115,2023-03-04,12,7,603,403,111.07,9,14968
1116,2023-06-19,43,13,604,403,272.65,24,13867
1117,2024-10-28,39,5,604,402,415.23,29,3732
1118,2023-07-17,81,10,602,403,206.73,58,7204
1119,2024-06-01,90,15,600,400,306.94,29,11627
1120,2022-06-26,9,10,600,400,247.68,6,11872
1121,2024-02-19,1,12,601,402,493.99,67,8716
1122,2024-12-27,28,7,601,400,86.05,43,12359
1123,2023-12-26,68,4,601,402,191.01,77,4622
1124,2023-05-22,57,13,602,400,124.99,60,13758
1125,2023-12-10,49,4,603,401,229.48,81,2777
1126,2023-11-23,76,9,605,401,405.74,17,1983
1127,2024-06-03,19,3,605,401,467.55,60,2867
1128,2023-02-17,34,8,600,401,399.46,25,2262
1129,2022-12-31,39,10,602,403,470.39,28,11066
1130,2023-03-14,42,10,601,402,358.52,27,13460
1131,2022-02-20,88,15,600,402,447.46,36,9231
1132,2024-02-15,94,1,603,403,300.21,51,14293
1133,2022-05-06,26,15,601,402,156.48,86,13679
1134,2024-03-21,14,8,602,401,331.72,10,4739
1135,2024-12-03,60,1,603,402,453.04,10,14531
1136,2024-06-11,81,9,602,403,363.68,46,1603
1137,2022-09-30,69,15,605,400,121.73,12,13707
1138,2024-02-18,84,2,600,400,190.54,18,8865
1139,2022-06-24,45,3,604,403,191.32,66,3979
1140,2023-05-15,64,6,600,403,86.55,81,9622
1141,2023-12-27,57,8,600,400,212.6,98,11068
1142,2022-04-20,32,8,601,402,481.87,17,7893
1143,2022-09-25,26,6,604,402,420.16,95,4575
1144,2024-07-20,14,11,601,400,432.82,60,11218
1145,2023-03-31,68,1,604,402,404.93,54,8176
1146,2022-05-12,12,12,605,400,68.7,81,14443
1147,2022-08-06,4,4,601,400,257.2,50,2126
1148,2022-12-20,32,15,600,401,237.19,66,11167
1149,2024-05-06,68,2,604,403,422.83,14,298
1150,2025-04-10,76,1,604,403,320.28,26,11980
1151,2022-09-18,91,6,605,401,475.44,59,11042
1152,2023-10-11,24,3,602,401,442.64,53,12192
1153,2024-11-25,85,6,602,400,97.0,21,2590
1154,2024-05-19,99,10,604,401,447.94,30,10898
1155,2025-06-29,37,14,605,403,103.64,37,9285
1156,2023-07-30,76,12,601,401,429.84,78,6047
1157,2025-03-24,88,5,605,403,339.22,50,9790
1158,2024-03-10,20,1,601,400,144.44,59,9850
1159,2025-05-12,71,14,600,403,188.41,97,8353
1160,2025-02-02,42,5,604,400,478.73,69,5782
1161,2024-08-29,92,1,605,400,89.53,19,1462
1162,2024-01-23,90,14,605,402,116.36,85,6236
1163,2023-07-26,40,12,602,402,257.99,68,1021
1164,2024-08-05,82,10,602,402,243.29,59,1517
1165,2022-11-28,10,5,601,400,358.94,42,13035
1166,2024-03-11,20,14,601,403,350.56,27,13440
1167,2023-04-26,3,12,600,403,98.66,24,1156
1168,2022-01-24,54,8,605,400,86.61,91,14112
1169,2023-05-27,43,5,600,401,436.37,6,12920
1170,2024-12-12,93,9,605,402,330.0,98,12871
1171,2024-05-30,29,5,605,402,133.85,6,12668
1172,2022-02-06,7,10,603,402,451.67,59,9773
1173,2024-04-21,72,11,600,403,232.01,69,838
1174,2024-04-23,22,15,602,402,201.16,92,7675
1175,2023-10-26,78,11,601,400,260.55,6,14869
1176,2022-07-21,99,13,603,402,166.11,43,994
1177,2023-02-28,91,13,603,401,92.6,19,13407
1178,2023-09-09,7,4,602,400,388.21,68,1145
1179,2022-01-20,74,7,602,403,328.11,77,3545
1180,2024-03-28,93,10,604,400,305.2,79,12535
1181,2023-03-09,28,15,602,401,381.76,47,1297
1182,2025-04-30,66,14,603,402,297.22,99,6102
1183,2022-12-12,12,12,602,403,214.21,60,14719
1184,2025-03-28,11,12,601,403,131.57,6,4813
1185,2023-05-21,8,3,605,403,390.33,85,12920
1186,2024-05-24,83,3,601,400,94.64,77,12821
1187,2024-12-13,69,14,600,402,369.54,86,14648
1188,2022-06-26,89,7,602,402,249.77,96,8177
1189,2024-08-12,27,10,601,403,489.47,23,2910
1190,2022-05-13,14,8,602,400,417.44,30,2220
1191,2023-05-02,31,8,600,403,60.78,65,3762
1192,2022-10-26,26,6,600,400,190.17,56,11792
1193,2022-03-16,49,10,603,403,170.26,38,2529
1194,2025-05-04,54,11,605,400,177.91,9,12079
1195,2023-02-01,34,10,603,401,214.66,25,3430
1196,2025-04-19,6,7,601,401,251.37,11,7670
1197,2023-10-20,24,7,605,400,354.03,46,8555
1198,2025-02-27,40,9,605,402,462.31,91,11905
1199,2022-03-22,19,8,600,402,181.57,92,5591
1200,2025-03-05,79,9,600,401,154.2,39,5333
1201,2024-09-23,73,15,603,402,56.87,37,708
1202,2025-04-30,27,14,605,402,308.44,81,6777
1203,2024-01-31,27,9,605,401,360.14,76,4582
1204,2025-05-18,64,8,601,400,95.11,13,2753
1205,2024-01-17,4,1,603,400,397.9,14,8495
1206,2024-11-10,13,7,600,402,61.19,43,971
1207,2022-07-22,26,8,601,400,91.64,39,2672
1208,2024-12-19,37,1,605,400,222.81,54,11812
1209,2022-05-04,84,10,603,403,488.22,83,4630
1210,2025-05-26,37,9,602,401,340.76,37,11112
1211,2023-09-29,91,3,602,403,239.59,100,6292
1212,2023-11-20,26,7,600,402,95.99,72,4826
1213,2022-03-04,19,11,604,402,63.66,79,7059
1214,2024-09-21,72,3,602,400,119.33,25,820
1215,2024-05-03,94,2,605,403,340.71,31,5959
1216,2023-07-01,93,5,600,401,111.38,23,14501
1217,2023-11-20,96,13,604,401,397.83,84,5535
1218,2022-05-07,21,15,603,400,187.39,38,1474
1219,2024-07-06,88,2,600,400,153.09,73,4354
1220,2022-01-03,52,9,600,401,314.4,99,1383
1221,2024-08-04,81,9,600,401,457.77,77,2552
1222,2025-03-01,79,1,602,400,154.47,81,5732
1223,2023-06-02,73,3,604,403,187.42,13,140
1224,2023-04-15,79,13,603,400,271.41,43,10091
1225,2025-01-14,40,10,602,400,313.5,31,4533
1226,2023-01-20,58,15,603,403,125.99,77,9531
1227,2023-05-22,66,10,600,403,311.45,13,11218
1228,2024-07-24,69,6,603,400,471.73,47,855
1229,2022-12-21,96,6,605,402,463.21,15,2661
1230,2024-04-04,98,7,603,402,452.81,65,5378
1231,2025-05-20,99,6,602,400,241.48,99,2147
1232,2023-11-23,15,2,602,402,265.58,41,14661
1233,2024-11-03,23,13,605,400,416.85,99,7366
1234,2024-07-22,15,6,602,402,54.9,78,6101
1235,2023-06-15,88,10,604,400,421.31,55,12265
1236,2025-03-30,61,10,600,400,99.58,32,14734
1237,2024-04-05,88,1,605,400,115.06,71,6841
1238,2023-01-16,83,13,600,400,194.41,7,10430
1239,2024-05-16,100,13,605,402,208.74,95,7077
1240,2022-02-21,24,12,600,400,163.06,49,13089
1241,2024-06-19,68,13,605,403,187.03,98,8530
1242,2023-10-28,93,15,604,401,418.84,42,5038
1243,2025-02-25,77,7,604,403,127.81,72,1021
1244,2024-08-09,45,5,604,401,197.64,40,4573
1245,2022-04-21,86,12,600,402,98.15,65,5190
1246,2023-04-30,65,11,604,401,445.77,83,2344
1247,2025-02-18,78,7,601,403,232.92,66,925
1248,2024-08-18,60,7,604,403,362.09,72,10227
1249,2023-12-24,58,5,602,401,71.86,10,6288
1250,2024-05-20,73,12,603,402,97.72,13,7929
1251,2025-04-14,98,12,604,402,360.54,22,7704
1252,2024-04-07,70,14,601,402,322.1,78,2668
1253,2023-02-07,18,6,600,400,118.81,32,4336
1254,2025-03-27,94,4,605,403,478.34,91,5387
1255,2022-08-25,97,1,603,400,314.89,46,10963
1256,2023-01-24,32,3,603,403,387.57,20,7745
1257,2022-12-01,90,15,604,401,410.06,40,9138
1258,2022-10-05,73,13,604,402,364.85,18,13951
1259,2022-06-03,91,10,602,402,349.54,93,10980
1260,2023-02-20,67,10,600,400,295.58,59,4746
1261,2025-02-06,21,3,604,403,375.28,86,8925
1262,2024-11-18,15,3,603,401,237.52,58,9182
1263,2025-02-11,42,11,602,402,362.1,79,13913
1264,2022-11-10,60,11,602,401,475.5,38,14981
1265,2022-03-23,24,8,604,403,212.44,97,7935
1266,2025-04-10,24,8,600,401,194.57,90,7572
1267,2022-07-15,18,7,603,402,377.47,64,8308
1268,2025-04-23,93,4,605,400,169.24,8,5901
1269,2022-10-08,68,13,601,401,307.62,21,14006
1270,2024-09-14,64,12,602,401,214.85,70,1523
1271,2023-01-27,37,15,603,402,441.76,62,8655
1272,2024-09-09,99,11,601,400,141.35,52,6908
1273,2023-06-21,70,7,605,403,239.46,27,1150
1274,2025-05-12,71,14,600,403,331.8,67,10286
1275,2025-03-30,70,2,602,401,422.85,34,13459
1276,2024-09-11,31,3,603,401,62.22,60,1942
1277,2022-08-28,94,14,605,401,147.26,87,7015
1278,2024-06-12,81,12,601,402,277.74,44,3552
1279,2024-08-18,86,8,600,403,142.18,23,9242
1280,2022-12-18,66,4,601,403,133.9,63,1468
1281,2024-11-29,17,1,602,402,79.43,26,12387
1282,2024-03-24,89,3,604,403,315.81,43,5148
1283,2022-11-03,21,9,605,402,231.37,57,9689
1284,2024-06-08,19,11,600,403,378.67,78,1768
1285,2024-02-23,59,3,600,401,411.88,21,2883
1286,2023-08-03,9,10,602,400,84.86,43,3017
1287,2023-01-10,58,3,601,400,122.8,78,2462
1288,2022-08-05,39,5,605,402,361.98,80,3688
1289,2024-05-17,85,1,603,403,478.0,30,6013
1290,2023-08-19,5,3,600,400,224.07,40,1680
1291,2022-12-05,10,15,605,403,379.7,71,12790
1292,2022-06-01,32,6,600,400,367.28,78,1024
1293,2023-06-21,28,11,605,401,342.31,74,3946
1294,2023-01-12,51,5,603,400,183.05,76,11497
1295,2023-08-31,10,15,604,403,334.64,18,5753
1296,2023-12-31,71,9,602,401,461.58,66,13933
1297,2022-01-08,17,13,604,401,172.7,83,13087
1298,2022-07-11,73,2,601,402,103.42,8,1854
1299,2024-03-12,54,15,604,401,262.2,21,360
1300,2022-03-16,97,13,601,403,358.02,15,4886
1301,2022-04-13,100,7,602,402,413.12,6,12580
1302,2025-04-21,97,14,604,402,380.97,24,3912
1303,2024-09-26,96,2,605,402,449.95,28,12910
1304,2024-08-17,6,5,602,403,324.25,12,10780
1305,2024-06-18,74,8,604,403,141.32,36,3287
1306,2022-02-16,41,11,604,400,356.73,54,7017
1307,2022-09-09,86,3,601,401,346.18,31,3818
1308,2022-10-13,67,10,603,402,449.68,39,6202
1309,2023-04-21,97,6,600,403,321.93,15,2709
1310,2022-02-05,58,4,605,401,178.63,57,4940
1311,2022-12-25,48,8,600,403,302.25,28,780
1312,2023-04-21,69,6,605,400,454.9,61,8090
1313,2022-04-16,73,9,603,401,131.85,39,3199
1314,2022-12-12,79,14,605,402,193.09,21,12886
1315,2022-03-14,51,14,600,402,412.81,42,9539
1316,2022-06-23,13,7,604,403,444.45,76,9603
1317,2024-06-02,75,8,603,401,161.15,92,10361
1318,2023-09-22,32,6,604,401,246.84,23,12625
1319,2022-11-15,84,11,602,402,239.08,8,10764
1320,2023-03-02,29,6,601,403,395.47,19,6087
1321,2025-01-01,74,10,605,403,56.09,36,9381
1322,2025-04-02,31,6,600,403,193.26,5,12988
1323,2025-02-15,15,8,602,400,153.15,61,1879
1324,2025-04-04,68,4,605,402,484.38,50,878
1325,2024-06-20,56,1,603,400,345.15,77,10831
1326,2024-04-04,19,9,602,403,294.46,29,3514
1327,2023-05-26,93,6,604,402,291.97,82,3189
1328,2023-03-10,23,8,605,402,421.48,43,4920
1329,2024-06-06,30,13,600,400,176.64,54,13143
1330,2025-06-12,3,12,604,402,357.52,68,6118
1331,2022-08-15,67,15,602,402,200.42,52,4809
1332,2024-07-14,45,12,602,402,347.69,75,6228
1333,2024-07-08,59,5,605,403,300.27,93,6622
1334,2025-04-07,96,4,604,403,129.28,53,636
1335,2023-10-06,10,15,604,402,370.78,13,12257
1336,2024-02-24,99,13,600,403,299.6,89,894
1337,2024-05-16,69,9,602,401,312.4,74,12317
1338,2025-05-31,80,10,605,402,179.15,42,2511
1339,2024-02-16,54,6,601,401,377.95,80,4635
1340,2024-12-27,11,13,602,400,205.55,69,1963
1341,2024-11-20,57,1,600,401,126.0,53,14793
1342,2024-05-17,1,13,604,400,499.12,92,11836
1343,2023-04-01,5,7,601,400,267.12,83,6676
1344,2023-11-20,62,13,601,400,353.6,97,7029
1345,2022-07-16,53,3,604,401,496.06,15,2226
1346,2023-03-22,73,8,603,402,216.95,64,14680
1347,2025-04-20,100,14,605,403,135.25,62,3039
1348,2023-03-16,96,9,600,400,393.97,92,7804
1349,2024-05-10,85,1,604,403,245.98,99,13370
1350,2025-04-16,32,5,605,403,351.63,22,12109
1351,2024-09-04,30,11,601,401,227.89,94,2816
1352,2025-03-13,36,13,601,402,264.3,66,5121
1353,2022-07-20,75,2,601,403,151.21,14,8898
1354,2022-05-10,9,1,602,403,158.55,66,4025
1355,2024-09-14,49,3,602,401,201.34,6,3753
1356,2025-02-27,52,10,603,400,467.43,99,10778
1357,2022-05-25,43,9,603,402,172.23,81,13127
1358,2023-09-24,52,9,604,402,241.7,61,1325
1359,2023-12-10,20,3,604,400,277.99,22,2128
1360,2022-03-15,7,11,605,400,99.43,5,14053
1361,2024-06-02,36,1,603,402,399.81,88,11537
1362,2022-01-29,64,7,603,400,144.63,14,3381
1363,2023-12-07,44,9,605,403,461.91,93,544
1364,2025-04-08,86,6,604,401,336.31,98,9892
1365,2022-08-02,70,11,600,401,477.58,58,2990
1366,2025-04-13,7,8,603,403,175.57,21,4726
1367,2025-06-19,65,15,602,401,289.01,86,12707
1368,2022-02-25,23,14,601,400,232.05,93,6045
1369,2023-08-13,31,12,605,403,300.85,76,365
1370,2022-06-01,9,2,604,403,478.71,56,10988
1371,2025-02-27,54,6,600,402,176.76,53,8840
1372,2024-05-18,70,14,600,401,169.37,63,14649
1373,2024-10-15,51,5,602,400,473.57,97,3528
1374,2024-03-30,9,8,601,401,62.71,15,12335
1375,2023-01-12,5,2,605,402,263.67,25,2572
1376,2023-12-18,55,10,601,401,195.07,50,13765
1377,2023-01-16,77,4,602,402,442.6,77,4122
1378,2023-12-12,97,7,603,403,298.12,6,14595
1379,2024-07-10,87,7,603,400,355.71,47,2051
1380,2022-01-13,89,14,602,400,124.22,81,1392
1381,2025-02-09,15,4,601,400,244.33,71,1504
1382,2025-05-14,64,1,604,402,224.58,55,2593
1383,2022-08-16,76,3,604,402,98.29,28,13218
1384,2023-11-23,98,8,602,400,161.4,17,13407
1385,2023-04-12,98,8,605,400,205.36,90,12754
1386,2023-12-02,79,6,602,400,470.45,44,8731
1387,2025-01-23,84,2,600,401,125.78,42,5314
1388,2024-02-16,53,6,603,403,464.04,88,14364
1389,2022-02-02,92,3,601,402,348.7,11,11938
1390,2024-07-25,62,11,605,401,172.14,55,14089
1391,2023-06-16,76,14,605,403,61.16,57,6205
1392,2024-10-27,7,10,605,401,114.02,64,12400
1393,2025-03-16,43,13,603,403,375.58,48,12263
1394,2024-12-07,78,14,601,403,398.22,29,6397
1395,2022-02-12,98,15,605,401,228.86,87,14023
1396,2024-12-15,57,1,600,402,218.8,24,5208
1397,2024-11-24,69,10,604,402,275.8,78,1996
1398,2024-11-22,89,8,601,402,276.0,54,11823
1399,2024-03-15,64,8,601,403,76.55,97,3833
1400,2022-05-21,37,14,602,401,476.1,24,9908
1401,2022-02-10,11,12,604,400,269.51,19,12778
1402,2024-06-11,96,15,601,400,454.05,16,9090
1403,2022-05-07,76,6,605,403,310.96,76,13030
1404,2024-07-17,22,12,600,400,128.55,44,9455
1405,2023-01-31,92,5,604,401,173.85,27,5098
1406,2023-11-26,16,7,601,400,434.04,97,5810
1407,2022-08-31,24,5,605,400,466.99,94,14534
1408,2024-08-22,43,14,604,403,57.96,23,10317
1409,2025-05-09,71,10,600,401,165.77,89,10976
1410,2024-05-22,76,11,603,401,212.09,21,7123
1411,2022-08-23,6,5,602,402,385.61,89,3728
1412,2024-02-12,90,4,602,400,387.87,9,9390
1413,2024-05-02,24,8,600,400,454.84,36,6937
1414,2022-09-13,9,7,605,402,252.61,85,697
1415,2022-03-05,42,7,603,400,81.83,37,5071
1416,2022-01-04,70,14,604,403,306.73,40,13209
1417,2022-11-12,11,1,602,400,307.2,22,4579
1418,2022-10-30,50,1,603,402,354.96,42,13578
1419,2024-09-15,50,1,603,401,233.4,84,11749
1420,2024-08-25,52,6,605,401,380.15,97,9546
1421,2023-08-08,16,15,604,400,245.76,94,9571
1422,2023-08-21,20,12,604,401,331.04,94,1770
1423,2024-03-27,95,12,601,403,173.09,63,5153
1424,2022-11-12,6,1,600,403,254.74,68,12370
1425,2025-01-01,28,11,601,400,120.51,88,7589
1426,2023-08-11,58,8,600,403,202.47,41,12698
1427,2024-04-20,27,11,605,403,150.24,87,5906
1428,2023-07-04,45,15,602,400,314.24,32,12962
1429,2022-11-17,21,10,601,403,237.94,37,5039
1430,2025-02-25,71,2,600,400,452.27,63,719
1431,2023-05-26,74,7,600,400,99.88,30,7787
1432,2025-04-21,76,11,602,403,236.8,80,14096
1433,2022-11-22,89,10,603,400,405.51,31,4097
1434,2024-02-18,27,8,603,403,271.45,85,5506
1435,2023-03-13,60,5,602,402,423.23,88,421
1436,2023-08-17,32,1,605,402,260.08,18,7666
1437,2024-08-04,88,7,600,401,268.86,43,7856
1438,2024-01-03,5,12,600,401,418.95,88,11635
1439,2022-12-17,18,15,603,403,271.08,18,13616
1440,2022-02-04,61,1,605,400,497.85,83,13535
1441,2023-03-19,68,1,600,401,54.13,90,6875
1442,2023-03-02,10,7,601,402,202.07,12,1551
1443,2024-10-20,31,15,600,401,260.4,55,3460
1444,2024-10-20,95,1,605,400,87.34,17,5101
1445,2025-04-07,29,2,605,400,149.15,22,4473
1446,2022-03-13,66,7,601,403,178.31,78,2678
1447,2022-11-04,90,15,603,400,247.18,96,2792
1448,2023-07-16,27,7,603,401,187.18,28,12095
1449,2023-11-15,13,5,604,403,477.97,37,3022
1450,2023-03-05,88,3,605,400,224.98,36,14698
1451,2024-12-05,6,10,600,402,129.56,80,7035
1452,2023-07-28,38,12,602,400,204.96,67,7141
1453,2022-04-06,12,8,605,400,437.94,21,2573
1454,2023-11-10,1,6,604,402,290.22,85,6243
1455,2022-02-20,47,12,603,403,382.36,16,11407
1456,2023-03-08,47,4,605,403,264.99,91,2197
1457,2024-10-23,5,6,602,402,406.07,60,9054
1458,2024-02-05,56,6,601,402,60.75,81,3358
1459,2025-04-19,6,8,603,403,293.46,73,12016
1460,2024-07-12,66,9,604,402,435.7,89,12431
1461,2022-06-29,82,7,603,403,98.47,98,2411
1462,2024-07-30,79,14,602,403,364.2,86,6132
1463,2022-09-04,87,6,600,401,184.93,73,9423
1464,2023-05-10,43,3,603,400,288.92,24,14796
1465,2025-06-22,28,12,605,402,121.2,74,11847
1466,2025-05-31,93,2,600,402,137.99,46,4597
1467,2023-05-01,29,9,605,400,178.47,89,277
1468,2024-02-17,2,4,601,402,464.87,63,12603
1469,2023-11-21,23,4,604,403,468.06,94,12628
1470,2024-05-25,50,11,600,403,370.69,92,12218
1471,2024-08-31,29,15,602,403,73.41,94,1085
1472,2025-02-21,12,1,605,401,294.47,26,6063
1473,2022-11-29,38,8,604,400,360.77,84,5330
1474,2022-08-25,100,12,604,401,397.72,55,13225
1475,2022-12-22,44,7,600,402,199.56,22,11607
1476,2024-12-02,15,6,602,402,111.15,72,13326
1477,2025-04-26,85,2,605,402,452.27,74,13352
1478,2022-11-01,39,12,600,400,396.39,27,13014
1479,2022-06-26,30,4,602,403,438.65,20,13843
1480,2024-08-09,35,3,600,400,342.58,53,2039
1481,2022-01-21,85,11,602,402,318.85,70,4262
1482,2022-08-06,84,13,600,400,449.84,24,7069
1483,2024-08-06,68,1,601,400,201.87,46,7276
1484,2024-09-26,50,3,605,401,414.07,8,6170
1485,2025-01-16,62,10,604,400,473.18,79,14826
1486,2022-08-17,83,12,605,400,164.08,19,8463
1487,2024-10-05,81,8,601,403,107.4,22,10811
1488,2022-05-17,50,6,605,403,404.2,45,13006
1489,2022-05-13,62,8,602,403,406.82,28,13919
1490,2024-07-10,43,11,604,402,197.9,17,714
1491,2024-07-18,39,4,604,400,398.06,45,7033
1492,2022-09-11,68,14,600,403,361.74,63,14999
1493,2023-05-31,72,14,601,400,382.46,12,9580
1494,2024-11-10,45,7,603,400,90.66,14,9645
1495,2025-04-07,32,14,605,403,330.16,61,3117
1496,2024-02-26,94,10,602,400,267.72,41,9466
1497,2022-06-30,50,14,603,402,263.23,62,7339
1498,2024-09-26,35,13,600,403,470.86,16,11089
1499,2024-08-22,93,5,603,403,220.37,58,12191
1500,2025-06-11,63,5,602,402,236.89,83,374
1501,2025-03-22,9,14,603,400,386.59,66,2963
1502,2025-04-26,90,10,602,403,492.56,10,12237
1503,2023-06-30,72,15,604,400,57.85,95,1453
1504,2022-10-04,71,14,604,402,53.19,14,12391
1505,2024-04-07,32,9,603,403,385.85,35,11284
1506,2023-12-31,96,13,604,400,249.95,78,7424
1507,2022-10-03,82,5,603,403,357.85,11,7901
1508,2022-05-16,72,13,602,402,354.76,51,12491
1509,2023-05-30,75,6,602,400,117.07,99,12515
1510,2023-09-07,67,2,600,403,137.84,44,5255
1511,2023-09-14,15,13,605,403,126.03,29,4051
1512,2025-06-16,11,11,603,403,495.08,12,8515
1513,2024-10-21,82,3,603,400,188.71,20,14018
1514,2024-07-22,91,5,600,403,136.74,16,12437
1515,2022-08-06,30,6,604,403,202.29,95,8205
1516,2023-09-22,34,1,602,402,377.03,40,11973
1517,2023-09-27,10,9,602,402,149.99,61,2097
1518,2025-02-26,70,4,605,401,114.01,85,13232
1519,2023-12-29,66,13,604,400,209.04,58,13606
1520,2025-02-26,46,8,604,402,130.7,77,7039
1521,2023-10-18,92,2,600,403,271.83,40,2260
1522,2024-06-07,37,12,600,400,496.58,99,6766
1523,2022-02-04,4,15,604,401,442.07,65,8580
1524,2025-03-23,99,7,605,402,411.52,99,10100
1525,2022-04-24,45,13,602,400,85.34,90,11328
1526,2024-01-31,3,7,604,403,69.91,85,8363
1527,2024-09-13,23,8,605,401,429.88,16,11364
1528,2022-09-06,19,4,605,403,162.83,50,2412
1529,2022-12-12,91,5,604,401,424.33,71,4958
1530,2022-07-28,35,7,602,400,283.77,76,3312
1531,2022-04-26,70,10,604,402,486.1,50,5254
1532,2024-04-23,32,4,602,400,82.82,44,6767
1533,2025-05-18,87,12,602,400,430.15,31,7995
1534,2023-03-10,48,8,602,403,303.71,63,6316
1535,2025-04-04,86,3,605,402,143.35,84,3793
1536,2023-06-15,60,5,604,402,151.01,43,9713
1537,2025-06-15,92,2,601,402,119.8,7,4308
1538,2025-06-22,35,11,601,401,154.83,37,5074
1539,2022-12-29,8,5,602,403,321.2,11,11078
1540,2025-06-01,23,12,605,402,195.61,52,11983
1541,2022-11-20,93,7,600,402,243.35,59,14602
1542,2024-01-25,68,14,603,401,475.34,49,2218
1543,2023-10-22,55,6,601,403,229.5,68,2038
1544,2023-01-15,80,4,604,400,450.37,86,11860
1545,2023-01-15,39,3,601,402,88.59,73,9372
1546,2022-06-07,27,9,604,401,109.71,70,7918
1547,2023-03-30,94,9,600,402,81.02,29,6161
1548,2024-08-15,44,15,605,402,485.78,15,11705
1549,2022-06-13,20,2,601,400,110.15,8,1590
1550,2025-02-03,66,14,602,400,455.74,97,14189
1551,2025-05-09,77,10,602,400,106.46,85,7301
1552,2022-11-16,98,9,603,401,260.18,41,14977
1553,2023-08-05,52,6,603,403,97.43,96,8517
1554,2025-06-18,8,11,604,403,305.0,82,13682
1555,2023-08-17,25,15,603,401,453.51,70,8452
1556,2023-03-07,64,10,602,402,51.53,11,13375
1557,2022-11-28,69,9,602,400,214.97,83,5257
1558,2022-09-14,34,14,600,400,409.89,27,5090
1559,2023-09-06,74,11,601,400,245.22,7,14463
1560,2025-01-19,19,9,605,402,216.91,76,5482
1561,2024-03-27,24,14,600,401,268.92,48,14381
1562,2023-02-16,53,10,600,402,437.23,66,12771
1563,2024-02-29,9,11,603,400,499.78,16,243
1564,2024-09-16,10,12,604,403,167.53,75,14278
1565,2023-09-22,66,13,603,400,301.16,86,822
1566,2025-02-02,50,10,602,403,205.89,81,4665
1567,2023-02-05,96,8,604,403,413.23,70,8211
1568,2022-05-04,46,3,604,403,476.87,93,2709
1569,2023-01-22,89,3,603,403,229.4,85,6190
1570,2024-08-23,37,8,605,401,399.25,75,10099
1571,2022-07-15,25,1,601,402,435.9,31,12334
1572,2022-04-28,97,7,604,400,101.38,89,5152
1573,2023-08-19,73,11,600,402,242.78,35,2738
1574,2024-10-27,77,15,603,402,471.41,90,631
1575,2023-06-18,40,8,605,403,163.54,72,3113
1576,2025-06-25,45,15,601,401,280.01,42,965
1577,2023-10-15,51,1,603,403,66.61,85,9093
1578,2024-09-11,29,15,605,403,370.03,76,10914
1579,2022-08-10,9,4,601,402,254.2,64,9496
1580,2024-03-07,69,12,601,400,94.91,16,187
1581,2024-04-10,77,2,603,402,320.84,94,8377
1582,2023-11-17,12,4,602,402,484.05,12,596
1583,2025-02-27,23,13,601,401,59.1,83,7017
1584,2024-08-15,53,5,604,400,375.67,66,12137
1585,2025-01-10,21,11,604,400,195.36,30,14651
1586,2025-05-16,33,2,601,402,197.77,13,6078
1587,2024-09-08,3,5,604,401,175.25,87,9910
1588,2024-05-07,6,5,601,401,164.4,88,13073
1589,2025-06-29,42,14,605,401,441.27,29,10553
1590,2022-05-25,15,11,602,403,103.3,72,1798
1591,2023-10-04,5,2,604,403,498.08,6,9958
1592,2023-06-25,17,12,600,401,333.95,90,13790
1593,2022-10-02,47,9,602,403,101.26,26,11570
1594,2022-03-06,82,8,603,403,183.54,94,168
1595,2024-06-28,51,10,603,402,271.33,57,11999
1596,2022-05-01,72,8,602,403,136.66,69,6766
1597,2023-08-10,77,4,604,401,491.05,74,2440
1598,2022-12-03,98,9,603,401,272.78,89,14563
1599,2024-08-07,99,8,600,400,207.03,53,10961
1600,2023-01-03,69,1,602,402,437.18,49,8580
1601,2024-04-17,98,1,605,402,371.33,52,14348
1602,2022-12-24,79,12,605,401,105.74,13,2267
1603,2022-05-01,74,5,604,402,83.89,58,9108
1604,2023-02-19,87,7,604,401,409.12,27,10312
1605,2023-05-04,64,5,603,403,424.17,59,7597
1606,2024-09-21,69,11,604,403,266.12,14,6420
1607,2022-06-23,100,10,604,401,270.04,19,9344
1608,2024-11-21,54,11,604,403,266.62,45,8567
1609,2023-08-20,91,3,603,400,270.23,69,6621
1610,2023-09-22,64,15,600,400,246.19,88,8744
1611,2023-05-01,29,7,601,403,289.25,29,6513
1612,2022-09-16,42,15,602,400,495.01,33,4676
1613,2024-07-22,32,6,603,401,408.38,36,10653
1614,2024-09-15,25,6,603,403,332.16,32,7880
1615,2023-06-03,28,12,601,400,419.6,54,3003
1616,2023-07-10,95,11,604,402,251.91,70,12592
1617,2022-12-05,10,13,600,401,69.08,34,4586
1618,2024-03-11,32,8,601,401,445.81,49,707
1619,2023-04-21,16,6,600,402,464.37,55,13161
1620,2024-06-18,4,12,603,400,134.85,56,10439
1621,2024-04-30,19,1,603,400,424.57,24,13932
1622,2023-05-22,8,11,602,403,151.42,57,9407
1623,2023-05-01,82,10,603,401,161.98,38,1545
1624,2025-02-14,34,7,603,400,408.9,16,9886
1625,2023-10-08,43,2,602,403,483.59,66,14645
1626,2025-02-20,10,8,604,403,110.88,64,9780
1627,2024-04-26,32,9,605,403,380.57,78,1278
1628,2023-06-19,5,4,604,402,349.81,37,12822
1629,2023-01-23,63,10,602,401,84.76,62,1011
1630,2023-12-14,66,10,602,402,250.85,66,3643
1631,2025-01-09,34,5,601,401,96.86,50,2623
1632,2024-10-13,71,10,600,401,116.68,93,4347
1633,2025-01-28,58,12,604,401,79.36,100,2197
1634,2024-11-14,18,1,600,402,137.24,68,10694
1635,2023-05-16,67,2,603,402,453.18,26,1787
1636,2022-07-17,31,2,603,401,107.51,40,9484
1637,2024-07-26,40,7,602,401,223.65,18,10247
1638,2022-08-11,13,7,602,401,128.8,43,2100
1639,2023-02-23,1,3,601,400,119.8,11,14961
1640,2025-01-16,37,6,601,402,103.01,77,5928
1641,2023-04-28,59,11,603,400,354.52,78,12682
1642,2022-11-09,41,13,601,403,454.76,49,8069
1643,2022-02-26,38,15,604,402,422.91,12,1676
1644,2022-05-08,31,6,601,402,370.71,69,11321
1645,2023-09-17,51,6,602,400,100.87,60,2272
1646,2023-04-23,90,2,600,400,385.53,74,9224
1647,2022-04-15,65,6,604,401,140.57,38,4806
1648,2025-02-06,98,15,600,400,304.69,48,7541
1649,2025-06-24,18,5,603,403,425.71,12,3722
1650,2022-11-09,97,4,600,400,186.58,22,1612
1651,2022-05-03,34,11,600,403,464.1,74,12956
1652,2023-01-19,67,5,601,402,299.49,83,2995
1653,2023-05-16,66,10,602,402,333.39,98,13666
1654,2024-10-07,90,10,603,403,200.45,26,7279
1655,2025-04-23,31,9,605,401,408.8,6,1682
1656,2025-03-05,65,8,603,402,304.45,69,8322
1657,2023-01-19,55,6,602,400,161.38,33,9061
1658,2023-03-21,24,14,601,400,378.84,54,3634
1659,2023-11-23,2,2,603,403,376.02,68,4721
1660,2024-04-29,70,12,600,403,367.54,29,9482
1661,2024-06-03,82,13,604,400,271.94,91,6793
1662,2024-01-12,68,1,602,401,175.08,6,13288
1663,2023-05-02,63,7,600,402,414.62,72,11357
1664,2025-06-17,1,11,602,402,454.91,43,8590
1665,2023-05-11,75,9,600,403,55.75,5,352
1666,2025-04-27,23,14,600,402,328.8,5,5191
1667,2023-05-12,39,2,603,402,188.58,14,128
1668,2024-01-29,85,8,605,401,432.85,43,335
1669,2023-02-20,1,15,601,400,259.64,91,3349
1670,2022-08-22,2,12,605,401,216.27,78,9019
1671,2024-05-23,59,7,602,402,228.74,25,3075
1672,2022-03-07,39,7,600,402,102.36,32,6965
1673,2025-01-22,91,2,601,402,474.44,8,5017
1674,2024-05-26,13,8,605,402,367.94,35,11137
1675,2022-04-08,50,4,604,400,405.68,60,8817
1676,2023-05-13,34,13,600,403,55.43,75,4110
1677,2024-06-25,48,9,600,402,219.56,10,13772
1678,2025-03-07,93,4,602,403,93.19,30,593
1679,2022-11-22,63,8,602,401,195.54,17,6252
1680,2023-10-28,39,1,603,403,103.17,67,11808
1681,2025-01-22,46,12,604,403,187.01,76,12211
1682,2024-05-02,65,10,603,402,386.71,91,7509
1683,2024-05-17,1,14,601,402,196.75,92,1204
1684,2024-10-25,73,7,602,402,460.36,79,10769
1685,2024-10-20,51,13,601,401,84.18,37,1200
1686,2024-11-06,57,12,605,401,352.3,91,14393
1687,2024-11-15,24,2,600,400,380.76,31,11885
1688,2023-12-17,52,9,603,403,411.84,43,12313
1689,2024-04-14,37,4,600,402,194.5,39,191
1690,2023-06-12,14,2,601,403,162.59,67,13644
1691,2022-03-17,87,3,600,403,269.01,8,12147
1692,2023-11-27,74,14,600,402,58.88,12,8606
1693,2022-08-07,23,4,603,403,197.72,10,6612
1694,2023-12-27,78,9,605,402,219.02,59,831
1695,2023-10-27,55,7,601,401,176.74,31,4663
1696,2023-10-28,73,15,602,401,284.0,17,871
1697,2022-05-03,97,5,600,402,136.81,38,14009
1698,2025-02-15,69,15,603,401,353.74,9,1568
1699,2023-10-16,64,7,601,400,408.66,35,10560
1700,2022-11-27,82,15,604,403,240.29,87,11637
1701,2025-03-02,58,10,603,402,74.81,80,7215
1702,2022-10-01,9,14,603,400,499.96,89,12804
1703,2024-10-10,14,4,603,400,131.92,90,14369
1704,2025-01-15,22,10,601,400,51.52,80,4554
1705,2022-02-24,18,10,604,401,143.37,85,2010
1706,2024-08-26,98,6,603,402,177.36,95,3296
1707,2023-05-27,6,15,604,401,220.07,45,10373
1708,2023-06-12,14,5,600,402,164.08,44,8513
1709,2023-05-08,83,5,603,402,392.91,78,4686
1710,2024-02-02,5,10,601,402,338.49,98,3703
1711,2022-09-07,31,7,605,400,356.25,43,1098
1712,2022-02-28,97,8,601,403,372.05,79,14614
1713,2023-08-22,93,9,604,403,197.66,36,7222
1714,2023-04-03,40,11,603,401,360.72,5,10367
1715,2022-04-26,15,13,601,403,342.53,40,9699
1716,2024-06-03,10,12,605,401,210.21,72,2129
1717,2023-08-10,65,8,603,402,481.46,76,13852
1718,2022-12-23,77,13,603,403,411.15,96,9346
1719,2024-03-10,46,1,600,402,65.23,93,7143
1720,2023-03-18,58,13,600,401,444.39,7,3156
1721,2023-11-07,32,9,602,400,55.83,22,3613
1722,2023-01-25,33,6,600,403,394.94,80,14291
1723,2022-06-17,81,15,601,402,131.85,95,8427
1724,2022-11-12,4,6,603,401,210.33,65,7535
1725,2024-02-14,93,3,601,400,258.09,14,8297
1726,2024-11-10,1,10,600,400,187.83,20,2905
1727,2023-07-30,4,13,603,400,352.04,49,7729
1728,2022-10-20,24,15,600,402,101.81,5,6268
1729,2022-04-20,48,3,605,400,167.94,67,5474
1730,2025-02-18,85,3,603,401,63.8,16,4392
1731,2025-01-28,68,4,603,400,329.93,77,4008
1732,2024-11-10,100,5,601,403,436.65,16,11886
1733,2023-09-03,17,7,603,403,420.03,24,681
1734,2025-01-07,73,4,605,403,222.48,29,12073
1735,2022-07-11,79,13,603,401,391.2,49,10073
1736,2022-11-24,77,11,603,400,467.14,14,14588
1737,2025-03-01,98,5,602,402,302.25,80,12388
1738,2022-07-20,47,9,600,402,387.41,100,4264
1739,2024-06-15,86,7,605,401,453.25,34,14033
1740,2024-05-25,50,3,604,403,464.0,27,11621
1741,2022-04-09,45,14,600,403,459.09,61,14521
1742,2022-02-07,67,4,605,403,103.23,88,14875
1743,2025-05-05,11,9,600,403,262.08,60,2713
1744,2024-11-02,68,12,601,402,197.86,20,7217
1745,2022-05-18,57,11,603,403,181.05,12,10908
1746,2023-09-07,42,14,603,400,223.2,40,6953
1747,2024-02-19,3,6,605,401,458.26,84,10863
1748,2025-04-10,57,14,601,400,228.06,78,10421
1749,2022-01-14,55,12,601,401,142.26,95,4242
1750,2025-05-19,62,2,604,401,226.78,88,4672
1751,2024-02-06,14,14,603,400,353.39,62,661
1752,2023-04-21,67,6,605,400,396.92,76,3696
1753,2024-08-13,62,1,605,403,231.36,63,1759
1754,2025-05-24,5,3,603,401,92.47,90,4741
1755,2023-05-16,86,13,603,403,284.14,84,5421
1756,2025-04-21,73,4,601,400,321.72,50,12800
1757,2023-11-08,44,6,604,400,57.25,49,2110
1758,2023-03-16,97,3,600,402,191.31,13,13010
1759,2023-03-23,62,13,602,401,219.42,9,5377
1760,2023-09-20,23,3,603,403,272.52,10,5229
1761,2022-03-28,32,9,600,401,102.61,76,7250
1762,2024-12-28,76,8,605,402,395.49,75,6833
1763,2022-01-19,28,9,601,403,464.15,32,1719
1764,2022-06-15,97,8,603,403,319.38,50,1796
1765,2024-10-26,33,4,605,401,78.22,95,2352
1766,2022-07-01,21,5,605,401,400.29,26,2764
1767,2023-08-22,20,13,601,403,409.99,62,884
1768,2023-04-18,20,3,600,402,275.72,17,3933
1769,2022-10-22,14,13,602,403,397.08,41,12936
1770,2022-03-10,42,1,605,400,256.81,21,13458
1771,2023-01-15,4,14,602,400,229.31,30,2565
1772,2023-10-15,87,1,600,402,166.33,43,5392
1773,2023-11-19,47,13,600,401,433.38,5,3545
1774,2023-09-19,26,8,601,401,103.81,85,11900
1775,2024-02-13,66,4,600,400,266.99,90,4279
1776,2023-01-31,86,14,603,401,454.51,11,1640
1777,2025-04-19,71,8,601,402,426.03,35,14853
1778,2022-09-30,54,15,601,401,426.23,72,14848
1779,2022-03-20,44,15,605,401,155.46,53,2187
1780,2023-11-10,21,12,600,400,497.16,92,5199
1781,2025-06-15,55,11,605,401,359.69,39,11218
1782,2024-01-24,64,2,601,401,445.17,9,2137
1783,2025-04-06,78,4,600,402,82.68,41,6849
1784,2025-02-09,36,14,601,402,69.21,27,9545
1785,2023-10-31,83,2,605,401,258.62,26,8574
1786,2022-03-12,5,14,603,400,240.65,27,13137
1787,2022-08-26,9,6,601,400,402.65,16,6695
1788,2023-05-30,72,14,605,403,223.6,71,9711
1789,2023-11-24,14,9,600,400,153.79,16,4163
1790,2023-10-02,14,6,601,403,316.21,11,7172
1791,2025-01-05,22,4,601,402,116.97,18,7998
1792,2022-05-02,61,13,601,402,237.25,22,13514
1793,2024-10-30,27,7,604,403,86.55,74,8561
1794,2022-02-16,63,5,605,400,177.16,15,6593
1795,2023-02-22,63,9,600,401,197.81,26,541
1796,2022-04-06,1,12,605,401,264.49,19,9626
1797,2024-03-15,37,9,602,403,69.72,5,674
1798,2025-06-16,33,14,603,402,121.18,41,5583
1799,2023-09-28,95,15,603,402,170.94,64,170
1800,2022-06-26,11,9,602,401,92.68,70,1437
1801,2024-09-18,68,11,601,402,477.54,42,1472
1802,2022-04-02,1,8,605,400,423.52,42,4980
1803,2022-06-29,50,3,603,403,422.64,41,13671
1804,2022-10-12,7,1,602,403,288.54,87,10836
1805,2023-11-21,4,4,601,401,259.07,74,7855
1806,2024-05-14,86,8,600,400,140.63,29,2440
1807,2022-07-01,78,3,601,402,237.06,12,148
1808,2022-10-18,15,11,603,403,181.92,47,1290
1809,2025-03-19,24,9,602,401,191.07,62,3526
1810,2023-09-08,76,15,603,403,164.94,81,10280
1811,2025-06-26,67,9,605,402,300.03,100,10798
1812,2022-07-08,6,4,600,403,488.17,63,3388
1813,2025-02-20,33,14,605,403,444.87,84,4494
1814,2025-03-26,35,11,601,401,483.05,22,10938
1815,2024-02-11,64,11,604,400,68.77,80,1651
1816,2024-07-19,30,7,605,400,451.25,86,13067
1817,2023-09-24,67,6,603,402,300.81,34,3680
1818,2022-02-04,68,2,602,402,205.59,38,6628
1819,2024-07-29,28,8,604,403,150.46,47,3147
1820,2024-09-05,39,14,602,401,290.45,80,13435
1821,2022-12-07,40,4,601,401,154.34,70,1999
1822,2025-02-15,14,9,605,403,108.87,19,4907
1823,2022-07-11,83,14,600,402,78.27,78,7029
1824,2025-02-03,18,2,604,401,124.62,68,10853
1825,2023-12-21,29,13,604,402,350.79,47,12269
1826,2022-06-07,37,9,601,400,324.64,51,8421
1827,2022-03-13,55,14,601,402,84.13,66,11490
1828,2024-06-24,59,6,600,401,362.05,40,5714
1829,2025-05-25,56,8,603,401,323.38,77,13600
1830,2024-10-26,20,13,600,402,223.37,90,12581
1831,2022-11-22,36,6,604,400,93.49,66,14268
1832,2024-01-16,32,2,601,400,357.13,52,12834
1833,2023-03-08,60,12,603,402,302.63,63,3789
1834,2024-05-21,88,5,602,400,119.46,24,2394
1835,2022-07-26,87,4,600,402,265.07,11,12791
1836,2022-09-07,89,15,602,401,450.26,48,7680
1837,2024-05-04,56,12,604,401,393.93,38,3138
1838,2024-04-04,18,5,605,402,311.35,49,9289
1839,2023-03-27,2,1,601,400,222.24,58,3565
1840,2022-08-19,16,13,603,403,391.09,57,2337
1841,2023-04-08,36,2,602,402,386.25,62,3014
1842,2023-09-04,86,7,601,400,450.71,93,7096
1843,2022-04-21,62,2,602,401,351.72,53,4961
1844,2024-07-26,25,9,602,403,268.9,41,9926
1845,2025-01-16,92,9,602,403,389.42,54,5187
1846,2025-03-04,33,6,600,401,389.27,79,8319
1847,2022-07-27,10,15,600,403,490.99,82,5220
1848,2023-03-07,65,3,603,401,426.15,86,13681
1849,2023-06-20,74,11,604,400,435.18,56,1305
1850,2025-03-02,84,9,602,403,189.3,9,6930
1851,2023-12-20,65,10,601,401,171.27,40,13648
1852,2025-03-11,95,6,601,402,173.24,65,13002
1853,2024-05-05,6,13,603,402,83.49,62,260
1854,2022-08-22,15,11,600,403,398.08,94,8330
1855,2024-01-24,60,7,600,400,447.56,68,408
1856,2023-08-16,1,2,602,401,101.49,64,8140
1857,2022-07-16,62,10,601,400,486.25,19,11229
1858,2024-01-25,77,8,602,403,227.22,30,4167
1859,2024-02-10,26,11,601,403,94.91,41,14476
1860,2024-03-04,64,15,604,403,322.02,91,3980
1861,2023-12-21,72,15,603,400,251.32,74,7213
1862,2023-11-25,47,5,604,403,364.67,60,681
1863,2023-06-13,2,9,605,400,330.82,58,5643
1864,2022-06-27,4,5,604,401,183.92,72,9643
1865,2023-12-04,5,11,604,402,340.49,92,13869
1866,2023-05-17,4,1,600,400,109.61,93,6679
1867,2022-05-21,75,14,601,400,274.62,27,1093
1868,2023-06-07,5,9,604,403,379.44,10,3267
1869,2023-03-10,54,13,601,401,109.05,66,7261
1870,2022-07-03,60,8,601,403,69.6,72,6841
1871,2025-01-18,17,6,605,401,171.25,96,8852
1872,2023-01-09,47,7,601,401,201.87,72,5849
1873,2024-02-23,67,1,601,403,122.95,97,11741
1874,2022-10-20,92,10,603,400,58.73,61,13222
1875,2024-05-27,12,15,602,400,331.12,20,4357
1876,2023-01-28,19,7,603,402,144.47,82,12229
1877,2024-08-30,47,9,602,401,85.0,65,9744
1878,2022-03-29,60,10,601,400,247.67,45,9528
1879,2022-07-07,54,5,605,401,143.63,51,4937
1880,2025-05-28,82,13,601,402,422.39,37,6993
1881,2022-04-04,10,13,602,401,145.58,27,14488
1882,2023-07-10,5,11,602,402,353.43,84,5645
1883,2023-02-16,69,7,605,400,460.04,59,11362
1884,2024-04-01,38,3,603,403,399.32,37,14847
1885,2022-06-03,68,15,605,400,202.48,35,2859
1886,2022-11-17,56,5,600,401,117.12,8,6132
1887,2025-03-10,90,1,601,401,361.5,41,10184
1888,2022-02-17,60,5,604,402,228.44,91,6004
1889,2024-12-14,23,3,602,400,248.08,48,4031
1890,2024-03-14,50,10,602,403,486.34,98,1630
1891,2024-09-23,5,5,604,403,314.53,27,8594
1892,2024-05-01,76,2,603,400,82.72,66,3160
1893,2025-01-26,87,12,602,403,205.85,75,8754
1894,2023-06-16,63,1,604,401,304.16,13,5431
1895,2022-06-19,6,11,604,402,424.04,90,6314
1896,2022-11-22,27,11,600,402,160.19,62,14166
1897,2024-07-11,33,5,601,401,253.91,61,14712
1898,2023-05-26,51,5,603,400,255.59,74,14580
1899,2024-05-27,45,7,600,402,384.38,9,14007
1900,2024-07-14,97,15,605,401,401.74,77,10143
1901,2023-12-09,54,7,603,400,71.26,71,11938
1902,2025-01-07,33,12,602,402,245.72,35,3693
1903,2025-03-16,24,5,605,400,213.68,35,11520
1904,2023-01-09,79,6,605,401,402.43,43,9864
1905,2023-03-15,9,8,604,402,447.72,82,5109
1906,2023-07-31,69,3,600,402,133.47,14,7627
1907,2022-07-20,79,2,601,401,394.35,33,4532
1908,2022-06-30,82,5,603,401,324.07,74,2494
1909,2025-02-07,8,13,601,403,271.93,59,11599
1910,2023-12-18,98,4,604,402,170.81,74,478
1911,2025-01-08,68,8,601,403,254.71,73,5022
1912,2022-05-13,44,4,602,403,306.68,41,801
1913,2024-08-05,21,12,601,401,181.44,9,11021
1914,2023-10-06,17,8,601,403,416.44,71,759
1915,2024-07-05,27,8,601,403,115.67,5,6000
1916,2023-09-19,53,12,605,401,457.48,60,12829
1917,2022-08-06,52,6,600,402,129.74,11,5123
1918,2022-10-15,30,8,605,402,83.6,81,14257
1919,2022-09-25,60,6,602,401,413.66,66,5146
1920,2022-01-17,63,3,604,400,429.48,72,1187
1921,2025-01-11,94,11,603,402,249.4,77,10785
1922,2023-06-17,100,3,603,400,259.63,93,5543
1923,2024-10-05,24,2,602,403,204.9,48,2820
1924,2024-05-30,16,12,602,401,435.7,59,3196
1925,2025-05-30,50,14,604,401,358.22,92,2870
1926,2023-06-07,59,5,600,403,217.13,69,11624
1927,2023-03-09,13,2,600,403,482.78,10,13962
1928,2024-03-21,67,2,604,402,263.07,96,279
1929,2025-05-04,87,15,602,403,416.66,75,7897
1930,2023-05-10,8,13,603,400,314.41,36,9476
1931,2024-01-05,30,3,600,402,72.44,42,9864
1932,2023-09-03,53,13,600,402,79.88,76,1494
1933,2025-04-02,1,11,600,402,94.58,39,2931
1934,2023-10-02,10,7,604,400,495.27,80,2216
1935,2024-07-26,77,15,603,403,243.38,89,5683
1936,2024-05-27,5,3,605,402,271.86,41,14304
1937,2025-04-23,74,2,603,403,162.29,30,338
1938,2023-06-25,40,15,604,401,363.89,68,4523
1939,2023-01-01,60,8,602,403,397.13,62,2232
1940,2023-07-22,65,5,604,400,355.84,58,9811
1941,2023-01-11,47,2,600,403,176.23,18,8630
1942,2024-10-24,69,11,602,403,292.15,31,14341
1943,2023-01-04,22,14,603,402,358.3,88,10517
1944,2022-12-11,94,12,600,401,307.73,20,8265
1945,2022-09-14,10,4,605,402,217.19,61,9757
1946,2024-09-20,90,10,602,400,284.54,92,12686
1947,2023-08-04,85,4,600,403,168.01,71,2563
1948,2022-04-01,42,5,605,401,424.52,53,2735
1949,2023-05-23,28,13,605,401,468.77,23,269
1950,2023-05-16,87,10,603,401,67.8,16,12665
1951,2023-05-21,23,2,603,403,107.4,50,7039
1952,2022-04-28,49,10,602,402,270.37,39,14718
1953,2024-05-29,87,2,602,402,83.6,26,6965
1954,2022-07-05,56,15,602,400,103.41,58,8151
1955,2022-11-18,59,3,605,403,277.36,46,6119
1956,2024-05-26,57,2,601,403,496.57,80,14226
1957,2023-08-02,45,11,603,400,61.91,50,13456
1958,2023-08-21,92,7,600,403,338.6,71,12273
1959,2024-03-01,44,6,604,403,83.08,11,9648
1960,2023-07-06,91,8,602,400,260.01,14,326
1961,2024-02-24,31,12,600,400,257.11,22,7701
1962,2023-10-03,58,6,603,400,477.74,37,13595
1963,2024-08-29,47,2,603,400,58.57,39,11901
1964,2025-06-04,16,6,604,400,306.6,13,6296
1965,2024-05-18,8,3,602,402,106.59,7,11742
1966,2024-07-13,64,7,603,400,58.36,58,8498
1967,2024-10-25,90,14,601,401,124.68,44,1706
1968,2024-08-24,92,2,604,401,476.93,91,10452
1969,2025-02-13,19,6,602,400,457.91,15,6874
1970,2022-06-08,19,10,603,403,280.59,85,10471
1971,2022-09-17,74,4,605,403,166.24,19,5164
1972,2024-04-21,2,11,601,402,148.62,73,5140
1973,2023-02-03,43,15,600,402,185.24,78,7150
1974,2024-11-20,82,10,600,402,51.65,21,10155
1975,2024-11-09,92,3,604,402,105.37,79,6764
1976,2022-03-23,2,2,604,400,312.1,60,11504
1977,2022-01-04,85,9,602,403,56.58,37,9697
1978,2023-09-16,60,12,602,403,451.0,38,1448
1979,2024-05-14,85,7,604,401,77.91,9,4037
1980,2022-11-21,27,7,603,400,319.4,68,8757
1981,2023-08-05,34,8,604,401,370.18,50,2819
1982,2023-11-24,52,7,600,401,395.13,43,4634
1983,2023-09-26,73,15,601,400,72.63,50,3461
1984,2024-11-20,61,6,604,400,134.95,36,10208
1985,2022-11-11,61,4,603,402,138.41,35,14108
1986,2024-07-19,11,12,605,400,233.0,33,12023
1987,2025-05-30,16,4,605,403,154.92,88,14858
1988,2022-08-11,25,11,604,400,286.71,37,5560
1989,2022-02-22,60,3,601,402,275.65,21,3424
1990,2024-10-09,1,11,603,400,109.65,45,14441
1991,2022-12-31,45,12,605,402,292.89,56,770
1992,2022-02-09,69,3,602,400,390.45,45,1071
1993,2025-03-02,31,4,602,400,168.46,18,12635
1994,2023-07-06,81,1,602,401,347.97,13,11223
1995,2022-12-23,50,8,600,403,390.75,21,6962
1996,2024-01-04,50,11,604,402,224.76,86,708
1997,2022-09-13,32,14,605,402,412.14,70,11012
1998,2024-05-10,6,1,600,401,414.07,94,8011
1999,2022-08-03,26,12,602,403,189.71,50,1667
2000,2023-09-06,100,10,605,403,247.41,75,14287
2001,2022-06-07,38,11,601,402,188.03,38,2030
2002,2024-08-23,72,11,601,403,127.79,45,4120
2003,2023-06-04,69,6,604,402,106.76,100,539
2004,2023-05-03,89,6,601,402,459.85,59,9644
2005,2022-05-02,76,14,600,403,73.03,69,9504
2006,2022-03-29,88,12,601,403,83.62,11,10976
2007,2024-01-14,92,13,605,403,343.43,96,8461
2008,2024-01-18,3,4,600,403,55.17,93,5678
2009,2023-11-20,38,4,602,402,93.11,79,5105
2010,2025-04-13,5,2,601,403,321.37,7,10212
2011,2022-05-17,31,9,603,400,312.25,89,14663
2012,2022-11-28,75,10,604,400,422.01,78,8745
2013,2025-02-08,3,13,600,401,215.67,50,4757
2014,2024-02-03,38,4,605,401,207.32,27,2923
2015,2022-06-15,85,8,603,401,190.82,73,3090
2016,2025-03-06,30,9,604,403,413.41,44,9192
2017,2025-05-24,73,13,603,400,99.52,11,8706
2018,2023-06-07,2,7,601,400,392.95,30,13888
2019,2022-01-16,58,4,600,400,367.87,71,5176
2020,2022-11-23,84,9,602,402,50.59,86,13461
2021,2024-03-24,81,2,600,401,64.2,46,13389
2022,2023-11-20,17,15,600,403,68.24,34,10139
2023,2025-03-14,25,8,602,403,229.04,65,4636
2024,2024-02-12,58,3,601,401,332.09,35,4662
2025,2023-07-04,45,9,603,400,156.98,91,14435
2026,2022-04-11,38,7,601,403,283.43,17,13975
2027,2023-10-22,93,3,601,403,129.87,65,8841
2028,2024-10-09,87,9,602,401,160.98,45,6285
2029,2023-12-27,74,13,604,403,217.72,73,4236
2030,2022-07-22,1,4,602,401,496.64,60,7520
2031,2025-06-17,20,6,605,400,135.71,100,3571
2032,2024-07-31,17,10,602,400,310.94,65,716
2033,2022-09-26,30,10,600,403,150.96,76,718
2034,2024-02-28,66,7,601,400,362.73,38,794
2035,2024-03-17,71,11,604,400,456.83,20,13839
2036,2022-10-10,37,6,605,402,56.96,31,1500
2037,2025-06-12,64,9,604,402,332.17,7,5923
2038,2022-11-26,12,7,600,400,87.61,53,7987
2039,2023-12-15,4,2,604,402,79.8,19,10637
2040,2022-12-20,84,8,604,403,381.84,57,8546
2041,2022-09-29,24,7,601,403,315.64,55,8426
2042,2024-02-13,20,15,600,400,120.81,59,6626
2043,2022-04-18,2,14,605,402,468.61,19,7252
2044,2025-02-04,57,12,600,401,327.01,33,12701
2045,2022-09-07,47,2,601,401,149.28,79,14651
2046,2022-06-29,80,2,605,401,228.62,12,4654
2047,2023-06-18,76,10,601,401,364.55,55,623
2048,2025-05-08,84,12,602,403,327.06,71,14706
2049,2025-01-08,74,14,600,400,183.72,76,1681
2050,2022-09-11,80,1,603,402,107.15,38,6473
2051,2023-09-06,57,15,604,402,345.67,23,7305
2052,2025-04-21,16,8,600,403,291.76,6,7086
2053,2022-10-01,25,8,600,401,136.79,21,3563
2054,2022-04-26,5,9,604,403,108.97,44,4767
2055,2024-01-25,67,13,603,400,183.7,42,10772
2056,2022-01-11,72,3,600,402,58.21,99,6181
2057,2023-03-14,40,4,604,402,480.14,52,4762
2058,2022-12-15,97,9,604,402,56.29,91,8900
2059,2023-08-06,2,9,604,402,404.83,55,11245
2060,2024-05-08,92,13,602,403,380.75,96,179
2061,2024-09-04,7,2,601,402,61.21,44,1074
2062,2025-05-22,85,15,605,403,316.85,52,1720
2063,2023-05-15,5,6,600,402,119.56,58,8303
2064,2024-12-08,98,11,604,402,475.66,29,5767
2065,2025-04-29,30,9,605,400,288.1,32,8827
2066,2022-04-05,18,5,603,401,359.3,98,7925
2067,2024-02-22,68,8,602,402,239.38,51,11362
2068,2024-07-18,77,15,604,402,165.58,42,14306
2069,2022-02-14,10,7,605,403,405.77,14,187
2070,2022-08-19,3,8,601,400,227.71,88,8953
2071,2022-10-26,24,12,600,402,293.14,88,2499
2072,2023-11-07,82,4,604,400,194.65,55,6901
2073,2024-01-13,33,2,603,402,422.11,74,11719
2074,2023-12-12,9,12,601,400,217.28,100,3347
2075,2022-10-29,75,3,601,401,138.48,27,6305
2076,2023-05-09,40,12,601,400,307.63,10,532
2077,2024-02-11,12,11,600,400,497.8,30,14196
2078,2024-06-19,47,2,601,403,113.05,86,10185
2079,2023-11-06,38,10,603,403,125.98,63,5844
2080,2023-07-21,11,12,600,401,428.99,66,5386
2081,2022-03-16,84,4,600,400,265.23,54,3934
2082,2024-10-16,92,5,601,402,485.55,80,13549
2083,2024-01-08,66,10,604,400,117.72,72,10414
2084,2023-01-30,35,5,605,402,266.36,24,5998
2085,2024-08-27,42,9,602,402,171.36,24,3175
2086,2024-05-13,75,4,605,400,86.6,99,8414
2087,2022-07-05,83,4,605,401,275.24,65,4387
2088,2024-03-28,53,6,603,401,417.7,66,2853
2089,2022-03-03,89,12,601,400,233.52,57,5209
2090,2022-11-18,99,15,604,403,220.39,79,7387
2091,2023-07-08,64,2,605,400,343.85,22,13023
2092,2024-05-30,84,12,604,401,408.48,86,13250
2093,2022-05-03,66,8,601,400,221.21,14,12008
2094,2024-12-26,46,9,600,401,249.1,81,12779
2095,2025-02-07,48,11,600,402,191.65,56,8361
2096,2023-07-13,37,15,605,403,285.18,56,10985
2097,2025-06-01,5,3,603,401,282.23,11,8959
2098,2022-10-25,82,15,603,401,86.44,80,7753
2099,2023-06-03,85,7,601,403,225.25,8,13456
2100,2022-05-17,47,7,601,400,230.94,74,13564
2101,2023-01-30,79,8,601,403,403.18,88,13892
2102,2022-11-05,77,8,604,402,240.49,61,12241
2103,2024-02-10,29,14,604,401,340.21,49,368
2104,2022-12-29,1,6,602,403,273.95,58,9206
2105,2024-08-11,45,4,604,403,455.61,24,7735
2106,2024-03-06,76,12,603,400,205.33,30,2655
2107,2023-11-21,21,8,602,401,305.8,42,9443
2108,2022-03-26,11,12,603,403,462.52,28,2039
2109,2022-01-26,61,14,602,400,338.03,65,5598
2110,2022-12-23,66,15,601,401,282.53,9,7062
2111,2023-01-20,42,13,600,403,317.32,90,9244
2112,2022-12-20,82,15,601,401,180.36,97,2585
2113,2024-10-05,59,1,604,401,423.27,50,9685
2114,2022-02-16,64,6,601,402,264.31,64,9005
2115,2023-10-11,80,3,602,400,347.79,56,11753
2116,2024-12-28,93,14,601,400,417.46,68,3284
2117,2022-10-01,93,15,603,400,283.67,57,7486
2118,2022-10-29,27,7,603,402,174.36,41,2710
2119,2022-12-24,40,1,600,400,396.98,68,10502
2120,2024-01-14,6,6,605,400,366.67,99,13009
2121,2024-03-04,88,10,605,401,272.53,75,4052
2122,2025-06-20,49,5,603,401,409.02,97,1211
2123,2022-08-05,8,13,604,401,343.55,24,14778
2124,2023-04-03,62,13,603,400,243.26,66,8017
2125,2024-02-04,86,5,600,401,489.68,83,5467
2126,2023-01-27,43,4,600,403,227.11,44,5516
2127,2025-04-30,28,3,602,403,274.48,12,6618
2128,2024-04-01,78,14,602,401,440.43,7,6011
2129,2023-01-03,30,5,604,403,113.52,30,7531
2130,2023-03-20,36,11,603,400,475.96,26,9603
2131,2025-03-21,34,2,600,403,398.04,33,7271
2132,2022-02-02,8,6,602,401,439.84,63,13781
2133,2024-05-04,90,15,605,401,189.96,26,6270
2134,2024-12-22,78,5,605,403,477.82,40,1486
2135,2022-08-09,52,7,602,400,91.6,30,12835
2136,2024-09-03,80,2,601,402,336.18,51,2990
2137,2023-04-24,80,4,601,400,91.68,89,6220
2138,2023-12-10,66,9,605,402,290.66,56,8611
2139,2024-05-08,52,12,602,402,168.05,59,2917
2140,2025-03-21,2,9,602,400,62.54,92,9553
2141,2024-01-02,68,4,601,400,431.24,6,13044
2142,2022-07-18,24,13,601,402,409.08,99,8395
2143,2022-03-12,19,6,602,402,253.23,22,12441
2144,2024-02-24,100,5,602,402,436.78,22,7784
2145,2022-02-11,53,4,603,401,104.88,18,3739
2146,2022-07-21,42,4,605,403,64.97,74,6241
2147,2025-05-12,99,10,601,403,87.71,14,9158
2148,2024-12-10,62,1,603,403,124.32,98,12326
2149,2023-08-06,97,13,604,400,464.43,12,7206
2150,2024-08-23,64,11,601,401,489.49,70,7260
2151,2024-06-23,10,9,602,401,215.74,95,5794
2152,2022-05-13,66,13,601,401,322.65,55,12353
2153,2022-06-02,21,6,600,402,325.86,35,10453
2154,2022-03-07,83,3,604,403,342.01,42,5404
2155,2023-01-19,55,6,602,400,254.43,63,1854
2156,2024-12-27,87,9,602,400,443.39,50,3193
2157,2023-09-12,78,7,600,400,367.46,39,10313
2158,2024-01-02,24,12,601,401,75.4,68,2665
2159,2022-11-13,9,1,603,401,180.87,59,13270
2160,2024-03-25,52,8,603,402,320.64,6,971
2161,2023-12-09,9,6,600,402,347.4,25,12833
2162,2022-04-02,39,14,603,403,246.04,77,3116
2163,2023-08-05,100,6,601,402,124.98,6,10641
2164,2024-11-19,27,1,601,400,498.57,97,7435
2165,2024-10-05,38,7,601,403,323.54,37,11592
2166,2022-07-09,28,15,604,403,312.2,29,4194
2167,2024-01-13,11,15,604,400,117.55,55,7800
2168,2024-01-09,77,12,601,403,370.7,9,1612
2169,2022-02-23,100,7,602,402,325.16,81,7938
2170,2023-08-06,4,1,603,402,448.5,49,10778
2171,2022-06-02,9,8,602,401,306.72,34,10496
2172,2025-06-11,33,6,605,401,326.02,54,564
2173,2025-04-20,83,6,601,403,197.64,18,12946
2174,2025-02-24,25,6,604,400,174.97,33,12835
2175,2022-06-07,29,1,605,401,377.59,84,7873
2176,2023-12-11,6,7,601,403,120.59,14,11288
2177,2024-04-04,20,1,600,400,345.03,97,4633
2178,2024-12-01,78,6,602,402,364.14,76,1367
2179,2024-03-31,55,12,601,401,267.9,24,4808
2180,2024-12-07,81,10,603,403,421.66,44,7769
2181,2025-03-27,95,10,603,400,313.53,42,5638
2182,2023-03-17,73,12,603,403,292.6,100,7979
2183,2022-03-21,92,14,602,401,143.23,84,10964
2184,2024-03-22,50,12,600,402,143.92,38,4692
2185,2024-02-15,78,6,605,400,461.32,23,5784
2186,2022-06-05,14,12,604,402,113.05,80,13779
2187,2025-05-13,64,11,605,400,456.24,8,2239
2188,2024-03-16,98,2,605,401,324.6,26,2764
2189,2024-05-21,20,12,600,400,194.33,93,2230
2190,2023-10-18,36,10,603,402,483.84,64,14688
2191,2023-02-27,51,14,601,401,463.8,7,14828
2192,2024-07-26,28,2,600,401,350.95,39,12649
2193,2024-05-20,94,4,600,402,438.01,35,12277
2194,2022-12-25,64,3,605,403,317.03,53,7465
2195,2023-02-23,33,4,602,402,286.21,71,4965
2196,2023-10-29,74,11,605,401,179.87,65,2351
2197,2023-01-01,55,9,604,400,251.41,63,7992
2198,2022-11-11,53,1,600,402,54.83,80,476
2199,2025-06-16,37,2,601,402,214.07,40,14357
2200,2024-04-29,44,3,601,403,60.3,10,3338
2201,2024-04-04,78,1,605,402,429.03,25,10969
2202,2024-05-18,45,11,600,402,169.98,51,2381
2203,2023-10-24,56,7,600,400,422.5,10,7122
2204,2024-12-27,98,10,601,403,155.22,81,1579
2205,2023-12-25,85,6,602,402,307.76,30,5894
2206,2022-08-11,34,12,600,403,66.52,81,12966
2207,2022-03-09,6,10,604,402,391.64,58,3863
2208,2024-10-05,23,3,605,402,152.76,70,6578
2209,2024-08-18,75,11,604,403,150.0,74,5394
2210,2023-07-14,23,11,605,402,498.76,15,14005
2211,2022-11-12,70,5,604,403,205.58,29,13615
2212,2025-05-02,74,15,604,400,119.1,19,11698
2213,2023-03-18,38,2,604,400,195.0,89,11797
2214,2025-04-26,91,1,605,402,415.23,7,10822
2215,2025-01-31,23,10,605,402,430.79,60,11640
2216,2022-03-05,14,9,602,402,468.09,50,4680
2217,2023-05-05,40,2,600,402,169.04,19,9301
2218,2022-08-18,8,11,605,403,369.2,42,5605
2219,2023-08-29,96,13,601,401,277.03,96,12256
2220,2025-02-14,10,15,603,402,91.33,85,4206
2221,2022-12-20,23,15,600,403,472.5,92,4128
2222,2022-05-21,59,12,600,402,138.36,19,12067
2223,2025-06-11,18,5,605,402,377.2,92,1339
2224,2024-05-04,73,5,600,402,434.98,7,13285
2225,2023-09-08,92,9,602,402,163.02,83,9102
2226,2023-05-30,2,15,601,400,176.36,84,12561
2227,2023-02-01,36,4,600,402,306.39,21,9346
2228,2024-03-11,34,15,601,401,208.97,9,8792
2229,2023-06-11,13,15,602,401,411.36,90,2626
2230,2022-07-12,50,14,603,401,312.15,71,11988
2231,2023-12-03,35,14,604,400,496.83,54,4682
2232,2022-03-26,7,15,605,403,407.62,61,5373
2233,2023-03-10,6,1,603,400,73.48,20,10499
2234,2024-07-16,55,13,602,400,241.83,35,8213
2235,2022-11-23,13,9,602,400,142.26,12,5991
2236,2024-11-06,37,5,602,403,189.43,23,12910
2237,2022-12-25,55,5,601,401,178.31,77,11961
2238,2023-01-26,45,7,600,402,373.4,27,2502
2239,2023-11-01,24,15,601,401,386.38,40,5447
2240,2024-09-02,22,10,604,400,340.52,56,9448
2241,2024-08-25,95,8,604,403,278.76,29,2623
2242,2024-12-21,97,4,603,402,197.95,72,2631
2243,2022-04-18,3,13,601,403,97.23,90,9072
2244,2023-01-15,45,12,605,403,244.78,81,2303
2245,2023-05-26,62,2,603,403,410.21,15,2673
2246,2023-03-21,20,5,602,402,221.69,59,14345
2247,2022-07-22,34,4,604,402,434.84,50,1363
2248,2022-09-19,13,9,600,401,471.1,75,13858
2249,2022-07-29,38,10,601,401,316.48,55,12291
2250,2022-01-14,85,15,602,400,404.05,24,11434
2251,2022-05-31,44,2,600,400,178.81,6,6334
2252,2022-05-01,100,7,601,400,214.97,31,276
2253,2024-09-27,37,6,605,400,174.67,53,7661
2254,2022-01-06,1,14,604,401,253.21,58,12421
2255,2022-04-30,35,3,600,400,495.12,47,13819
2256,2025-01-08,64,4,604,402,176.26,100,1231
2257,2024-01-09,22,8,604,403,281.21,89,5312
2258,2023-05-08,36,5,603,402,413.81,44,5195
2259,2024-04-29,22,5,602,400,481.79,26,4752
2260,2023-02-06,95,3,601,401,106.07,45,13885
2261,2024-03-04,98,7,602,403,59.65,34,14010
2262,2025-04-27,91,11,601,402,78.93,82,4430
2263,2023-11-28,32,4,605,401,347.83,70,13447
2264,2022-06-26,2,2,602,401,301.27,95,7078
2265,2023-10-10,83,8,603,403,452.55,73,6999
2266,2023-02-13,28,6,603,402,165.72,94,710
2267,2023-03-18,87,14,603,402,294.98,96,5344
2268,2025-02-12,78,14,603,401,301.86,92,6763
2269,2022-03-01,22,12,602,403,466.48,68,5199
2270,2025-02-09,1,5,600,402,337.97,5,8995
2271,2023-10-24,69,6,603,402,106.29,54,1537
2272,2022-12-20,41,10,603,402,418.57,91,697
2273,2023-08-02,50,12,604,402,328.33,20,13900
2274,2025-04-18,91,9,605,401,313.26,38,11194
2275,2024-09-12,14,5,604,403,422.93,15,1273
2276,2024-03-30,5,2,605,400,254.0,55,6912
2277,2022-12-26,49,1,601,403,457.24,92,5217
2278,2024-12-26,10,11,603,403,410.4,67,13670
2279,2022-11-21,77,1,601,402,107.11,22,412
2280,2022-04-29,79,8,604,402,446.49,39,8869
2281,2025-05-02,65,6,600,402,339.09,33,5791
2282,2024-06-07,100,13,604,400,486.22,65,512
2283,2023-06-01,21,7,600,403,322.93,53,14388
2284,2024-05-31,10,14,602,403,464.29,83,2913
2285,2022-12-11,36,13,601,403,467.18,64,6777
2286,2025-02-24,28,5,600,402,339.56,49,11771
2287,2022-01-28,68,12,604,402,489.42,5,9577
2288,2024-06-11,70,14,601,401,143.09,67,14464
2289,2024-05-28,61,14,601,400,477.1,27,5653
2290,2023-02-24,9,2,600,402,262.48,43,4162
2291,2024-03-27,98,14,601,400,343.37,95,775
2292,2024-02-11,67,3,604,400,335.13,50,2942
2293,2025-05-15,4,2,602,400,60.05,8,5591
2294,2022-12-27,25,7,605,400,283.65,75,2720
2295,2025-05-29,60,6,600,402,276.59,71,5095
2296,2022-06-19,79,2,604,402,106.53,63,10940
2297,2022-02-27,11,7,600,403,333.77,36,9284
2298,2023-12-10,95,7,604,403,474.87,32,14585
2299,2023-01-22,50,14,602,403,462.75,10,11777
2300,2025-04-19,80,15,605,403,218.23,90,2146
2301,2023-02-04,37,6,604,403,466.99,58,8793
2302,2022-09-12,29,9,602,401,195.06,68,1831
2303,2022-01-16,15,12,604,403,74.11,62,10175
2304,2025-06-12,12,8,604,401,70.23,74,3103
2305,2024-05-06,56,9,602,403,254.78,96,9819
2306,2022-02-28,16,5,605,400,265.11,64,12377
2307,2024-02-17,58,11,602,401,462.73,9,7812
2308,2023-01-06,97,3,602,403,442.14,10,1616
2309,2022-06-20,40,10,603,401,155.62,71,7565
2310,2025-06-04,20,4,601,400,287.1,9,11295
2311,2024-06-05,82,10,603,403,76.73,69,13524
2312,2022-03-21,5,3,601,401,236.02,48,2189
2313,2024-11-24,42,8,604,401,396.24,99,9419
2314,2024-08-08,4,1,603,402,489.97,50,14171
2315,2023-11-23,21,7,602,403,366.37,71,1686
2316,2024-10-31,35,13,602,403,411.32,86,9641
2317,2022-01-02,42,13,603,401,434.77,94,9043
2318,2022-09-28,56,5,602,400,116.97,9,14827
2319,2024-12-31,2,9,600,400,423.27,7,5511
2320,2025-03-02,47,5,602,400,92.28,48,5941
2321,2022-04-04,96,3,604,400,445.64,15,103
2322,2024-12-20,26,8,602,402,234.51,96,8734
2323,2024-04-24,32,4,602,400,221.15,50,3646
2324,2025-05-09,17,11,601,403,359.52,55,5027
2325,2023-08-27,85,8,600,402,63.54,75,11198
2326,2025-04-27,27,5,605,403,121.32,56,5301
2327,2025-04-06,25,11,600,401,105.02,85,13455
2328,2025-05-02,23,3,604,400,288.21,88,8397
2329,2023-05-22,67,3,601,400,251.14,70,1727
2330,2023-09-13,71,9,602,402,464.23,54,12749
2331,2025-01-03,50,6,600,403,277.69,47,1873
2332,2024-03-05,93,11,603,400,428.96,13,10937
2333,2024-03-05,84,14,605,402,295.65,92,7512
2334,2024-08-28,44,12,604,401,172.72,55,6873
2335,2022-12-12,57,1,600,403,200.87,89,7641
2336,2023-12-18,22,15,601,401,426.15,48,13467
2337,2024-01-12,8,6,605,403,76.96,24,4811
2338,2024-03-18,13,12,600,403,334.56,91,10298
2339,2024-12-22,52,15,600,400,137.62,78,9748
2340,2022-12-26,96,4,601,401,217.8,11,10877
2341,2023-02-18,49,10,603,401,86.4,51,1321
2342,2023-12-06,5,8,605,401,445.14,71,11508
2343,2025-02-20,63,1,604,401,404.81,49,6241
2344,2022-07-02,81,6,600,401,256.8,8,11074
2345,2022-02-24,46,15,605,403,310.94,65,8242
2346,2023-08-31,1,12,603,400,140.3,51,11241
2347,2022-01-15,55,5,605,403,377.14,17,8553
2348,2022-05-28,57,4,602,402,130.92,71,6676
2349,2024-07-06,63,4,601,402,363.83,31,9072
2350,2022-04-06,81,3,604,400,486.62,96,9299
2351,2023-03-10,85,1,604,401,184.26,6,8883
2352,2023-07-25,67,15,604,402,470.82,17,1793
2353,2022-07-10,1,7,604,403,151.31,95,5623
2354,2022-12-19,6,5,601,403,345.96,31,13745
2355,2022-05-03,91,1,603,402,194.47,49,3514
2356,2022-12-08,57,5,604,402,427.66,27,9438
2357,2024-10-29,33,14,603,403,53.15,34,2343
2358,2022-06-01,59,12,605,402,433.33,79,3786
2359,2024-01-05,43,1,605,400,103.56,85,12094
2360,2024-11-18,51,12,601,400,310.98,64,14201
2361,2023-03-25,31,14,600,400,150.06,45,13491
2362,2022-06-11,67,15,602,403,343.74,71,10888
2363,2022-05-25,63,4,604,402,463.44,65,9447
2364,2024-01-09,11,8,605,403,352.96,85,8456
2365,2024-10-21,65,9,603,403,158.96,15,7465
2366,2025-06-02,82,5,605,402,388.41,83,14356
2367,2024-09-04,10,3,600,402,375.03,8,11311
2368,2024-10-17,78,12,605,402,112.93,92,8027
2369,2023-07-15,79,14,603,401,475.78,58,13254
2370,2024-06-18,47,13,600,400,494.73,99,12647
2371,2024-09-26,63,3,603,403,446.54,84,13691
2372,2022-03-29,44,10,603,403,360.95,84,9204
2373,2024-03-08,54,4,605,402,253.75,75,6590
2374,2023-01-14,84,9,603,401,294.51,8,10116
2375,2024-05-27,47,8,602,403,361.43,78,12767
2376,2025-03-13,57,9,603,403,127.58,24,13981
2377,2024-07-29,85,10,601,401,159.75,83,2082
2378,2022-01-02,79,3,602,402,269.37,47,5607
2379,2022-10-11,25,1,603,400,294.83,13,12783
2380,2023-01-13,73,14,604,400,357.23,36,12102
2381,2025-02-17,47,3,604,400,66.0,41,12659
2382,2022-02-08,90,7,602,400,316.08,97,12212
2383,2024-12-15,25,14,602,402,401.25,6,12871
2384,2023-12-14,61,2,601,403,145.11,33,4874
2385,2023-04-01,62,6,605,401,278.82,42,1069
2386,2024-01-23,34,12,605,403,302.21,22,3386
2387,2023-08-02,91,5,604,403,419.06,87,13134
2388,2025-02-28,62,7,600,402,376.83,11,8157
2389,2023-06-04,70,2,604,400,139.47,22,3188
2390,2024-07-18,10,10,605,400,120.71,65,11356
2391,2023-02-07,25,13,601,402,456.78,84,4716
2392,2022-07-04,61,7,601,401,465.92,23,6607
2393,2022-01-31,42,12,605,403,116.83,23,11543
2394,2025-04-09,76,1,600,403,336.8,49,5479
2395,2023-06-18,90,5,603,402,68.24,18,8550
2396,2023-10-29,9,2,604,401,67.78,16,12344
2397,2023-02-08,64,2,604,402,207.72,36,7058
2398,2023-01-14,92,3,600,401,208.8,69,168
2399,2022-11-11,87,11,604,402,241.95,70,2392
2400,2023-03-03,20,3,601,402,404.16,31,11630
2401,2025-03-04,99,14,602,403,416.33,88,4278
2402,2025-02-04,95,13,605,403,320.21,90,7543
2403,2023-04-20,44,3,600,400,429.9,71,2063
2404,2022-08-27,54,10,602,401,300.85,59,12136
2405,2024-11-08,6,3,603,401,264.95,74,7759
2406,2024-02-24,49,10,601,403,278.4,66,9061
2407,2023-06-21,100,14,605,401,436.88,25,717
2408,2022-05-26,55,1,604,402,156.08,64,4194
2409,2024-12-12,47,5,604,400,476.84,35,14459
2410,2024-12-20,88,4,601,403,261.11,43,13199
2411,2025-06-28,42,8,601,400,472.01,34,7408
2412,2023-04-19,76,13,602,403,274.23,41,2919
2413,2022-03-17,7,3,605,402,442.59,35,2756
2414,2025-06-09,79,6,602,400,177.18,99,12376
2415,2022-01-25,3,2,604,402,190.91,60,7559
2416,2024-08-28,46,9,600,403,316.45,71,6678
2417,2024-04-28,1,13,604,401,302.86,75,12201
2418,2023-08-08,62,5,605,402,203.95,27,5225
2419,2024-06-17,18,13,601,403,273.8,66,11397
2420,2024-12-15,3,10,604,403,206.16,15,1845
2421,2024-03-18,36,1,601,403,172.22,67,1265
2422,2024-09-07,48,13,605,402,398.85,79,9325
2423,2022-11-12,57,8,605,403,297.03,83,4494
2424,2024-12-27,19,15,605,403,497.12,98,449
2425,2022-09-08,62,15,603,403,111.56,59,5149
2426,2023-11-04,70,7,603,401,109.1,72,5929
2427,2024-10-15,30,12,600,403,372.2,49,11996
2428,2022-09-29,92,12,604,403,289.27,21,3030
2429,2022-08-22,37,2,605,402,66.83,90,3419
2430,2022-07-16,99,7,600,403,250.33,99,368
2431,2024-03-07,83,9,604,400,390.68,60,13087
2432,2022-07-10,72,3,602,402,391.56,67,1016
2433,2022-01-21,30,10,600,402,395.12,12,9175
2434,2022-01-07,30,1,602,403,479.46,5,7865
2435,2024-09-30,78,15,603,401,460.96,31,11077
2436,2022-10-16,20,6,605,403,123.15,47,1680
2437,2025-02-20,39,4,603,400,81.96,9,12333
2438,2023-06-11,68,12,605,403,170.1,88,5630
2439,2022-04-16,19,14,603,400,449.81,46,6990
2440,2024-11-25,56,8,605,400,431.0,62,696
2441,2022-05-03,50,2,602,403,376.24,7,968
2442,2024-08-01,70,1,604,403,296.41,42,10515
2443,2022-12-04,56,12,600,403,58.35,77,1796
2444,2022-02-26,24,11,604,403,386.65,48,6714
2445,2023-03-14,67,2,603,403,198.91,75,3658
2446,2022-12-14,59,14,605,403,128.51,91,11013
2447,2024-01-11,74,10,601,401,466.34,100,1401
2448,2022-07-19,76,10,605,401,396.48,27,11961
2449,2024-04-12,66,15,604,400,449.49,53,12837
2450,2023-04-18,62,6,600,400,436.33,99,8268
2451,2024-08-31,73,7,601,401,341.73,77,6191
2452,2024-03-29,95,9,601,402,385.75,85,6968
2453,2023-10-28,99,2,604,400,341.14,28,8723
2454,2023-04-05,8,8,602,403,197.97,18,4269
2455,2022-10-23,65,14,605,401,343.01,87,4594
2456,2024-06-16,71,15,603,403,157.93,54,2711
2457,2022-01-11,56,9,604,401,475.35,64,2650
2458,2022-02-13,23,12,600,403,379.58,18,555
2459,2024-01-20,39,7,605,402,128.86,8,4252
2460,2023-12-29,26,14,600,402,278.24,47,8023
2461,2024-01-31,5,10,603,400,223.76,65,11671
2462,2022-02-18,81,3,603,401,370.16,86,3506
2463,2023-01-27,27,5,603,401,378.48,78,10596
2464,2022-11-28,2,11,603,403,314.68,86,7787
2465,2023-10-02,20,9,600,403,232.3,34,7615
2466,2023-03-05,57,15,603,401,209.27,54,13583
2467,2024-02-23,49,4,600,401,327.05,12,11289
2468,2024-07-20,91,5,605,400,465.12,77,4964
2469,2024-09-04,79,7,604,400,324.86,92,7201
2470,2023-07-22,20,9,600,400,479.55,86,8230
2471,2024-06-15,38,5,600,403,400.33,65,425
2472,2023-03-24,29,2,603,400,316.85,23,1541
2473,2024-03-19,20,6,604,403,235.37,94,7461
2474,2022-07-29,3,9,605,401,273.77,71,14109
2475,2023-10-15,31,10,603,403,443.81,35,1976
2476,2023-10-28,76,8,600,403,232.99,27,10421
2477,2024-09-26,77,2,604,403,434.66,79,1297
2478,2025-06-04,52,7,602,402,205.09,100,5043
2479,2024-03-02,69,9,601,400,231.5,88,9165
2480,2023-05-20,57,7,602,401,440.11,26,3107
2481,2022-01-06,89,6,602,400,180.44,60,4435
2482,2022-11-14,44,6,605,402,322.54,63,7036
2483,2025-03-12,16,6,605,403,376.93,14,5616
2484,2023-05-06,21,11,603,401,176.49,80,2478
2485,2024-03-20,17,5,603,400,177.76,62,653
2486,2022-05-21,2,4,604,400,175.39,78,14631
2487,2024-06-29,92,13,602,402,232.88,8,3699
2488,2024-12-22,42,14,605,402,277.6,69,5871
2489,2023-09-28,84,12,600,400,392.43,11,13267
2490,2022-09-01,17,13,604,403,337.92,39,5855
2491,2024-11-05,57,5,604,402,72.15,42,1861
2492,2022-02-18,27,14,603,401,71.67,57,6876
2493,2025-06-04,36,4,601,403,133.07,90,14003
2494,2025-02-06,72,4,603,402,162.97,90,1040
2495,2025-03-30,84,14,601,400,373.76,74,8349
2496,2024-03-09,98,7,600,402,337.78,61,6189
2497,2023-09-21,48,2,601,402,66.36,57,13826
2498,2022-12-19,69,7,602,402,147.33,37,14952
2499,2023-06-28,97,14,600,403,431.41,7,2731
2500,2022-06-24,27,9,600,400,85.81,67,5946
2501,2023-04-04,56,6,602,401,223.82,58,956
2502,2024-02-24,63,9,602,402,473.32,34,811
2503,2022-02-12,54,4,600,401,230.88,39,2077
2504,2023-11-14,34,13,602,401,288.46,70,14495
2505,2024-05-19,71,15,603,403,328.57,64,9209
2506,2025-01-24,56,11,602,403,161.23,48,12355
2507,2024-09-30,65,2,604,402,120.28,76,2566
2508,2023-08-05,87,14,603,402,426.94,39,12974
2509,2025-05-22,1,5,602,402,404.49,12,7366
2510,2025-03-26,68,5,601,401,213.75,86,7839
2511,2023-04-22,33,10,605,402,102.24,86,9862
2512,2024-06-16,16,7,600,401,202.57,30,11457
2513,2022-11-25,44,10,604,401,214.21,21,4339
2514,2022-07-11,4,8,604,400,317.54,65,6242
2515,2022-09-26,36,8,602,402,128.06,54,13006
2516,2023-10-13,56,14,603,401,432.99,89,10563
2517,2023-10-27,88,11,602,400,333.63,81,7985
2518,2022-08-09,64,14,600,400,312.6,50,5632
2519,2023-09-26,92,2,604,401,229.05,59,14308
2520,2022-06-27,41,10,600,401,422.7,13,7377
2521,2023-08-29,24,5,600,401,215.17,86,11704
2522,2023-04-06,21,9,602,400,74.16,85,6778
2523,2025-05-02,24,8,604,400,229.25,93,13508
2524,2022-01-01,7,9,601,400,476.32,60,14639
2525,2022-11-10,73,9,603,403,345.28,67,287
2526,2022-09-25,98,3,604,401,171.8,14,1559
2527,2025-06-09,79,2,600,400,473.35,14,13223
2528,2025-06-02,1,9,601,403,169.47,45,5130
2529,2025-03-09,78,8,603,400,379.48,40,6215
2530,2025-03-13,94,13,602,401,147.71,47,12577
2531,2023-06-18,62,6,602,402,69.11,25,14016
2532,2023-11-14,16,3,603,403,77.66,37,4459
2533,2024-06-18,3,7,605,401,224.39,92,2136
2534,2024-09-02,75,13,602,400,249.42,27,7034
2535,2023-09-03,98,11,605,400,333.78,85,10019
2536,2024-09-19,77,6,601,402,498.88,96,10887
2537,2025-01-28,57,12,601,402,471.67,83,2480
2538,2023-05-21,19,12,605,403,411.73,30,4116
2539,2024-11-08,18,2,603,400,488.79,91,4125
2540,2025-05-26,3,13,603,403,311.67,87,870
2541,2024-01-11,31,10,603,402,244.41,51,12083
2542,2025-01-26,31,11,601,402,404.21,94,3201
2543,2023-04-19,44,9,602,403,437.08,82,7913
2544,2022-12-15,42,2,603,403,202.29,59,14432
2545,2024-05-19,39,10,601,400,279.17,24,5054
2546,2023-04-19,78,4,603,400,358.21,64,14199
2547,2024-06-12,23,1,600,400,414.73,52,1931
2548,2023-01-01,17,13,605,403,114.61,86,9044
2549,2022-09-01,57,4,605,402,474.78,98,3836
2550,2023-08-09,69,13,604,402,317.84,10,1835
2551,2022-10-09,62,5,602,403,409.79,93,11160
2552,2023-02-01,18,14,601,400,85.55,62,4396
2553,2023-09-26,11,14,605,403,305.4,36,4870
2554,2022-04-07,37,4,601,401,451.4,100,14547
2555,2023-05-24,47,5,605,402,121.38,64,4492
2556,2024-04-26,65,13,601,401,201.55,63,605
2557,2024-10-18,21,9,604,403,193.47,44,9009
2558,2022-09-28,30,5,600,402,150.07,11,7201
2559,2023-04-12,47,7,604,401,370.82,56,3552
2560,2022-02-25,6,15,602,402,366.29,50,14504
2561,2023-02-24,64,15,600,402,172.36,88,7668
2562,2024-02-01,44,10,602,402,331.43,84,10278
2563,2022-02-09,25,11,604,402,490.35,87,9390
2564,2023-05-17,32,7,603,401,320.52,14,4702
2565,2023-07-22,95,10,601,403,143.77,31,2275
2566,2023-05-30,69,2,603,401,275.65,92,6204
2567,2023-10-28,1,3,604,403,365.72,17,3901
2568,2023-12-04,79,4,600,403,314.83,82,4922
2569,2023-06-15,80,7,600,403,89.96,69,11625
2570,2023-11-06,7,1,605,401,468.07,60,12384
2571,2023-07-17,69,11,602,400,252.87,91,10762
2572,2024-03-30,13,2,600,403,279.66,69,14228
2573,2024-05-19,18,15,602,402,132.73,92,2064
2574,2025-04-23,1,10,601,401,163.81,22,1134
2575,2022-06-12,61,14,600,400,224.42,37,12268
2576,2022-03-03,41,13,603,403,296.17,81,8750
2577,2022-03-03,69,8,603,401,367.46,79,13672
2578,2024-02-10,11,3,600,401,272.2,37,1461
2579,2023-08-22,77,9,605,400,342.42,45,10531
2580,2023-05-29,40,5,600,403,384.41,34,13493
2581,2024-05-10,43,7,604,403,348.77,30,370
2582,2023-12-19,93,1,603,402,400.53,41,14985
2583,2023-06-28,43,3,604,403,53.57,16,12909
2584,2025-04-26,18,3,604,401,212.91,22,7183
2585,2024-02-14,71,7,600,402,203.82,54,11071
2586,2024-10-09,15,5,603,400,298.36,18,9305
2587,2024-09-09,35,1,604,401,88.63,42,10217
2588,2023-02-05,87,14,600,401,103.04,9,12959
2589,2022-08-15,82,3,602,401,245.03,95,8634
2590,2022-08-20,24,5,600,402,333.04,33,13363
2591,2022-03-28,7,13,605,400,360.99,33,14020
2592,2022-05-11,51,5,603,401,183.5,84,7337
2593,2023-01-14,81,14,600,403,212.16,83,1787
2594,2025-03-21,91,2,603,400,303.57,8,5426
2595,2022-11-14,73,8,600,402,390.06,90,12652
2596,2023-04-14,22,7,605,401,294.96,64,13494
2597,2022-04-13,77,11,604,401,175.98,49,3830
2598,2023-10-01,22,8,601,402,198.12,99,745
2599,2025-02-12,5,13,602,400,318.96,25,902
2600,2022-11-01,9,10,604,400,232.44,26,6846
2601,2023-12-23,72,6,603,400,338.83,18,11405
2602,2022-07-06,93,2,600,403,434.92,27,735
2603,2025-06-10,54,5,601,403,64.47,85,12894
2604,2023-06-26,73,8,600,402,282.64,50,9842
2605,2025-03-06,72,7,604,402,497.81,76,11850
2606,2023-01-27,33,10,602,402,342.1,55,463
2607,2024-04-09,51,13,605,402,193.83,25,2498
2608,2025-04-23,64,15,604,401,356.01,73,5441
2609,2024-12-08,55,2,603,400,353.68,25,14197
2610,2023-05-29,8,4,605,403,445.11,25,10954
2611,2022-07-15,90,1,603,401,279.2,83,1344
2612,2023-10-14,27,12,604,401,322.12,28,4378
2613,2023-09-13,49,6,600,403,415.04,45,13420
2614,2023-01-30,36,15,603,400,183.63,100,9881
2615,2025-03-21,7,9,604,403,147.23,74,12058
2616,2025-01-15,45,13,603,401,132.37,53,4126
2617,2025-03-06,14,15,602,401,55.56,11,10839
2618,2023-07-11,19,14,600,400,306.07,89,6334
2619,2024-06-17,9,6,605,402,183.49,7,12389
2620,2025-06-14,51,14,605,402,334.04,42,9088
2621,2023-11-18,39,5,604,402,112.43,54,1201
2622,2024-02-13,67,14,602,402,372.91,69,7144
2623,2025-03-07,10,9,603,402,391.37,16,1083
2624,2022-06-03,11,3,600,403,401.76,90,3691
2625,2025-06-08,48,12,601,401,333.29,58,13489
2626,2024-03-13,100,10,604,403,471.58,78,1682
2627,2023-08-26,3,10,602,402,222.42,47,11651
2628,2024-10-19,72,13,601,400,302.99,56,2688
2629,2023-07-20,1,11,605,401,157.37,32,8161
2630,2024-10-11,19,6,601,402,120.89,74,437
2631,2022-08-13,2,6,601,402,237.55,100,10078
2632,2023-08-14,31,14,603,400,128.56,67,13175
2633,2023-04-08,54,5,602,403,173.29,81,3538
2634,2023-06-15,12,9,604,400,455.55,67,10894
2635,2024-03-11,16,10,602,401,449.43,22,13691
2636,2023-12-21,4,4,605,401,435.35,88,11956
2637,2024-04-25,78,12,600,401,366.06,31,9294
2638,2023-04-09,97,1,603,401,172.6,20,14767
2639,2022-12-27,28,7,601,400,410.6,82,7982
2640,2023-02-08,80,4,605,400,67.9,88,9726
2641,2023-11-09,30,4,605,402,479.2,67,7753
2642,2022-12-07,17,10,605,400,267.26,67,13275
2643,2022-03-26,2,9,603,403,174.52,89,14473
2644,2022-04-17,67,7,602,400,129.02,93,9354
2645,2025-02-22,92,4,603,402,462.84,26,12017
2646,2024-07-23,8,1,602,402,152.79,69,7523
2647,2024-05-21,99,10,603,400,451.79,14,13931
2648,2022-12-15,52,10,604,401,320.09,60,10335
2649,2025-04-29,20,11,601,401,400.44,55,2296
2650,2025-04-05,73,6,604,401,93.41,10,11500
2651,2025-01-23,54,10,600,403,417.62,78,12996
2652,2024-09-07,2,2,602,400,270.42,87,6293
2653,2024-02-15,25,7,605,400,281.6,60,6056
2654,2022-12-01,84,10,603,402,273.65,82,2586
2655,2023-12-29,89,9,600,401,76.81,38,4195
2656,2023-09-03,21,13,603,401,491.49,76,4843
2657,2022-03-20,82,15,604,402,204.11,16,3435
2658,2022-05-22,93,9,600,403,142.48,12,8214
2659,2025-03-08,53,13,605,400,491.47,45,6072
2660,2024-01-25,77,4,604,403,72.65,33,5226
2661,2022-02-17,64,10,603,402,168.37,46,4651
2662,2023-06-20,42,14,601,400,404.06,12,4593
2663,2022-05-21,3,5,601,402,288.93,84,527
2664,2023-01-01,37,12,601,403,472.66,47,7710
2665,2023-06-14,33,10,600,400,251.92,5,13729
2666,2025-02-15,96,11,600,402,352.97,59,12479
2667,2023-10-07,87,6,600,402,122.43,91,2884
2668,2022-05-20,45,2,605,402,190.47,35,1230
2669,2023-03-14,22,14,603,402,306.27,25,6018
2670,2022-06-30,10,14,602,401,105.81,43,8192
2671,2025-03-10,56,4,602,402,198.11,97,6766
2672,2022-11-25,73,9,600,400,355.97,64,1496
2673,2024-05-26,4,9,601,400,166.21,81,13033
2674,2024-06-29,99,8,605,401,241.03,28,14437
2675,2022-11-30,75,4,605,403,449.64,47,11900
2676,2022-10-09,43,15,602,401,85.24,76,872
2677,2023-05-24,46,2,601,400,97.06,30,12748
2678,2024-09-12,84,11,600,402,397.95,61,7496
2679,2023-02-03,94,11,604,403,74.39,81,7691
2680,2022-03-25,81,6,603,400,469.58,6,2897
2681,2023-01-22,72,7,602,400,256.31,92,1659
2682,2022-06-26,60,7,604,402,432.23,98,345
2683,2024-12-31,69,1,601,402,232.97,40,12666
2684,2024-06-10,2,3,603,402,207.05,6,5731
2685,2023-07-23,36,10,604,403,218.01,25,3895
2686,2022-10-30,33,12,605,403,142.88,38,5186
2687,2023-11-11,8,7,601,401,57.27,59,4676
2688,2022-12-08,26,13,602,400,302.16,47,10959
2689,2023-11-02,8,2,600,403,436.04,95,8235
2690,2024-10-09,82,4,601,403,304.85,5,8053
2691,2024-05-03,22,15,604,401,439.1,100,9561
2692,2024-02-27,4,14,605,402,425.78,15,9024
2693,2022-03-24,69,11,605,403,459.64,18,7977
2694,2025-03-18,11,2,604,401,90.11,42,10757
2695,2022-05-27,76,7,603,402,136.33,64,2174
2696,2023-09-23,5,2,604,401,115.08,20,2895
2697,2022-05-26,47,8,601,400,157.55,95,4690
2698,2024-07-06,82,5,602,400,200.78,90,5655
2699,2023-10-03,94,12,604,400,384.75,14,10156
2700,2023-06-08,86,5,603,402,142.87,63,10228
2701,2024-03-10,10,11,601,403,281.84,54,11236
2702,2023-01-01,86,13,603,403,303.83,80,9209
2703,2022-10-23,38,5,605,401,94.9,85,9368
2704,2024-04-11,10,12,605,403,409.02,83,3432
2705,2023-01-04,79,15,602,401,439.38,13,2478
2706,2024-03-08,83,10,603,400,319.42,9,2141
2707,2022-08-31,95,5,600,403,348.68,20,2850
2708,2024-09-22,24,11,600,402,421.61,28,11884
2709,2024-08-20,23,13,601,403,314.05,68,9899
2710,2025-02-12,40,7,600,402,448.36,41,14429
2711,2023-06-12,79,2,604,403,335.21,44,11977
2712,2023-10-30,68,6,601,400,295.25,80,4026
2713,2023-05-31,98,9,605,402,266.79,77,8411
2714,2022-12-06,48,6,600,403,80.19,97,12870
2715,2023-04-11,47,13,601,401,193.51,80,5293
2716,2022-08-29,18,14,605,400,482.82,67,14304
2717,2024-11-08,72,12,604,400,345.84,58,5133
2718,2022-10-19,77,13,602,401,369.58,61,6390
2719,2025-04-09,49,15,600,402,252.77,35,2418
2720,2022-04-16,63,1,601,400,398.07,8,1058
2721,2023-02-21,82,10,602,402,456.63,62,5361
2722,2024-08-18,62,1,601,403,99.98,50,3873
2723,2024-05-30,15,13,600,401,411.28,44,12344
2724,2024-02-02,38,2,601,400,330.5,45,2361
2725,2023-01-02,38,6,603,403,351.89,16,374
2726,2024-06-27,10,12,604,401,310.12,48,11208
2727,2023-06-09,6,14,600,401,279.9,34,13993
2728,2024-03-23,33,5,600,403,468.4,23,5284
2729,2023-12-09,38,1,602,400,189.41,25,1637
2730,2022-01-08,74,8,603,400,440.87,73,4160
2731,2023-02-28,20,1,600,401,257.94,53,11134
2732,2024-08-26,29,4,602,400,278.76,99,6790
2733,2024-09-13,37,1,603,401,218.0,95,12405
2734,2023-09-11,5,1,601,402,405.92,46,5351
2735,2023-03-29,77,1,602,403,51.79,29,14370
2736,2022-09-04,42,9,605,402,478.9,32,5581
2737,2022-10-19,89,13,600,403,177.89,59,10777
2738,2025-05-07,92,7,601,401,111.73,94,2709
2739,2023-06-19,16,9,601,400,103.78,47,7578
2740,2023-07-02,38,9,605,402,82.88,44,3235
2741,2025-02-02,19,3,605,401,276.98,7,6973
2742,2022-04-28,13,1,602,402,465.73,80,4775
2743,2023-05-25,24,9,604,401,444.13,14,7695
2744,2022-08-18,67,1,605,401,220.11,57,5678
2745,2025-03-03,100,5,604,401,199.75,30,11128
2746,2024-11-05,28,6,601,402,294.91,69,10385
2747,2022-02-14,99,13,605,403,60.03,56,9648
2748,2024-05-18,84,4,601,401,179.25,84,8277
2749,2024-01-25,7,6,602,402,372.97,9,12602
2750,2022-08-27,89,5,602,402,343.04,28,10207
2751,2024-06-22,1,1,602,400,439.26,19,10281
2752,2022-12-26,58,10,605,400,453.44,43,12746
2753,2024-05-22,28,6,602,400,405.75,85,547
2754,2024-08-18,85,6,605,402,231.41,79,1618
2755,2024-05-19,54,10,600,400,92.73,62,7892
2756,2025-05-17,32,5,603,400,106.09,15,13614
2757,2022-08-08,59,12,603,402,481.53,80,5876
2758,2024-11-17,79,5,605,402,398.1,88,13674
2759,2022-10-01,95,12,605,400,210.49,91,7026
2760,2022-04-21,37,14,604,401,112.43,55,10160
2761,2022-10-29,26,9,602,402,110.74,70,12755
2762,2022-10-12,11,15,605,401,336.06,47,12928
2763,2025-01-30,12,2,603,401,242.12,60,1449
2764,2024-09-07,38,15,600,400,191.98,14,6136
2765,2023-02-15,7,10,602,400,241.01,7,11200
2766,2024-10-13,70,1,602,400,419.73,55,13874
2767,2024-12-08,12,3,605,402,173.22,67,1793
2768,2023-05-15,2,11,602,401,480.92,54,6482
2769,2023-01-13,10,7,603,401,176.98,62,7994
2770,2023-07-11,12,2,604,400,116.13,89,13103
2771,2025-06-23,29,9,601,400,290.39,89,11204
2772,2022-08-22,15,2,600,402,144.84,98,5171
2773,2024-11-29,19,6,604,402,140.26,53,10015
2774,2025-02-21,15,14,601,401,312.37,26,13541
2775,2025-06-15,73,12,601,403,181.79,62,14582
2776,2024-06-15,26,3,604,402,139.7,36,10926
2777,2024-02-16,40,12,603,403,323.13,100,725
2778,2024-10-21,29,1,602,401,432.55,53,12307
2779,2024-12-08,65,10,603,400,464.9,83,6139
2780,2024-12-10,25,15,603,403,497.39,28,672
2781,2024-10-08,17,9,601,402,186.74,62,10401
2782,2022-10-16,80,1,600,402,455.82,25,3527
2783,2025-02-15,32,14,600,402,352.18,40,14263
2784,2022-04-21,30,14,600,403,83.95,15,6070
2785,2023-09-25,94,6,604,401,131.59,57,2133
2786,2022-07-16,12,11,600,403,283.89,17,10514
2787,2023-09-26,93,12,602,402,479.29,15,13448
2788,2023-03-08,11,15,604,401,430.69,57,10505
2789,2023-08-15,8,1,602,401,93.13,37,7741
2790,2025-05-14,78,11,605,401,114.93,27,10600
2791,2023-09-06,73,3,600,403,335.56,7,11217
2792,2024-12-04,73,3,605,401,172.44,87,11089
2793,2024-10-22,49,11,601,400,322.79,33,8250
2794,2022-11-23,17,13,603,400,167.65,7,8231
2795,2024-05-19,60,7,605,400,284.21,51,6382
2796,2024-06-24,95,15,603,401,73.89,41,11359
2797,2022-08-09,69,13,602,400,273.33,21,4677
2798,2022-10-31,89,10,602,402,127.79,75,14168
2799,2022-02-10,30,6,601,401,207.39,65,13727
2800,2025-06-26,86,14,601,402,301.34,29,13258
2801,2023-05-15,47,1,603,400,425.5,97,13754
2802,2025-01-08,49,15,601,400,355.22,87,11566
2803,2022-04-05,76,9,604,403,375.56,36,14231
2804,2022-01-20,50,6,600,403,442.22,61,10722
2805,2024-04-28,82,1,605,403,272.58,17,2906
2806,2024-04-15,67,13,604,400,234.72,98,4419
2807,2024-11-10,55,6,605,402,182.35,30,5369
2808,2023-11-25,15,4,600,400,92.28,67,4444
2809,2024-01-14,31,13,600,402,236.58,99,8979
2810,2022-06-11,30,1,604,400,66.26,100,14730
2811,2024-10-23,56,15,605,402,442.33,61,142
2812,2023-11-20,73,14,600,401,55.73,35,12316
2813,2023-03-05,69,2,602,400,312.64,75,1501
2814,2024-01-12,55,1,602,401,315.16,92,8631
2815,2022-06-12,18,10,605,401,114.48,68,5147
2816,2022-11-26,27,4,601,400,148.66,84,7836
2817,2023-03-18,13,9,601,400,165.97,77,11273
2818,2024-05-07,90,2,600,401,128.85,33,10445
2819,2022-03-21,42,10,600,401,223.45,72,6817
2820,2023-04-25,58,9,603,402,142.27,55,8454
2821,2023-02-25,80,12,603,403,379.57,8,4613
2822,2024-03-10,48,14,605,400,341.37,71,14065
2823,2024-12-17,37,8,600,400,125.01,77,13767
2824,2023-10-13,72,14,604,401,238.07,9,7811
2825,2022-07-28,61,2,601,400,84.69,63,6805
2826,2025-01-30,70,9,602,403,445.26,55,8044
2827,2022-12-08,87,2,604,400,436.99,15,3683
2828,2024-04-30,29,13,605,400,403.83,29,1962
2829,2023-05-03,76,6,604,403,184.84,58,11888
2830,2023-09-15,98,2,600,403,95.88,27,1856
2831,2024-11-19,32,12,600,403,410.83,57,6164
2832,2022-06-12,65,12,600,403,481.75,77,7263
2833,2023-03-09,69,5,602,401,363.77,100,6994
2834,2023-06-19,78,6,603,400,455.36,13,4697
2835,2024-01-02,74,11,604,403,178.89,92,12577
2836,2022-05-14,38,4,604,402,158.99,90,5781
2837,2022-03-06,56,13,604,402,227.89,62,4803
2838,2024-01-23,1,13,604,402,233.43,32,9651
2839,2022-01-31,64,13,603,400,292.28,33,3405
2840,2023-01-14,36,12,600,402,328.47,99,648
2841,2024-04-10,13,4,603,401,76.11,12,9463
2842,2022-01-18,62,8,604,402,62.49,45,13771
2843,2023-08-23,22,1,603,400,297.59,98,8967
2844,2024-07-08,86,14,604,401,198.02,34,12976
2845,2024-04-16,82,13,602,402,101.15,94,6348
2846,2024-01-10,52,15,600,400,383.86,17,2996
2847,2022-02-13,98,7,605,402,374.83,28,2872
2848,2024-04-16,27,5,604,403,393.9,75,8664
2849,2023-08-18,45,14,601,402,300.17,62,7312
2850,2024-04-15,11,4,605,401,494.77,72,12547
2851,2025-03-09,73,15,605,401,164.25,16,10652
2852,2022-04-22,35,11,605,402,248.03,9,9688
2853,2025-04-21,85,13,600,403,285.93,97,906
2854,2023-12-22,91,9,600,401,57.04,85,14725
2855,2024-02-19,43,8,605,401,289.88,46,10754
2856,2023-01-27,88,9,605,400,119.88,94,3882
2857,2024-09-05,79,13,604,400,487.35,19,13743
2858,2022-12-08,25,1,600,400,439.37,62,10473
2859,2022-07-18,25,7,603,400,137.12,76,14779
2860,2023-05-30,24,11,605,402,337.19,48,7423
2861,2022-06-11,13,13,602,403,456.16,19,3764
2862,2024-02-27,79,10,601,401,310.15,55,372
2863,2024-06-25,90,8,603,401,379.0,28,10938
2864,2022-06-16,88,5,600,403,370.53,15,12221
2865,2022-12-07,67,5,601,401,191.92,72,10481
2866,2024-07-23,99,2,600,400,218.13,68,11635
2867,2024-01-31,89,6,601,403,420.18,18,14644
2868,2024-10-11,11,12,602,401,494.92,41,7246
2869,2023-09-06,24,6,604,403,436.37,38,1831
2870,2022-09-14,20,4,601,400,152.7,47,5133
2871,2025-03-08,61,6,602,403,202.83,45,9763
2872,2022-06-06,71,6,604,401,154.12,70,4040
2873,2022-06-27,82,11,605,401,333.95,90,14884
2874,2024-10-10,26,8,603,403,364.49,43,14969
2875,2024-04-23,96,12,603,401,435.74,10,5160
2876,2024-03-31,30,10,602,403,433.01,66,13746
2877,2022-07-07,73,10,600,400,380.17,46,7310
2878,2024-01-30,100,12,600,402,402.33,72,880
2879,2022-09-06,25,6,605,403,400.93,42,5590
2880,2024-01-26,83,9,604,402,428.39,50,4036
2881,2022-05-03,79,13,602,403,105.94,54,7471
2882,2024-08-07,68,12,604,402,113.65,8,13504
2883,2022-08-20,49,14,601,400,391.11,44,14642
2884,2025-03-14,58,2,602,401,329.63,78,5595
2885,2022-07-30,25,15,603,401,178.58,62,13414
2886,2024-01-15,6,15,602,401,377.83,42,4031
2887,2023-04-04,29,8,600,401,109.5,95,7212
2888,2023-11-26,58,9,601,403,256.97,87,10806
2889,2024-05-19,55,13,600,401,449.59,80,11955
2890,2022-04-24,40,8,602,401,444.28,6,4908
2891,2024-05-09,30,13,604,400,94.2,15,14169
2892,2022-08-09,28,1,601,401,471.52,58,535
2893,2025-06-07,73,9,603,400,382.88,70,13829
2894,2022-01-15,27,8,600,401,201.28,51,14295
2895,2022-04-21,14,6,604,403,163.12,70,10121
2896,2024-01-17,52,4,603,401,234.37,62,278
2897,2024-05-07,63,8,600,401,242.96,57,6610
2898,2022-10-28,15,2,600,403,65.19,100,177
2899,2024-03-05,27,9,602,402,232.27,46,3428
2900,2023-08-24,40,8,605,401,54.65,94,5144
2901,2025-06-11,33,6,602,400,100.35,21,11302
2902,2023-05-05,75,3,602,402,256.21,32,9909
2903,2024-04-07,71,13,605,402,236.2,22,5558
2904,2023-09-21,90,4,603,403,272.04,45,6717
2905,2022-07-22,21,6,602,401,209.26,86,10254
2906,2023-06-20,50,5,604,401,281.56,39,10500
2907,2023-07-21,32,15,605,403,158.07,89,10052
2908,2022-07-12,33,9,603,401,308.79,25,8048
2909,2024-05-30,1,4,600,401,132.89,96,13240
2910,2022-04-07,65,7,604,402,459.91,92,9995
2911,2024-09-19,5,9,604,403,457.91,38,8996
2912,2025-05-22,17,1,605,403,323.57,96,12410
2913,2024-03-10,33,5,604,401,83.52,17,7802
2914,2023-01-06,73,5,605,402,324.62,37,1393
2915,2022-07-27,27,3,602,402,273.82,31,4580
2916,2024-10-10,94,7,605,400,248.03,35,10710
2917,2024-07-10,35,8,602,400,104.63,76,5141
2918,2023-06-03,1,7,602,401,143.41,91,9314
2919,2023-01-19,35,4,604,400,397.38,29,906
2920,2022-12-02,56,8,600,402,386.0,53,13144
2921,2022-12-19,29,8,602,400,396.09,64,10627
2922,2024-08-18,81,1,605,400,195.13,40,9451
2923,2024-10-26,50,6,604,401,70.03,70,2521
2924,2022-09-22,74,5,601,402,331.02,78,3932
2925,2024-02-10,56,15,601,401,128.05,38,14753
2926,2025-02-22,56,2,605,400,378.78,7,3764
2927,2022-10-14,59,13,605,400,94.94,45,11158
2928,2022-05-07,65,14,602,401,197.19,68,10415
2929,2024-10-11,7,9,601,401,146.16,12,10553
2930,2022-02-08,30,10,601,402,413.18,92,11758
2931,2023-05-10,80,4,604,401,198.78,14,11488
2932,2023-01-03,89,5,605,401,176.94,85,1584
2933,2023-07-19,83,2,603,401,229.18,78,265
2934,2024-09-10,39,6,602,401,405.18,69,14074
2935,2024-07-03,57,3,602,403,186.76,14,10443
2936,2025-04-19,46,15,600,400,489.98,59,14759
2937,2024-05-24,66,4,605,400,354.65,10,10818
2938,2024-05-07,14,8,603,403,313.08,73,6683
2939,2024-01-11,99,1,600,400,108.9,26,3815
2940,2023-11-29,29,11,601,402,142.2,87,14930
2941,2024-05-25,67,9,604,403,376.9,46,13592
2942,2025-06-28,41,1,603,402,132.36,8,4911
2943,2025-01-30,50,10,605,402,291.22,84,8892
2944,2022-08-12,38,3,605,402,188.83,45,13318
2945,2024-02-01,69,1,600,401,141.49,50,10325
2946,2024-12-10,33,12,604,402,266.29,78,11591
2947,2023-07-23,47,11,601,402,472.78,59,4517
2948,2024-04-30,91,8,600,402,126.17,65,9706
2949,2022-08-29,27,3,602,401,287.59,73,5003
2950,2022-05-04,50,2,603,400,366.25,34,6230
2951,2024-07-27,33,6,605,402,155.37,54,4650
2952,2025-02-15,3,10,603,402,51.8,28,8173
2953,2024-12-20,59,9,602,403,494.12,67,1537
2954,2023-12-18,92,5,600,402,341.56,49,7284
2955,2025-05-07,10,12,602,400,321.48,58,12291
2956,2024-12-16,51,5,604,403,424.78,29,198
2957,2023-08-30,75,15,602,403,469.66,72,2966
2958,2023-01-26,2,1,604,402,311.1,60,13467
2959,2024-01-17,33,14,600,403,368.46,43,11826
2960,2025-06-01,58,1,605,400,415.28,58,9519
2961,2025-01-08,33,14,603,400,113.59,67,10289
2962,2023-10-18,23,8,603,400,402.77,68,5474
2963,2023-12-22,99,6,605,402,328.68,11,11120
2964,2022-03-28,24,11,600,401,335.63,19,9999
2965,2023-11-16,2,15,605,402,490.75,69,3577
2966,2023-02-06,50,3,600,402,67.71,62,3070
2967,2022-09-20,43,9,604,401,86.76,52,5076
2968,2023-07-26,32,12,601,403,76.02,10,9653
2969,2023-09-27,92,1,601,401,253.53,22,2456
2970,2022-03-04,50,1,603,401,274.08,44,6456
2971,2023-04-16,18,1,604,403,119.24,26,4782
2972,2024-12-16,31,14,601,400,390.65,25,12445
2973,2022-02-03,55,2,604,403,147.45,76,10003
2974,2023-06-26,71,10,603,401,447.23,68,10367
2975,2022-07-26,8,14,601,403,383.34,92,10231
2976,2023-05-09,46,11,605,402,82.74,31,3518
2977,2022-05-31,58,11,600,400,275.27,90,4609
2978,2022-05-08,57,9,600,402,160.21,33,1297
2979,2024-05-21,55,7,601,401,439.75,26,9420
2980,2022-08-23,62,6,605,403,237.27,12,7624
2981,2022-04-23,73,5,603,402,461.44,37,7416
2982,2023-08-17,27,6,605,403,99.59,63,9274
2983,2023-02-14,61,5,605,403,245.08,7,345
2984,2023-05-15,55,4,601,400,461.68,29,14814
2985,2022-04-20,36,13,605,403,349.96,10,1752
2986,2024-06-19,50,12,601,402,476.99,47,14839
2987,2022-02-12,24,10,601,400,278.66,55,4257
2988,2022-08-26,38,2,600,402,455.36,44,14656
2989,2023-06-20,23,13,605,402,459.79,70,14816
2990,2024-12-12,33,7,600,401,268.77,52,11631
2991,2024-09-04,53,1,605,403,450.66,61,11196
2992,2024-05-15,4,10,602,402,413.13,27,984
2993,2023-08-16,29,2,600,400,91.05,83,10478
2994,2025-01-03,38,12,603,400,468.0,20,1027
2995,2024-03-12,90,13,602,403,58.09,60,11741
2996,2022-08-18,62,9,604,401,242.06,64,2270
2997,2022-07-13,94,1,601,400,386.55,54,2259
2998,2024-01-22,29,14,600,402,123.51,37,9754
2999,2023-08-19,20,12,604,400,99.52,48,3091
3000,2025-05-05,45,15,603,400,134.5,89,6930
3001,2025-01-03,75,13,603,400,483.29,77,953
3002,2022-11-20,47,13,601,402,57.18,55,4021
3003,2024-12-19,98,1,601,403,66.55,7,2150
3004,2024-07-30,24,9,601,402,204.53,90,3529
3005,2023-06-05,58,6,600,401,139.94,6,3291
3006,2024-10-07,84,14,602,403,213.05,30,10037
3007,2023-10-25,77,4,602,403,314.97,86,10521
3008,2022-12-14,10,7,601,400,333.58,28,3616
3009,2023-05-20,22,7,605,403,426.71,58,3199
3010,2022-11-17,83,6,601,401,390.4,66,10292
3011,2022-03-02,8,6,603,400,345.26,7,9983
3012,2023-05-08,90,11,603,402,361.27,43,11878
3013,2022-03-25,83,9,605,400,244.72,19,7512
3014,2025-01-25,28,5,604,400,123.46,65,12856
3015,2025-06-05,24,9,602,402,94.57,43,7788
3016,2024-02-27,59,6,604,402,342.62,60,13800
3017,2024-06-20,65,12,605,400,203.76,81,3271
3018,2024-03-24,82,13,601,403,129.44,81,6273
3019,2024-12-23,82,6,605,403,435.18,35,8268
3020,2023-05-05,70,4,601,401,449.86,10,440
3021,2022-02-27,11,3,605,403,376.95,38,11420
3022,2023-12-30,25,5,600,401,273.15,25,1143
3023,2024-04-15,86,8,601,403,499.38,33,14625
3024,2025-04-15,45,4,602,400,292.31,33,6346
3025,2024-11-09,4,1,600,400,171.32,25,3156
3026,2025-02-24,64,9,605,401,326.07,33,9466
3027,2024-01-08,66,2,601,400,99.59,43,134
3028,2023-05-16,72,15,600,403,52.42,53,11510
3029,2024-02-15,67,3,601,402,467.55,60,2560
3030,2023-05-31,51,12,602,402,94.69,81,1178
3031,2024-01-12,83,6,600,403,321.21,11,3260
3032,2023-10-04,6,10,605,401,492.2,21,1166
3033,2024-01-09,82,1,603,402,473.11,63,1325
3034,2024-09-22,65,7,600,403,321.65,91,2978
3035,2022-05-28,32,9,603,401,307.28,30,604
3036,2024-12-09,48,14,603,400,59.03,24,7681
3037,2023-01-28,38,8,600,403,323.89,35,13635
3038,2023-10-03,25,12,605,400,430.21,94,10769
3039,2022-03-20,50,4,604,401,235.79,99,254
3040,2023-01-29,11,14,600,400,306.12,39,7168
3041,2023-10-23,57,4,604,400,294.89,28,6315
3042,2023-12-03,95,7,605,403,431.91,8,1417
3043,2022-09-29,7,6,600,400,372.96,87,1725
3044,2022-09-27,65,2,600,402,475.56,56,14152
3045,2024-01-14,79,8,603,403,465.3,6,11820
3046,2023-08-07,94,2,601,403,100.57,53,6959
3047,2024-10-03,24,7,603,402,218.2,10,12679
3048,2024-04-23,100,7,602,402,444.7,58,4166
3049,2022-04-24,12,3,600,402,197.37,72,13544
3050,2023-01-11,63,4,603,402,446.38,11,2877
3051,2022-04-29,71,8,602,402,387.01,97,2001
3052,2022-04-13,44,6,600,401,369.31,67,10978
3053,2022-03-30,5,13,600,402,489.16,100,5937
3054,2024-10-12,81,9,600,401,298.26,51,8377
3055,2022-12-31,19,5,602,402,65.05,31,9679
3056,2025-01-20,30,3,605,400,178.31,37,4833
3057,2023-07-10,61,4,604,400,472.48,39,3960
3058,2024-09-21,32,7,604,400,360.77,55,4173
3059,2023-07-06,40,15,603,401,275.86,24,11796
3060,2023-09-04,5,4,604,400,230.23,22,7358
3061,2024-04-07,29,11,600,401,344.18,81,12700
3062,2024-01-10,34,13,605,403,490.33,19,8981
3063,2025-06-08,11,11,600,403,180.82,40,7322
3064,2024-08-30,3,9,604,400,411.74,24,12680
3065,2023-06-04,46,15,604,402,462.26,99,11457
3066,2022-04-01,73,15,600,400,468.9,84,14059
3067,2022-07-03,99,9,600,402,63.14,52,7149
3068,2024-10-13,69,10,602,402,301.65,7,11553
3069,2023-04-28,17,12,600,401,107.15,54,6513
3070,2024-07-16,94,4,600,402,465.62,98,7950
3071,2024-02-01,77,15,600,400,124.63,31,722
3072,2022-09-14,24,11,604,401,152.78,47,556
3073,2025-02-20,73,7,603,403,243.39,81,14423
3074,2025-03-04,57,11,604,403,131.67,49,10763
3075,2022-04-28,41,11,600,403,271.71,37,1679
3076,2022-07-19,76,14,600,400,264.2,88,1330
3077,2022-09-08,78,3,602,403,221.48,15,7525
3078,2025-06-27,29,2,603,403,88.58,14,2898
3079,2024-06-12,35,8,603,401,305.03,56,12920
3080,2024-11-13,61,11,605,403,146.48,30,2517
3081,2022-07-02,38,11,605,403,80.68,64,6551
3082,2022-02-21,53,7,600,401,247.1,41,8299
3083,2022-09-05,89,14,601,400,85.09,100,427
3084,2022-01-21,84,14,605,402,307.26,82,6353
3085,2023-04-25,47,9,602,400,263.93,53,1407
3086,2022-02-05,98,4,600,403,144.06,11,13745
3087,2023-03-03,72,1,602,403,295.13,94,11212
3088,2025-05-03,97,5,605,403,126.91,56,7342
3089,2022-03-31,89,3,603,403,271.36,81,14123
3090,2024-06-14,3,10,605,402,344.27,26,1326
3091,2022-10-05,34,3,604,401,295.87,77,10151
3092,2022-06-29,18,5,605,400,117.49,59,2693
3093,2024-03-21,86,9,605,403,273.88,54,14020
3094,2023-08-12,42,5,605,402,274.19,88,2697
3095,2022-01-31,12,1,602,403,495.09,56,14532
3096,2024-10-25,40,14,602,403,65.62,17,5300
3097,2025-02-15,76,6,600,402,256.46,80,1894
3098,2023-10-01,48,6,600,401,51.79,24,4295
3099,2023-02-03,99,3,602,400,252.81,8,4099
3100,2025-04-09,55,1,602,401,256.29,51,1605
3101,2025-05-17,65,11,605,400,94.56,16,13640
3102,2023-06-09,18,5,601,402,461.11,38,8434
3103,2024-08-20,39,12,601,403,255.61,82,13534
3104,2025-06-16,61,11,605,403,431.26,29,755
3105,2022-08-05,58,5,603,402,94.41,36,5001
3106,2023-03-27,80,10,605,401,59.38,45,6215
3107,2023-06-12,15,7,601,403,402.95,9,3622
3108,2022-06-28,45,11,602,402,221.44,13,3042
3109,2022-12-03,2,3,603,401,294.64,80,10442
3110,2023-06-02,23,8,600,400,330.34,80,10166
3111,2024-05-03,70,12,602,400,280.35,84,13291
3112,2024-06-09,75,4,602,400,220.54,84,534
3113,2022-12-05,30,7,602,400,174.2,19,13012
3114,2022-11-09,39,6,604,400,467.48,56,2452
3115,2023-02-12,57,3,600,400,317.54,17,3563
3116,2022-01-07,52,8,603,401,108.6,45,14967
3117,2022-11-23,72,10,600,401,126.01,30,2347
3118,2023-12-01,90,14,603,401,86.17,98,13027
3119,2023-06-06,7,4,605,401,200.11,22,5961
3120,2022-08-30,97,3,600,403,443.61,17,10802
3121,2023-06-30,34,14,603,402,467.66,94,6704
3122,2022-11-02,12,6,600,401,475.05,65,9996
3123,2024-11-24,91,10,601,402,192.62,28,11251
3124,2025-02-15,22,15,605,400,436.8,87,6714
3125,2023-06-27,27,8,600,402,482.13,13,227
3126,2023-11-27,46,8,601,401,440.95,33,2418
3127,2024-08-18,10,3,603,400,292.6,79,4758
3128,2023-04-10,93,3,601,400,431.58,25,8245
3129,2024-07-18,53,5,601,402,393.59,31,13821
3130,2024-11-29,20,1,602,401,158.32,57,5441
3131,2024-06-04,83,2,605,401,328.95,8,11568
3132,2023-06-24,77,6,605,402,237.39,34,13792
3133,2025-01-30,12,5,602,402,110.61,33,7062
3134,2022-01-15,99,5,600,400,261.8,36,7363
3135,2022-03-05,15,15,604,400,93.29,48,9169
3136,2025-05-28,86,3,603,400,254.47,87,6070
3137,2025-04-25,40,2,601,400,411.77,66,7758
3138,2024-06-28,47,3,600,402,450.61,76,747
3139,2025-05-07,89,2,604,402,433.48,30,4233
3140,2022-02-21,54,2,602,401,296.37,60,6001
3141,2023-06-06,62,15,604,400,250.88,49,3455
3142,2025-02-17,94,12,601,402,237.89,64,3380
3143,2022-05-03,77,4,604,401,294.38,89,8581
3144,2024-03-09,59,15,600,402,164.86,46,8045
3145,2022-12-29,95,13,602,403,374.68,90,12659
3146,2022-02-06,83,14,601,403,166.92,85,2026
3147,2022-04-02,3,12,603,403,100.92,83,6308
3148,2022-04-08,87,7,604,400,114.7,24,2879
3149,2025-03-30,93,1,602,400,476.04,28,6902
3150,2023-05-30,7,11,603,402,441.42,17,6536
3151,2022-12-27,45,6,605,401,68.54,98,12521
3152,2025-06-05,24,11,604,401,255.87,51,9032
3153,2024-07-24,40,6,602,402,400.28,19,6678
3154,2024-01-21,59,3,600,403,214.11,84,3245
3155,2022-07-04,69,7,603,402,347.24,42,5749
3156,2024-02-07,93,13,601,403,123.56,40,3599
3157,2022-04-02,61,9,602,403,229.35,93,12062
3158,2022-04-15,52,13,601,401,63.69,30,937
3159,2024-10-04,73,9,605,400,95.12,59,7427
3160,2025-05-24,64,12,603,400,252.57,83,5197
3161,2024-08-27,51,13,600,403,240.45,71,8820
3162,2023-04-15,48,9,603,401,412.45,88,4194
3163,2022-09-05,31,6,601,400,481.57,46,13233
3164,2023-12-11,27,4,605,402,108.23,14,7210
3165,2024-10-05,46,1,601,402,178.39,58,1292
3166,2024-08-23,77,7,605,402,394.59,53,3729
3167,2022-09-26,11,7,605,403,403.98,28,7267
3168,2024-10-07,84,15,602,403,422.35,37,5485
3169,2024-09-03,15,9,602,401,195.19,21,11081
3170,2022-11-18,84,9,604,401,291.64,42,5428
3171,2022-07-27,38,5,600,401,406.2,25,755
3172,2022-12-30,70,9,601,400,50.14,68,7030
3173,2022-04-17,12,11,603,401,251.47,67,9994
3174,2022-04-09,78,13,602,403,233.84,94,2760
3175,2025-05-22,21,4,605,400,194.02,90,11692
3176,2023-04-02,23,11,600,401,483.68,43,11667
3177,2024-05-05,19,6,603,402,150.46,55,12344
3178,2024-10-23,95,3,600,400,80.21,20,7591
3179,2023-08-08,44,14,604,401,59.6,11,6891
3180,2023-10-03,33,12,603,401,77.95,58,7613
3181,2024-10-09,90,12,604,403,148.46,75,3864
3182,2024-11-26,56,11,601,403,88.14,47,12668
3183,2022-12-16,27,4,604,401,183.23,56,9119
3184,2022-07-05,41,14,603,400,325.53,58,14960
3185,2024-01-12,29,4,601,401,270.76,9,2999
3186,2023-04-09,24,9,604,403,299.08,37,6737
3187,2023-11-15,9,1,600,402,462.03,93,3663
3188,2024-05-13,19,2,604,400,373.71,9,13638
3189,2022-09-14,95,8,601,403,382.0,83,14935
3190,2022-10-05,3,7,602,400,264.85,82,10867
3191,2023-12-24,72,5,603,401,189.62,92,5910
3192,2022-09-28,80,2,603,403,64.87,71,319
3193,2024-09-11,16,5,603,400,57.92,17,7007
3194,2024-06-28,88,4,600,401,418.53,83,1737
3195,2024-06-07,36,2,600,403,429.79,18,9989
3196,2024-01-05,70,1,602,401,317.76,15,13981
3197,2024-10-06,20,8,603,403,385.63,71,14578
3198,2022-05-01,73,13,602,400,377.37,100,4080
3199,2025-01-21,83,4,600,400,332.68,94,6809
3200,2023-04-10,62,11,603,402,370.91,97,12669
3201,2022-05-09,66,5,605,401,193.81,98,3679
3202,2023-10-09,90,12,605,401,172.91,74,1316
3203,2023-11-10,44,5,602,401,415.61,55,2001
3204,2024-12-09,68,4,603,402,154.83,38,5238
3205,2024-06-23,15,14,603,400,80.51,45,9727
3206,2025-03-13,30,9,605,401,393.72,18,6265
3207,2024-06-23,18,3,600,401,301.43,20,10466
3208,2023-05-01,34,10,600,403,375.09,61,9594
3209,2023-04-23,25,9,602,401,296.54,46,6845
3210,2023-03-23,92,8,600,402,478.16,6,828
3211,2023-12-31,14,5,604,403,391.26,38,12508
3212,2023-03-06,19,14,600,400,354.84,49,9425
3213,2024-01-30,22,8,601,401,288.92,87,13544
3214,2024-08-02,75,5,601,400,150.02,85,8856
3215,2022-04-14,45,13,604,401,341.45,84,9304
3216,2024-11-18,48,4,600,400,344.88,42,11051
3217,2024-01-19,26,11,600,400,334.52,21,6692
3218,2025-05-04,97,15,602,403,319.49,44,7787
3219,2022-06-15,33,6,601,401,410.13,85,9161
3220,2025-02-27,78,14,600,400,60.85,90,9588
3221,2024-01-25,71,1,600,401,448.56,53,8543
3222,2022-01-29,99,5,600,401,194.98,36,14435
3223,2023-09-08,22,6,602,400,140.7,75,10838
3224,2024-07-10,77,2,601,402,200.53,55,11403
3225,2024-01-29,11,12,604,401,415.25,88,10854
3226,2023-04-07,97,9,602,400,349.83,88,6702
3227,2022-05-09,77,5,604,402,407.84,22,10256
3228,2023-07-09,11,5,600,403,96.77,94,944
3229,2022-05-14,77,2,602,403,372.74,66,12706
3230,2024-02-12,86,1,600,402,393.84,22,2655
3231,2022-04-29,57,3,604,402,328.36,46,11568
3232,2023-06-26,30,10,602,401,156.71,34,6335
3233,2024-12-11,73,1,602,403,459.9,85,2855
3234,2022-01-31,75,6,600,402,297.04,82,3888
3235,2025-05-06,84,9,603,403,99.18,27,2116
3236,2022-03-26,92,11,601,401,238.54,11,2420
3237,2025-04-30,38,4,602,402,257.08,9,12933
3238,2025-05-14,95,7,602,402,244.97,47,8405
3239,2025-06-08,11,11,604,401,396.19,24,3996
3240,2025-06-11,27,3,603,400,208.45,25,8796
3241,2023-05-19,37,2,602,402,316.47,6,8133
3242,2022-04-12,93,9,603,403,52.31,81,9929
3243,2024-02-12,25,13,605,401,414.46,43,13269
3244,2023-10-04,38,9,604,402,421.38,54,8742
3245,2023-05-08,76,5,602,400,378.12,65,4186
3246,2022-12-22,3,11,600,403,78.15,21,3488
3247,2024-03-12,19,2,600,401,350.72,55,5804
3248,2022-07-17,74,5,605,401,226.89,69,7784
3249,2023-01-13,35,5,600,400,131.25,28,13893
3250,2023-05-12,56,15,603,402,258.82,98,5580
3251,2022-08-01,27,1,603,400,407.19,93,6299
3252,2022-04-10,1,5,602,400,214.38,16,949
3253,2024-10-22,98,2,602,401,61.58,81,13386
3254,2022-07-17,91,11,600,400,81.31,80,3422
3255,2024-08-12,48,2,605,403,333.76,45,3868
3256,2025-06-28,59,7,600,403,480.18,40,432
3257,2024-01-12,99,9,605,400,186.38,79,3474
3258,2022-10-16,45,5,604,402,464.07,22,8221
3259,2022-08-28,49,11,602,403,155.22,77,14497
3260,2024-07-03,53,4,601,401,214.23,24,5643
3261,2023-07-12,15,12,604,403,321.64,94,12039
3262,2022-12-15,40,10,603,401,139.63,58,2352
3263,2022-11-17,63,1,601,400,303.08,81,11418
3264,2025-04-16,32,11,601,401,314.23,37,3798
3265,2024-05-07,89,14,605,400,154.38,92,5573
3266,2024-03-20,51,3,603,401,188.83,91,9952
3267,2024-07-04,61,3,603,400,499.93,25,10500
3268,2022-12-28,13,13,605,402,245.89,98,10214
3269,2024-06-27,1,11,604,403,91.57,23,14350
3270,2025-05-07,84,3,600,402,368.36,66,4565
3271,2022-11-10,92,14,600,401,393.06,80,1157
3272,2025-05-11,67,11,605,402,355.28,55,7971
3273,2022-02-12,11,1,605,403,147.39,95,1628
3274,2023-03-07,87,2,600,402,66.02,42,13018
3275,2023-05-01,76,8,602,403,238.52,16,12911
3276,2022-09-24,11,8,603,403,77.09,29,14359
3277,2023-03-26,80,14,601,400,140.12,54,3562
3278,2024-03-28,59,3,605,403,308.31,76,4482
3279,2022-05-28,25,10,605,402,493.25,75,1652
3280,2023-02-13,5,10,603,401,337.27,44,9202
3281,2023-11-28,89,6,605,403,372.14,5,10538
3282,2022-03-09,96,14,603,401,98.6,13,13528
3283,2024-06-12,55,10,603,402,166.47,61,4295
3284,2022-06-08,43,10,600,400,117.5,22,9843
3285,2022-07-20,94,8,605,403,76.76,77,4046
3286,2024-02-07,15,7,602,401,390.01,35,14698
3287,2023-03-23,29,14,605,401,212.11,76,6813
3288,2022-02-08,86,1,603,401,372.44,7,11649
3289,2024-12-22,81,2,604,401,239.57,77,7272
3290,2024-05-01,82,5,602,403,195.48,12,3721
3291,2022-02-15,12,6,601,401,416.14,62,5319
3292,2024-06-05,85,11,601,402,437.91,94,6135
3293,2025-06-28,81,10,602,402,413.76,56,3583
3294,2023-04-17,76,1,601,400,93.92,21,10826
3295,2022-08-27,26,15,603,401,302.38,59,9377
3296,2025-06-08,17,6,604,403,56.37,86,6243
3297,2025-03-21,80,9,604,402,369.49,84,4021
3298,2022-12-23,79,6,604,402,117.73,66,9734
3299,2024-11-12,18,14,602,403,374.57,99,12564
3300,2023-11-11,96,7,603,401,297.25,35,14828
3301,2022-10-09,49,6,601,403,459.71,57,11281
3302,2024-04-07,84,14,600,402,450.51,17,7799
3303,2025-02-04,13,7,603,400,131.52,85,2195
3304,2022-01-25,14,10,600,401,488.29,31,7368
3305,2024-09-16,40,14,601,400,85.25,77,13940
3306,2022-01-26,97,3,603,402,482.19,29,3435
3307,2025-05-06,88,1,601,400,272.43,28,14859
3308,2024-09-18,33,6,600,400,75.08,6,4140
3309,2024-02-10,85,9,602,402,164.33,35,5196
3310,2025-06-08,6,2,605,402,467.12,65,9667
3311,2024-11-05,68,2,605,401,370.48,28,8243
3312,2025-01-05,23,2,605,403,337.59,80,3776
3313,2023-01-19,23,14,600,402,158.11,80,7250
3314,2024-06-14,29,2,600,402,200.51,18,4157
3315,2023-07-31,95,8,601,401,73.98,97,6244
3316,2022-04-17,80,5,600,401,309.93,53,5447
3317,2025-04-30,59,6,602,401,407.11,36,5095
3318,2022-03-14,24,2,602,400,456.65,5,134
3319,2023-06-15,42,13,601,402,404.21,12,13550
3320,2022-05-23,38,14,601,401,96.45,52,6051
3321,2022-01-07,65,14,601,402,165.97,57,11108
3322,2025-05-17,93,11,600,401,76.05,11,10516
3323,2025-05-07,93,7,603,400,56.71,77,13950
3324,2022-05-31,82,9,600,402,382.87,47,4391
3325,2022-11-27,9,1,600,402,368.82,57,5923
3326,2022-06-30,22,9,602,400,117.89,28,7911
3327,2022-06-29,45,2,605,403,378.11,58,2778
3328,2024-09-01,97,7,605,402,85.99,57,4770
3329,2022-06-29,36,9,602,400,335.64,9,14223
3330,2025-05-21,59,2,600,400,395.31,57,1519
3331,2023-12-30,81,7,602,400,200.58,13,7817
3332,2022-09-02,89,11,605,400,470.26,47,13461
3333,2023-07-10,33,11,601,403,334.4,53,5316
3334,2023-02-10,63,1,601,400,401.89,37,4847
3335,2024-02-28,49,5,600,400,290.23,19,8453
3336,2024-10-07,8,9,605,401,378.72,18,7241
3337,2024-07-27,45,7,601,402,466.25,12,3411
3338,2025-06-02,81,9,603,403,296.69,82,7823
3339,2023-08-30,42,10,603,402,481.19,86,5667
3340,2025-02-27,13,14,605,403,452.43,26,12016
3341,2025-04-28,52,1,603,400,262.54,81,5260
3342,2022-10-23,73,5,605,403,166.37,33,1295
3343,2023-07-14,13,8,604,402,204.09,24,4151
3344,2023-07-05,22,4,600,403,72.63,59,14423
3345,2022-08-15,86,5,605,400,92.94,14,13390
3346,2022-06-13,1,11,600,401,131.08,6,11787
3347,2025-03-04,6,6,600,401,336.18,85,12595
3348,2023-01-09,28,8,601,402,56.18,26,2800
3349,2023-09-10,42,5,601,400,374.41,38,10643
3350,2025-02-20,36,9,604,403,439.77,73,11717
3351,2024-03-12,8,12,600,400,241.84,13,12946
3352,2022-03-11,94,6,600,402,152.39,41,1904
3353,2023-11-14,72,14,604,402,468.96,26,2754
3354,2025-06-09,3,3,605,401,173.55,78,1336
3355,2023-07-12,80,11,602,402,378.26,78,7993
3356,2024-06-06,62,6,601,401,274.29,75,7301
3357,2022-05-17,72,10,602,402,461.76,14,6278
3358,2024-10-20,8,7,602,402,347.48,96,7628
3359,2024-04-30,10,12,602,400,483.3,95,8241
3360,2024-05-05,20,9,605,401,91.68,93,6663
3361,2023-06-24,66,11,605,401,171.94,81,10665
3362,2022-02-15,45,11,604,401,77.58,44,12717
3363,2024-02-20,1,13,603,400,296.56,61,13062
3364,2024-12-20,31,8,600,403,360.57,82,13074
3365,2023-02-02,21,4,601,403,413.64,46,1321
3366,2023-04-20,38,1,604,400,341.28,90,4918
3367,2024-04-16,64,8,604,401,155.75,33,10919
3368,2024-11-02,41,5,605,403,282.25,58,12240
3369,2025-04-10,70,13,605,401,236.77,56,13377
3370,2024-06-23,91,15,603,401,299.47,37,8168
3371,2023-05-20,6,2,602,403,327.75,97,9993
3372,2024-03-20,39,15,601,401,200.59,88,8502
3373,2022-07-25,52,1,602,402,460.78,32,11099
3374,2022-05-22,23,10,604,401,403.43,47,314
3375,2024-07-20,93,10,605,401,328.31,28,12054
3376,2025-06-16,11,14,604,400,279.88,63,3220
3377,2022-04-25,8,8,603,401,120.87,60,6053
3378,2023-01-03,28,4,603,403,261.87,72,4050
3379,2025-05-26,63,15,605,401,499.41,19,13237
3380,2024-01-30,55,1,601,403,272.69,12,10024
3381,2022-01-09,10,13,600,400,98.4,27,2711
3382,2022-03-08,85,14,605,402,407.91,76,9203
3383,2023-09-29,79,4,604,403,447.9,11,12801
3384,2022-06-28,88,15,603,402,300.92,6,7500
3385,2022-06-27,14,1,604,402,93.42,66,5238
3386,2022-06-03,99,3,602,401,385.8,20,11728
3387,2022-04-24,12,10,605,400,440.24,43,9269
3388,2022-04-25,4,7,604,403,215.0,30,2172
3389,2022-10-28,91,2,605,403,318.5,32,1833
3390,2024-09-27,30,1,605,400,315.97,58,2561
3391,2023-06-27,16,3,603,402,403.0,56,12816
3392,2022-12-07,5,2,604,400,476.59,78,9108
3393,2023-08-03,53,3,603,400,389.0,96,7174
3394,2022-09-22,64,15,605,401,337.16,14,7439
3395,2022-10-30,17,6,603,401,215.56,35,14891
3396,2024-12-03,33,9,602,401,228.71,37,3119
3397,2022-05-09,39,2,603,400,450.08,77,13852
3398,2022-08-31,56,7,603,403,444.2,71,3523
3399,2022-01-10,61,6,604,402,470.98,13,1452
3400,2023-09-29,63,4,602,400,397.8,15,3355
3401,2022-08-27,84,12,602,402,493.71,27,13445
3402,2023-03-03,42,7,600,403,248.96,32,2085
3403,2024-07-27,17,6,600,402,68.93,14,13367
3404,2023-07-06,29,13,603,402,366.24,37,3884
3405,2023-06-01,73,11,602,400,254.25,89,6010
3406,2022-07-04,36,2,605,403,250.69,99,1503
3407,2023-08-11,19,7,605,400,264.39,28,3969
3408,2024-12-01,39,5,604,402,493.95,28,2550
3409,2023-10-13,88,14,605,400,190.3,12,13855
3410,2023-03-04,99,7,603,400,488.54,81,3008
3411,2024-09-16,83,8,604,400,232.28,53,3072
3412,2025-01-27,72,2,603,402,192.1,7,4952
3413,2025-03-13,7,7,604,403,228.05,30,8092
3414,2024-07-30,9,15,601,403,297.62,21,5781
3415,2023-10-10,98,7,600,400,431.33,91,13221
3416,2022-08-19,33,9,600,401,209.4,92,1852
3417,2024-07-15,71,9,605,401,209.06,7,12517
3418,2025-03-20,45,13,601,403,385.67,62,12619
3419,2024-08-10,30,11,601,401,466.01,63,3587
3420,2024-01-07,64,5,600,402,419.62,38,5865
3421,2022-04-16,30,11,604,402,294.11,15,11650
3422,2022-01-10,41,5,604,400,88.38,46,10730
3423,2023-11-18,60,13,601,402,138.18,94,7966
3424,2023-12-05,67,11,604,402,327.37,90,9457
3425,2023-02-08,72,9,602,402,129.17,87,7431
3426,2025-03-05,7,3,603,403,423.84,75,12879
3427,2022-05-22,13,11,603,403,396.08,54,14463
3428,2024-09-22,58,5,600,401,143.46,12,9327
3429,2022-10-14,68,11,600,402,319.89,85,6700
3430,2024-09-29,41,10,605,402,53.13,86,9251
3431,2025-06-17,67,2,605,400,264.48,93,13881
3432,2023-03-14,75,8,603,401,470.79,71,14806
3433,2024-07-22,27,1,600,402,244.4,86,9036
3434,2024-07-23,86,5,602,400,167.93,48,781
3435,2024-09-18,29,7,605,401,252.22,58,2170
3436,2024-09-02,57,13,605,400,115.61,18,7247
3437,2022-08-28,98,8,602,403,416.02,28,10936
3438,2023-04-14,8,13,601,403,324.91,65,9904
3439,2025-06-20,66,5,601,402,317.74,51,9608
3440,2024-01-22,71,5,604,400,354.32,46,3040
3441,2022-09-28,89,2,604,401,447.6,100,10764
3442,2024-02-21,32,14,600,403,453.61,34,5746
3443,2022-04-22,43,5,605,403,370.77,49,7205
3444,2025-05-16,14,4,601,402,406.06,45,7695
3445,2022-09-23,29,10,601,402,272.46,82,3385
3446,2022-09-05,15,8,600,401,376.07,81,3751
3447,2024-11-24,1,4,601,403,131.82,32,5369
3448,2023-03-31,56,3,605,403,405.62,56,8205
3449,2023-03-24,28,11,603,402,189.05,62,6033
3450,2025-02-03,92,12,602,401,137.87,69,14675
3451,2023-05-30,48,1,602,402,159.58,47,10617
3452,2024-07-11,93,6,600,403,219.29,29,11513
3453,2025-01-01,61,10,601,403,243.13,19,7344
3454,2024-01-26,73,1,601,403,53.72,63,10457
3455,2024-11-24,68,7,604,400,188.85,77,8106
3456,2023-03-14,100,3,602,400,241.62,99,9517
3457,2022-11-28,27,9,600,400,156.36,79,2128
3458,2024-05-06,24,9,602,403,93.51,36,7768
3459,2022-02-25,4,10,602,401,480.96,89,7837
3460,2023-07-21,1,6,604,402,320.94,83,1522
3461,2024-06-05,6,12,605,402,284.57,99,10871
3462,2023-03-20,38,2,603,400,178.37,30,10848
3463,2022-04-21,79,4,603,403,308.08,11,7544
3464,2024-05-05,39,8,602,400,124.69,95,10343
3465,2024-07-01,69,6,604,403,93.03,98,1632
3466,2024-07-15,33,3,603,401,146.94,72,3521
3467,2023-04-04,82,11,604,400,228.72,41,1990
3468,2022-11-13,36,14,604,400,312.78,66,10922
3469,2024-11-30,19,1,604,401,487.59,66,11829
3470,2024-02-09,10,11,601,402,86.16,27,2179
3471,2022-08-22,16,14,602,402,187.59,19,10911
3472,2022-10-13,20,2,601,401,244.98,50,11158
3473,2023-12-12,99,13,602,401,276.82,73,9425
3474,2024-02-17,42,4,604,402,141.43,43,7187
3475,2023-06-30,51,15,601,402,61.76,59,5212
3476,2023-10-22,9,5,603,402,429.12,54,8970
3477,2023-07-31,59,4,601,401,407.07,90,3929
3478,2024-07-22,82,6,605,402,304.22,43,5463
3479,2023-01-31,85,3,600,401,217.3,91,8932
3480,2023-07-25,11,15,603,401,233.95,52,7829
3481,2022-01-08,61,1,601,401,450.79,21,9808
3482,2024-06-05,82,11,603,400,233.33,28,10506
3483,2024-07-19,56,15,603,400,174.12,65,2502
3484,2023-12-25,67,3,603,400,252.64,13,3926
3485,2022-04-25,93,12,602,403,301.24,68,11495
3486,2025-05-02,56,9,605,400,334.36,11,4573
3487,2023-03-23,32,1,604,403,202.11,59,11264
3488,2025-06-20,61,6,602,401,481.92,97,1259
3489,2023-06-10,1,3,605,400,107.11,55,4405
3490,2024-06-20,36,13,605,400,316.19,19,9385
3491,2024-03-22,92,3,600,400,273.15,35,4763
3492,2025-05-18,96,7,600,403,115.24,50,12039
3493,2025-01-18,99,6,602,403,210.07,75,8587
3494,2022-03-17,9,11,600,402,314.26,68,9827
3495,2023-12-24,62,5,602,401,61.94,52,13493
3496,2022-06-13,24,4,600,403,167.5,86,8986
3497,2024-05-16,15,9,605,401,90.08,87,7135
3498,2025-02-13,92,13,600,401,477.87,71,4769
3499,2025-01-08,6,10,604,400,144.79,18,11305
3500,2025-06-08,39,5,605,402,282.62,64,12331
3501,2022-01-05,35,5,604,401,413.53,53,11151
3502,2022-11-23,85,8,604,400,386.65,49,1522
3503,2024-05-30,64,15,603,400,239.56,77,8492
3504,2023-06-01,8,12,602,403,163.42,91,13291
3505,2025-03-10,61,4,602,403,63.56,35,11865
3506,2023-02-26,44,2,600,400,103.55,14,3008
3507,2024-09-10,47,6,601,401,281.7,72,13453
3508,2024-12-31,8,5,605,403,237.28,100,866
3509,2022-01-30,11,8,601,403,359.36,94,7474
3510,2022-10-04,56,13,605,402,297.17,60,14868
3511,2023-02-04,88,9,605,403,216.81,51,3898
3512,2025-06-05,70,5,603,402,312.0,95,7436
3513,2024-04-25,15,1,601,401,461.49,71,8492
3514,2024-07-22,50,10,605,400,489.47,40,14295
3515,2022-10-11,18,1,603,402,146.3,13,151
3516,2022-08-13,96,2,600,401,389.2,84,13423
3517,2023-02-23,31,8,602,403,320.14,43,6070
3518,2022-01-04,41,3,605,403,247.32,84,4105
3519,2022-04-18,5,7,600,403,279.12,57,2888
3520,2022-08-27,5,13,605,401,416.03,74,13522
3521,2024-02-11,25,13,601,403,394.76,96,2008
3522,2024-04-12,49,7,605,400,257.87,73,6113
3523,2022-11-07,46,2,604,403,131.46,37,7430
3524,2022-09-23,49,11,605,400,376.04,14,12715
3525,2022-09-13,87,11,601,402,447.74,87,9760
3526,2024-04-05,56,10,600,401,81.48,88,7211
3527,2023-06-11,5,13,605,400,63.55,12,10833
3528,2022-12-24,37,3,603,402,467.17,63,10923
3529,2024-09-07,74,2,603,400,356.81,28,14860
3530,2023-08-01,96,1,603,401,76.02,19,1307
3531,2022-09-21,56,5,601,400,376.06,31,12538
3532,2023-12-31,10,11,604,400,318.65,64,9837
3533,2025-04-12,68,8,605,401,341.17,25,8515
3534,2023-06-17,13,2,605,401,280.64,59,4481
3535,2024-02-22,25,4,601,402,382.23,9,13660
3536,2023-03-20,7,7,604,402,339.76,96,8458
3537,2025-03-20,4,6,604,400,423.82,89,6161
3538,2025-03-27,61,3,604,402,332.3,18,7643
3539,2023-05-31,43,6,604,403,78.93,5,12733
3540,2022-05-01,45,8,603,403,201.12,46,11808
3541,2024-11-03,7,5,602,403,85.15,13,13236
3542,2024-10-10,20,9,605,401,145.4,41,11339
3543,2024-05-27,69,8,603,401,339.16,94,6463
3544,2023-06-24,13,2,605,403,151.83,94,233
3545,2022-12-27,48,2,600,401,255.0,14,13117
3546,2022-07-22,16,13,602,400,159.06,22,5955
3547,2023-11-23,49,12,602,403,360.73,82,7214
3548,2024-02-04,3,4,601,402,254.53,57,8141
3549,2023-01-19,62,1,601,403,138.27,12,4295
3550,2024-09-15,15,7,601,400,282.73,69,11946
3551,2023-01-23,90,2,601,403,53.14,65,14219
3552,2023-05-20,47,11,603,402,462.39,25,2995
3553,2024-03-04,65,4,604,402,423.4,98,6214
3554,2023-07-28,69,15,604,402,252.54,20,10898
3555,2025-04-29,13,2,604,403,92.82,67,887
3556,2023-05-19,87,11,602,402,270.3,62,1367
3557,2022-09-28,11,11,602,400,150.88,46,6838
3558,2024-08-20,1,14,601,400,374.83,45,5998
3559,2025-05-07,68,14,600,401,455.13,9,3008
3560,2022-12-01,3,7,603,403,98.42,72,4415
3561,2024-02-09,32,13,605,401,105.96,57,2515
3562,2023-10-03,78,12,603,401,370.02,83,11314
3563,2022-04-27,57,6,604,401,369.77,21,3877
3564,2022-09-28,32,9,604,401,497.74,23,10264
3565,2022-01-22,65,10,601,402,68.62,57,8536
3566,2022-05-20,10,10,604,401,175.63,89,10771
3567,2024-04-25,68,6,605,401,398.5,67,10081
3568,2023-04-16,66,6,602,403,312.4,32,2417
3569,2024-11-24,54,4,601,401,295.08,81,5712
3570,2022-08-01,60,12,600,400,87.79,20,5256
3571,2025-04-28,51,7,605,402,233.27,33,9564
3572,2024-10-22,85,1,600,402,489.96,47,5334
3573,2024-01-01,20,6,604,401,498.61,15,9844
3574,2022-11-01,65,1,604,402,356.72,80,13556
3575,2024-07-12,60,11,605,403,279.18,63,3069
3576,2022-07-31,31,4,602,400,277.9,47,3312
3577,2023-03-25,10,6,601,403,463.69,35,13327
3578,2024-01-25,24,9,600,401,467.39,63,2023
3579,2024-03-19,99,4,604,400,450.51,67,170
3580,2024-08-10,40,13,600,403,210.56,68,14533
3581,2024-10-04,21,12,602,400,338.38,73,14788
3582,2024-04-01,16,11,603,400,282.06,14,4782
3583,2022-07-17,18,10,603,401,185.1,75,11568
3584,2024-05-20,89,9,601,403,312.84,72,13595
3585,2022-11-25,87,5,604,401,322.94,20,3973
3586,2023-12-12,17,9,604,403,273.3,100,12911
3587,2023-08-17,36,5,603,400,271.74,84,1041
3588,2022-12-05,90,6,601,401,450.82,94,11341
3589,2022-02-17,38,2,600,403,425.74,75,4416
3590,2023-01-14,79,14,602,401,290.61,98,11580
3591,2022-10-04,20,15,601,403,323.08,90,13291
3592,2025-01-19,67,12,604,403,423.23,59,4354
3593,2024-12-21,92,9,604,401,157.32,64,4117
3594,2024-10-27,27,15,602,401,195.26,88,10110
3595,2024-06-11,86,8,605,402,90.12,67,11901
3596,2025-01-07,62,14,601,401,376.05,77,5760
3597,2025-06-26,60,14,605,403,250.64,11,12322
3598,2022-01-13,22,4,601,401,425.5,29,9354
3599,2024-08-31,72,11,602,401,249.99,65,6483
3600,2022-03-11,67,5,604,401,440.63,9,4190
3601,2022-03-28,17,1,600,402,117.39,43,14962
3602,2022-06-12,31,11,603,402,465.65,55,12099
3603,2022-06-15,33,1,602,402,173.98,90,3982
3604,2024-04-02,30,11,605,400,133.37,97,9349
3605,2024-10-25,12,9,605,403,200.12,79,13124
3606,2024-03-20,48,13,604,400,329.32,8,7552
3607,2024-05-13,12,1,604,401,142.96,5,9300
3608,2023-06-16,34,2,605,402,114.68,44,3854
3609,2023-01-24,66,6,605,401,327.47,64,5303
3610,2023-10-07,21,11,603,403,306.72,37,8374
3611,2023-04-05,6,4,600,401,441.11,96,639
3612,2024-04-12,81,4,603,400,497.51,93,14278
3613,2025-05-23,48,8,602,402,204.79,53,9283
3614,2024-04-05,11,1,603,403,468.79,83,8319
3615,2023-10-04,24,11,602,402,105.67,37,11585
3616,2023-04-15,49,6,603,402,400.32,91,8888
3617,2024-08-24,85,13,605,401,223.25,5,13616
3618,2022-07-04,19,6,604,402,252.86,69,7305
3619,2023-01-25,6,3,604,401,488.93,93,5547
3620,2022-11-22,31,5,603,401,160.96,87,13846
3621,2023-09-10,70,2,604,402,426.16,20,10758
3622,2023-07-10,78,3,600,402,489.68,61,7292
3623,2024-06-04,45,1,600,400,430.79,80,9353
3624,2023-06-12,23,15,602,403,113.92,26,9447
3625,2022-04-26,92,13,602,402,251.29,96,2269
3626,2024-07-02,20,1,600,402,262.57,99,9617
3627,2025-01-04,75,12,602,402,438.23,52,9793
3628,2023-03-26,59,11,600,402,122.25,24,14496
3629,2022-01-24,85,6,603,400,472.12,38,5466
3630,2023-08-17,10,3,604,400,372.84,90,14509
3631,2022-10-02,14,8,603,402,306.16,68,11452
3632,2022-06-27,99,1,603,400,384.44,55,4144
3633,2024-08-25,22,9,603,402,346.77,51,2052
3634,2023-02-01,18,3,604,402,101.99,33,7952
3635,2022-05-12,26,9,601,402,212.67,96,9651
3636,2022-01-10,36,11,600,400,215.86,97,11403
3637,2022-11-30,40,2,600,400,359.16,7,9604
3638,2022-12-16,66,13,602,400,453.27,59,13844
3639,2022-03-10,54,5,605,400,98.29,5,10601
3640,2024-10-11,89,4,602,403,291.77,59,2354
3641,2025-02-23,38,7,605,403,184.1,27,3112
3642,2023-06-05,12,11,601,400,316.87,32,2157
3643,2022-01-18,51,12,604,402,246.84,71,3262
3644,2023-03-04,5,2,603,400,341.74,34,11364
3645,2025-04-19,24,7,601,400,60.86,54,12472
3646,2022-01-30,41,8,604,401,481.99,94,553
3647,2024-04-29,20,2,604,400,129.31,95,12717
3648,2023-10-15,53,6,601,403,236.01,54,4209
3649,2023-10-02,19,4,605,401,439.84,35,14200
3650,2024-02-24,71,12,601,403,120.73,47,456
3651,2023-08-31,3,7,605,403,210.06,70,11832
3652,2025-05-12,70,13,604,403,181.85,65,9965
3653,2024-12-27,19,6,602,403,129.75,83,829
3654,2024-05-26,52,8,605,403,166.83,88,6416
3655,2024-06-05,74,7,600,400,229.3,46,13266
3656,2025-06-14,81,4,601,403,66.06,6,1952
3657,2025-04-21,6,6,603,400,260.55,59,6806
3658,2024-10-28,36,6,603,402,365.56,82,13002
3659,2024-08-22,12,14,600,401,241.25,100,10011
3660,2024-07-29,30,11,600,400,83.49,45,200
3661,2022-03-25,73,8,600,400,248.55,46,5888
3662,2022-05-03,33,7,600,403,380.31,53,11483
3663,2023-06-27,74,11,603,400,386.59,46,12050
3664,2023-08-24,95,2,605,402,267.97,98,14219
3665,2023-07-12,82,6,603,401,336.23,39,8917
3666,2024-09-28,14,15,601,403,310.9,31,13015
3667,2024-07-02,10,14,601,402,83.23,7,3213
3668,2023-06-12,71,14,602,402,184.12,12,8137
3669,2023-12-02,85,9,604,402,251.66,95,12278
3670,2024-09-30,88,10,604,402,377.98,92,7907
3671,2024-03-15,9,9,602,401,266.5,20,4914
3672,2024-11-11,33,13,604,400,122.65,53,14308
3673,2024-06-24,7,10,605,402,153.79,48,2013
3674,2023-03-13,5,12,600,401,368.87,61,14234
3675,2023-03-30,20,7,605,403,143.7,71,7643
3676,2024-03-14,27,7,600,400,145.84,63,464
3677,2025-01-23,16,12,604,402,464.67,19,10857
3678,2022-05-30,92,10,605,400,153.47,91,756
3679,2022-05-21,39,14,605,402,239.58,57,11783
3680,2022-10-19,36,14,605,402,219.53,88,6047
3681,2023-04-18,89,11,605,403,407.43,86,4271
3682,2024-07-17,41,7,601,401,324.39,29,6038
3683,2023-05-13,29,14,601,400,198.41,73,934
3684,2022-06-25,31,1,603,401,281.14,17,7300
3685,2024-09-24,90,15,600,402,60.23,15,14728
3686,2022-05-10,48,14,602,402,243.99,9,12353
3687,2022-07-08,96,1,602,403,472.52,31,1803
3688,2024-10-04,65,3,603,402,496.03,95,2813
3689,2022-03-28,46,9,600,400,361.68,78,13832
3690,2023-09-29,83,8,603,402,232.03,56,12118
3691,2022-05-10,98,10,600,400,72.94,46,567
3692,2023-03-25,37,8,605,400,93.84,72,7262
3693,2023-04-14,82,14,602,403,90.26,38,12755
3694,2022-06-03,29,5,600,402,192.16,42,13378
3695,2022-12-09,92,12,602,403,338.81,32,4826
3696,2025-04-29,2,10,605,400,489.94,43,4819
3697,2024-12-16,69,9,604,400,133.07,44,5316
3698,2022-01-16,12,5,603,400,128.15,40,7851
3699,2025-01-07,22,12,602,403,312.19,33,8801
3700,2022-05-20,98,9,602,400,159.63,61,10598
3701,2024-07-09,8,3,604,402,190.89,94,11775
3702,2022-06-26,21,3,605,403,275.31,14,1766
3703,2024-08-30,40,12,605,401,319.51,23,13906
3704,2024-02-28,59,15,600,400,154.64,83,6240
3705,2024-04-25,36,10,605,401,126.53,25,3463
3706,2023-11-02,7,1,605,403,219.19,25,12709
3707,2022-07-09,52,14,602,401,225.45,69,3278
3708,2025-03-13,34,13,602,403,166.33,53,8449
3709,2024-04-28,70,9,601,400,304.6,26,13451
3710,2025-05-09,77,4,600,401,273.93,66,8526
3711,2022-12-26,76,15,600,403,219.55,71,13878
3712,2022-04-28,27,11,603,400,379.01,7,5364
3713,2024-08-25,40,8,604,400,210.47,38,4289
3714,2023-05-13,90,15,601,402,441.75,54,7221
3715,2024-06-12,63,5,603,400,329.5,97,13304
3716,2025-04-26,23,14,604,400,332.4,49,10984
3717,2023-12-01,97,13,605,401,124.62,52,11129
3718,2022-04-05,51,10,605,402,344.0,95,13078
3719,2023-09-17,55,4,603,403,449.88,49,14306
3720,2025-02-17,93,13,603,401,374.01,61,4119
3721,2022-10-15,8,2,605,402,120.94,51,9526
3722,2023-05-07,57,6,605,401,140.0,53,5660
3723,2024-01-03,87,7,605,401,385.27,75,3141
3724,2024-03-25,66,13,604,402,390.23,34,3439
3725,2022-07-24,79,4,600,400,339.17,42,14397
3726,2022-04-02,11,15,605,403,302.85,28,4850
3727,2022-02-16,2,6,601,402,360.77,84,11352
3728,2022-02-05,67,12,602,403,245.73,51,9245
3729,2023-06-13,77,11,603,400,414.52,39,5018
3730,2024-05-21,82,10,604,402,116.15,74,960
3731,2023-06-18,53,14,605,401,131.87,55,9437
3732,2022-11-03,20,12,602,402,250.99,82,7903
3733,2023-10-24,70,2,602,400,61.97,5,14216
3734,2023-11-06,84,12,600,403,498.7,87,11113
3735,2025-06-11,55,6,601,402,377.1,32,4899
3736,2024-11-22,11,3,600,403,55.7,69,11325
3737,2025-05-01,16,5,602,403,220.36,91,5607
3738,2024-11-12,96,4,601,403,354.63,35,12354
3739,2022-09-29,16,9,602,401,366.63,66,3979
3740,2023-02-28,51,7,605,402,487.88,78,6033
3741,2023-06-04,13,11,605,401,421.07,9,7318
3742,2022-04-06,69,4,601,400,277.32,56,10334
3743,2025-06-25,55,7,602,403,325.23,71,6872
3744,2024-03-16,57,14,601,403,438.74,54,3261
3745,2025-05-11,70,15,602,402,435.53,26,8328
3746,2025-06-20,89,13,600,400,480.77,95,12933
3747,2023-01-02,89,15,605,401,118.05,16,14329
3748,2022-01-11,55,14,601,401,446.89,26,4685
3749,2025-01-24,60,12,602,403,264.82,59,4033
3750,2022-08-20,65,10,605,400,265.63,41,1493
3751,2023-09-24,51,2,600,403,298.36,7,9746
3752,2023-03-09,10,1,600,402,236.62,45,4951
3753,2024-09-16,56,10,604,400,319.73,40,14844
3754,2024-04-02,47,8,603,403,404.5,44,10701
3755,2024-08-24,53,2,602,403,78.98,13,5700
3756,2023-03-08,18,7,604,401,199.37,92,1074
3757,2022-06-09,75,6,601,400,216.1,77,5036
3758,2022-02-03,79,7,600,401,496.58,79,2394
3759,2023-03-31,81,10,604,402,374.28,36,9840
3760,2023-02-05,66,3,605,400,172.42,70,9841
3761,2024-12-24,19,9,602,401,130.83,81,13665
3762,2024-01-06,73,3,605,401,187.82,59,6875
3763,2024-09-29,30,9,601,402,125.35,15,6716
3764,2024-07-27,93,4,600,401,250.83,44,1586
3765,2022-08-30,16,6,600,403,234.26,82,1394
3766,2025-02-08,47,1,605,403,229.83,98,6330
3767,2023-06-24,93,10,602,401,254.49,33,13785
3768,2024-08-09,67,5,605,401,310.38,45,168
3769,2024-12-09,59,1,603,402,411.35,10,7636
3770,2025-02-08,6,8,601,401,416.09,50,4844
3771,2023-12-15,9,6,602,401,55.0,35,679
3772,2022-10-27,14,1,604,403,156.4,99,11993
3773,2023-03-08,86,10,603,401,70.15,81,7407
3774,2025-06-21,88,1,601,403,449.22,13,11691
3775,2022-03-28,37,1,605,401,317.73,81,3658
3776,2022-09-12,96,8,600,401,476.73,53,8070
3777,2024-07-02,57,10,600,401,149.53,39,4720
3778,2022-11-06,35,13,603,402,493.95,49,5239
3779,2024-12-23,49,13,602,401,381.41,35,10630
3780,2022-05-18,64,3,600,400,417.76,70,10729
3781,2024-07-04,95,4,603,402,253.23,43,13481
3782,2025-01-31,83,1,602,402,217.87,42,4575
3783,2022-05-07,76,15,600,402,197.93,39,6510
3784,2023-08-05,61,5,600,400,415.34,10,1391
3785,2022-12-14,66,8,604,401,229.36,75,1626
3786,2023-09-24,86,4,601,401,167.66,86,9346
3787,2023-03-15,23,8,601,400,376.55,74,12445
3788,2023-07-10,50,12,601,401,489.72,84,8954
3789,2023-11-30,86,14,603,400,51.28,31,4153
3790,2024-01-21,75,6,601,402,223.77,17,712
3791,2024-12-23,16,15,604,403,65.35,24,794
3792,2023-07-03,24,10,604,403,456.82,51,5316
3793,2023-12-13,29,5,605,402,80.59,78,5683
3794,2022-11-29,46,13,601,403,307.75,81,7792
3795,2022-08-22,82,15,600,401,167.68,29,14755
3796,2023-08-23,8,7,601,402,497.69,61,6812
3797,2023-01-07,1,7,602,403,404.65,57,1640
3798,2022-08-10,70,12,602,400,278.25,28,8447
3799,2024-05-24,96,7,605,403,174.04,50,5290
3800,2023-12-07,84,10,601,400,191.64,82,2368
3801,2022-08-22,87,3,602,402,89.59,75,892
3802,2025-06-25,3,15,603,403,244.09,20,13047
3803,2025-05-18,25,12,604,401,478.22,89,3112
3804,2025-03-23,83,4,602,403,85.02,11,14176
3805,2023-08-30,56,10,602,402,249.59,40,11449
3806,2022-08-01,48,9,600,401,261.64,96,11838
3807,2023-10-24,48,6,601,400,414.47,38,14745
3808,2023-02-09,17,10,603,403,156.59,67,889
3809,2022-08-27,91,2,604,403,479.21,75,8100
3810,2024-08-16,56,2,603,402,498.35,58,14755
3811,2023-10-28,35,13,601,402,143.87,92,9832
3812,2024-04-28,85,11,602,401,185.68,81,5784
3813,2024-02-05,42,13,601,400,496.16,61,7795
3814,2023-01-23,63,7,604,400,127.46,39,13868
3815,2025-01-09,11,4,600,400,378.97,13,5105
3816,2023-11-27,69,9,600,401,493.49,34,14136
3817,2023-10-02,70,12,600,401,73.75,79,3941
3818,2022-05-13,26,9,605,401,133.92,79,10438
3819,2023-04-27,38,5,600,402,293.15,97,8992
3820,2022-02-13,86,15,604,401,127.35,48,997
3821,2024-11-04,67,1,601,400,351.78,65,7952
3822,2024-11-02,53,7,605,402,281.48,70,10528
3823,2023-06-14,66,6,600,401,266.27,37,3991
3824,2024-07-27,38,15,605,402,307.7,17,5106
3825,2025-02-17,35,3,602,402,372.47,78,2588
3826,2023-09-13,76,3,602,403,493.47,42,2079
3827,2024-03-03,69,9,601,403,63.06,100,10180
3828,2022-12-17,54,1,604,403,260.71,66,11816
3829,2024-06-09,33,13,601,403,91.92,99,13399
3830,2023-09-26,60,12,600,401,357.99,65,7380
3831,2025-02-23,48,2,605,402,360.72,93,6703
3832,2023-05-05,66,8,600,401,492.7,89,3313
3833,2022-08-25,6,10,605,403,344.61,49,2129
3834,2024-09-24,43,2,605,403,327.12,78,14008
3835,2023-08-04,71,12,604,400,230.05,12,9632
3836,2022-01-26,81,14,605,403,53.31,44,304
3837,2022-03-28,26,5,603,400,435.72,53,11341
3838,2023-11-19,22,10,601,400,290.14,8,648
3839,2022-01-23,94,10,600,400,270.57,56,5238
3840,2023-09-05,17,10,600,400,75.85,40,8455
3841,2024-08-01,5,8,603,403,268.35,74,683
3842,2022-07-28,62,1,603,403,489.86,68,14404
3843,2022-01-26,23,14,600,400,347.17,12,8818
3844,2024-10-17,56,10,600,400,53.06,62,2079
3845,2024-07-16,75,11,601,403,408.09,22,3695
3846,2022-04-17,22,14,601,402,132.86,43,8176
3847,2024-10-24,6,4,602,402,431.94,29,8519
3848,2022-08-03,57,9,600,401,440.45,18,8274
3849,2022-10-11,58,8,600,403,188.79,41,6063
3850,2023-12-30,20,15,604,401,285.41,49,7200
3851,2022-10-05,22,2,604,400,390.64,88,8802
3852,2023-06-10,53,9,604,402,391.87,43,1949
3853,2024-05-01,100,9,600,402,435.64,95,5470
3854,2025-04-05,26,2,600,402,408.33,70,14341
3855,2023-08-02,49,6,601,403,70.41,5,7300
3856,2023-11-17,52,14,602,402,453.39,16,11389
3857,2024-05-20,46,12,600,401,72.38,21,2344
3858,2023-03-26,21,13,602,401,351.84,13,6583
3859,2024-03-14,36,11,605,403,105.77,98,3573
3860,2023-05-22,63,8,602,403,337.3,18,779
3861,2023-09-05,69,6,605,400,384.02,81,14235
3862,2023-05-15,85,4,602,401,72.77,100,157
3863,2023-10-04,58,11,602,402,418.35,21,3329
3864,2023-05-03,30,13,604,400,380.58,22,14570
3865,2023-09-08,19,9,600,401,174.24,48,14296
3866,2023-08-22,62,9,604,400,67.53,56,420
3867,2023-04-16,87,9,602,402,411.91,8,4334
3868,2022-04-17,63,3,604,400,291.5,11,4615
3869,2024-02-07,40,15,601,401,238.37,55,9413
3870,2023-03-12,62,13,601,402,206.6,79,6096
3871,2024-07-14,49,15,603,401,411.91,36,3051
3872,2022-03-19,44,1,603,402,226.93,55,6355
3873,2023-08-05,4,8,605,401,166.01,63,4868
3874,2023-04-14,67,1,604,402,381.48,84,7356
3875,2024-04-02,61,7,602,400,454.28,55,8653
3876,2022-08-19,75,5,605,400,441.8,98,2612
3877,2023-09-07,14,3,605,400,475.65,12,6237
3878,2023-11-24,44,15,601,401,358.84,50,11732
3879,2023-05-22,78,1,601,401,449.76,70,1755
3880,2023-03-04,77,15,601,403,192.68,94,9171
3881,2024-10-22,65,2,604,403,91.65,53,8195
3882,2023-07-03,66,4,600,400,207.54,77,9955
3883,2023-07-06,41,5,600,400,91.9,65,2332
3884,2023-11-12,4,15,601,403,202.2,42,7428
3885,2023-07-13,39,2,603,403,411.8,60,11733
3886,2023-12-17,77,4,603,400,149.07,53,1356
3887,2022-07-11,1,15,605,403,291.34,57,14849
3888,2023-06-29,57,9,603,402,284.3,87,8744
3889,2022-02-24,65,11,601,402,274.95,38,9281
3890,2024-02-27,47,3,601,403,117.68,68,4690
3891,2022-07-06,73,14,603,402,196.09,7,8642
3892,2023-06-02,15,8,603,402,351.47,87,5857
3893,2024-12-11,72,11,600,402,162.39,48,14739
3894,2025-02-12,83,11,603,401,60.93,40,14502
3895,2023-01-27,61,2,605,402,117.56,70,10838
3896,2022-02-14,41,14,602,401,213.8,9,9697
3897,2025-01-17,26,8,603,401,451.9,67,13914
3898,2024-07-20,22,6,603,401,134.13,42,6488
3899,2022-10-30,78,15,604,403,137.34,31,10099
3900,2022-04-05,21,6,603,400,98.78,45,12791
3901,2025-02-27,2,13,602,402,280.75,42,783
3902,2023-12-23,43,5,600,402,189.72,39,4061
3903,2025-04-19,39,6,605,403,373.87,22,10038
3904,2022-03-28,80,3,600,400,207.12,11,11768
3905,2024-05-29,42,13,604,401,118.1,87,3891
3906,2024-11-20,2,10,602,400,292.07,21,2294
3907,2025-01-25,54,4,604,401,342.76,72,4604
3908,2022-05-27,43,3,605,402,250.0,64,10350
3909,2023-10-02,70,10,603,402,154.22,38,4989
3910,2025-03-11,78,9,604,403,396.99,71,6951
3911,2022-08-16,29,15,602,401,272.35,64,5213
3912,2024-07-28,93,7,604,402,327.47,66,4091
3913,2022-07-05,95,9,603,402,482.68,32,10996
3914,2022-12-05,2,5,601,401,362.11,71,13053
3915,2024-02-27,77,14,605,402,299.4,88,7321
3916,2023-09-09,69,5,600,402,404.99,31,696
3917,2024-10-18,79,1,602,401,318.96,74,3942
3918,2023-12-15,48,6,605,403,110.36,9,13924
3919,2023-12-17,77,9,601,402,129.63,51,12728
3920,2025-04-05,12,1,600,401,105.46,21,4501
3921,2024-10-29,73,8,605,402,493.96,84,12650
3922,2023-07-10,25,13,603,402,399.57,81,8162
3923,2023-02-05,52,8,600,401,378.2,94,8373
3924,2024-11-04,40,13,601,402,136.28,96,8428
3925,2022-01-14,57,5,604,403,274.98,50,3308
3926,2023-01-21,49,14,605,403,464.13,61,13772
3927,2024-05-04,54,9,603,400,78.17,52,4507
3928,2025-06-28,12,5,602,400,464.82,49,14302
3929,2025-04-29,70,12,600,401,289.46,89,11219
3930,2025-03-09,53,2,602,401,428.68,16,526
3931,2023-11-18,64,2,605,402,290.02,95,5087
3932,2023-01-28,6,11,600,400,68.72,78,2700
3933,2025-02-06,34,1,602,403,52.17,35,2137
3934,2024-08-22,100,6,603,402,367.65,26,7849
3935,2024-04-21,15,2,600,400,350.08,80,6121
3936,2023-09-09,12,13,600,403,102.97,28,759
3937,2023-09-10,69,11,601,401,75.51,91,5302
3938,2024-03-22,37,10,605,403,325.09,25,6652
3939,2024-08-08,58,9,601,401,231.74,72,10713
3940,2022-01-04,42,4,601,403,433.3,53,10536
3941,2022-04-20,54,15,601,402,181.58,67,13791
3942,2025-06-12,75,12,602,400,196.41,27,8825
3943,2022-01-19,90,5,604,402,245.34,69,5154
3944,2022-05-29,8,2,604,402,75.71,25,7829
3945,2024-03-03,29,6,604,401,311.53,50,6564
3946,2023-04-17,11,3,605,402,256.6,29,5289
3947,2025-06-07,17,4,602,400,455.38,85,4932
3948,2023-03-03,35,5,603,402,316.98,51,12918
3949,2024-12-01,71,14,602,400,56.44,98,11852
3950,2022-10-10,88,14,601,403,189.99,21,14929
3951,2024-08-25,59,4,601,403,103.83,31,9769
3952,2023-10-12,31,4,605,400,487.96,14,6647
3953,2024-10-18,46,3,602,400,68.26,70,12975
3954,2024-02-23,59,14,601,402,377.05,89,3581
3955,2024-11-26,18,3,603,403,127.31,34,7271
3956,2022-06-10,2,2,603,401,317.77,28,764
3957,2023-12-15,2,10,604,400,334.95,97,1912
3958,2024-10-03,21,11,600,400,234.73,52,8222
3959,2023-06-03,9,6,601,402,340.77,57,941
3960,2022-12-05,53,4,605,402,149.44,8,7187
3961,2025-05-12,86,12,601,403,64.88,82,8206
3962,2023-05-04,11,9,605,403,457.91,53,11617
3963,2023-01-13,17,15,603,400,217.31,20,3870
3964,2022-01-24,97,5,601,401,77.46,95,2312
3965,2023-05-28,92,5,605,400,348.62,10,10281
3966,2023-02-18,29,6,603,403,452.94,51,2454
3967,2023-08-30,100,11,601,400,61.26,50,2800
3968,2023-04-25,35,11,602,400,107.42,60,11382
3969,2023-06-07,37,10,602,401,460.5,94,1353
3970,2023-06-23,47,7,602,402,133.38,68,13583
3971,2024-09-04,4,4,604,403,324.19,22,4744
3972,2023-04-23,20,1,605,403,295.9,33,4816
3973,2024-10-14,74,3,600,403,154.67,28,2245
3974,2024-04-04,65,15,603,401,357.46,6,733
3975,2022-07-03,41,13,603,402,492.24,88,7769
3976,2024-02-14,70,11,601,400,357.83,34,9459
3977,2022-12-21,52,6,605,401,141.67,42,1041
3978,2024-12-30,88,14,605,402,124.95,60,492
3979,2023-06-11,13,12,604,400,393.11,57,1158
3980,2025-01-03,32,10,601,400,491.7,11,10982
3981,2024-07-13,88,6,603,403,365.18,25,9930
3982,2024-12-22,38,6,600,403,284.02,58,12128
3983,2022-12-15,15,5,601,400,251.19,44,12041
3984,2023-06-24,67,10,602,402,122.44,18,5200
3985,2025-05-07,59,3,605,402,126.77,46,11937
3986,2022-05-17,96,11,605,400,84.85,25,13006
3987,2022-06-08,1,4,603,403,81.9,25,4438
3988,2025-04-25,86,1,602,402,287.17,44,11250
3989,2022-01-14,54,1,603,402,229.35,83,14017
3990,2022-04-13,95,10,600,402,442.26,53,4221
3991,2024-12-29,72,8,605,400,273.35,95,12337
3992,2023-08-12,77,8,603,403,184.61,72,9000
3993,2024-05-10,4,3,604,403,441.06,76,7558
3994,2023-05-21,28,12,603,403,298.83,74,13421
3995,2022-11-19,44,5,605,403,483.44,82,6219
3996,2024-12-17,40,4,602,403,385.05,58,11567
3997,2024-01-11,6,2,605,403,320.22,84,732
3998,2022-07-23,53,8,603,402,103.54,63,1764
3999,2024-09-09,4,12,601,403,447.74,22,10931
4000,2024-11-25,60,9,604,402,310.69,30,3963
4001,2024-11-05,43,1,603,402,91.61,78,11040
4002,2023-03-28,9,2,600,401,316.59,68,9301
4003,2024-01-17,21,13,604,402,464.4,76,9269
4004,2024-01-15,2,4,603,403,487.84,21,6701
4005,2023-01-09,10,7,604,401,371.68,15,4092
4006,2024-06-12,27,8,600,402,202.01,9,5371
4007,2024-04-01,69,5,604,403,412.44,11,4319
4008,2024-10-05,98,2,600,400,55.99,40,7580
4009,2022-01-13,55,4,604,401,409.08,86,5388
4010,2025-04-26,10,1,602,402,114.12,76,6824
4011,2022-12-03,37,10,602,401,157.23,81,14710
4012,2023-05-27,78,1,600,400,315.3,8,10513
4013,2024-03-09,28,13,604,400,108.07,96,5811
4014,2024-07-11,98,1,604,402,321.84,81,3416
4015,2024-06-26,68,5,603,403,140.36,19,7506
4016,2025-04-20,32,15,601,400,467.7,86,11362
4017,2025-04-05,56,5,605,400,414.64,30,6037
4018,2024-12-26,75,3,600,400,206.11,15,3364
4019,2023-09-21,69,8,605,401,174.69,89,13852
4020,2022-02-08,9,15,600,403,177.23,29,726
4021,2022-11-24,44,12,600,402,338.78,78,3382
4022,2022-03-20,20,1,600,401,56.1,27,10153
4023,2023-06-01,63,5,605,403,51.45,28,4057
4024,2022-10-31,23,7,600,400,259.01,20,7147
4025,2023-09-15,49,5,600,400,280.35,48,8447
4026,2024-10-13,4,12,600,401,79.59,25,3637
4027,2025-01-12,41,9,605,402,53.66,67,4852
4028,2024-08-01,3,15,605,401,75.95,37,8093
4029,2022-05-03,80,8,602,400,190.36,81,6398
4030,2024-03-24,39,4,600,401,172.37,70,4993
4031,2023-06-13,54,11,602,400,132.39,9,11993
4032,2024-01-07,41,5,605,400,221.54,26,3957
4033,2024-03-08,20,6,600,401,286.63,65,12847
4034,2022-08-01,32,15,601,401,214.63,92,1018
4035,2025-03-09,70,5,601,400,204.9,24,14746
4036,2024-07-25,46,10,601,403,79.22,62,11530
4037,2022-02-04,11,12,605,402,67.01,98,638
4038,2024-02-23,48,13,603,403,382.85,34,1018
4039,2022-04-02,61,15,603,402,433.81,98,6481
4040,2022-10-22,66,1,604,400,480.1,12,351
4041,2024-10-29,31,4,605,401,282.62,78,3946
4042,2025-06-29,71,10,602,400,101.53,58,250
4043,2024-02-22,59,6,604,401,431.77,32,9338
4044,2023-02-28,86,6,604,401,258.77,58,5519
4045,2025-05-31,29,7,600,403,61.28,63,7859
4046,2023-11-13,98,9,602,401,104.32,79,4362
4047,2023-04-01,19,8,601,402,274.99,58,3239
4048,2025-04-15,68,13,601,403,324.12,64,1155
4049,2024-04-07,98,5,604,401,337.55,22,4560
4050,2022-05-28,83,11,604,403,184.62,49,12646
4051,2023-04-16,95,2,604,401,351.7,42,11621
4052,2022-07-18,23,4,605,403,357.97,41,12328
4053,2022-02-01,63,12,601,400,336.91,15,3452
4054,2023-11-15,62,3,603,402,498.09,53,11117
4055,2022-12-23,27,14,602,402,370.9,47,1830
4056,2024-08-31,73,6,604,403,129.05,91,4638
4057,2024-08-03,83,8,602,402,334.56,47,10066
4058,2023-10-12,35,3,604,401,137.23,21,5925
4059,2023-09-09,76,3,601,403,422.36,50,13357
4060,2023-07-26,4,5,600,402,415.96,28,10007
4061,2024-04-16,26,15,601,400,195.36,67,11026
4062,2025-04-30,87,5,604,403,188.21,21,12799
4063,2024-01-18,16,15,600,401,223.03,68,6630
4064,2023-02-26,63,10,600,400,224.39,59,7207
4065,2023-06-08,80,4,600,402,330.16,66,10519
4066,2023-04-12,80,12,605,401,187.73,30,1553
4067,2022-09-13,7,8,602,401,491.37,65,12728
4068,2023-04-03,20,8,600,401,197.29,6,14654
4069,2025-01-17,47,5,603,403,367.03,49,8298
4070,2022-03-07,53,9,602,401,337.27,32,11543
4071,2024-02-08,37,10,602,403,88.15,32,13433
4072,2022-10-18,60,3,603,400,131.67,69,1486
4073,2024-06-05,31,4,602,402,76.14,58,2955
4074,2023-08-08,45,12,604,401,304.99,32,8759
4075,2022-09-27,57,8,602,403,171.37,69,12758
4076,2023-08-19,75,13,602,402,313.46,92,1630
4077,2025-05-11,14,7,603,401,280.5,19,8348
4078,2022-02-13,88,4,603,402,494.8,7,5981
4079,2023-01-24,52,15,601,402,338.72,5,9324
4080,2022-10-10,65,11,602,402,93.36,94,3677
4081,2025-04-25,15,8,600,403,467.66,6,4670
4082,2024-06-30,41,7,602,401,440.1,20,8969
4083,2024-01-04,29,11,603,402,286.33,6,1677
4084,2022-02-24,59,12,601,402,158.12,63,12448
4085,2024-08-02,40,9,604,401,175.89,85,14051
4086,2023-01-03,15,10,600,403,117.19,98,12267
4087,2023-04-07,39,12,600,402,458.7,27,14421
4088,2025-04-19,13,3,601,403,457.8,17,8107
4089,2023-02-04,22,10,605,401,174.81,39,6151
4090,2024-01-27,47,2,604,400,377.3,63,4898
4091,2023-03-23,73,3,602,402,89.36,34,5981
4092,2023-02-12,29,4,605,401,405.99,98,8607
4093,2022-02-21,62,9,600,403,134.33,54,10200
4094,2023-12-08,19,9,604,402,134.82,87,2909
4095,2024-03-01,3,4,605,401,236.66,88,14057
4096,2022-12-08,63,11,605,402,83.36,51,7536
4097,2022-06-28,73,11,602,402,269.57,25,12145
4098,2022-03-28,100,1,605,400,191.37,35,9090
4099,2024-08-26,2,14,603,401,122.32,49,9604
4100,2025-01-29,13,9,601,402,237.65,12,3590
4101,2022-04-22,77,9,603,403,131.42,99,12511
4102,2022-05-18,16,5,604,402,183.1,84,9774
4103,2023-05-03,74,13,601,403,241.68,53,7885
4104,2025-05-15,14,13,605,402,253.08,80,10684
4105,2023-08-28,94,7,603,401,232.84,59,14518
4106,2023-11-02,97,15,605,400,395.19,29,4209
4107,2024-11-04,70,9,601,400,281.43,37,3942
4108,2022-01-17,47,5,601,401,418.47,47,1040
4109,2024-11-16,84,15,600,401,50.85,90,13603
4110,2022-02-13,51,14,600,402,110.54,80,10394
4111,2022-12-11,50,12,601,403,494.22,91,6196
4112,2022-10-11,51,4,602,403,194.25,27,2559
4113,2023-03-16,95,7,601,401,408.0,81,7349
4114,2025-02-26,46,14,601,401,205.94,14,8866
4115,2022-12-15,32,4,600,400,126.84,30,5790
4116,2022-01-26,80,9,603,402,292.83,85,2585
4117,2025-02-16,59,11,602,402,169.59,55,6690
4118,2024-04-28,91,4,600,403,225.75,93,3100
4119,2025-05-19,44,1,601,402,490.3,47,6781
4120,2023-03-06,12,10,602,401,450.43,81,13016
4121,2024-10-13,79,3,602,400,119.22,33,7186
4122,2024-01-20,38,13,602,401,108.82,80,6632
4123,2024-05-19,37,7,604,400,100.91,21,6509
4124,2024-08-11,47,15,604,402,155.6,31,12891
4125,2024-01-28,68,11,602,402,135.11,54,1358
4126,2024-12-31,13,13,602,403,487.39,94,8203
4127,2023-05-15,56,11,605,401,414.06,79,2370
4128,2024-03-11,72,3,604,401,62.97,7,9353
4129,2023-10-28,90,2,605,403,202.68,36,2958
4130,2024-10-23,62,8,600,400,497.2,17,12998
4131,2025-03-30,50,3,605,402,468.56,30,1631
4132,2023-06-21,14,1,602,400,287.25,23,7200
4133,2024-02-02,30,13,600,402,327.34,11,8989
4134,2024-07-18,79,15,601,400,107.71,78,3180
4135,2022-03-17,82,8,604,403,482.83,68,2731
4136,2024-01-26,23,6,600,402,124.93,81,10086
4137,2024-10-18,61,15,601,403,410.06,30,9113
4138,2025-05-02,62,14,601,401,355.51,59,3652
4139,2022-08-09,33,10,600,402,172.32,57,2833
4140,2023-04-14,54,10,602,402,66.93,18,4170
4141,2023-12-20,85,2,605,402,62.69,55,986
4142,2023-06-12,64,2,605,403,385.37,55,1438
4143,2023-03-17,89,15,603,400,481.46,70,371
4144,2024-12-10,27,8,605,401,167.13,5,10244
4145,2023-03-09,49,14,601,402,68.58,27,5824
4146,2022-04-30,7,9,604,402,442.33,90,1146
4147,2023-07-01,52,6,605,402,477.35,13,815
4148,2023-11-14,15,1,601,401,393.31,52,12282
4149,2024-11-04,83,14,601,400,130.5,34,2492
4150,2025-06-12,54,14,604,402,327.75,7,10211
4151,2023-04-16,67,3,601,402,361.86,37,9156
4152,2023-10-21,94,3,600,403,472.67,78,11315
4153,2023-11-26,46,8,603,402,375.54,57,7867
4154,2023-11-25,34,12,602,402,431.13,32,14257
4155,2023-02-10,19,4,601,401,386.46,89,4377
4156,2022-09-12,29,2,604,402,262.72,35,7949
4157,2025-04-09,23,12,605,402,249.09,51,13642
4158,2024-12-17,8,6,605,401,459.13,53,1435
4159,2024-09-07,96,13,603,402,176.97,61,12240
4160,2022-11-13,16,2,600,401,359.73,39,13605
4161,2025-02-15,34,1,602,403,297.0,97,14648
4162,2025-04-05,49,2,605,401,185.19,58,11855
4163,2023-01-09,6,4,605,402,327.91,18,1643
4164,2023-10-17,96,4,602,400,369.29,39,1912
4165,2024-10-16,88,13,601,403,459.44,19,1529
4166,2022-07-28,33,4,600,401,60.59,48,1819
4167,2022-11-27,97,10,600,400,195.01,52,8926
4168,2023-01-28,14,9,603,400,464.3,13,11209
4169,2023-11-25,3,13,604,403,447.19,21,14539
4170,2024-09-04,86,7,603,402,150.14,9,2117
4171,2025-01-27,67,7,600,401,279.21,81,3510
4172,2023-10-06,78,10,603,400,307.88,72,14752
4173,2023-11-29,84,14,604,403,310.75,46,11854
4174,2024-03-06,78,6,600,401,222.5,66,13205
4175,2023-10-26,12,7,602,403,221.0,57,4674
4176,2024-11-07,3,9,603,403,74.02,81,7916
4177,2023-08-25,3,8,605,402,375.82,32,13230
4178,2023-10-20,87,10,602,402,393.64,41,5077
4179,2025-03-21,99,9,603,402,476.47,100,4505
4180,2022-11-15,90,10,600,400,127.76,35,14238
4181,2023-06-01,34,1,601,403,349.56,70,2385
4182,2024-04-08,22,10,603,403,306.83,85,3856
4183,2025-02-25,61,13,604,401,62.42,94,9029
4184,2024-08-12,42,14,604,401,200.95,96,13880
4185,2023-08-07,18,6,602,401,457.01,71,7751
4186,2022-02-03,41,15,601,403,257.28,43,9855
4187,2023-12-28,31,4,605,402,366.75,58,9776
4188,2022-02-16,62,10,605,403,175.83,22,10828
4189,2024-12-07,92,10,600,400,489.92,80,9822
4190,2022-05-29,19,12,605,403,310.76,64,4414
4191,2024-05-27,14,12,603,403,290.31,28,12707
4192,2023-12-05,7,15,604,403,281.65,32,4848
4193,2024-05-10,14,11,603,401,175.63,15,1406
4194,2025-06-29,49,10,600,401,440.75,81,12065
4195,2024-11-09,9,3,602,402,185.02,13,9910
4196,2024-02-09,23,7,600,401,123.76,27,2977
4197,2023-09-27,80,13,600,400,300.53,24,9414
4198,2023-02-27,95,13,603,401,281.13,58,10110
4199,2022-01-30,25,12,605,401,189.26,87,110
4200,2022-05-02,6,15,602,400,111.73,72,9096
4201,2024-08-25,50,12,604,400,103.22,93,10267
4202,2022-04-26,13,14,603,403,417.66,57,12495
4203,2022-10-12,56,13,602,403,164.99,46,3239
4204,2023-10-24,40,14,602,400,219.52,75,4127
4205,2025-01-06,39,14,600,402,170.73,57,13132
4206,2023-07-15,73,8,603,401,204.11,6,14400
4207,2022-08-01,27,5,600,402,246.17,65,1899
4208,2022-11-09,57,15,603,402,403.77,86,8223
4209,2024-04-22,17,5,603,400,414.97,56,3697
4210,2022-11-13,48,11,605,403,411.01,96,5630
4211,2022-04-09,32,14,601,403,447.53,66,12405
4212,2023-07-05,66,11,604,403,365.45,72,538
4213,2023-06-28,11,8,604,400,108.03,15,4346
4214,2022-02-16,55,4,605,400,182.65,21,11357
4215,2023-10-26,76,8,600,400,206.02,52,5299
4216,2023-05-02,52,14,603,401,318.89,18,6573
4217,2022-10-29,54,12,605,402,232.51,94,5971
4218,2024-05-12,50,2,602,403,254.97,44,14626
4219,2022-01-10,25,12,604,403,244.88,83,4132
4220,2023-11-29,26,12,600,401,257.12,12,10536
4221,2024-04-04,93,12,604,402,105.83,36,9771
4222,2022-11-30,88,15,600,400,325.41,43,11230
4223,2024-04-17,82,7,605,402,118.44,97,7504
4224,2024-05-04,82,13,605,402,137.18,19,12602
4225,2024-04-28,81,3,604,402,104.35,58,9555
4226,2023-03-23,95,15,603,402,123.6,86,7356
4227,2023-04-02,86,11,600,402,291.27,24,5913
4228,2024-09-08,25,7,602,401,98.68,22,3070
4229,2024-11-10,30,5,601,402,167.19,55,3369
4230,2023-12-08,56,11,601,401,84.13,36,13547
4231,2023-09-22,68,9,603,400,232.33,37,12398
4232,2024-09-13,98,8,605,403,322.96,48,8729
4233,2024-05-28,95,14,604,400,174.69,12,4057
4234,2024-08-11,33,3,600,402,128.03,43,11750
4235,2023-02-04,5,8,602,400,494.69,50,3406
4236,2023-01-02,51,11,603,403,403.92,41,13188
4237,2022-07-02,60,14,604,401,465.51,77,3928
4238,2022-08-01,36,4,601,402,474.72,73,11563
4239,2024-08-13,8,11,605,402,114.89,18,14338
4240,2024-01-22,88,15,604,400,478.59,57,10767
4241,2022-06-29,82,8,604,402,275.49,70,873
4242,2022-09-02,7,10,605,403,359.21,97,5868
4243,2023-12-06,47,11,603,400,165.15,82,337
4244,2024-05-31,97,13,602,402,109.88,32,3086
4245,2022-03-18,60,15,605,400,319.84,21,11164
4246,2024-08-10,47,1,600,401,431.43,28,6862
4247,2023-06-02,42,6,604,403,426.19,48,14968
4248,2022-10-28,33,12,602,403,476.9,65,4027
4249,2022-11-02,58,5,604,402,256.39,34,1494
4250,2022-08-07,39,15,603,400,317.22,7,1679
4251,2025-01-14,69,9,604,400,154.63,63,12084
4252,2023-12-12,90,1,600,400,331.11,77,13603
4253,2024-03-21,99,3,604,402,380.5,52,7277
4254,2024-09-28,70,13,600,402,107.75,43,5047
4255,2024-01-11,26,7,600,403,184.14,24,7983
4256,2024-02-10,21,9,600,400,406.13,85,14391
4257,2022-05-11,15,9,604,401,62.9,32,12610
4258,2022-09-04,86,6,600,402,241.96,71,7982
4259,2023-12-15,54,1,602,403,428.29,88,4566
4260,2022-08-06,95,7,604,400,490.5,14,12687
4261,2025-06-08,74,10,601,402,198.82,39,6027
4262,2023-01-17,49,4,602,403,69.16,76,7114
4263,2024-04-06,91,9,605,402,155.23,77,4735
4264,2023-02-05,10,13,602,403,304.41,41,10759
4265,2023-12-14,99,5,605,401,188.67,13,4912
4266,2022-03-23,84,9,604,401,229.52,18,9536
4267,2024-05-07,93,7,602,403,198.33,37,7314
4268,2025-04-30,5,3,603,403,479.49,57,8025
4269,2023-09-22,62,8,604,400,84.28,38,13029
4270,2022-01-02,13,11,604,402,82.41,22,13276
4271,2025-04-22,63,1,601,400,428.57,98,3483
4272,2022-05-08,72,7,602,403,94.94,5,7969
4273,2023-12-15,81,10,602,401,98.84,17,13213
4274,2022-01-20,30,14,602,400,288.84,92,1358
4275,2024-02-09,74,8,600,403,134.14,58,1488
4276,2024-11-01,25,4,603,400,323.79,83,2414
4277,2023-06-03,65,7,603,402,329.22,49,9317
4278,2022-06-25,75,7,600,401,250.84,88,7599
4279,2022-03-03,95,12,600,400,96.96,74,4263
4280,2025-03-15,56,11,603,401,69.59,77,3886
4281,2022-02-26,20,10,601,403,70.89,15,10170
4282,2023-10-08,68,14,603,400,356.2,55,1650
4283,2024-02-26,27,10,605,403,224.27,76,4552
4284,2022-08-10,58,11,600,402,190.59,30,1983
4285,2024-03-31,29,15,604,402,273.6,50,6944
4286,2024-06-22,100,15,601,401,206.52,84,13335
4287,2025-02-10,75,14,603,402,294.19,8,11411
4288,2022-02-20,84,11,602,403,471.87,53,14648
4289,2024-07-25,24,9,605,402,251.62,89,3688
4290,2022-11-01,39,13,603,402,273.17,46,1438
4291,2025-02-23,83,7,602,401,433.52,27,12312
4292,2022-03-04,86,8,605,402,372.37,31,8294
4293,2024-06-09,90,15,601,401,70.42,35,10816
4294,2025-01-16,13,4,601,401,159.73,9,12765
4295,2022-07-07,83,1,603,402,55.68,42,11402
4296,2024-04-28,36,3,603,401,461.75,68,1589
4297,2024-05-17,68,7,600,402,436.76,46,10530
4298,2022-11-12,93,14,603,401,298.79,6,7127
4299,2022-04-25,86,11,600,400,290.3,21,8675
4300,2023-06-16,48,13,603,400,448.25,59,3375
4301,2023-03-08,41,12,600,401,65.8,10,5182
4302,2023-11-22,65,4,604,402,75.61,31,12123
4303,2024-10-29,26,15,601,402,352.92,22,1195
4304,2022-04-30,56,1,605,403,127.85,25,2360
4305,2022-09-04,90,7,605,400,125.76,83,9121
4306,2025-03-03,30,11,602,402,447.62,37,10220
4307,2023-08-02,49,13,601,400,395.94,78,12291
4308,2023-07-26,43,14,600,401,138.5,96,8001
4309,2025-06-24,65,12,602,402,449.43,74,8981
4310,2023-08-13,51,13,600,402,101.2,80,3759
4311,2023-08-08,3,9,605,403,140.78,85,4438
4312,2022-05-07,83,7,601,402,237.88,6,9678
4313,2024-08-10,41,5,603,401,320.99,43,12092
4314,2023-04-22,24,1,605,403,382.87,68,486
4315,2022-01-06,75,15,604,403,443.9,9,2283
4316,2022-05-11,28,4,603,400,479.83,42,13466
4317,2022-10-31,68,7,604,400,284.2,42,12734
4318,2022-03-07,12,14,602,401,199.13,84,7141
4319,2022-09-23,95,6,602,401,330.96,22,14960
4320,2023-04-10,9,6,604,403,99.85,25,6880
4321,2022-03-24,36,4,605,403,450.8,99,10222
4322,2024-12-29,94,6,603,401,173.73,19,8016
4323,2024-02-16,2,7,601,401,446.09,75,4390
4324,2022-11-04,28,2,600,402,271.36,90,13749
4325,2024-05-02,54,5,604,403,188.22,61,1356
4326,2023-10-08,44,12,601,403,283.78,21,1506
4327,2022-05-25,17,5,603,402,393.91,78,3045
4328,2023-04-02,19,13,603,403,467.63,96,9769
4329,2023-08-02,64,6,602,401,227.53,96,2587
4330,2024-04-27,59,2,600,402,412.97,70,13544
4331,2023-06-12,90,10,603,400,199.98,69,992
4332,2025-02-25,89,12,605,401,75.39,99,3949
4333,2023-12-12,38,8,600,402,429.73,39,1556
4334,2023-12-29,33,9,604,402,329.17,56,14874
4335,2023-11-29,22,7,602,402,424.48,78,7033
4336,2022-06-01,8,3,603,401,116.49,31,10403
4337,2022-08-01,67,4,603,402,84.52,52,7756
4338,2022-05-17,17,6,603,402,386.55,28,9986
4339,2022-01-01,29,11,603,400,192.54,16,283
4340,2023-07-12,37,1,604,401,268.52,99,6138
4341,2024-09-11,39,15,600,400,182.94,94,8978
4342,2024-05-23,41,3,601,403,369.55,74,2935
4343,2023-09-04,86,1,603,403,434.16,29,1321
4344,2024-01-12,80,10,601,403,425.0,70,14396
4345,2022-10-02,70,8,604,400,181.57,90,2189
4346,2022-08-19,18,6,602,402,290.63,69,5242
4347,2024-10-12,72,11,600,401,312.81,61,12136
4348,2022-09-04,53,13,601,403,414.98,80,10816
4349,2022-02-15,69,3,600,401,350.53,95,2710
4350,2023-03-19,52,5,600,401,300.19,28,236
4351,2023-08-23,4,14,600,403,265.45,82,841
4352,2024-12-11,19,2,600,402,54.96,74,3198
4353,2024-03-07,86,15,601,403,416.92,14,13040
4354,2024-02-20,3,5,604,402,441.49,55,2354
4355,2023-04-29,75,15,601,402,120.6,6,6538
4356,2025-05-01,34,10,602,403,317.08,73,14463
4357,2024-01-22,34,15,604,403,352.27,22,4644
4358,2024-03-07,13,11,603,401,294.64,63,2160
4359,2024-09-02,79,15,601,400,296.47,48,4971
4360,2025-02-15,80,12,601,401,72.9,74,9176
4361,2024-12-21,31,15,602,400,494.19,18,14399
4362,2024-04-15,88,8,600,402,216.28,41,13750
4363,2022-10-27,77,9,605,400,158.48,89,6394
4364,2022-08-23,87,1,601,401,62.59,54,5427
4365,2022-04-20,80,15,604,403,412.31,56,1855
4366,2022-06-11,99,2,603,403,412.12,78,6540
4367,2022-12-29,97,7,603,400,185.2,61,4853
4368,2024-11-05,25,14,603,400,262.31,9,10175
4369,2022-05-24,56,10,601,403,330.14,55,11067
4370,2022-11-07,8,11,604,403,220.84,22,3746
4371,2023-06-14,77,6,600,401,277.22,29,3256
4372,2024-05-27,42,13,602,401,292.39,34,14088
4373,2025-04-01,51,10,602,403,167.55,39,8534
4374,2024-08-12,8,9,603,400,71.47,24,8200
4375,2024-02-21,53,1,603,400,113.67,49,10886
4376,2024-07-31,62,2,600,400,302.65,83,3508
4377,2023-07-11,85,6,600,400,336.85,19,1693
4378,2024-04-15,79,14,600,403,221.77,79,4396
4379,2024-05-30,61,4,600,403,217.54,19,11084
4380,2024-06-01,67,14,605,402,70.68,40,11733
4381,2025-06-06,20,9,604,400,215.18,88,7837
4382,2022-06-07,31,5,605,401,322.82,72,2981
4383,2025-02-04,81,1,600,402,177.83,65,4599
4384,2022-05-16,2,15,603,400,378.41,90,11571
4385,2023-11-06,47,7,603,400,430.9,88,8710
4386,2025-02-12,86,5,600,401,315.37,64,6553
4387,2024-02-25,6,12,600,402,460.96,21,6615
4388,2025-06-04,1,9,600,400,485.43,57,11992
4389,2023-09-25,93,13,600,403,137.8,89,4071
4390,2022-11-15,35,2,605,400,110.78,69,5353
4391,2024-03-31,38,8,602,402,194.46,86,2150
4392,2023-06-12,28,11,604,403,173.0,26,1185
4393,2022-02-11,57,2,600,403,333.81,23,3402
4394,2023-09-30,6,4,603,400,293.17,94,5338
4395,2023-01-07,79,2,604,400,287.71,94,12382
4396,2024-05-10,14,8,602,401,137.81,12,4198
4397,2024-12-25,52,1,603,402,279.24,11,11377
4398,2024-12-06,16,4,602,400,256.51,84,6797
4399,2025-04-02,21,11,604,402,276.99,24,8406
4400,2022-01-19,1,4,605,402,498.08,35,14352
4401,2023-05-12,6,9,604,400,186.57,56,406
4402,2025-05-28,40,12,602,400,425.01,21,3567
4403,2023-08-01,87,3,603,403,368.51,72,11049
4404,2022-01-13,50,10,603,401,404.77,37,6773
4405,2024-02-21,53,7,602,401,322.01,64,5736
4406,2024-07-31,58,15,600,400,437.83,26,4060
4407,2025-02-28,99,6,605,400,367.76,54,14646
4408,2024-01-16,38,5,602,401,401.94,50,9632
4409,2022-02-16,24,13,601,402,350.94,34,13662
4410,2022-05-16,83,11,603,403,246.18,70,8161
4411,2022-01-27,95,8,601,400,465.72,52,7627
4412,2023-10-28,31,6,605,401,442.88,62,10184
4413,2024-12-25,60,7,603,402,165.74,63,2685
4414,2023-03-16,27,10,604,402,339.27,49,2392
4415,2024-06-24,90,1,601,403,255.4,47,3572
4416,2024-08-06,71,4,602,403,124.09,45,11833
4417,2024-09-24,99,4,601,400,281.96,32,11226
4418,2023-12-04,51,8,603,403,53.69,84,1486
4419,2024-09-01,76,14,601,401,211.44,50,12379
4420,2024-08-29,93,10,602,401,480.29,37,9561
4421,2023-09-27,28,5,602,402,165.66,93,323
4422,2025-01-05,96,2,605,400,266.26,12,314
4423,2024-10-11,96,5,605,402,448.71,75,4100
4424,2023-08-17,91,4,602,402,88.26,86,11937
4425,2023-01-08,90,3,600,403,153.63,13,1430
4426,2022-06-30,83,10,601,403,290.18,46,3455
4427,2022-09-15,85,15,601,400,73.08,40,8432
4428,2025-05-13,41,9,603,400,299.65,86,11137
4429,2023-11-16,96,6,603,400,351.72,97,2364
4430,2023-10-06,63,13,600,400,208.39,94,3703
4431,2023-12-06,72,1,605,401,401.19,97,7008
4432,2024-04-27,88,12,604,403,173.7,8,5938
4433,2024-06-12,39,13,605,401,167.22,83,10544
4434,2024-03-25,49,15,605,402,407.05,82,14941
4435,2024-01-11,4,9,603,403,455.72,50,1968
4436,2023-06-20,63,4,602,402,280.81,27,1724
4437,2023-06-15,1,11,601,401,246.47,41,3184
4438,2022-09-23,83,1,602,401,396.79,34,8694
4439,2024-09-26,93,10,605,400,433.61,72,9476
4440,2024-10-20,14,7,605,403,375.91,42,12381
4441,2025-06-12,67,3,604,400,72.51,52,8989
4442,2024-08-12,72,12,602,402,310.15,21,5954
4443,2023-01-25,93,13,600,400,138.74,64,6245
4444,2024-05-27,22,15,604,401,277.71,29,14565
4445,2024-12-22,72,13,602,401,415.66,58,2848
4446,2022-12-01,56,3,600,400,364.88,32,2736
4447,2025-03-09,67,5,602,400,70.36,63,715
4448,2022-04-15,5,9,601,402,227.86,51,9269
4449,2023-12-16,58,8,605,403,310.51,33,9539
4450,2025-01-18,79,14,600,400,353.62,74,950
4451,2023-03-18,61,7,605,400,198.53,86,4646
4452,2022-06-26,44,9,601,402,213.17,88,8524
4453,2023-04-05,87,2,604,401,356.67,78,13505
4454,2023-09-10,32,12,603,401,229.28,95,439
4455,2023-08-19,12,15,603,401,176.36,99,10257
4456,2022-10-30,36,13,605,401,444.02,84,4468
4457,2024-11-26,53,7,602,403,365.16,12,2960
4458,2022-05-30,54,2,605,402,71.85,10,14796
4459,2023-03-26,10,15,605,402,213.51,61,2404
4460,2023-08-07,35,4,604,400,343.79,78,8980
4461,2022-01-22,15,14,602,403,76.56,6,10449
4462,2022-04-12,63,1,604,402,76.96,12,13131
4463,2022-11-25,36,14,603,401,236.63,52,13746
4464,2023-03-18,16,11,603,402,270.41,79,9598
4465,2022-06-03,5,14,602,401,195.2,7,3564
4466,2025-06-13,4,9,604,401,496.29,21,12453
4467,2024-11-08,5,10,602,402,103.61,64,10857
4468,2024-07-24,83,5,601,402,450.13,12,11029
4469,2022-08-23,39,14,603,403,96.12,46,7210
4470,2024-04-16,47,2,602,401,215.54,84,643
4471,2022-06-29,35,9,604,401,311.02,50,9089
4472,2022-10-04,90,7,603,400,182.5,91,880
4473,2022-12-15,76,4,600,400,285.39,48,11220
4474,2025-02-08,92,4,602,403,232.51,65,1160
4475,2023-05-24,96,7,600,402,159.84,11,4531
4476,2022-03-17,14,14,603,401,488.92,91,10978
4477,2023-05-10,89,5,602,401,483.38,83,1112
4478,2025-05-02,15,13,604,402,248.15,12,2256
4479,2025-06-10,9,2,601,403,247.33,39,7681
4480,2023-03-15,23,4,603,402,81.38,89,3450
4481,2024-04-19,79,7,603,402,140.39,79,14112
4482,2022-10-15,64,5,602,401,446.38,73,966
4483,2022-03-27,37,11,602,403,76.28,39,10264
4484,2024-10-07,37,2,605,403,192.89,50,14558
4485,2023-12-21,48,15,603,402,346.04,21,9554
4486,2024-11-27,11,6,601,402,73.16,8,7362
4487,2022-07-13,73,14,605,403,110.08,38,12654
4488,2023-04-30,66,14,604,402,441.84,92,11802
4489,2023-11-04,100,2,602,403,462.77,68,14687
4490,2022-01-18,45,5,604,400,352.25,83,4651
4491,2024-07-10,82,8,603,401,290.11,69,2765
4492,2024-08-21,43,7,604,401,438.77,42,6278
4493,2023-03-21,31,1,604,400,151.69,87,13402
4494,2023-06-01,97,15,604,400,328.68,58,8287
4495,2023-10-09,94,9,601,403,443.35,50,10978
4496,2023-01-23,65,13,602,400,139.27,52,12325
4497,2024-01-29,80,9,603,401,197.04,17,3395
4498,2023-03-04,16,7,600,400,73.52,30,14766
4499,2022-10-13,78,9,603,403,130.74,86,14492
4500,2023-06-22,68,12,601,401,232.84,100,3963
4501,2023-01-07,99,8,601,402,131.86,18,2810
4502,2025-03-22,12,6,603,401,425.89,9,8796
4503,2025-02-16,53,7,605,400,404.69,98,11377
4504,2025-04-13,48,9,602,400,140.96,57,9408
4505,2023-04-27,23,15,600,402,477.51,84,9229
4506,2024-08-18,90,1,605,403,51.62,61,5430
4507,2023-07-27,50,15,602,401,209.64,88,1359
4508,2024-08-01,32,1,604,403,425.52,46,14826
4509,2024-07-24,94,12,603,401,482.32,40,13715
4510,2023-02-02,19,12,605,403,367.04,9,1478
4511,2023-08-05,89,8,600,400,267.71,46,6129
4512,2023-08-05,67,9,603,403,239.85,41,5934
4513,2022-02-09,19,6,602,401,79.95,16,13094
4514,2022-04-30,29,12,603,401,441.71,98,14164
4515,2022-07-27,27,15,605,402,275.48,39,11560
4516,2022-01-18,80,13,601,401,244.96,83,4560
4517,2024-05-21,55,5,600,403,260.84,81,6801
4518,2023-10-24,90,8,603,400,260.76,82,5149
4519,2023-07-06,85,9,605,402,261.01,23,1905
4520,2023-09-28,84,15,601,401,108.96,69,2571
4521,2023-05-31,75,14,604,401,445.62,99,5797
4522,2023-11-21,96,14,600,401,323.63,12,5023
4523,2022-11-15,42,1,600,402,356.84,69,14744
4524,2022-11-23,13,3,605,400,295.47,43,6021
4525,2025-05-25,79,9,603,400,148.54,84,9473
4526,2023-01-29,70,2,601,402,215.46,28,5501
4527,2022-06-11,78,12,605,400,316.66,72,13150
4528,2022-03-29,97,15,605,400,119.02,29,2767
4529,2025-05-04,42,11,605,403,79.41,90,13070
4530,2022-10-05,96,12,605,403,253.39,56,5357
4531,2024-07-07,41,8,603,403,151.59,42,4299
4532,2023-04-06,45,3,600,401,199.45,79,3335
4533,2023-06-17,82,12,605,402,260.42,36,14781
4534,2024-06-25,29,14,605,400,437.45,45,3456
4535,2023-02-04,91,4,604,402,228.61,86,13649
4536,2023-11-26,31,4,604,402,332.84,92,905
4537,2023-08-13,96,4,604,403,74.59,47,1444
4538,2022-10-10,87,5,602,402,287.18,45,9980
4539,2024-08-01,20,13,601,403,443.46,66,2503
4540,2025-02-11,97,1,602,401,184.24,5,11032
4541,2023-09-21,26,15,602,401,309.16,39,13800
4542,2022-12-19,60,6,602,401,303.7,65,4649
4543,2023-08-17,56,2,601,400,201.81,57,873
4544,2024-04-23,74,1,605,403,402.58,40,6954
4545,2023-08-02,79,12,602,400,477.13,90,8150
4546,2022-03-27,16,3,603,403,439.88,92,2785
4547,2023-06-20,23,5,601,400,117.46,81,5676
4548,2023-12-06,96,6,605,403,449.3,26,5439
4549,2024-08-19,21,12,602,400,252.3,87,10593
4550,2024-08-23,91,4,601,402,117.78,23,1027
4551,2022-03-16,20,10,602,403,90.55,5,13243
4552,2023-08-12,22,15,603,402,179.66,72,2604
4553,2023-10-21,99,11,603,402,285.08,76,7102
4554,2024-10-16,3,8,603,400,197.47,82,14333
4555,2025-01-25,63,3,604,402,115.12,35,7259
4556,2022-04-01,65,7,601,402,351.81,25,11139
4557,2025-05-08,99,13,600,401,499.69,98,1959
4558,2024-05-20,26,13,600,403,349.89,83,13625
4559,2023-08-18,76,11,603,400,426.98,89,1243
4560,2024-12-05,69,15,602,403,441.73,62,3733
4561,2023-10-11,59,14,605,400,480.27,68,14327
4562,2024-11-08,22,15,600,400,93.19,13,11873
4563,2025-04-08,98,14,603,403,130.19,75,4746
4564,2022-12-29,73,14,601,402,490.41,82,8754
4565,2022-03-19,80,5,601,401,484.71,61,4901
4566,2022-09-13,69,4,602,401,71.59,54,9959
4567,2025-06-13,2,5,605,400,372.08,17,8456
4568,2022-06-05,57,11,600,401,286.6,71,13615
4569,2022-10-09,39,5,603,400,374.06,30,1226
4570,2023-04-18,59,13,603,402,331.5,35,6736
4571,2024-07-01,47,12,600,401,97.44,56,8015
4572,2024-09-18,41,3,604,400,240.01,50,7186
4573,2025-03-11,13,11,600,402,255.76,61,4333
4574,2022-03-05,62,4,602,400,83.59,11,2763
4575,2025-04-22,89,11,601,402,425.13,58,1414
4576,2023-03-22,19,8,601,400,135.67,80,11094
4577,2023-06-17,90,14,602,400,150.13,67,14685
4578,2022-05-04,41,5,600,401,388.29,7,9526
4579,2023-09-02,74,9,605,401,303.78,27,570
4580,2022-04-28,79,12,604,401,317.69,86,4991
4581,2024-04-22,37,13,602,400,339.93,87,10053
4582,2024-01-24,89,1,604,403,53.48,47,3246
4583,2023-11-12,6,10,602,401,91.36,29,4137
4584,2025-03-23,71,1,600,403,331.58,90,814
4585,2023-01-20,84,7,604,400,173.7,95,14529
4586,2022-08-07,96,9,604,403,271.48,28,4796
4587,2023-04-21,22,11,602,401,91.77,32,12214
4588,2025-05-25,9,15,601,403,157.52,16,9594
4589,2023-03-29,54,9,605,400,237.39,49,13756
4590,2024-08-05,15,9,601,400,207.19,50,11066
4591,2022-02-27,21,8,604,403,69.52,53,2417
4592,2024-04-28,57,7,604,401,459.86,42,586
4593,2025-06-27,68,11,600,401,168.22,14,12418
4594,2022-05-26,58,9,602,402,96.55,35,7160
4595,2024-03-27,48,1,603,401,438.27,24,2815
4596,2023-02-26,20,2,601,403,319.89,95,9823
4597,2024-06-21,34,13,601,401,221.92,95,3179
4598,2023-02-11,8,8,602,401,53.46,56,7545
4599,2024-03-01,76,4,601,403,338.12,8,13516
4600,2024-10-16,74,3,603,400,199.7,44,8599
4601,2023-10-26,17,5,600,400,476.73,20,5835
4602,2024-04-25,5,13,605,400,295.4,51,4369
4603,2023-10-01,93,4,601,402,387.96,59,10791
4604,2025-06-28,6,4,602,402,143.85,20,5743
4605,2023-02-18,87,15,603,403,109.96,68,8115
4606,2022-02-15,49,15,604,400,462.34,98,11980
4607,2023-12-06,49,7,600,401,444.2,93,11712
4608,2022-04-01,40,7,601,401,331.01,59,10174
4609,2024-09-22,82,8,604,403,228.72,21,14770
4610,2022-07-09,99,11,600,400,354.85,80,6854
4611,2024-12-26,24,1,602,402,463.47,31,13260
4612,2023-10-01,88,12,605,402,244.01,9,14741
4613,2024-09-06,90,2,603,402,436.08,57,2504
4614,2022-07-09,49,3,603,403,127.27,38,2000
4615,2025-05-05,35,15,603,400,460.74,17,13214
4616,2023-03-22,23,9,600,403,405.85,71,6173
4617,2022-03-29,11,15,603,403,201.81,90,5072
4618,2025-06-03,96,13,601,403,149.91,36,1534
4619,2022-04-19,25,10,602,400,161.66,68,8619
4620,2025-06-29,60,12,605,403,309.93,11,2224
4621,2022-05-20,9,14,603,400,488.28,13,5896
4622,2022-10-30,83,12,604,402,170.64,13,10559
4623,2025-03-06,9,4,601,402,429.44,69,8957
4624,2023-09-16,94,9,602,402,298.81,42,6085
4625,2023-09-26,20,15,604,401,171.54,67,6680
4626,2022-01-12,89,13,604,403,496.9,76,14058
4627,2025-05-10,80,1,603,400,468.05,82,12453
4628,2024-03-04,13,2,603,400,357.78,37,4482
4629,2025-05-17,78,1,601,400,104.42,25,6169
4630,2025-02-23,72,2,601,401,337.62,8,2739
4631,2024-11-06,64,7,602,403,71.39,32,6285
4632,2024-07-14,37,15,604,402,77.08,5,8658
4633,2024-02-05,54,10,603,403,325.99,81,5338
4634,2025-02-24,44,12,600,400,93.55,66,3193
4635,2022-01-05,29,1,604,400,337.99,38,3770
4636,2024-09-12,19,4,600,400,333.61,51,1082
4637,2023-01-29,18,15,601,403,237.18,50,13496
4638,2022-03-15,74,8,603,400,176.65,12,3499
4639,2024-05-14,3,15,601,401,316.04,6,5627
4640,2022-10-21,8,11,605,403,254.32,61,8538
4641,2022-07-20,36,1,601,402,71.25,50,12938
4642,2024-06-30,19,1,605,401,475.69,45,9835
4643,2023-04-25,42,11,603,402,172.14,76,8943
4644,2023-12-02,3,14,605,403,132.39,13,8296
4645,2022-12-29,14,5,603,401,56.72,50,1055
4646,2023-01-10,62,13,602,403,223.96,70,3672
4647,2022-01-06,23,15,605,401,429.63,89,434
4648,2022-10-25,37,6,602,400,453.05,91,4705
4649,2023-11-10,13,12,602,401,232.29,10,14927
4650,2023-12-21,70,1,600,401,74.14,70,9141
4651,2024-07-01,8,10,601,403,200.43,37,4553
4652,2022-05-03,13,1,603,403,59.55,48,2351
4653,2022-07-17,24,6,600,400,362.66,47,1849
4654,2024-08-16,97,3,600,400,311.28,21,762
4655,2023-04-30,78,1,605,402,131.72,36,7118
4656,2022-01-23,52,8,600,401,55.05,47,735
4657,2025-02-10,8,10,600,400,237.94,7,4723
4658,2024-01-15,87,4,602,403,417.23,89,3293
4659,2022-11-19,86,8,605,403,313.34,85,7765
4660,2024-10-30,2,9,602,401,277.66,21,6457
4661,2022-12-19,100,4,601,400,163.57,81,8131
4662,2023-11-25,50,7,600,401,268.34,89,1541
4663,2024-04-16,46,9,604,401,299.4,84,9321
4664,2024-11-11,70,2,602,400,61.79,78,10174
4665,2022-08-07,66,3,602,402,392.92,85,1642
4666,2023-03-05,70,1,603,402,340.01,60,6356
4667,2024-03-14,80,1,601,403,58.65,95,14667
4668,2022-12-18,17,2,604,401,419.03,78,9763
4669,2024-01-27,98,13,603,403,366.76,88,4067
4670,2023-10-21,51,8,600,401,123.78,37,8611
4671,2023-07-12,52,12,601,401,304.21,44,1520
4672,2023-04-30,37,4,604,400,223.96,10,13791
4673,2024-01-21,56,2,600,401,174.8,80,6762
4674,2023-01-10,17,13,601,402,165.5,17,9007
4675,2024-07-05,36,7,605,401,185.39,43,4585
4676,2022-10-12,22,14,602,403,423.82,8,6411
4677,2023-11-22,93,8,600,402,186.02,76,9847
4678,2024-03-03,96,13,602,402,213.38,42,4237
4679,2024-05-25,90,7,605,401,123.24,83,2613
4680,2024-11-13,24,13,601,400,205.5,22,12355
4681,2024-06-11,63,5,604,400,360.62,52,7721
4682,2022-10-03,71,3,605,402,239.33,72,9621
4683,2022-07-26,28,12,602,403,184.91,48,3807
4684,2022-06-05,11,14,603,403,313.75,22,9506
4685,2023-07-01,91,7,605,400,119.83,35,11365
4686,2022-10-13,75,8,604,403,370.6,58,6445
4687,2024-01-06,44,14,604,403,233.05,26,8255
4688,2025-05-08,47,1,603,403,87.99,81,10008
4689,2022-10-08,55,3,601,403,288.11,92,10278
4690,2024-08-15,38,12,602,401,326.08,59,7108
4691,2022-09-19,51,4,601,403,468.09,67,5525
4692,2024-08-23,51,2,600,403,134.72,57,12937
4693,2023-11-23,79,1,602,402,462.94,69,9971
4694,2024-08-12,40,1,603,401,88.44,32,13801
4695,2024-06-21,22,4,602,403,373.94,41,6445
4696,2024-11-14,97,8,601,400,374.79,13,2952
4697,2022-04-09,88,12,600,402,140.52,73,7474
4698,2023-11-12,31,12,604,403,327.92,9,11114
4699,2024-11-08,40,15,605,400,77.13,63,13128
4700,2025-04-20,61,6,603,403,168.7,86,8714
4701,2023-10-27,36,4,601,400,154.98,21,10676
4702,2024-05-26,9,5,603,401,420.31,7,6913
4703,2022-02-06,63,3,604,400,101.46,10,5271
4704,2023-06-15,13,4,601,403,63.17,90,3587
4705,2025-04-16,59,8,605,400,281.1,52,1187
4706,2022-03-25,59,5,601,403,256.68,74,12575
4707,2022-07-17,93,11,602,402,334.11,86,1659
4708,2022-11-19,15,12,603,401,201.31,44,678
4709,2025-05-28,10,9,605,403,329.05,12,3995
4710,2024-06-01,64,15,602,400,64.7,89,3436
4711,2023-02-03,31,4,601,401,66.63,31,7527
4712,2023-02-14,91,4,600,400,453.64,25,9415
4713,2022-02-25,36,12,604,402,173.52,54,10723
4714,2025-05-10,81,15,601,401,91.9,49,382
4715,2022-06-30,2,13,600,400,70.56,37,5376
4716,2024-09-12,13,1,603,401,153.1,29,11375
4717,2025-01-08,1,8,604,400,381.08,75,112
4718,2024-01-16,87,13,600,401,324.56,48,6797
4719,2024-09-26,15,9,603,400,472.9,34,8794
4720,2023-11-02,57,11,605,402,438.17,49,1711
4721,2022-03-07,77,7,603,402,54.8,93,707
4722,2024-11-06,46,9,603,403,176.23,31,13099
4723,2025-05-21,45,10,600,401,145.29,80,6228
4724,2022-02-22,48,8,605,400,187.25,68,3908
4725,2023-04-02,47,4,603,403,59.91,62,9792
4726,2025-04-05,80,14,600,402,237.76,15,14052
4727,2022-10-04,9,4,603,401,406.52,20,4884
4728,2025-05-23,60,1,605,400,438.51,97,1599
4729,2024-02-19,35,7,600,401,253.55,16,4951
4730,2024-02-17,69,10,605,403,383.82,66,2726
4731,2023-06-19,19,12,602,401,68.09,28,2338
4732,2024-12-19,7,7,602,403,285.32,33,7580
4733,2023-12-22,92,5,605,402,211.59,87,11719
4734,2022-09-03,5,1,604,403,208.04,61,1686
4735,2023-01-07,14,7,602,400,426.0,35,9997
4736,2025-03-13,50,11,600,400,469.21,89,8953
4737,2023-02-19,13,4,604,401,439.43,20,6358
4738,2023-09-28,31,4,604,402,480.08,10,14139
4739,2024-09-26,55,11,605,402,221.46,19,7281
4740,2025-05-26,58,14,605,400,210.81,24,1739
4741,2025-01-28,94,12,605,402,160.39,83,11615
4742,2022-07-26,77,2,604,402,439.41,40,9512
4743,2024-01-12,76,10,605,403,366.02,80,7094
4744,2023-10-30,65,14,605,400,117.97,79,7763
4745,2024-05-09,95,12,600,402,193.3,84,11911
4746,2024-05-05,55,14,604,402,211.91,64,14001
4747,2025-04-24,18,1,601,401,223.31,28,7835
4748,2024-12-06,95,15,603,402,94.65,69,9300
4749,2024-07-06,24,6,604,400,71.12,70,13001
4750,2024-03-07,44,15,600,401,319.37,69,6555
4751,2025-01-31,94,7,603,401,123.71,86,3061
4752,2024-10-09,89,15,604,401,373.63,40,4319
4753,2022-08-13,18,1,602,400,107.48,19,5942
4754,2024-08-10,62,10,602,400,333.77,15,12974
4755,2025-06-11,16,10,604,401,494.34,68,1476
4756,2023-01-30,98,10,602,403,402.98,62,1591
4757,2022-03-02,79,6,604,401,492.11,100,11928
4758,2023-01-30,76,2,600,401,451.7,46,3983
4759,2023-10-13,90,11,601,401,163.14,56,7205
4760,2024-11-19,28,6,601,402,84.25,50,14702
4761,2025-02-18,77,2,601,403,299.99,38,2678
4762,2024-05-18,3,2,604,401,56.48,22,7537
4763,2023-03-06,82,13,602,401,481.27,70,14749
4764,2022-11-24,39,1,601,401,74.91,9,11807
4765,2024-06-22,22,4,603,402,265.15,12,3574
4766,2022-11-14,55,4,605,402,127.89,50,4432
4767,2022-04-11,10,2,600,403,410.92,23,995
4768,2023-01-29,80,5,604,403,342.47,83,11552
4769,2025-01-06,51,5,603,403,178.3,13,11651
4770,2022-08-19,20,9,604,401,378.94,99,9365
4771,2023-08-17,35,15,602,401,264.45,64,10430
4772,2023-09-09,18,13,603,402,317.15,76,6569
4773,2022-05-08,52,15,601,402,438.14,90,6737
4774,2022-08-30,12,6,605,400,255.57,57,13083
4775,2025-03-12,67,3,605,403,274.75,98,13840
4776,2023-12-16,43,2,601,403,487.07,74,2796
4777,2022-05-21,100,10,605,402,476.56,97,898
4778,2022-03-31,81,7,605,403,137.1,68,910
4779,2024-10-31,20,5,600,401,303.41,63,13308
4780,2025-04-18,4,11,603,400,326.3,99,8443
4781,2022-05-16,53,12,602,403,391.12,42,10429
4782,2024-07-03,66,2,605,401,427.64,94,8298
4783,2023-04-15,79,3,604,400,90.81,43,9577
4784,2022-08-15,15,8,602,402,119.94,38,6110
4785,2022-10-28,60,7,603,402,257.17,68,493
4786,2022-12-25,75,9,605,401,67.25,100,12648
4787,2022-07-06,74,10,601,400,284.28,91,1205
4788,2025-05-12,77,9,605,401,208.52,46,14849
4789,2023-04-03,22,13,604,401,289.16,67,2460
4790,2024-12-25,18,14,605,403,425.33,62,11052
4791,2022-07-01,68,7,603,403,288.84,25,13944
4792,2022-03-06,78,9,602,401,128.61,53,12327
4793,2025-03-05,22,9,605,403,235.0,75,11133
4794,2024-07-28,9,1,601,401,171.1,48,1381
4795,2024-02-25,14,6,604,402,217.67,77,11949
4796,2022-09-19,49,7,603,401,309.79,41,1134
4797,2023-11-19,65,7,603,402,104.9,7,1024
4798,2023-01-19,12,3,603,400,357.54,11,6206
4799,2024-06-13,70,14,605,403,154.95,81,3544
4800,2024-05-29,59,1,600,403,336.74,37,14747
4801,2022-03-16,33,2,603,402,215.96,77,7802
4802,2025-06-12,78,15,601,403,332.28,65,2066
4803,2022-03-11,29,4,603,403,84.33,7,13216
4804,2024-06-02,9,15,605,402,458.19,43,14915
4805,2022-10-05,44,8,602,400,74.67,65,13649
4806,2024-12-29,65,12,600,403,299.27,17,2005
4807,2022-12-14,50,11,601,402,416.2,56,8008
4808,2023-05-22,65,5,601,402,286.32,56,11015
4809,2022-12-10,92,6,601,401,297.09,24,14431
4810,2023-07-12,60,13,603,402,202.09,52,4792
4811,2023-11-06,42,3,601,403,254.64,37,12209
4812,2022-03-31,81,13,602,400,59.04,52,4981
4813,2024-08-29,48,6,604,403,221.05,33,3066
4814,2025-06-26,63,3,600,400,413.11,50,11973
4815,2022-07-20,94,7,603,400,218.35,24,3159
4816,2022-06-21,46,2,602,402,254.03,17,7065
4817,2023-05-28,90,8,603,401,254.59,75,2014
4818,2023-11-26,15,12,604,402,143.57,36,6606
4819,2022-09-18,1,10,605,401,65.86,68,1502
4820,2025-01-14,98,5,605,402,335.49,8,8331
4821,2023-12-01,6,7,601,403,472.41,43,2317
4822,2022-04-12,29,12,605,403,378.28,98,2098
4823,2023-12-07,90,8,601,403,444.79,84,6432
4824,2023-12-06,41,12,600,402,124.7,90,6948
4825,2022-10-26,33,10,602,402,416.07,52,3662
4826,2022-08-01,63,4,603,403,464.74,95,601
4827,2024-05-14,12,15,603,400,466.15,26,8353
4828,2024-06-12,27,8,603,401,287.56,90,156
4829,2023-08-14,50,2,601,402,114.24,86,965
4830,2025-04-01,74,5,605,403,158.68,96,13722
4831,2022-04-15,32,6,602,400,432.79,73,9429
4832,2024-05-30,5,4,605,402,248.5,64,1558
4833,2023-03-15,37,4,604,401,417.43,82,10382
4834,2022-02-14,36,9,604,402,122.29,37,14048
4835,2023-03-14,67,6,600,403,58.27,51,3029
4836,2023-07-14,63,9,600,403,233.74,11,10725
4837,2022-06-28,31,10,602,400,74.4,98,10811
4838,2023-04-29,98,15,602,400,93.07,87,12954
4839,2022-11-16,80,6,603,401,294.72,80,5027
4840,2024-10-28,71,8,601,402,65.58,35,8376
4841,2024-02-13,85,6,600,401,88.04,89,5343
4842,2023-07-28,12,14,603,401,124.34,51,10924
4843,2022-02-26,12,5,601,402,250.45,85,9568
4844,2025-02-26,40,3,605,400,65.34,32,4609
4845,2024-01-08,45,10,602,400,265.73,18,4881
4846,2024-07-27,54,7,604,401,235.52,97,14296
4847,2024-02-21,91,8,602,400,262.75,12,4966
4848,2022-08-15,76,5,604,402,392.84,8,568
4849,2023-04-23,59,14,604,400,335.71,56,7407
4850,2024-06-30,46,1,605,401,198.26,10,2306
4851,2025-06-27,11,15,604,402,96.72,89,8246
4852,2024-01-03,68,15,603,403,434.72,89,14536
4853,2023-09-02,15,8,604,403,499.28,26,6851
4854,2022-11-10,68,14,605,402,295.84,17,8300
4855,2022-06-21,86,6,600,400,367.76,79,14593
4856,2024-12-03,64,12,605,403,350.79,49,1771
4857,2024-06-27,53,1,601,403,307.63,39,4959
4858,2023-10-06,42,15,600,401,372.66,18,9220
4859,2024-02-27,73,6,603,403,126.34,34,13716
4860,2024-12-16,56,15,605,401,91.73,6,4628
4861,2022-02-17,51,12,602,401,469.51,33,1616
4862,2024-07-12,81,2,603,401,445.28,46,5153
4863,2023-03-10,74,5,602,401,388.63,18,3869
4864,2024-12-01,98,10,602,401,444.07,61,11720
4865,2023-03-04,79,7,604,400,360.05,33,9238
4866,2023-03-24,56,14,602,403,405.11,40,6948
4867,2024-12-12,96,7,601,401,126.79,8,3797
4868,2023-08-02,60,15,602,400,478.18,75,9830
4869,2022-04-14,5,5,603,401,257.34,52,2134
4870,2024-11-23,37,5,603,402,441.95,11,3985
4871,2022-01-10,93,10,602,403,106.36,85,12006
4872,2023-12-05,58,13,604,400,413.64,80,4626
4873,2024-01-06,21,5,601,403,236.07,13,2949
4874,2022-04-16,47,12,601,403,437.04,20,14763
4875,2023-04-27,90,10,603,401,303.96,90,3718
4876,2022-09-23,84,7,602,401,382.92,55,6685
4877,2023-02-11,86,14,604,403,172.97,14,4608
4878,2023-11-05,88,12,603,400,104.35,100,12104
4879,2022-10-07,77,8,601,402,455.86,65,5517
4880,2023-12-08,10,5,603,400,163.05,60,6035
4881,2024-09-24,12,7,601,401,264.39,55,8481
4882,2024-06-28,22,6,604,402,105.18,53,6527
4883,2023-04-01,84,5,601,400,151.75,47,7967
4884,2024-08-19,31,15,603,403,101.94,77,4989
4885,2023-05-18,27,5,600,402,425.72,40,5025
4886,2023-09-20,15,8,601,403,225.18,70,1784
4887,2023-02-28,96,11,602,402,483.44,14,1984
4888,2024-02-10,49,6,604,402,344.74,26,7983
4889,2025-03-04,4,15,603,400,309.24,52,968
4890,2023-02-10,98,7,601,401,450.56,94,1698
4891,2022-10-26,60,1,601,403,390.98,17,6712
4892,2024-06-26,48,8,604,401,88.21,12,4621
4893,2024-01-21,46,15,600,403,317.54,59,3204
4894,2025-01-10,57,12,600,401,128.1,24,5311
4895,2025-01-01,33,13,605,401,256.12,81,1176
4896,2022-07-16,100,13,605,402,178.43,67,11011
4897,2025-02-03,82,10,602,400,205.1,85,4934
4898,2025-01-06,92,2,602,400,460.09,97,12591
4899,2023-08-08,2,12,603,402,423.4,69,2915
4900,2022-05-26,94,4,603,403,369.13,18,7090
4901,2022-12-16,79,3,602,400,340.52,47,14957
4902,2022-03-29,13,12,602,403,63.1,79,11388
4903,2022-01-10,40,2,601,403,220.14,79,8884
4904,2022-04-03,24,10,605,401,362.27,22,8155
4905,2024-11-11,59,10,603,401,66.64,57,8276
4906,2023-12-28,3,6,604,402,334.13,15,14008
4907,2024-05-12,38,12,602,403,484.1,34,7079
4908,2025-04-11,48,8,605,403,269.94,23,12126
4909,2024-08-22,70,5,604,401,201.27,62,7835
4910,2025-05-24,44,3,601,402,355.62,61,3869
4911,2023-03-31,35,14,601,402,292.38,81,14251
4912,2023-04-18,12,10,602,402,124.24,71,3616
4913,2023-07-19,3,13,605,402,376.75,34,4532
4914,2024-11-04,78,15,604,400,119.25,10,4420
4915,2024-01-31,3,2,601,401,393.25,21,1538
4916,2023-06-13,58,6,601,402,429.78,71,6064
4917,2022-05-16,90,13,602,401,265.57,100,2122
4918,2023-07-24,38,7,605,400,324.05,22,7861
4919,2024-05-22,13,9,603,400,422.48,58,7332
4920,2024-03-23,90,3,600,400,301.19,35,10549
4921,2025-05-07,75,4,605,400,443.17,71,8217
4922,2024-08-17,95,9,604,403,372.68,83,14493
4923,2022-09-08,25,12,604,402,258.44,100,5674
4924,2024-06-13,40,4,600,402,433.91,92,2160
4925,2024-05-07,67,6,603,402,283.92,97,10502
4926,2023-12-05,8,10,604,401,355.03,15,9010
4927,2023-08-27,8,10,600,400,384.99,95,5781
4928,2022-07-07,69,9,601,400,268.3,32,1631
4929,2024-09-15,61,11,602,403,406.04,97,10535
4930,2023-12-05,31,11,602,401,450.87,85,3593
4931,2024-08-15,93,15,603,402,224.95,48,1229
4932,2022-09-04,18,12,601,403,121.87,43,8593
4933,2024-10-30,51,10,600,400,234.12,16,10087
4934,2022-03-30,44,12,604,400,203.55,27,4204
4935,2024-08-31,18,2,600,402,230.78,96,2357
4936,2022-04-25,36,1,600,402,54.3,17,13001
4937,2023-08-20,5,7,604,400,226.62,44,9218
4938,2024-08-04,62,12,602,400,401.2,71,2197
4939,2022-10-31,28,12,601,400,298.55,34,7434
4940,2023-06-19,69,8,604,403,103.59,95,5780
4941,2023-03-03,94,7,605,400,197.15,45,5262
4942,2025-01-28,64,11,604,401,468.11,86,9548
4943,2024-04-10,35,13,604,401,206.58,93,2132
4944,2025-01-07,45,10,600,402,448.6,87,10165
4945,2024-08-05,76,6,602,403,115.04,59,11311
4946,2023-04-04,27,11,603,402,348.73,70,4257
4947,2022-04-15,97,1,604,400,50.09,28,5850
4948,2022-02-23,45,15,602,401,272.58,75,3395
4949,2025-02-19,34,5,605,401,52.66,73,13192
4950,2025-05-08,62,3,600,402,256.36,63,13328
4951,2022-11-27,61,12,604,402,366.54,69,3608
4952,2024-06-29,23,11,601,402,262.04,73,12732
4953,2022-01-17,14,3,604,401,79.87,59,12346
4954,2023-12-01,3,15,603,401,423.4,86,9202
4955,2025-06-12,70,13,601,401,358.07,22,5763
4956,2022-07-13,10,15,602,403,178.16,43,10552
4957,2023-01-04,83,12,605,402,106.23,18,11653
4958,2025-01-03,79,3,600,400,288.28,70,8457
4959,2023-02-15,85,12,602,400,494.4,85,3865
4960,2022-05-19,90,6,601,403,421.53,31,4626
4961,2025-02-17,19,1,600,402,324.95,73,8540
4962,2022-07-16,21,5,602,401,495.9,55,13729
4963,2022-06-03,77,12,602,402,343.0,8,1884
4964,2024-11-23,66,13,600,401,469.57,64,10073
4965,2025-02-28,83,5,605,401,397.59,12,12422
4966,2023-11-05,3,3,600,402,496.34,40,4014
4967,2025-03-07,79,10,605,402,351.44,88,2431
4968,2024-08-02,20,1,600,403,388.3,54,6270
4969,2022-04-28,8,9,602,403,115.76,89,11235
4970,2025-01-17,19,10,603,401,144.16,5,3568
4971,2022-08-15,52,5,604,403,410.53,89,11216
4972,2024-04-28,95,15,604,403,365.48,53,7805
4973,2024-03-07,23,11,604,402,246.29,25,1551
4974,2022-05-03,68,12,604,402,453.54,51,10051
4975,2022-11-03,67,10,602,400,87.98,43,1765
4976,2022-12-22,37,6,603,401,382.85,51,1987
4977,2022-11-30,41,7,604,400,121.53,72,13551
4978,2024-04-15,34,13,602,403,110.4,8,14414
4979,2024-12-20,7,15,604,400,223.41,47,10860
4980,2024-07-30,72,2,601,402,413.97,71,1894
4981,2025-04-27,6,2,605,402,190.31,22,3674
4982,2022-10-28,92,5,601,402,121.31,88,4712
4983,2023-09-27,40,1,601,402,227.66,98,5841
4984,2025-04-12,59,9,601,402,422.49,51,9572
4985,2023-06-27,31,10,603,400,291.92,52,3214
4986,2024-04-26,44,11,604,403,261.5,14,5576
4987,2022-01-18,52,8,600,402,228.38,53,2309
4988,2025-01-14,69,13,600,403,146.71,41,14038
4989,2022-12-26,23,11,603,402,100.46,61,9051
4990,2023-04-29,9,5,601,403,379.4,96,8098
4991,2023-08-27,13,10,601,400,344.28,60,13475
4992,2023-07-08,2,10,604,402,491.21,51,3035
4993,2024-06-12,2,8,604,403,186.33,26,8402
4994,2024-10-18,95,9,602,403,446.28,71,8505
4995,2025-01-08,90,6,603,402,167.68,57,3034
4996,2022-08-25,42,7,603,402,377.28,45,7237
4997,2022-05-04,56,14,602,403,405.82,54,6246
4998,2024-03-26,43,7,605,402,451.46,27,2598
4999,2025-03-10,60,2,600,401,428.72,22,11560
5000,2023-04-10,26,13,603,400,302.68,65,6161
5001,2024-08-20,99,1,601,403,129.39,20,238
5002,2024-02-22,17,11,605,403,450.67,49,11199
5003,2022-09-18,53,10,605,401,467.14,93,5491
5004,2023-02-21,92,8,600,400,457.58,74,438
5005,2025-03-13,50,11,602,402,102.0,83,180
5006,2023-11-17,20,4,604,403,437.03,37,13527
5007,2025-04-21,27,7,602,403,387.19,11,13489
5008,2022-09-17,77,2,603,402,441.79,43,10647
5009,2024-05-09,56,5,603,402,432.32,30,804
5010,2023-01-25,97,7,605,402,345.12,69,10738
5011,2024-10-18,43,13,604,400,288.01,19,1775
5012,2024-10-27,9,3,600,401,363.03,48,5802
5013,2024-01-19,83,1,603,400,349.85,75,2736
5014,2022-04-12,50,1,603,402,155.95,76,9692
5015,2025-03-26,61,14,603,400,371.66,34,3011
5016,2023-06-15,85,15,604,403,392.22,38,11653
5017,2024-12-04,15,9,600,400,243.95,40,4471
5018,2025-01-31,20,15,605,403,480.03,14,14525
5019,2022-05-25,77,15,602,401,347.67,13,14153
5020,2022-11-17,73,14,602,400,394.4,26,4473
5021,2024-03-04,85,14,602,401,150.55,88,5422
5022,2024-08-01,90,6,605,402,439.67,10,235
5023,2022-09-08,13,10,602,400,328.09,98,14355
5024,2023-10-21,11,10,600,400,173.2,97,1352
5025,2024-05-18,77,9,600,401,246.31,31,9944
5026,2023-11-05,38,11,605,400,113.03,93,10759
5027,2023-08-30,19,7,600,400,174.66,6,3580
5028,2023-05-14,98,1,600,401,268.65,63,7310
5029,2022-11-08,81,6,603,400,93.45,12,10593
5030,2023-03-12,30,4,602,403,171.35,54,5938
5031,2023-09-21,39,5,600,402,111.51,50,5920
5032,2024-04-23,69,12,601,403,202.06,5,8397
5033,2022-05-04,41,11,605,402,463.99,30,921
5034,2024-08-19,74,15,601,403,326.44,71,7152
5035,2022-06-11,56,14,600,401,114.99,83,2898
5036,2023-07-27,29,8,604,400,133.41,67,3878
5037,2023-11-09,51,5,602,403,99.92,68,11286
5038,2024-08-27,8,13,601,401,437.7,33,3471
5039,2022-07-10,6,3,604,401,331.3,39,306
5040,2025-04-06,90,14,605,402,366.56,88,1989
5041,2022-03-25,49,4,602,401,120.35,77,452
5042,2022-01-11,64,8,605,402,303.99,75,2919
5043,2022-08-10,93,10,604,402,201.97,11,2114
5044,2024-10-16,58,15,604,400,163.04,92,6315
5045,2023-02-08,71,7,605,400,92.8,53,10375
5046,2025-04-15,76,5,605,403,420.19,83,6276
5047,2024-01-29,3,12,605,401,233.36,70,242
5048,2023-10-07,40,12,602,402,107.43,96,2623
5049,2024-04-20,59,4,600,402,242.82,83,14236
5050,2023-04-02,5,9,602,403,276.72,47,7476
5051,2022-04-24,20,1,605,402,188.68,13,7492
5052,2022-07-20,67,6,600,403,87.41,17,924
5053,2024-04-15,62,4,602,401,65.1,50,1526
5054,2025-06-15,85,2,602,400,105.84,9,5014
5055,2023-09-18,24,9,601,402,453.75,40,10008
5056,2022-02-10,26,4,601,402,78.56,74,7632
5057,2023-03-15,45,12,605,400,250.38,8,11891
5058,2023-04-05,47,5,604,403,285.78,32,13669
5059,2025-01-15,100,4,605,400,321.81,60,5843
5060,2024-06-16,78,9,605,402,126.68,32,6179
5061,2022-01-18,40,5,601,401,192.57,76,12796
5062,2023-01-19,78,1,603,400,475.16,99,9324
5063,2023-03-04,91,8,603,402,281.54,21,7438
5064,2024-05-25,17,10,604,402,440.33,65,9683
5065,2024-05-11,22,6,604,402,239.77,61,5274
5066,2024-02-23,92,13,603,400,255.82,40,3958
5067,2022-05-15,38,12,605,400,179.83,48,4270
5068,2022-03-11,12,1,600,401,223.97,45,14518
5069,2025-05-07,46,3,602,400,430.0,41,3429
5070,2024-08-06,4,2,604,402,210.77,78,9792
5071,2022-12-01,24,3,601,402,243.59,49,11563
5072,2025-03-10,55,9,605,402,133.1,26,12560
5073,2022-08-03,38,8,603,401,262.52,88,6967
5074,2023-06-20,50,13,602,401,208.24,21,10938
5075,2023-04-25,90,2,603,400,161.1,78,10809
5076,2024-02-06,20,4,603,402,149.33,91,2483
5077,2022-09-03,15,15,601,401,415.58,31,13072
5078,2025-06-08,59,11,604,402,287.34,27,12988
5079,2023-06-06,100,4,601,403,180.52,47,7744
5080,2023-11-19,81,7,603,401,343.66,60,6623
5081,2023-12-22,63,7,603,403,117.99,76,2109
5082,2022-04-13,25,14,602,403,62.58,67,13229
5083,2022-06-05,36,13,601,400,306.6,76,9105
5084,2025-03-22,82,5,605,402,290.48,13,14438
5085,2024-05-06,92,10,600,400,486.83,47,5535
5086,2024-09-19,26,12,605,401,324.83,38,1114
5087,2023-08-04,71,6,602,403,492.8,78,1926
5088,2024-04-16,64,12,602,401,489.15,29,10706
5089,2022-05-29,67,2,603,400,279.89,86,2215
5090,2025-02-26,51,15,603,400,294.45,76,5776
5091,2022-12-01,39,12,602,401,308.21,50,2759
5092,2025-02-20,19,12,602,402,479.31,80,5070
5093,2024-11-15,95,12,605,402,336.27,15,2585
5094,2022-07-15,45,3,605,403,449.7,70,4837
5095,2023-01-29,64,4,603,402,204.01,92,255
5096,2025-04-11,1,8,600,402,276.34,55,14100
5097,2022-12-02,25,8,600,401,394.22,9,3110
5098,2024-09-03,81,14,601,401,156.85,35,6128
5099,2024-12-20,68,12,603,400,281.48,48,1487
5100,2023-02-13,30,13,602,400,155.5,61,12882
5101,2022-12-27,78,12,603,403,446.85,59,933
5102,2022-07-21,12,11,600,400,364.58,69,11333
5103,2023-06-28,61,4,604,400,211.01,35,3771
5104,2023-02-02,1,12,603,403,169.94,93,13251
5105,2022-07-21,81,9,605,403,245.16,53,8132
5106,2024-12-06,27,12,602,400,226.67,34,4065
5107,2024-12-14,15,10,601,403,375.18,43,3144
5108,2023-03-16,61,3,605,403,232.77,45,5096
5109,2025-06-14,43,15,601,400,209.78,36,9171
5110,2023-07-13,4,13,605,402,165.92,94,4861
5111,2025-06-18,56,14,604,400,205.98,54,10136
5112,2024-08-31,14,9,602,402,185.41,29,2552
5113,2022-05-20,93,6,601,402,168.35,34,2893
5114,2024-08-18,85,14,605,402,221.32,86,14271
5115,2025-06-01,33,9,604,403,209.5,85,4834
5116,2024-03-28,28,5,601,400,255.06,34,3752
5117,2024-12-17,5,11,602,400,91.22,7,9744
5118,2023-07-03,38,3,600,400,129.83,63,784
5119,2022-11-06,49,4,601,401,271.82,95,3718
5120,2023-01-02,86,7,602,402,437.88,14,1973
5121,2023-05-03,26,4,603,400,89.96,73,14061
5122,2023-08-13,32,2,604,401,202.04,40,5161
5123,2022-11-24,3,1,605,401,63.73,24,10389
5124,2024-08-04,72,3,600,401,170.98,71,628
5125,2022-05-12,20,14,600,402,168.3,98,3329
5126,2024-03-23,96,3,603,400,197.09,12,4248
5127,2023-07-29,34,1,602,400,397.42,80,6574
5128,2024-06-14,73,6,600,402,138.04,62,9182
5129,2023-08-24,17,7,602,402,149.21,31,5959
5130,2022-04-24,59,4,604,402,326.27,50,12970
5131,2023-04-22,72,14,601,402,357.76,32,6050
5132,2024-09-21,26,15,605,401,99.78,45,8317
5133,2022-05-06,100,9,605,403,391.62,50,11946
5134,2024-07-21,4,4,600,401,246.0,46,13358
5135,2022-02-12,39,5,604,400,203.83,46,5583
5136,2024-09-23,31,7,600,401,92.22,85,371
5137,2024-03-26,48,8,604,403,439.32,66,3727
5138,2024-08-25,47,11,605,400,242.88,24,3039
5139,2024-08-07,91,13,605,400,144.3,40,9225
5140,2024-03-04,39,11,600,400,338.59,67,12034
5141,2024-02-04,99,2,601,401,380.26,29,12051
5142,2022-12-24,53,10,602,403,338.33,48,9883
5143,2022-10-14,15,12,601,403,291.65,48,6104
5144,2022-09-09,65,5,605,401,266.16,97,12265
5145,2023-10-27,53,10,604,403,144.64,34,6711
5146,2023-02-15,47,14,603,402,96.76,82,9917
5147,2022-06-29,95,11,605,400,148.73,18,11549
5148,2022-07-30,28,14,600,400,470.92,49,5498
5149,2023-09-02,50,7,604,402,431.55,91,8275
5150,2022-01-24,80,4,604,403,119.72,60,9161
5151,2022-12-14,72,8,604,400,496.58,70,2294
5152,2024-08-12,66,2,603,400,227.86,42,12858
5153,2024-06-05,58,6,600,400,368.75,32,9044
5154,2022-04-24,31,6,603,401,155.16,54,199
5155,2024-07-02,54,9,602,401,147.58,38,14791
5156,2025-03-27,83,3,603,402,320.14,40,12451
5157,2023-08-26,81,6,600,402,343.16,52,13242
5158,2023-05-14,23,10,604,400,85.38,69,5812
5159,2022-10-13,75,2,601,402,84.73,76,7637
5160,2022-11-25,49,8,600,400,317.51,54,12237
5161,2022-04-03,28,4,603,402,292.71,65,9260
5162,2025-04-28,46,9,604,402,310.85,42,5036
5163,2024-11-22,66,10,605,400,172.24,35,2598
5164,2025-03-10,98,12,605,400,247.13,83,9438
5165,2024-04-08,98,11,602,403,70.05,58,4783
5166,2023-12-20,90,9,604,402,231.91,47,14676
5167,2024-12-15,63,13,600,400,229.19,51,11703
5168,2023-06-26,9,5,601,403,64.59,16,14022
5169,2025-03-29,69,1,600,403,274.05,68,7716
5170,2023-06-05,8,11,601,401,90.86,43,2993
5171,2022-10-03,44,11,601,401,312.35,13,4550
5172,2022-11-30,98,5,604,401,464.5,67,4184
5173,2022-03-23,30,12,600,403,250.18,21,13086
5174,2023-06-19,77,3,601,402,285.19,64,1976
5175,2024-01-06,17,7,602,403,381.17,37,5505
5176,2022-11-24,7,10,604,402,243.7,53,189
5177,2023-07-04,66,8,603,401,286.15,35,8947
5178,2022-10-27,6,4,605,400,69.33,60,10422
5179,2022-07-27,53,2,600,402,448.91,7,11111
5180,2022-10-26,52,4,604,400,59.71,38,14347
5181,2023-12-26,22,3,601,401,228.45,86,14523
5182,2022-02-06,83,15,601,402,235.76,42,4381
5183,2025-05-05,63,14,604,401,427.15,50,1408
5184,2024-06-22,51,11,604,402,86.34,29,615
5185,2025-01-25,78,12,604,402,430.3,28,14685
5186,2025-01-16,19,5,604,401,108.8,49,7931
5187,2022-10-22,89,10,602,403,199.96,83,3089
5188,2022-06-29,51,3,604,403,336.48,42,13943
5189,2024-11-01,95,5,601,403,63.45,42,1227
5190,2022-02-13,33,14,601,400,126.72,38,12110
5191,2023-08-13,65,12,600,403,59.27,46,8980
5192,2024-07-21,86,9,602,400,405.58,75,8539
5193,2024-04-02,66,12,602,400,407.67,18,1471
5194,2024-12-11,14,7,603,402,448.51,82,12487
5195,2022-11-26,51,11,604,400,356.44,11,5689
5196,2024-08-22,45,11,604,401,467.32,47,12134
5197,2022-02-03,56,1,605,403,401.34,98,3329
5198,2022-03-10,65,11,600,400,396.82,52,13057
5199,2024-04-13,8,6,605,401,194.12,15,1368
5200,2023-11-19,8,3,605,400,133.19,24,13231
5201,2024-10-06,20,11,605,403,273.48,8,14162
5202,2025-04-16,5,10,603,401,324.31,61,12613
5203,2024-01-18,2,4,602,403,182.08,37,6566
5204,2024-10-20,90,8,601,402,76.94,52,9005
5205,2022-09-11,67,13,602,402,66.05,71,10738
5206,2024-11-13,71,2,604,401,118.6,78,9706
5207,2023-05-19,82,1,603,402,179.64,9,8259
5208,2022-07-10,22,11,604,403,182.78,72,13938
5209,2023-12-22,52,9,601,400,265.37,52,3552
5210,2024-03-25,63,1,601,400,376.13,58,2073
5211,2022-08-07,89,13,602,402,310.21,48,641
5212,2025-03-07,26,11,601,403,358.66,34,5644
5213,2024-04-13,60,15,603,400,79.41,27,12269
5214,2022-01-13,5,13,601,400,320.02,85,6004
5215,2024-01-17,1,12,600,402,400.22,39,13609
5216,2024-12-22,99,6,604,403,307.36,58,5074
5217,2022-11-17,100,4,602,401,423.37,69,14051
5218,2023-05-19,93,6,600,402,437.58,73,8819
5219,2022-04-29,21,12,600,400,491.38,56,9137
5220,2023-12-25,25,6,604,402,467.88,63,141
5221,2024-06-12,78,6,602,403,342.19,86,5488
5222,2024-11-22,22,7,603,403,357.37,50,12008
5223,2023-09-15,15,8,605,403,277.87,87,11405
5224,2024-12-23,69,1,602,401,462.98,46,13597
5225,2024-10-10,24,9,605,401,179.74,22,11060
5226,2022-04-29,42,3,601,401,211.18,39,14674
5227,2024-03-25,22,15,603,401,412.15,70,7990
5228,2023-10-06,19,10,602,402,116.28,61,10306
5229,2023-12-24,91,12,601,402,245.13,100,8623
5230,2023-03-08,80,13,600,400,94.96,74,1605
5231,2024-07-13,4,1,605,403,53.69,46,13844
5232,2022-11-10,83,1,602,402,207.12,64,9740
5233,2023-10-14,40,7,604,403,364.88,7,3627
5234,2022-10-12,99,9,602,402,259.53,38,9952
5235,2024-10-30,79,11,604,401,321.43,74,7497
5236,2022-11-19,2,6,600,401,471.09,77,12472
5237,2024-08-02,44,7,603,403,301.25,28,8896
5238,2023-12-11,9,7,601,400,234.16,72,1837
5239,2022-02-10,52,2,604,400,118.29,20,7923
5240,2024-07-02,7,13,601,402,347.8,80,5507
5241,2025-06-20,38,15,603,401,131.21,8,5582
5242,2024-07-21,78,5,605,400,307.14,13,5759
5243,2024-04-17,76,6,604,402,303.19,23,6051
5244,2023-12-18,76,4,605,401,253.81,72,325
5245,2023-03-24,85,14,602,401,384.29,11,4599
5246,2025-03-06,93,2,605,402,167.11,95,13742
5247,2025-05-10,94,6,604,403,278.26,28,7543
5248,2024-01-13,92,10,600,403,361.72,32,1974
5249,2023-04-12,9,3,601,402,131.29,83,9988
5250,2025-03-12,100,13,601,402,294.85,65,11760
5251,2024-03-17,43,4,605,400,56.89,62,571
5252,2023-12-16,98,4,603,403,149.15,10,5410
5253,2025-05-01,57,4,601,402,363.45,84,7432
5254,2025-06-25,57,7,605,400,477.38,28,7922
5255,2023-12-10,34,8,605,403,267.44,13,11525
5256,2023-03-06,18,3,604,401,249.32,58,6277
5257,2024-04-13,24,8,602,401,124.1,83,6366
5258,2024-02-27,3,1,604,402,463.64,76,7289
5259,2025-02-10,47,6,601,401,257.75,57,8649
5260,2025-05-23,19,11,601,403,125.42,21,9812
5261,2024-07-29,13,7,601,402,240.94,28,11679
5262,2023-01-23,91,4,604,400,351.28,9,2673
5263,2023-09-21,38,6,601,401,194.66,98,7882
5264,2022-02-05,77,9,600,402,383.65,90,8953
5265,2024-03-28,64,13,600,403,193.03,27,13838
5266,2025-03-05,56,15,601,402,136.71,66,13194
5267,2024-10-01,90,11,605,403,381.43,6,4597
5268,2022-03-25,46,2,600,401,319.52,22,11741
5269,2024-11-10,69,4,601,402,367.54,10,3344
5270,2024-08-30,35,14,602,401,278.28,93,8099
5271,2022-01-31,71,9,602,400,258.47,99,5185
5272,2024-07-08,58,4,603,403,189.38,33,12566
5273,2024-02-21,86,12,604,401,343.17,67,1098
5274,2023-01-23,31,15,604,402,57.71,81,2441
5275,2024-04-20,85,11,601,403,470.29,64,5067
5276,2024-09-30,54,15,605,400,274.27,58,3457
5277,2025-04-09,72,9,602,401,242.61,62,3987
5278,2025-03-29,13,9,605,403,223.98,64,5712
5279,2022-01-12,15,14,603,402,456.54,18,14704
5280,2022-01-05,47,14,602,403,233.05,6,6958
5281,2023-02-24,100,10,600,400,94.48,54,5325
5282,2022-11-23,18,10,603,400,179.91,42,14871
5283,2023-07-26,52,2,605,403,84.2,50,10986
5284,2023-08-11,19,3,604,402,76.64,36,2546
5285,2022-02-16,45,10,601,401,105.23,44,2810
5286,2022-04-01,84,8,604,400,158.32,55,11890
5287,2024-09-27,80,10,604,401,236.78,92,4624
5288,2022-09-14,51,5,601,403,352.65,47,2057
5289,2023-07-07,90,14,603,402,178.24,79,12746
5290,2024-07-04,29,3,603,401,195.8,92,6736
5291,2023-04-04,63,4,602,401,389.43,97,9071
5292,2023-02-23,51,13,601,401,168.0,94,13200
5293,2025-04-09,60,9,600,400,165.46,38,7889
5294,2025-06-23,7,7,604,400,464.91,50,1357
5295,2023-09-24,22,3,603,401,499.68,66,10729
5296,2024-08-20,34,2,601,401,437.14,85,2366
5297,2025-02-18,94,9,605,401,454.71,20,14627
5298,2023-06-17,55,5,602,403,203.28,79,5709
5299,2022-04-27,86,9,605,401,197.45,59,8000
5300,2022-05-06,55,13,601,400,301.3,96,13490
5301,2023-12-06,6,12,603,403,208.56,45,14308
5302,2022-12-04,8,8,602,403,410.7,83,4624
5303,2025-01-14,87,8,605,402,148.83,96,12310
5304,2025-04-28,67,14,602,403,72.18,94,12949
5305,2022-04-28,6,11,603,403,193.76,85,925
5306,2023-07-24,51,12,603,403,147.46,59,2477
5307,2025-05-11,32,8,603,401,365.2,71,12448
5308,2023-04-18,58,12,602,400,116.18,48,2441
5309,2025-01-19,9,6,604,400,196.53,79,4734
5310,2023-09-02,16,4,605,401,85.32,14,10138
5311,2024-10-06,29,6,600,403,423.49,55,14587
5312,2023-08-12,15,3,600,402,81.41,54,223
5313,2022-08-23,11,9,604,403,167.42,70,9479
5314,2023-02-04,13,5,605,402,163.81,26,14312
5315,2024-05-26,46,12,603,401,67.11,28,5456
5316,2025-05-18,48,12,603,402,169.54,69,14900
5317,2022-08-26,20,13,604,403,233.91,28,7769
5318,2023-06-06,77,5,601,401,407.97,43,4598
5319,2024-08-03,32,14,604,400,401.5,10,5331
5320,2025-01-02,72,14,605,400,178.3,97,1905
5321,2025-06-03,47,5,603,402,402.91,20,7905
5322,2023-08-19,12,13,604,402,365.74,100,4811
5323,2022-11-20,28,2,602,403,489.88,41,372
5324,2025-06-01,17,8,601,403,174.08,66,13730
5325,2025-03-16,49,14,604,400,148.26,69,7475
5326,2025-02-24,64,13,602,402,171.01,62,8165
5327,2023-07-01,10,13,601,400,114.11,72,5077
5328,2024-11-08,81,12,602,400,408.8,84,2425
5329,2024-11-22,11,12,605,403,495.74,89,123
5330,2022-11-06,58,13,600,402,72.91,82,4080
5331,2023-03-02,46,2,605,401,449.78,20,10106
5332,2023-05-25,93,9,603,400,288.57,7,1919
5333,2023-05-18,34,3,605,403,332.43,56,9373
5334,2022-10-12,87,2,603,401,223.51,33,4996
5335,2023-02-27,82,7,603,401,236.53,71,5582
5336,2023-11-16,99,15,602,403,455.3,40,6878
5337,2023-04-27,75,2,602,401,162.55,61,12398
5338,2022-10-27,74,12,604,402,177.21,78,1701
5339,2024-02-22,78,2,603,402,202.8,29,1561
5340,2023-08-16,8,14,600,402,352.19,8,2551
5341,2025-04-22,74,10,603,400,429.76,30,8805
5342,2022-07-26,37,12,605,401,426.87,76,7051
5343,2023-05-27,9,14,600,403,244.05,53,9421
5344,2025-04-09,49,10,600,400,158.56,48,4515
5345,2023-09-30,71,4,602,401,104.13,92,14188
5346,2022-10-08,72,11,605,401,104.57,81,14499
5347,2023-11-19,100,7,601,403,111.11,93,12056
5348,2025-06-04,43,15,600,403,103.2,62,2653
5349,2025-04-18,75,13,605,400,72.76,71,5306
5350,2024-07-12,13,8,603,403,202.57,24,8108
5351,2024-07-15,75,12,601,403,116.58,58,1397
5352,2025-04-24,13,1,601,402,184.34,57,1301
5353,2023-04-12,56,9,601,402,341.17,73,10953
5354,2023-04-28,6,9,603,400,465.05,41,13852
5355,2024-11-19,63,4,603,401,224.77,34,8601
5356,2023-12-04,62,4,603,402,397.3,76,6893
5357,2025-03-26,61,9,605,402,221.05,93,4443
5358,2023-11-21,8,2,602,400,433.43,94,9929
5359,2023-09-13,22,14,605,402,391.18,67,7037
5360,2024-08-21,85,11,605,402,265.61,74,11340
5361,2025-04-14,21,10,604,400,479.63,30,4383
5362,2022-12-18,65,15,605,403,338.18,28,904
5363,2023-05-28,20,15,601,402,111.14,22,10234
5364,2022-07-20,53,14,605,400,355.36,11,9761
5365,2025-02-03,27,3,603,402,368.03,90,14848
5366,2023-03-27,91,6,601,403,131.39,54,13657
5367,2023-09-19,64,13,604,403,149.24,59,14429
5368,2023-11-16,75,5,601,402,66.41,72,10585
5369,2023-04-23,32,10,601,400,262.76,99,8944
5370,2022-12-20,47,12,605,401,121.44,74,12360
5371,2023-04-02,62,10,601,400,447.88,81,9559
5372,2024-05-12,52,7,601,401,318.84,42,10586
5373,2025-01-16,5,10,604,401,441.66,91,5223
5374,2025-01-04,13,10,602,400,309.62,34,11975
5375,2022-12-04,92,7,604,402,70.41,94,5938
5376,2024-03-27,18,2,601,402,357.2,32,11801
5377,2023-02-06,14,11,600,400,296.47,9,2121
5378,2022-04-18,62,14,601,402,378.51,29,8086
5379,2024-03-01,83,13,600,403,293.57,15,9493
5380,2022-08-27,9,7,602,401,241.75,57,7862
5381,2025-03-31,30,14,603,403,458.12,75,11334
5382,2023-11-20,3,13,603,402,372.59,28,5250
5383,2025-02-10,36,13,604,401,485.07,74,4622
5384,2024-10-23,21,4,604,401,232.41,71,13658
5385,2023-03-13,3,11,603,402,393.19,96,14041
5386,2022-05-24,25,13,600,401,312.47,31,6140
5387,2024-12-02,11,12,604,400,115.58,60,4963
5388,2023-05-17,14,5,600,402,81.23,29,5149
5389,2023-05-08,28,9,600,400,119.29,98,12215
5390,2024-03-18,53,4,601,402,372.56,9,14032
5391,2025-05-04,25,3,601,402,452.2,61,9425
5392,2024-09-22,54,2,600,402,241.54,65,9183
5393,2024-09-07,16,4,603,400,170.12,16,9662
5394,2024-04-26,9,7,602,402,158.6,100,340
5395,2024-10-01,78,10,605,400,318.28,8,11256
5396,2022-02-07,15,12,605,403,423.16,34,204
5397,2025-06-23,31,14,604,403,480.54,87,4366
5398,2024-03-29,63,11,601,400,226.57,84,2079
5399,2023-08-25,85,13,602,401,144.19,76,8049
5400,2023-06-10,100,4,604,403,366.41,38,5575
5401,2022-07-26,13,10,604,402,287.51,10,14740
5402,2024-06-13,39,13,604,400,206.52,89,14826
5403,2023-04-17,96,13,600,401,222.99,58,2630
5404,2024-05-18,83,4,601,402,315.54,20,1044
5405,2022-12-31,10,13,603,400,127.02,72,10991
5406,2023-12-09,27,12,601,400,248.59,78,9443
5407,2022-12-21,16,12,605,403,280.15,90,5963
5408,2023-06-18,78,8,604,401,187.65,62,13414
5409,2023-01-09,81,14,604,401,378.68,23,1368
5410,2022-04-09,75,5,600,403,84.79,82,5400
5411,2024-11-15,77,7,604,401,178.01,47,3251
5412,2024-10-27,2,4,603,401,160.17,39,12920
5413,2023-03-11,70,12,600,400,359.52,48,3480
5414,2022-01-04,8,10,605,400,83.34,34,607
5415,2022-01-12,6,8,601,400,98.09,27,4191
5416,2022-08-23,88,10,604,403,212.92,88,863
5417,2024-08-18,72,1,600,402,280.94,78,3224
5418,2024-03-15,60,3,602,403,58.52,40,7096
5419,2023-01-06,12,2,602,400,470.47,72,3288
5420,2022-01-31,70,4,604,401,420.09,41,9825
5421,2022-04-25,67,10,600,402,386.61,26,4379
5422,2022-12-29,15,9,600,400,434.75,92,10054
5423,2023-03-17,24,9,604,401,416.74,13,879
5424,2023-01-23,25,3,602,401,250.72,42,13629
5425,2022-12-31,67,14,603,400,484.33,28,14185
5426,2023-11-24,29,14,605,402,349.55,67,7691
5427,2022-09-23,30,6,602,402,70.6,16,14625
5428,2024-05-21,70,2,600,402,77.93,62,14686
5429,2023-02-09,80,7,603,403,59.76,60,4663
5430,2025-02-18,37,10,603,402,194.69,62,1772
5431,2023-10-30,95,1,605,402,353.49,6,562
5432,2024-03-11,8,15,602,402,313.53,18,5773
5433,2022-09-23,17,3,601,402,260.82,31,5053
5434,2025-06-19,97,5,602,401,483.29,50,9430
5435,2024-03-01,7,12,601,401,426.64,17,553
5436,2023-09-11,75,10,603,402,262.02,13,13129
5437,2022-12-23,3,9,603,403,275.26,33,8038
5438,2024-01-30,2,9,605,403,371.78,26,4961
5439,2022-02-21,61,6,603,401,117.59,52,2078
5440,2022-04-18,30,10,601,400,290.48,49,2521
5441,2024-04-21,77,2,604,401,192.33,50,2413
5442,2023-04-23,29,2,604,403,154.53,71,12135
5443,2025-03-10,61,15,605,401,78.53,56,5940
5444,2022-12-17,84,7,604,400,312.49,97,3950
5445,2022-07-19,95,4,601,402,408.47,41,9514
5446,2022-02-09,87,4,605,401,221.1,53,755
5447,2025-03-10,43,14,604,402,115.09,29,1401
5448,2023-02-06,83,8,605,400,212.77,32,2475
5449,2022-12-20,48,13,605,401,313.67,84,452
5450,2023-03-16,94,15,605,402,367.97,97,7428
5451,2022-11-06,20,10,604,401,127.66,26,14443
5452,2022-07-24,98,3,601,400,470.46,9,4799
5453,2023-07-03,39,1,603,402,224.84,31,11889
5454,2022-07-19,99,5,602,401,385.43,73,14578
5455,2023-07-11,90,13,601,401,132.58,39,9009
5456,2024-09-29,18,7,601,402,221.19,26,1704
5457,2024-02-02,19,7,605,400,268.66,38,2531
5458,2024-01-29,98,6,601,400,138.05,93,3311
5459,2025-02-08,96,2,605,400,144.26,81,8925
5460,2023-09-18,12,9,601,403,452.89,9,14005
5461,2022-02-11,95,3,600,400,467.73,34,7172
5462,2022-08-08,3,10,601,400,287.68,40,11151
5463,2025-06-07,13,15,604,401,82.75,24,6181
5464,2024-07-31,25,10,603,403,180.0,9,259
5465,2022-10-26,34,7,604,400,75.64,32,3794
5466,2024-10-12,79,10,600,403,222.39,27,7851
5467,2023-03-01,98,5,600,403,431.43,10,5943
5468,2022-05-14,42,1,603,402,465.25,25,844
5469,2023-10-29,51,5,601,403,321.09,65,9255
5470,2024-05-01,58,8,602,402,282.93,9,4658
5471,2022-12-02,68,8,600,400,138.95,55,4195
5472,2024-01-27,94,3,604,401,400.79,19,5780
5473,2024-06-29,25,12,604,403,362.37,79,10284
5474,2023-06-18,66,7,601,403,370.13,31,10364
5475,2023-10-20,49,3,605,401,492.62,39,13618
5476,2024-10-29,6,13,602,403,302.89,13,3885
5477,2023-01-30,1,1,605,400,366.35,28,1118
5478,2025-02-05,43,3,603,403,470.59,14,8951
5479,2023-08-20,44,11,602,403,113.59,93,8180
5480,2023-12-06,66,8,605,401,455.79,58,11555
5481,2023-11-24,69,11,605,402,117.87,11,7977
5482,2023-12-03,29,6,600,401,263.43,83,5555
5483,2025-01-10,80,10,603,401,231.19,12,7401
5484,2023-05-14,68,8,602,403,64.6,6,11406
5485,2023-10-29,93,5,604,400,150.59,90,5115
5486,2025-01-27,13,14,601,402,449.17,60,8011
5487,2025-03-27,15,2,602,402,96.44,98,12310
5488,2023-01-05,69,12,600,401,447.36,68,8240
5489,2024-10-21,57,15,603,402,483.84,60,2861
5490,2022-09-12,78,4,600,401,85.14,14,13312
5491,2024-11-12,64,3,604,401,477.71,64,2066
5492,2022-03-28,48,4,602,400,286.72,7,14203
5493,2024-08-17,14,14,600,400,397.9,19,7277
5494,2023-06-06,6,1,600,400,283.51,84,12647
5495,2023-03-04,63,10,604,400,416.78,65,1467
5496,2023-09-22,88,7,604,402,95.19,20,4065
5497,2022-10-06,95,3,603,403,478.88,28,9416
5498,2022-08-25,58,8,602,400,488.47,95,8839
5499,2023-08-22,80,13,603,403,86.14,49,12698
5500,2024-11-24,50,4,605,401,127.78,17,5043
5501,2024-01-26,77,12,600,402,280.56,74,418
5502,2025-04-19,3,15,602,403,172.36,90,798
5503,2022-02-03,83,13,602,400,418.07,28,12327
5504,2022-01-26,22,10,600,400,354.1,77,13967
5505,2023-12-09,24,9,602,402,340.43,22,7923
5506,2022-08-04,24,11,600,400,172.67,51,9258
5507,2024-01-26,93,1,601,402,409.82,60,10407
5508,2022-06-16,82,13,605,400,226.27,79,8197
5509,2023-11-07,97,3,601,401,168.52,99,9076
5510,2023-05-09,71,6,605,403,164.68,51,14961
5511,2024-07-18,3,7,605,402,367.01,26,399
5512,2023-11-05,79,13,605,402,251.57,64,5320
5513,2022-01-03,9,10,600,400,137.9,75,5874
5514,2025-06-22,33,15,601,402,320.37,77,4030
5515,2023-12-30,72,5,601,403,151.7,74,9202
5516,2022-08-05,18,11,601,401,187.67,21,1742
5517,2023-10-17,37,7,601,401,405.32,34,7989
5518,2023-08-18,39,11,601,403,70.34,19,10979
5519,2022-09-09,61,5,600,403,244.7,46,11664
5520,2022-03-24,3,4,604,401,284.72,21,1919
5521,2025-05-07,8,10,603,402,289.97,35,2992
5522,2024-01-15,48,1,600,400,187.47,81,3229
5523,2024-03-01,99,3,602,400,291.29,83,14318
5524,2022-08-17,58,14,602,403,436.46,89,5124
5525,2025-01-14,8,8,605,401,336.06,98,10003
5526,2024-06-19,75,15,601,402,324.57,39,132
5527,2022-09-02,52,14,603,403,62.11,59,1769
5528,2024-12-14,11,12,602,400,92.76,67,3089
5529,2022-10-06,64,11,602,400,354.63,67,6511
5530,2022-01-13,49,14,601,403,224.02,70,5677
5531,2022-07-25,90,4,602,401,334.46,82,6090
5532,2024-06-25,73,9,602,401,182.11,5,14931
5533,2025-06-23,78,12,605,400,321.91,69,159
5534,2025-01-27,91,11,604,400,87.65,65,8641
5535,2023-11-21,9,7,605,400,365.25,34,7044
5536,2024-12-08,7,1,605,403,263.5,33,5353
5537,2023-05-11,65,2,603,400,92.05,94,3664
5538,2023-11-22,12,1,601,401,396.97,8,2518
5539,2024-05-04,75,7,604,403,473.43,30,10876
5540,2022-07-10,63,6,600,400,384.02,40,6534
5541,2024-12-24,52,6,600,401,79.29,96,4002
5542,2024-04-28,75,14,605,403,269.92,67,1545
5543,2023-12-15,44,13,603,402,286.37,98,12059
5544,2022-05-27,93,14,602,403,327.84,97,6983
5545,2022-10-24,54,5,602,403,146.01,71,13078
5546,2025-02-13,39,13,603,400,406.77,23,12032
5547,2023-05-20,18,9,604,401,304.86,50,1997
5548,2023-10-30,56,14,600,401,362.54,64,4220
5549,2022-10-05,40,1,600,403,475.51,33,14615
5550,2023-04-06,83,2,605,402,85.55,93,4804
5551,2022-11-20,9,12,602,401,254.12,89,12685
5552,2023-09-15,85,14,603,400,121.37,31,2451
5553,2023-03-30,6,10,601,402,286.3,5,9347
5554,2024-02-25,65,1,604,401,239.89,58,8327
5555,2022-06-09,85,15,600,403,376.68,77,1218
5556,2022-01-31,48,6,601,401,226.75,85,9751
5557,2022-07-08,68,13,604,400,248.11,68,11505
5558,2025-06-13,34,11,603,402,308.24,97,10703
5559,2024-03-08,34,6,602,400,210.08,100,660
5560,2022-12-23,94,2,600,400,278.31,81,9460
5561,2023-05-07,27,7,603,400,298.87,49,9023
5562,2022-08-24,50,2,603,400,367.63,54,6456
5563,2023-12-07,3,12,601,402,355.85,68,12900
5564,2023-10-13,97,11,604,402,492.57,80,9771
5565,2024-10-03,13,13,604,401,415.07,81,4711
5566,2023-04-15,53,8,601,401,61.34,11,9596
5567,2025-05-08,73,8,603,403,437.14,79,4474
5568,2023-04-26,48,15,600,400,467.41,56,292
5569,2023-10-12,20,6,602,403,158.64,78,14133
5570,2024-05-23,48,15,601,400,119.84,17,8586
5571,2025-02-12,43,1,604,402,210.73,85,4404
5572,2023-09-10,93,4,604,403,461.52,70,3941
5573,2023-02-17,69,10,604,403,369.97,56,1460
5574,2025-05-08,5,8,601,401,54.71,38,12316
5575,2022-04-02,32,7,601,403,308.83,96,3186
5576,2023-03-28,92,10,604,403,77.32,69,2393
5577,2023-01-18,25,15,605,401,468.48,7,6529
5578,2023-12-29,100,5,604,403,343.93,14,2201
5579,2022-10-09,36,12,604,400,472.92,48,10277
5580,2025-03-20,79,10,604,403,361.94,92,1075
5581,2024-10-25,54,10,602,400,288.82,21,12471
5582,2022-08-16,44,12,603,403,406.38,77,527
5583,2022-10-13,44,12,604,402,291.79,11,2965
5584,2024-11-13,8,1,603,402,135.88,13,5521
5585,2022-08-28,91,1,600,400,119.02,11,2273
5586,2024-01-06,78,2,605,401,206.48,79,12445
5587,2022-01-02,93,7,600,402,71.64,45,11702
5588,2023-10-30,92,6,603,401,196.3,96,731
5589,2023-09-19,47,9,604,403,254.14,53,6589
5590,2023-08-13,62,11,602,400,120.42,35,5922
5591,2025-01-15,76,12,601,402,163.77,12,10785
5592,2023-07-24,95,12,604,400,432.57,59,5696
5593,2025-03-02,87,5,605,402,134.48,66,13888
5594,2022-10-03,75,4,603,400,314.49,33,1595
5595,2023-05-11,34,7,602,403,450.09,16,11600
5596,2023-05-02,99,13,600,403,69.5,81,6769
5597,2022-07-23,79,5,603,403,144.38,46,7629
5598,2022-05-06,18,4,603,402,422.04,51,726
5599,2022-11-22,67,8,600,400,336.81,92,12584
5600,2024-07-04,94,3,602,401,197.91,67,4844
5601,2023-01-06,49,9,604,401,362.26,54,14788
5602,2025-01-30,42,6,602,402,332.74,77,7944
5603,2024-02-19,68,2,603,403,223.82,87,11630
5604,2023-12-14,51,6,605,402,169.45,22,10599
5605,2023-05-22,67,15,602,400,201.11,47,5337
5606,2022-05-01,38,3,602,401,88.45,91,11384
5607,2024-05-01,7,2,603,400,434.61,51,5258
5608,2023-05-30,99,1,601,403,100.15,11,6103
5609,2022-10-30,29,10,602,403,80.45,51,7494
5610,2022-12-05,70,10,602,401,432.37,57,5383
5611,2024-10-01,21,3,601,401,391.79,88,12358
5612,2022-09-24,59,3,600,403,411.7,69,14567
5613,2024-12-03,13,6,604,403,230.45,36,5518
5614,2024-04-02,1,9,601,400,212.24,71,2794
5615,2024-12-19,73,7,601,403,358.02,50,12735
5616,2022-09-15,54,5,605,402,433.35,7,9190
5617,2022-11-21,28,9,601,401,447.49,39,13354
5618,2023-03-09,87,2,605,401,101.83,20,11539
5619,2023-05-24,55,6,605,401,264.65,73,10859
5620,2023-03-02,73,10,605,401,438.7,78,13238
5621,2024-08-29,52,10,604,400,329.54,47,346
5622,2024-03-12,83,3,600,403,226.66,24,14057
5623,2023-03-19,91,9,600,401,77.05,87,9436
5624,2024-09-27,85,3,601,403,309.65,65,3761
5625,2023-10-13,43,10,601,402,302.93,6,7228
5626,2023-07-19,5,15,604,401,457.58,37,11932
5627,2023-08-05,60,6,603,403,493.79,96,877
5628,2022-03-05,34,12,604,401,145.48,65,3364
5629,2025-06-11,76,8,605,401,251.17,43,3958
5630,2025-02-05,15,2,602,403,232.66,95,1418
5631,2025-04-14,83,13,605,401,96.3,59,11567
5632,2024-07-27,67,9,603,403,268.52,68,11667
5633,2023-12-22,96,6,604,400,102.22,26,8299
5634,2024-04-11,100,12,603,402,329.27,92,8431
5635,2024-10-02,54,1,605,400,454.71,24,5932
5636,2025-02-12,96,5,601,402,334.56,53,9178
5637,2022-10-21,75,7,605,400,76.08,23,11635
5638,2023-09-20,95,7,605,402,148.26,47,4108
5639,2024-07-08,65,15,602,401,228.44,73,8576
5640,2023-01-02,89,13,604,403,388.71,85,7476
5641,2024-07-22,70,4,605,403,180.64,18,1779
5642,2023-11-04,84,9,604,402,145.78,95,5154
5643,2024-10-26,58,15,605,403,344.15,99,12519
5644,2022-12-05,93,9,603,401,167.64,71,6883
5645,2024-02-25,24,3,600,402,247.38,29,3534
5646,2022-12-10,22,15,605,401,463.9,57,215
5647,2023-07-13,21,7,600,400,297.24,96,6101
5648,2023-10-16,9,8,605,401,444.43,74,1901
5649,2025-02-07,21,3,600,402,283.95,67,7221
5650,2022-08-30,44,7,604,402,494.23,96,9963
5651,2022-09-06,55,14,600,401,457.08,26,10829
5652,2023-03-10,25,14,601,401,263.83,8,10339
5653,2025-06-26,73,14,602,403,439.86,10,6729
5654,2023-10-27,87,4,602,400,485.93,37,14355
5655,2025-06-08,35,5,605,401,422.38,10,14166
5656,2025-03-12,32,4,604,402,490.45,78,13257
5657,2024-04-26,25,9,600,400,158.51,42,8621
5658,2024-02-12,4,14,604,401,463.32,61,9764
5659,2022-05-26,57,8,600,403,109.83,12,14250
5660,2024-06-02,90,13,602,403,83.38,72,14109
5661,2025-01-18,23,10,600,403,70.65,94,14387
5662,2023-09-09,5,15,601,402,434.0,47,11579
5663,2022-08-18,20,6,602,401,443.03,76,1331
5664,2022-08-16,63,8,601,402,167.33,42,5389
5665,2022-07-23,23,13,601,402,104.8,76,13311
5666,2024-06-04,71,15,603,402,93.75,18,14131
5667,2024-11-16,20,5,605,400,254.87,30,6621
5668,2023-11-30,42,7,604,401,478.58,94,3348
5669,2022-10-02,17,1,601,403,160.87,30,13184
5670,2022-06-04,69,1,600,403,281.15,81,9612
5671,2024-10-27,54,9,600,400,435.92,5,13312
5672,2024-01-04,30,11,604,403,368.3,32,1506
5673,2022-10-06,96,7,604,400,466.44,63,6491
5674,2024-01-04,52,11,602,402,356.28,73,14440
5675,2022-10-31,76,2,602,403,110.55,27,5992
5676,2024-09-03,32,8,601,403,451.42,6,3823
5677,2022-03-04,38,8,605,403,445.61,93,8912
5678,2022-10-14,35,7,602,400,423.91,92,2885
5679,2024-04-07,36,2,603,403,328.2,76,8599
5680,2022-09-03,45,7,601,401,494.09,67,2364
5681,2022-06-13,15,9,603,402,151.88,30,8878
5682,2024-09-27,34,3,600,403,333.91,12,1315
5683,2024-08-31,64,15,600,402,474.55,11,12036
5684,2025-05-20,69,7,602,402,261.15,20,1455
5685,2022-08-19,60,1,600,401,206.41,31,9683
5686,2024-07-13,99,15,600,400,232.55,37,11852
5687,2025-04-25,65,7,602,400,374.41,82,8627
5688,2025-02-09,2,3,602,402,193.42,62,2624
5689,2022-07-12,19,15,603,403,226.51,100,14411
5690,2024-02-03,76,5,604,401,183.43,5,9100
5691,2023-09-12,70,9,603,401,112.57,17,2621
5692,2024-05-23,38,14,603,401,293.85,19,1667
5693,2024-07-12,59,1,605,401,159.03,17,2169
5694,2024-03-14,88,13,603,402,194.87,15,1786
5695,2022-02-24,16,1,605,401,120.49,9,11531
5696,2024-01-26,27,2,604,401,379.11,74,12515
5697,2023-02-19,85,8,602,400,242.99,57,12214
5698,2024-12-21,82,6,602,400,293.18,91,158
5699,2024-02-03,30,1,603,401,181.43,8,13591
5700,2024-03-12,56,11,601,400,246.34,86,10773
5701,2023-09-19,97,15,605,401,100.21,55,4987
5702,2023-04-30,41,13,604,400,261.25,74,12094
5703,2022-11-11,43,14,604,401,243.71,25,6045
5704,2022-01-05,76,6,602,403,197.3,70,6989
5705,2023-12-17,31,12,605,402,104.4,22,2804
5706,2024-07-04,40,1,603,402,373.08,49,14060
5707,2025-04-16,44,1,600,400,265.08,33,4205
5708,2023-11-11,2,7,600,401,90.4,78,6279
5709,2023-10-02,26,4,600,400,328.01,43,5395
5710,2023-04-16,50,3,601,401,58.8,72,14397
5711,2022-12-07,46,12,600,400,130.86,56,13227
5712,2022-03-12,66,14,601,403,53.67,45,11347
5713,2023-12-05,11,3,601,401,483.62,19,8980
5714,2024-05-10,24,2,600,403,297.48,18,831
5715,2023-11-13,97,11,601,403,118.44,39,3526
5716,2024-12-06,42,6,605,403,293.63,87,1854
5717,2024-06-19,15,12,600,400,367.41,64,5745
5718,2022-12-06,9,1,600,401,315.08,24,8987
5719,2023-12-30,50,7,601,402,68.35,69,5632
5720,2024-02-16,6,7,604,402,97.8,8,12508
5721,2023-04-17,82,9,602,400,142.24,59,6533
5722,2022-02-16,64,12,603,401,153.36,45,13262
5723,2024-08-30,30,14,605,403,370.11,21,11928
5724,2023-08-11,67,10,603,401,430.86,35,11596
5725,2023-01-29,94,10,603,400,247.32,88,4112
5726,2024-09-16,29,4,605,401,98.86,39,9782
5727,2024-10-01,56,1,602,403,443.72,56,1096
5728,2022-10-31,64,3,601,400,438.32,39,9522
5729,2022-03-15,20,15,601,402,260.83,63,3870
5730,2024-11-08,25,1,604,401,465.42,36,11327
5731,2024-01-16,86,2,605,400,244.1,61,657
5732,2023-05-27,55,12,603,402,254.38,65,9903
5733,2024-07-03,20,4,601,402,419.51,41,9569
5734,2024-05-19,77,4,605,401,60.08,50,581
5735,2023-05-24,66,7,600,401,217.48,39,12279
5736,2024-09-21,5,2,604,402,169.31,68,5681
5737,2022-03-24,61,7,601,400,113.33,45,3692
5738,2022-03-08,5,8,605,400,468.16,92,4763
5739,2024-08-07,33,15,605,400,333.7,79,14898
5740,2022-05-28,30,5,600,400,360.85,29,5861
5741,2022-10-21,30,7,602,403,243.29,56,9910
5742,2023-08-06,99,13,604,403,93.8,66,4840
5743,2022-06-11,97,11,601,403,471.45,94,13264
5744,2022-08-22,52,2,603,401,422.1,15,11298
5745,2025-02-27,37,13,600,400,309.17,73,5312
5746,2023-11-10,20,5,604,400,335.56,58,3296
5747,2025-03-27,50,6,604,402,336.48,15,2855
5748,2022-07-08,63,12,600,400,430.35,55,11290
5749,2025-03-21,37,8,604,401,273.81,61,5865
5750,2024-01-20,93,5,605,400,72.6,16,2306
5751,2024-12-05,99,15,601,403,388.49,83,4733
5752,2022-10-26,32,9,602,401,363.91,10,3379
5753,2023-11-28,82,9,605,403,165.8,74,3871
5754,2025-05-19,17,3,602,403,418.76,96,7938
5755,2025-05-10,81,15,602,403,420.41,68,6230
5756,2022-04-13,36,6,600,401,101.13,91,13172
5757,2023-05-04,43,15,601,401,302.93,60,2214
5758,2025-06-25,7,1,603,401,51.74,43,5043
5759,2022-02-18,53,11,602,400,357.83,5,3273
5760,2022-09-23,83,13,603,403,287.5,28,10253
5761,2023-09-27,9,9,603,402,385.35,34,12599
5762,2023-02-23,78,3,604,402,199.43,78,14562
5763,2023-12-10,62,9,602,400,69.75,44,4032
5764,2022-08-04,66,14,605,400,159.32,94,10298
5765,2023-03-10,16,12,602,403,183.96,16,14114
5766,2025-02-06,95,5,602,400,301.4,71,12035
5767,2023-04-05,60,6,604,403,191.3,71,3290
5768,2025-03-20,18,2,601,403,307.85,79,8091
5769,2024-01-24,34,1,605,400,155.75,54,7560
5770,2025-01-22,80,12,604,402,274.9,18,4437
5771,2023-09-16,58,15,603,403,201.94,52,5016
5772,2022-07-17,4,1,602,401,322.96,35,8027
5773,2023-11-18,65,7,600,402,251.05,31,3033
5774,2024-01-30,25,11,605,403,64.11,10,11615
5775,2023-05-07,32,8,601,401,305.41,49,10172
5776,2024-11-19,9,3,601,400,278.88,46,1767
5777,2023-06-14,85,7,601,400,471.98,78,6678
5778,2023-03-03,34,15,601,403,122.3,7,12647
5779,2025-05-21,36,4,605,403,369.6,6,13406
5780,2024-12-16,69,7,600,403,235.1,18,12543
5781,2022-12-06,14,2,604,403,142.88,15,11887
5782,2025-03-07,50,2,604,400,407.76,6,1068
5783,2023-03-20,36,5,601,401,231.82,56,12233
5784,2024-09-22,60,10,603,401,387.99,62,4317
5785,2024-08-07,93,9,601,402,379.38,60,12218
5786,2024-06-24,46,7,602,401,483.94,13,1323
5787,2025-02-12,15,7,602,401,479.49,16,8904
5788,2025-04-19,5,2,601,403,405.67,8,11348
5789,2023-06-20,32,9,600,403,465.95,55,8953
5790,2022-02-16,94,12,605,400,499.52,20,6580
5791,2024-10-18,17,3,602,401,433.79,91,10217
5792,2025-03-18,34,8,601,401,63.09,55,11378
5793,2022-10-22,59,12,600,403,373.83,54,6824
5794,2022-07-13,62,5,601,402,340.26,79,12426
5795,2023-01-14,53,3,603,403,377.14,11,7569
5796,2022-09-15,97,8,600,402,114.68,54,331
5797,2023-04-03,72,7,604,403,151.55,5,4401
5798,2022-05-31,71,10,605,403,73.74,53,13371
5799,2023-08-26,71,12,600,401,413.08,85,10348
5800,2024-09-28,58,3,601,400,252.94,76,8163
5801,2024-02-15,90,6,600,401,273.63,65,14305
5802,2025-02-11,4,14,600,401,441.06,30,10582
5803,2023-02-12,88,8,601,400,190.51,22,14513
5804,2024-11-04,86,3,603,400,147.02,66,3811
5805,2022-06-03,29,7,601,403,324.4,24,6304
5806,2025-04-16,82,13,605,402,163.44,40,13428
5807,2023-02-28,1,11,601,403,279.43,35,11098
5808,2024-01-19,49,4,602,401,84.37,23,4822
5809,2022-01-31,91,14,601,402,217.06,28,8231
5810,2022-07-20,29,3,601,402,57.93,59,12564
5811,2023-12-18,82,14,602,402,117.49,6,14978
5812,2022-06-02,46,11,600,400,285.79,10,6482
5813,2022-01-29,26,7,605,401,431.19,53,10095
5814,2022-04-12,78,1,600,401,112.24,63,1186
5815,2023-05-22,26,8,605,403,55.99,98,6095
5816,2022-05-21,1,4,605,402,479.51,32,10337
5817,2024-05-23,61,14,600,403,305.21,91,5826
5818,2023-05-02,44,5,603,402,183.22,72,8515
5819,2022-05-01,88,3,601,401,189.93,64,12660
5820,2023-06-25,21,8,601,400,217.6,99,6330
5821,2025-03-31,36,2,602,403,64.89,98,12191
5822,2022-08-19,24,1,604,401,143.39,69,13222
5823,2022-02-10,82,11,601,401,92.53,75,14457
5824,2023-05-19,56,11,601,400,386.1,12,14448
5825,2023-08-13,3,8,600,401,324.41,73,1541
5826,2023-01-26,16,14,601,402,376.65,95,8330
5827,2025-03-18,76,14,600,402,154.76,12,5982
5828,2025-01-25,92,6,600,402,57.02,75,6329
5829,2022-02-21,22,7,603,400,283.36,36,10714
5830,2024-02-18,82,1,602,402,200.88,46,12037
5831,2023-05-05,72,12,605,402,131.64,14,8925
5832,2023-02-16,31,11,600,402,432.49,72,10946
5833,2025-04-19,12,4,601,402,471.75,60,6127
5834,2023-04-25,37,4,604,400,98.84,19,8693
5835,2023-05-15,52,5,603,401,335.18,15,1832
5836,2023-08-19,24,10,601,401,440.64,20,1806
5837,2022-11-01,27,7,605,402,87.31,56,7561
5838,2023-07-11,95,4,605,400,369.8,65,1785
5839,2024-02-20,62,8,605,402,318.09,61,11375
5840,2022-05-13,11,12,604,400,215.72,27,2300
5841,2024-09-21,69,7,605,400,411.88,25,13737
5842,2024-04-23,70,7,600,402,459.62,16,7554
5843,2025-06-20,58,12,602,402,357.15,84,12752
5844,2022-01-08,16,14,604,403,337.83,91,1693
5845,2025-03-25,65,10,605,403,130.33,46,118
5846,2022-11-27,11,14,604,401,225.9,81,13352
5847,2023-06-14,48,12,604,401,123.98,57,8191
5848,2024-03-27,59,9,605,402,244.82,33,5792
5849,2025-05-09,74,3,605,403,443.09,94,4313
5850,2022-10-22,27,11,605,400,199.26,14,1561
5851,2025-03-19,96,13,600,403,466.83,83,8484
5852,2023-02-12,48,12,600,400,498.87,38,898
5853,2024-07-27,93,4,603,402,256.89,22,4262
5854,2023-06-03,62,13,603,401,171.95,97,6153
5855,2024-06-12,23,9,604,403,55.86,81,11181
5856,2025-03-12,3,9,601,402,452.52,14,657
5857,2024-11-24,86,4,600,403,229.39,34,4259
5858,2022-09-25,51,8,602,400,369.79,75,5400
5859,2024-06-15,52,7,602,400,483.72,88,4772
5860,2022-06-09,88,6,602,402,165.83,6,3418
5861,2022-05-25,44,15,601,403,284.78,64,13946
5862,2024-01-12,79,13,605,403,53.57,38,2792
5863,2023-07-09,65,5,603,400,314.39,61,9477
5864,2022-10-26,49,15,605,402,447.49,20,13114
5865,2023-10-13,7,15,605,400,50.39,69,13995
5866,2024-05-29,53,6,604,401,276.32,40,5902
5867,2022-12-12,24,8,602,400,392.49,97,2261
5868,2022-10-31,40,12,600,403,268.7,44,7064
5869,2024-05-29,1,13,605,400,434.65,44,1001
5870,2025-02-21,95,1,600,403,152.72,85,12113
5871,2022-04-24,65,12,601,400,260.95,57,11240
5872,2024-01-10,7,4,600,403,333.66,9,14157
5873,2023-04-04,8,15,600,401,132.21,39,4880
5874,2023-07-21,95,1,605,403,270.52,44,12466
5875,2024-07-07,2,11,600,402,319.02,31,4747
5876,2022-03-11,88,9,600,401,458.13,6,6389
5877,2022-08-01,51,10,604,401,127.95,10,2190
5878,2023-01-25,13,15,600,403,148.81,44,11339
5879,2023-10-04,8,10,600,403,222.09,69,1205
5880,2024-10-12,90,2,603,402,70.96,30,12258
5881,2024-07-04,71,15,605,402,249.79,65,14078
5882,2024-07-04,29,7,603,403,324.04,44,6510
5883,2024-02-17,37,11,605,403,493.51,80,5256
5884,2025-05-15,70,7,602,402,403.5,38,2500
5885,2025-04-10,50,9,605,401,110.41,62,9454
5886,2024-08-20,87,11,605,402,205.97,53,357
5887,2023-07-24,1,7,602,400,134.45,47,11963
5888,2024-07-09,38,15,600,403,56.71,66,3952
5889,2022-12-16,63,5,600,403,435.25,88,14431
5890,2022-01-17,53,13,603,402,104.23,22,11290
5891,2022-09-14,90,2,603,400,410.29,11,5223
5892,2022-08-14,20,6,601,401,163.17,91,6835
5893,2023-01-25,33,13,605,400,177.22,97,5143
5894,2024-11-15,38,8,604,401,133.28,86,14963
5895,2023-08-25,95,13,601,401,301.4,41,13113
5896,2022-10-01,36,6,605,402,371.85,80,8083
5897,2023-11-29,23,2,605,403,186.33,72,4953
5898,2023-03-07,71,13,604,401,244.32,83,12590
5899,2022-12-31,63,1,602,402,334.12,17,7171
5900,2022-05-12,76,8,605,402,494.22,51,3345
5901,2024-02-01,21,8,601,403,347.45,92,12138
5902,2025-05-27,65,6,601,401,208.91,34,14538
5903,2025-03-01,74,6,605,400,257.41,13,2210
5904,2023-08-25,60,14,605,403,109.54,86,4365
5905,2022-10-31,90,9,601,401,172.84,96,14314
5906,2024-07-25,92,6,602,403,217.25,88,4877
5907,2024-04-23,96,4,603,401,362.5,81,10330
5908,2022-06-11,81,1,602,403,251.45,29,10673
5909,2022-12-04,55,12,604,402,314.11,6,7665
5910,2024-07-22,85,12,603,403,217.32,48,13198
5911,2024-08-21,98,8,600,400,491.52,8,13154
5912,2025-03-05,54,13,600,401,102.23,8,7623
5913,2023-01-24,46,8,605,402,186.65,100,6535
5914,2023-05-17,48,14,601,403,243.9,74,14189
5915,2023-12-22,72,3,605,400,213.22,23,9995
5916,2025-06-23,42,13,603,403,466.3,99,1429
5917,2023-03-20,53,10,604,403,369.76,7,1247
5918,2022-10-26,32,2,605,402,129.92,26,10786
5919,2023-01-25,81,11,601,402,406.13,37,9943
5920,2022-08-03,48,7,602,401,213.15,89,214
5921,2022-02-05,44,3,602,402,61.89,97,6699
5922,2024-05-01,59,12,603,403,287.25,78,433
5923,2025-04-01,80,14,604,402,269.28,90,9645
5924,2023-04-30,13,14,603,400,201.0,49,4873
5925,2025-03-03,62,14,602,402,344.36,24,12018
5926,2024-10-30,30,1,600,402,155.73,84,10068
5927,2022-06-17,30,8,600,401,444.44,23,9396
5928,2022-11-22,2,2,603,403,421.08,30,13366
5929,2024-09-21,15,2,603,400,329.1,15,2245
5930,2022-11-29,31,4,602,402,326.19,22,4998
5931,2022-08-02,89,3,605,400,89.55,66,6676
5932,2024-08-02,86,12,603,402,164.61,90,13481
5933,2022-05-25,5,10,601,401,168.24,52,12186
5934,2022-05-23,42,12,602,400,151.24,5,8121
5935,2022-01-30,16,13,600,401,144.89,73,13906
5936,2025-06-08,2,10,602,400,475.1,12,14803
5937,2023-06-26,46,8,603,402,175.62,60,2108
5938,2023-09-14,41,5,605,403,398.66,24,14079
5939,2023-05-14,69,9,602,401,284.63,68,3017
5940,2024-06-17,40,9,602,403,64.51,12,11024
5941,2024-02-25,61,6,605,400,498.6,56,8148
5942,2025-01-01,5,12,602,402,393.78,63,12219
5943,2025-05-20,18,15,603,401,323.26,13,14571
5944,2025-06-29,89,15,604,400,312.03,99,117
5945,2023-04-20,88,11,600,401,270.57,67,5113
5946,2024-09-19,75,9,604,401,229.36,35,103
5947,2022-10-15,69,7,605,401,117.52,31,5004
5948,2022-01-22,77,11,600,403,72.54,64,1838
5949,2023-01-14,22,11,602,403,303.49,96,6535
5950,2024-10-20,96,7,600,403,246.58,26,5189
5951,2023-12-20,43,3,603,401,195.4,13,5441
5952,2022-12-06,8,7,601,400,150.96,75,146
5953,2024-10-21,74,3,603,403,118.79,21,10519
5954,2023-11-15,23,12,605,401,246.97,86,8009
5955,2022-05-10,60,14,600,403,279.66,5,10875
5956,2022-07-07,5,2,601,401,455.25,74,8368
5957,2022-10-28,33,3,605,400,179.21,38,7023
5958,2023-08-07,91,8,603,400,454.93,12,14697
5959,2023-05-02,2,2,603,401,115.26,34,3765
5960,2024-11-13,87,15,605,401,247.99,72,10529
5961,2024-09-19,6,10,604,403,374.94,69,13736
5962,2024-07-07,23,4,603,403,247.25,30,6950
5963,2023-07-05,93,12,600,400,269.92,98,6654
5964,2024-09-25,40,12,601,401,240.39,88,6655
5965,2022-08-26,32,2,605,400,258.29,80,9935
5966,2023-09-22,61,1,601,400,304.54,78,4339
5967,2023-04-25,17,13,604,400,225.58,10,289
5968,2022-12-26,75,5,601,403,344.58,29,11097
5969,2023-05-03,86,7,602,402,446.94,53,6884
5970,2023-10-25,11,3,601,402,284.76,79,11817
5971,2024-06-13,15,1,605,402,317.39,5,14794
5972,2023-05-16,70,14,604,401,126.68,97,14542
5973,2025-01-29,83,6,605,401,426.58,80,2468
5974,2024-05-03,40,9,604,403,258.08,18,13797
5975,2022-10-04,36,13,604,403,110.83,84,4378
5976,2025-06-23,81,6,605,401,62.88,78,1646
5977,2025-06-12,69,3,601,401,293.16,10,12043
5978,2022-02-22,93,1,603,401,220.54,17,14065
5979,2024-09-10,67,8,601,403,272.71,34,4447
5980,2022-03-17,30,10,602,401,296.46,41,13616
5981,2022-02-23,63,6,603,402,126.56,57,11973
5982,2024-03-28,99,15,604,402,334.03,25,14558
5983,2024-10-07,26,1,605,401,162.39,25,6129
5984,2023-10-20,8,8,600,402,104.6,16,3466
5985,2024-05-31,3,8,603,400,450.27,37,3335
5986,2022-03-29,10,3,603,403,426.89,39,5658
5987,2023-04-18,83,10,603,402,197.94,84,14814
5988,2024-08-07,14,1,600,400,219.17,33,1468
5989,2024-02-02,55,11,604,400,429.53,76,8909
5990,2022-10-13,48,8,605,400,244.84,13,10827
5991,2023-10-20,3,12,604,400,499.99,96,3494
5992,2023-08-03,66,9,605,400,130.64,26,2381
5993,2022-10-14,79,1,603,400,475.3,59,8776
5994,2024-02-22,55,8,600,401,331.7,55,10627
5995,2023-06-06,45,2,605,401,386.1,67,119
5996,2025-02-06,73,7,603,400,101.59,8,4205
5997,2022-03-03,6,9,605,402,265.32,60,290
5998,2022-10-07,29,12,602,403,494.49,33,6826
5999,2022-10-17,54,13,605,402,116.68,31,4153
6000,2022-03-05,85,3,605,402,384.94,30,13817
6001,2024-08-20,36,13,605,403,487.49,81,7101
6002,2023-08-01,99,8,600,402,494.11,97,13212
6003,2023-11-27,99,12,601,400,427.78,39,9445
6004,2022-07-17,69,13,605,403,331.18,50,2673
6005,2024-04-02,90,13,601,402,296.93,14,1811
6006,2023-06-04,98,11,604,402,397.65,35,5488
6007,2024-07-28,63,12,602,400,245.3,59,2087
6008,2024-01-02,87,13,604,402,453.36,46,9303
6009,2024-04-29,92,12,602,403,301.04,77,1760
6010,2023-05-16,3,15,602,402,221.99,12,719
6011,2022-03-21,94,11,600,403,250.31,12,12368
6012,2023-01-14,77,1,604,403,376.58,72,1949
6013,2023-02-20,20,14,603,400,360.45,65,13303
6014,2022-01-17,35,6,602,402,175.05,89,14817
6015,2025-05-30,36,2,602,403,309.02,20,9315
6016,2022-04-25,48,3,603,401,196.18,69,2247
6017,2022-03-04,1,1,603,403,321.83,79,6192
6018,2024-05-20,1,3,603,402,337.68,94,1737
6019,2024-01-14,48,3,602,402,289.82,29,2778
6020,2022-07-28,60,8,600,400,384.42,24,10900
6021,2023-11-24,14,5,603,402,308.36,17,3961
6022,2022-03-22,23,5,604,400,395.31,57,6018
6023,2023-08-15,73,3,601,402,280.75,37,6787
6024,2025-06-28,73,2,602,402,262.37,69,14952
6025,2023-06-21,5,1,605,403,68.66,47,767
6026,2023-04-20,6,8,603,402,218.71,54,12899
6027,2025-02-25,76,11,603,400,252.05,53,12697
6028,2023-12-06,90,9,600,400,134.62,28,11983
6029,2025-06-20,44,9,600,401,239.38,41,12442
6030,2022-06-09,48,12,601,402,128.91,97,11024
6031,2022-07-05,40,2,604,401,487.21,55,14794
6032,2022-11-21,98,15,602,402,417.61,64,11279
6033,2024-09-25,53,5,605,401,200.05,75,6886
6034,2024-12-01,11,4,605,400,159.53,85,5914
6035,2023-02-08,13,11,604,402,416.04,61,4862
6036,2024-01-16,98,5,601,400,212.31,76,8043
6037,2022-10-22,84,14,600,403,199.68,84,8089
6038,2024-01-01,90,14,602,400,423.05,41,3307
6039,2025-04-08,61,10,602,403,303.31,8,6888
6040,2023-04-21,21,13,605,401,405.55,37,10947
6041,2025-04-24,74,12,604,401,497.31,65,11664
6042,2025-02-14,60,7,601,403,326.85,99,5136
6043,2022-12-26,29,4,601,402,493.08,21,4608
6044,2023-04-29,67,7,603,400,278.26,36,13337
6045,2023-05-04,89,10,603,402,91.63,38,11035
6046,2024-04-10,39,2,601,401,138.19,92,12521
6047,2024-04-04,41,7,602,401,178.91,61,1769
6048,2023-11-04,29,11,605,400,235.9,80,7094
6049,2024-10-31,96,7,604,403,340.59,32,4480
6050,2024-03-07,55,10,601,403,166.02,80,8400
6051,2024-08-13,92,7,600,400,449.41,29,11186
6052,2023-07-15,57,5,602,400,267.94,53,2463
6053,2024-12-31,60,7,601,402,387.04,18,8114
6054,2025-04-25,77,2,602,402,127.42,81,11812
6055,2024-11-26,65,9,601,401,230.67,40,11905
6056,2024-02-27,41,3,604,402,213.63,37,4681
6057,2023-06-03,68,6,602,402,166.15,39,12423
6058,2024-09-20,88,6,602,401,465.38,99,6978
6059,2025-02-12,54,14,602,402,291.78,12,4462
6060,2024-08-13,55,12,600,402,367.69,41,8358
6061,2023-02-24,86,12,603,403,176.96,38,5949
6062,2022-08-31,24,11,602,401,112.57,14,4604
6063,2023-05-28,72,9,600,401,332.03,53,5855
6064,2025-04-12,6,7,603,403,235.97,50,9564
6065,2022-08-23,63,8,604,401,325.14,32,14859
6066,2025-06-08,57,9,603,401,438.74,22,6730
6067,2022-11-18,6,6,601,400,456.01,83,10725
6068,2022-02-27,69,15,602,403,436.43,25,642
6069,2023-01-04,44,15,605,403,80.96,65,432
6070,2025-01-13,63,13,605,402,78.83,13,9413
6071,2022-01-10,65,6,604,402,383.62,5,4023
6072,2022-01-25,75,2,602,403,438.2,52,11882
6073,2022-04-27,51,11,602,401,394.93,40,9480
6074,2025-04-26,97,3,602,401,469.04,58,10932
6075,2025-04-22,61,14,602,401,287.31,37,489
6076,2025-02-24,16,1,600,400,269.66,95,14417
6077,2022-10-19,77,8,600,400,199.85,67,6712
6078,2022-10-30,94,11,601,401,348.86,42,6109
6079,2022-07-20,88,2,601,402,482.45,5,5889
6080,2025-04-30,5,13,603,400,127.47,51,8137
6081,2023-06-20,50,1,605,400,152.02,86,14411
6082,2023-03-12,20,9,603,400,322.0,28,9798
6083,2024-03-22,52,3,603,400,61.97,40,3860
6084,2022-01-03,39,4,603,400,62.11,81,11652
6085,2024-06-07,72,10,604,403,150.17,91,1640
6086,2025-03-18,96,9,602,401,409.29,82,7461
6087,2022-06-11,19,7,601,400,234.91,77,10132
6088,2022-06-23,20,10,601,402,451.43,87,4945
6089,2025-06-13,43,11,600,400,305.91,11,8804
6090,2022-01-30,72,10,602,401,207.39,56,11056
6091,2023-01-27,78,12,604,401,94.9,76,7456
6092,2022-12-31,21,15,602,403,147.87,25,4644
6093,2023-03-28,47,5,600,401,170.75,94,11285
6094,2023-10-15,96,12,603,401,351.15,8,5894
6095,2022-11-11,74,1,603,403,269.01,83,7562
6096,2023-11-15,94,14,600,403,141.45,92,3022
6097,2023-05-10,100,4,604,401,163.16,100,14265
6098,2022-03-19,99,8,603,403,122.9,81,3820
6099,2023-12-21,96,3,601,401,422.46,63,9043
6100,2022-05-23,89,15,604,403,252.12,49,9543
6101,2024-09-13,92,8,605,403,61.26,30,10308
6102,2023-12-28,10,3,601,402,499.46,17,12813
6103,2024-03-22,41,15,601,402,171.67,57,12291
6104,2023-01-15,29,11,605,403,372.1,62,10523
6105,2024-05-17,40,10,604,401,104.28,84,10196
6106,2025-03-01,47,14,600,400,166.23,17,646
6107,2022-06-08,96,10,603,403,319.52,15,4952
6108,2024-03-24,3,4,602,402,297.51,54,13950
6109,2022-12-15,74,10,601,401,138.9,43,13075
6110,2022-03-31,45,14,603,402,461.91,89,4618
6111,2025-04-28,50,10,605,402,255.31,18,905
6112,2024-07-10,12,15,603,403,430.04,26,12601
6113,2023-09-04,68,14,601,400,171.47,59,9600
6114,2024-11-02,24,12,600,400,402.68,34,7004
6115,2023-10-01,51,10,602,402,346.16,28,14427
6116,2023-12-09,82,15,604,402,172.61,94,771
6117,2022-06-04,31,9,604,402,51.68,14,13297
6118,2022-01-21,59,5,604,401,180.22,75,8293
6119,2025-05-24,25,9,600,401,112.06,64,4469
6120,2023-10-09,41,14,604,402,484.93,46,8639
6121,2023-10-17,47,10,602,403,426.0,85,7652
6122,2023-04-27,86,2,600,403,331.7,38,12970
6123,2024-12-26,46,3,601,400,159.6,88,8655
6124,2023-09-17,82,15,601,400,383.6,46,7348
6125,2024-03-02,81,4,604,402,435.95,53,9407
6126,2022-03-01,80,10,605,400,266.9,14,13750
6127,2024-05-09,28,13,600,400,109.23,56,12699
6128,2024-11-24,44,2,600,402,378.14,67,977
6129,2023-05-10,65,15,604,403,63.02,11,9181
6130,2023-10-15,34,15,602,400,390.98,73,11278
6131,2023-11-12,88,10,602,400,452.8,10,6632
6132,2023-03-19,42,12,604,402,54.87,58,12431
6133,2022-05-20,95,1,600,402,104.43,46,7727
6134,2023-08-18,38,13,601,403,404.78,8,507
6135,2025-03-22,84,3,602,400,149.82,5,10804
6136,2022-09-04,15,2,603,401,60.75,98,3633
6137,2025-05-20,66,3,601,400,244.08,55,5480
6138,2022-06-25,23,5,603,403,263.77,9,5831
6139,2024-05-06,42,4,600,401,324.35,7,3776
6140,2024-05-31,50,6,605,401,159.83,18,2081
6141,2025-01-08,71,7,604,403,360.62,71,2262
6142,2022-12-12,72,3,600,401,385.35,60,8890
6143,2024-10-16,86,9,604,403,155.84,72,11748
6144,2022-09-24,66,11,601,401,421.38,61,9916
6145,2022-06-02,46,7,604,401,71.97,64,6259
6146,2023-10-28,97,14,604,402,439.77,26,10973
6147,2022-12-02,19,4,605,403,77.75,95,5125
6148,2024-03-03,46,14,601,401,450.12,8,12082
6149,2022-11-28,44,7,602,400,392.5,40,5197
6150,2022-07-07,74,7,601,403,484.26,86,14939
6151,2023-02-18,47,1,604,403,226.53,64,12102
6152,2024-10-13,31,2,600,400,221.98,89,2015
6153,2022-07-26,79,3,602,400,492.93,10,8087
6154,2022-07-14,28,11,603,402,117.68,24,9536
6155,2022-04-12,63,7,604,401,259.99,23,4159
6156,2024-09-28,90,2,605,401,167.54,31,11555
6157,2025-01-18,87,6,603,401,485.3,83,2042
6158,2022-01-31,11,1,605,403,149.98,83,4782
6159,2024-11-29,14,5,601,403,194.17,21,7721
6160,2025-06-27,12,9,600,402,277.23,59,11985
6161,2023-12-29,66,2,600,403,402.74,80,233
6162,2023-07-07,50,11,604,401,385.71,35,6883
6163,2024-08-19,53,13,602,401,336.9,84,6527
6164,2024-07-16,30,7,602,401,148.88,65,3181
6165,2024-04-06,32,6,605,401,459.12,31,8696
6166,2025-04-18,50,14,603,402,361.49,88,14972
6167,2023-11-21,43,9,600,400,314.77,90,13726
6168,2023-07-09,2,11,605,402,61.29,69,8565
6169,2024-06-10,78,5,605,402,355.89,76,12435
6170,2023-10-26,89,4,601,400,277.43,96,13096
6171,2024-01-17,30,6,604,402,371.32,19,2528
6172,2025-04-24,56,9,605,403,376.25,96,791
6173,2025-01-06,88,8,605,401,472.69,5,13060
6174,2025-06-08,86,7,602,402,219.29,54,5143
6175,2024-03-17,57,2,602,402,320.17,11,1722
6176,2024-10-14,95,6,604,400,298.14,57,12213
6177,2022-12-16,82,9,601,401,457.96,24,3384
6178,2022-03-06,54,7,601,400,393.75,72,8910
6179,2024-07-25,62,13,600,401,302.62,32,2616
6180,2025-03-01,76,1,600,402,431.15,75,12515
6181,2022-11-27,78,6,600,403,60.39,15,11197
6182,2024-09-23,9,5,603,402,298.13,54,2930
6183,2022-10-05,83,1,603,400,169.36,7,10047
6184,2024-12-08,70,5,603,400,101.45,32,9431
6185,2025-01-15,4,7,604,401,179.43,82,10122
6186,2022-03-11,24,4,603,401,378.73,5,1384
6187,2022-06-17,85,14,603,403,399.02,11,12910
6188,2024-05-15,50,15,602,403,447.08,76,11344
6189,2024-04-24,5,3,605,400,362.15,78,1977
6190,2023-02-05,85,6,605,400,359.88,89,8031
6191,2025-02-02,57,13,600,403,261.66,46,14524
6192,2023-05-06,36,10,602,403,485.47,54,12170
6193,2023-01-15,25,13,602,401,247.45,48,7748
6194,2024-06-27,100,10,603,401,175.12,31,5660
6195,2022-11-15,34,11,604,402,106.63,46,11199
6196,2024-08-05,66,15,600,402,416.43,23,13782
6197,2024-01-17,72,12,601,400,75.83,17,4721
6198,2023-03-02,56,4,601,401,146.53,48,12476
6199,2022-05-30,33,7,603,401,67.57,40,2075
6200,2025-04-22,80,13,600,403,398.98,25,8044
6201,2024-10-10,92,9,600,401,106.17,50,5743
6202,2022-01-15,23,15,605,402,171.96,72,2142
6203,2024-08-24,37,5,601,403,458.89,83,2332
6204,2024-05-08,21,13,604,400,109.67,15,3888
6205,2022-10-14,80,7,600,403,112.0,40,9286
6206,2022-11-17,6,5,604,403,416.2,22,10374
6207,2022-03-07,48,5,600,403,377.62,61,9947
6208,2022-08-24,31,8,604,403,127.28,65,4722
6209,2024-11-24,58,2,600,401,402.74,97,5903
6210,2025-03-05,92,13,600,401,312.89,45,7954
6211,2023-11-10,38,4,605,400,293.5,82,3741
6212,2022-04-07,72,3,600,401,119.24,65,1968
6213,2025-03-25,44,8,605,401,155.58,96,3018
6214,2023-01-05,31,9,605,401,249.61,16,9479
6215,2025-03-31,67,13,601,403,475.85,60,14632
6216,2022-12-04,100,13,601,403,100.12,56,5047
6217,2025-03-01,20,5,600,400,192.41,40,12053
6218,2024-03-14,44,2,605,402,381.98,68,2903
6219,2023-05-06,88,14,600,401,121.03,34,10568
6220,2023-10-24,30,9,602,402,325.52,38,8948
6221,2023-06-02,87,14,600,400,193.13,12,1010
6222,2025-06-01,100,7,603,402,73.37,62,7550
6223,2024-07-14,23,12,601,403,123.92,7,10822
6224,2025-05-21,82,14,603,403,69.84,53,7259
6225,2025-06-28,83,6,605,402,310.45,65,7964
6226,2024-03-30,31,15,605,403,184.6,79,12856
6227,2023-04-25,94,3,603,401,396.46,53,5260
6228,2022-05-14,60,10,600,403,98.36,31,11610
6229,2022-02-13,8,15,603,400,467.39,48,1604
6230,2022-05-05,45,11,601,401,118.04,16,14347
6231,2024-04-23,75,12,604,402,498.03,52,13353
6232,2025-05-16,43,6,600,401,238.92,18,8088
6233,2023-05-09,65,7,603,401,309.98,70,12194
6234,2024-12-19,34,9,604,400,476.33,48,9645
6235,2024-11-23,51,13,600,402,348.94,13,5429
6236,2022-01-09,4,11,603,400,460.16,13,12621
6237,2024-02-16,26,4,602,402,315.39,35,13810
6238,2025-05-04,2,2,602,403,116.52,87,8920
6239,2025-01-24,47,4,602,403,273.28,32,9288
6240,2024-07-07,80,2,604,403,332.02,84,12229
6241,2024-08-18,89,4,603,403,186.83,10,2766
6242,2023-02-12,20,14,604,403,477.46,7,11694
6243,2022-07-24,34,8,602,403,200.74,60,8875
6244,2022-07-01,95,6,604,400,114.05,35,2642
6245,2023-06-04,81,3,600,402,212.47,74,6888
6246,2022-10-23,91,15,602,403,213.2,87,14135
6247,2024-01-21,39,1,604,403,226.18,67,488
6248,2023-07-26,69,6,605,401,330.09,57,4881
6249,2024-09-02,33,1,600,400,158.75,88,3584
6250,2024-05-01,45,6,603,401,298.17,80,1900
6251,2023-01-22,2,7,601,402,77.16,13,12311
6252,2024-05-05,89,3,603,402,210.2,34,5167
6253,2022-09-16,91,12,605,401,105.05,41,7615
6254,2024-12-23,62,4,601,403,443.08,90,4878
6255,2022-10-09,3,8,604,401,84.96,10,4862
6256,2024-12-19,3,5,601,402,139.59,45,8473
6257,2023-05-05,17,7,600,401,465.61,54,11743
6258,2024-04-25,77,10,600,401,257.24,8,3139
6259,2023-02-11,54,2,601,400,420.15,18,7303
6260,2025-04-25,41,12,605,401,103.07,17,1067
6261,2024-07-11,98,12,603,401,261.72,50,7620
6262,2023-01-16,98,7,603,400,163.99,61,11441
6263,2022-08-23,35,3,605,402,328.17,50,11182
6264,2025-01-22,20,4,602,402,457.08,89,6762
6265,2025-01-01,79,6,605,402,135.22,36,14317
6266,2024-09-10,50,8,600,401,259.57,42,12571
6267,2022-08-22,80,9,602,403,321.84,79,13375
6268,2024-10-19,17,6,602,402,123.53,73,2649
6269,2022-08-23,37,1,602,401,371.42,78,1656
6270,2025-06-23,51,10,603,403,310.36,44,12025
6271,2023-12-13,69,8,603,403,177.87,70,3714
6272,2023-05-02,25,15,600,400,146.52,14,9338
6273,2024-11-19,79,9,605,402,97.7,51,2252
6274,2023-06-08,35,2,600,402,102.94,93,5489
6275,2022-03-28,9,12,600,400,322.37,28,5024
6276,2024-05-27,19,8,601,403,60.17,23,14129
6277,2022-01-11,91,2,604,401,91.0,76,7197
6278,2023-07-08,29,3,601,400,452.08,94,13642
6279,2024-03-19,58,9,602,400,361.71,43,1539
6280,2023-06-13,2,4,600,400,188.89,59,9410
6281,2023-05-30,84,1,603,402,352.55,47,1914
6282,2023-07-10,66,14,605,400,292.23,51,6039
6283,2022-06-13,79,4,604,403,352.97,89,3751
6284,2022-10-27,87,14,603,402,357.88,52,14267
6285,2023-11-09,85,13,605,402,99.65,41,8098
6286,2025-06-12,85,12,605,400,380.47,63,11159
6287,2024-07-04,16,15,601,401,485.33,90,5640
6288,2022-07-20,95,14,605,403,403.86,84,4079
6289,2023-01-17,8,10,600,401,198.02,94,14299
6290,2023-02-16,13,10,602,403,415.62,11,253
6291,2022-06-17,34,11,601,402,129.53,26,12929
6292,2024-11-08,37,4,604,402,118.28,90,9732
6293,2024-09-14,31,14,605,402,418.75,34,9204
6294,2024-02-10,56,14,601,402,291.26,88,13654
6295,2024-01-20,61,6,604,402,439.59,22,14707
6296,2025-04-24,58,14,605,403,420.12,35,1675
6297,2022-03-06,24,8,605,402,190.05,55,2092
6298,2025-02-25,16,2,601,401,201.4,48,540
6299,2025-04-02,56,14,605,402,256.94,25,9611
6300,2025-01-27,78,11,601,401,433.67,27,1010
6301,2024-04-02,30,13,601,401,386.69,47,2251
6302,2022-05-12,47,6,604,403,162.41,49,10139
6303,2023-05-26,31,3,605,400,189.61,73,12010
6304,2023-03-08,89,7,601,400,108.63,33,10023
6305,2022-12-18,72,15,601,403,95.55,21,13109
6306,2024-08-19,53,1,602,401,318.57,52,13814
6307,2022-01-24,77,9,603,400,359.37,92,3446
6308,2025-01-03,30,14,603,403,460.91,74,11259
6309,2023-05-15,96,4,600,401,191.52,88,468
6310,2023-10-07,53,4,604,403,244.18,79,9689
6311,2022-10-09,71,9,601,402,378.33,11,963
6312,2024-02-16,30,14,603,401,238.22,51,12499
6313,2022-10-13,39,11,602,400,479.7,53,411
6314,2024-10-22,4,3,600,401,80.38,33,7533
6315,2022-12-07,21,2,601,403,495.87,15,6948
6316,2023-03-18,93,13,602,400,239.43,85,9256
6317,2024-12-11,92,11,603,400,105.97,46,10785
6318,2023-07-13,34,3,604,401,351.02,40,5942
6319,2025-06-12,73,1,604,401,177.71,92,6308
6320,2022-03-04,20,11,604,400,283.89,76,8022
6321,2024-01-08,65,12,601,403,371.76,46,2176
6322,2024-08-01,32,12,602,401,164.33,31,6212
6323,2023-11-04,39,7,603,402,115.01,77,4327
6324,2023-09-09,44,7,605,400,199.31,64,10425
6325,2024-08-19,58,15,602,400,497.87,83,7145
6326,2022-04-22,10,7,602,401,156.2,75,14998
6327,2024-11-05,89,15,602,401,208.84,45,529
6328,2023-02-04,66,14,604,402,371.93,42,8982
6329,2023-11-27,16,2,605,403,155.93,33,12092
6330,2024-09-12,23,7,600,402,314.71,73,10901
6331,2025-06-02,51,10,603,400,144.23,43,10859
6332,2024-05-23,61,14,600,400,358.32,65,1047
6333,2022-01-06,35,1,603,400,187.89,60,1917
6334,2022-08-08,86,11,602,403,427.25,41,5196
6335,2022-08-19,44,5,605,403,86.45,38,4769
6336,2022-08-06,98,3,602,400,198.49,67,9425
6337,2025-06-27,79,1,600,403,479.4,79,1723
6338,2025-03-10,87,1,601,402,143.22,62,5517
6339,2022-02-24,38,15,601,403,62.31,47,5775
6340,2022-04-10,80,1,601,403,461.61,48,9186
6341,2022-06-23,50,6,602,403,458.93,17,11911
6342,2022-12-19,100,8,602,400,219.57,24,9342
6343,2024-11-24,28,3,600,400,196.24,19,359
6344,2023-06-22,47,3,603,402,61.84,39,5371
6345,2022-12-25,98,1,601,401,355.96,55,4989
6346,2023-05-20,67,1,601,403,412.13,62,10256
6347,2024-08-29,67,14,602,400,236.35,37,3349
6348,2025-02-09,95,4,604,401,450.78,8,555
6349,2023-02-19,46,2,603,403,452.08,99,10420
6350,2022-07-11,92,1,601,400,109.29,95,10465
6351,2022-07-04,51,1,601,400,311.72,40,638
6352,2023-02-25,52,10,605,402,237.11,75,4277
6353,2024-05-21,45,2,600,403,457.12,48,10650
6354,2023-07-31,100,5,602,403,296.7,16,14786
6355,2023-12-19,60,1,604,400,347.88,7,10464
6356,2024-11-28,63,6,604,400,69.58,57,5701
6357,2022-11-03,47,9,605,402,292.03,78,4841
6358,2025-04-24,9,6,605,400,249.6,100,371
6359,2024-01-16,22,11,604,403,274.15,69,13843
6360,2024-11-06,22,11,605,402,349.57,40,8732
6361,2024-01-22,69,14,603,400,338.82,9,10900
6362,2023-07-11,98,6,605,402,62.77,18,1521
6363,2023-05-10,24,6,604,401,235.52,19,9827
6364,2022-02-25,57,5,605,401,472.23,20,5785
6365,2023-03-24,54,9,603,400,171.59,34,719
6366,2024-11-25,42,13,605,400,238.69,89,12182
6367,2022-01-23,21,2,601,400,96.99,7,9513
6368,2024-12-12,57,1,602,402,309.25,81,1938
6369,2024-09-10,62,13,604,402,139.69,23,1708
6370,2025-04-01,46,8,600,402,227.24,10,11229
6371,2024-11-18,38,14,603,401,316.56,21,14099
6372,2025-05-20,66,6,600,400,399.79,41,3508
6373,2023-01-25,13,10,605,402,56.53,83,2052
6374,2023-09-09,29,13,601,403,351.28,33,827
6375,2023-01-08,40,8,604,403,185.78,71,10285
6376,2024-02-01,34,7,600,400,412.79,5,9347
6377,2022-12-21,97,11,602,400,173.03,12,4255
6378,2025-04-18,8,13,605,402,126.36,41,13555
6379,2025-01-20,66,12,601,400,113.44,56,12345
6380,2023-08-15,18,11,605,403,284.77,80,11824
6381,2024-07-11,76,10,602,400,152.75,29,13323
6382,2023-04-10,49,13,601,401,343.95,21,10150
6383,2024-11-14,96,8,602,403,155.05,74,4878
6384,2022-05-20,94,11,601,402,485.96,72,9582
6385,2022-06-05,72,6,602,402,89.25,70,13854
6386,2024-08-24,5,1,601,400,495.94,88,2529
6387,2022-10-08,41,8,605,402,228.62,48,10225
6388,2023-07-24,56,3,602,403,271.08,67,6462
6389,2022-04-17,53,14,600,403,320.42,42,8163
6390,2023-05-14,43,9,605,403,81.88,18,1427
6391,2022-03-08,91,11,600,400,136.38,100,1394
6392,2024-11-21,60,12,601,400,332.1,95,10786
6393,2022-12-14,27,15,600,401,166.27,20,4976
6394,2024-04-15,27,14,603,401,272.12,43,4925
6395,2022-10-22,8,2,601,401,356.92,65,3814
6396,2024-05-11,2,14,601,402,357.41,48,9120
6397,2022-04-20,79,11,605,400,263.42,6,3599
6398,2022-03-02,90,1,603,401,428.31,97,4245
6399,2022-05-18,55,10,603,403,274.39,28,13888
6400,2023-07-12,75,11,604,403,401.85,39,6048
6401,2023-12-07,32,15,600,403,151.26,60,5401
6402,2023-01-06,74,7,605,401,104.93,60,9524
6403,2024-06-10,53,14,602,402,443.63,72,14977
6404,2024-03-08,26,2,600,400,59.39,45,127
6405,2022-11-09,82,4,604,403,209.24,39,11392
6406,2025-06-11,79,9,600,400,331.97,20,1398
6407,2023-09-29,82,12,605,401,317.67,46,11801
6408,2022-01-26,50,10,602,401,190.98,93,814
6409,2023-09-14,27,3,605,400,171.63,63,14681
6410,2024-08-20,7,15,603,402,114.38,89,2282
6411,2025-03-24,68,3,600,402,347.07,97,6296
6412,2023-07-06,17,5,605,403,461.97,70,2325
6413,2023-08-23,34,15,604,401,399.81,68,7677
6414,2022-04-10,74,14,604,402,341.0,69,8428
6415,2024-12-12,95,2,604,403,479.93,30,9295
6416,2023-06-19,30,11,604,400,208.12,64,9291
6417,2023-10-15,44,2,601,400,427.37,30,7637
6418,2025-04-24,42,11,601,400,226.77,89,10871
6419,2025-03-13,25,11,604,400,396.79,73,1717
6420,2024-04-16,19,7,601,402,461.69,40,4533
6421,2025-01-30,36,15,602,403,157.78,41,8051
6422,2023-04-28,19,9,602,400,132.76,69,8813
6423,2022-09-05,31,15,601,402,498.55,5,11817
6424,2022-07-07,25,12,603,403,230.29,57,8581
6425,2024-07-09,72,7,605,403,334.31,82,12849
6426,2024-07-31,51,9,604,402,163.56,99,2714
6427,2022-07-07,11,7,605,401,400.48,68,5522
6428,2025-03-25,16,1,605,400,338.12,60,8572
6429,2022-04-07,26,5,604,400,412.36,38,11146
6430,2024-10-26,48,10,601,400,355.91,58,13777
6431,2024-11-04,58,5,602,400,171.25,33,263
6432,2025-01-16,67,5,604,403,315.87,77,11171
6433,2023-05-13,91,11,604,402,95.13,94,11638
6434,2023-07-07,55,4,603,403,417.17,42,14932
6435,2023-03-06,44,2,600,403,140.7,97,393
6436,2024-01-24,73,15,602,400,440.41,71,13029
6437,2022-05-14,36,15,602,400,456.88,67,6977
6438,2022-09-25,74,14,602,400,250.79,83,7665
6439,2024-12-20,77,13,602,401,50.25,76,13030
6440,2024-08-01,86,1,604,400,361.87,98,13317
6441,2025-01-28,3,9,604,400,368.61,87,11172
6442,2022-08-03,82,15,603,401,56.62,35,6913
6443,2023-02-08,54,8,604,403,103.56,31,9083
6444,2024-04-02,44,7,601,400,438.13,76,13584
6445,2023-10-03,37,8,602,400,167.56,97,9474
6446,2022-12-27,50,12,604,401,340.01,13,4344
6447,2023-11-20,63,2,601,403,208.26,28,9928
6448,2024-07-14,66,14,602,403,72.25,36,14050
6449,2024-11-28,4,13,601,403,338.12,92,1776
6450,2024-04-30,70,13,601,403,131.23,86,6193
6451,2024-07-18,86,14,601,403,446.91,26,6112
6452,2024-05-25,10,3,603,400,279.41,44,9297
6453,2023-03-14,30,5,605,401,121.29,24,9473
6454,2023-05-11,59,9,602,401,304.12,88,313
6455,2023-04-27,75,11,601,402,338.11,84,7100
6456,2022-03-19,44,11,601,401,468.25,22,3525
6457,2023-01-16,1,2,605,401,402.82,76,5755
6458,2025-01-12,86,5,600,401,338.71,98,14225
6459,2025-05-03,69,7,604,403,344.33,82,13761
6460,2024-03-10,92,5,601,402,467.18,49,508
6461,2024-02-17,73,2,605,401,276.96,73,8252
6462,2022-02-11,30,5,602,403,76.97,62,13808
6463,2024-02-07,38,14,603,402,431.49,57,14570
6464,2022-11-25,91,2,604,402,173.85,96,3069
6465,2025-02-19,13,15,604,403,272.67,21,10759
6466,2024-05-09,92,12,600,402,331.48,6,12346
6467,2024-10-01,22,5,601,403,438.5,20,9150
6468,2023-08-11,12,8,602,402,135.52,95,9417
6469,2023-10-29,86,1,600,402,277.15,90,14122
6470,2024-02-14,63,11,600,401,159.63,34,3369
6471,2024-03-12,62,4,602,402,462.89,8,14055
6472,2023-04-23,19,15,601,402,425.27,14,1233
6473,2023-06-15,9,13,604,402,277.1,65,3980
6474,2022-02-15,4,15,601,402,330.63,85,11488
6475,2025-04-15,79,10,601,401,361.35,42,9107
6476,2022-06-28,68,15,604,400,487.58,72,2179
6477,2022-09-08,26,6,600,400,446.72,69,5714
6478,2023-02-23,15,1,601,400,95.77,96,7189
6479,2022-03-23,3,5,601,400,396.65,97,2687
6480,2022-03-13,62,4,603,400,188.22,60,8366
6481,2022-05-25,88,9,604,402,356.81,57,10133
6482,2022-08-19,68,8,601,403,146.85,36,4346
6483,2024-07-05,16,8,603,400,58.58,54,9015
6484,2024-10-09,50,14,604,403,398.52,84,11846
6485,2024-05-19,20,13,603,401,143.59,58,2733
6486,2022-09-13,10,12,603,403,79.23,77,8320
6487,2024-08-22,93,13,605,402,422.72,39,8611
6488,2022-05-05,47,3,600,403,388.44,26,2815
6489,2022-11-21,4,15,605,401,129.06,53,14754
6490,2023-12-01,11,10,601,401,51.44,57,12845
6491,2024-07-11,51,1,600,403,82.2,57,12406
6492,2023-08-11,53,7,605,403,358.64,16,14054
6493,2025-06-25,66,9,602,401,474.1,57,6853
6494,2022-03-02,8,4,605,400,457.01,18,9031
6495,2022-09-21,86,5,603,403,451.71,44,3251
6496,2022-01-13,70,2,600,403,328.58,90,3113
6497,2023-03-12,84,10,601,402,432.72,28,3068
6498,2023-01-07,69,11,605,402,448.5,40,11242
6499,2022-04-05,2,8,601,402,153.55,61,7248
6500,2022-06-04,43,6,605,402,374.58,61,2195
6501,2022-12-14,59,3,601,402,118.46,11,13808
6502,2022-09-09,64,6,600,402,477.19,65,8995
6503,2022-03-19,5,12,603,400,162.88,98,6996
6504,2023-02-13,47,13,601,401,131.96,10,10540
6505,2024-01-31,63,3,601,401,381.52,11,6056
6506,2024-11-27,56,2,604,401,242.83,23,8480
6507,2022-04-17,77,1,605,403,162.98,30,3860
6508,2023-12-12,6,12,600,403,369.38,43,10886
6509,2023-09-19,43,1,604,402,120.19,24,5138
6510,2024-02-17,61,12,600,401,303.64,88,1794
6511,2022-05-19,37,13,603,400,275.81,99,12929
6512,2023-04-04,49,15,600,401,131.34,35,6798
6513,2024-11-11,70,2,605,401,432.46,99,9423
6514,2023-01-31,23,4,605,400,195.07,65,13847
6515,2023-04-27,17,12,600,403,374.37,30,11962
6516,2024-10-18,55,13,603,401,133.18,56,13483
6517,2022-01-14,56,12,604,400,367.03,74,14766
6518,2024-06-29,51,1,604,403,390.07,55,6327
6519,2024-08-08,17,3,605,403,396.81,45,13100
6520,2023-07-31,50,9,604,403,301.68,11,12130
6521,2024-11-01,11,6,600,401,258.83,39,12234
6522,2024-05-12,28,4,600,401,213.32,35,285
6523,2024-04-21,26,8,601,402,82.74,82,9785
6524,2023-10-09,19,12,603,401,270.26,81,7921
6525,2023-07-20,69,7,602,401,345.0,56,183
6526,2022-08-30,31,3,600,403,113.31,10,247
6527,2025-01-30,39,7,600,401,70.6,86,5008
6528,2023-07-26,38,8,601,401,193.66,58,5262
6529,2024-09-09,77,4,601,400,84.22,71,2092
6530,2024-12-31,64,3,600,401,422.82,76,13463
6531,2024-05-28,100,1,604,400,164.75,78,6060
6532,2023-10-17,73,1,603,401,176.81,8,6687
6533,2025-01-10,45,5,601,401,300.54,36,2129
6534,2023-09-07,10,8,600,401,137.23,54,11642
6535,2024-07-04,67,9,601,400,352.08,59,7067
6536,2024-08-03,48,1,602,400,251.35,29,9046
6537,2023-01-06,92,11,600,401,272.13,64,12519
6538,2022-02-28,98,13,603,402,435.81,43,1582
6539,2022-03-28,85,13,600,400,203.18,25,12416
6540,2025-02-28,74,10,605,401,460.0,77,12951
6541,2025-06-21,38,5,603,402,132.53,78,7874
6542,2023-07-13,52,4,603,401,340.03,88,2201
6543,2023-10-14,4,14,604,400,178.97,13,9675
6544,2022-04-15,42,10,602,403,165.16,25,1476
6545,2023-05-15,79,10,603,400,271.6,7,1782
6546,2022-08-13,25,13,600,402,151.14,87,5478
6547,2022-08-12,76,14,603,403,205.27,93,11933
6548,2024-06-07,69,1,604,403,398.64,73,8294
6549,2022-09-10,49,6,602,400,414.88,93,1124
6550,2022-10-23,16,15,605,403,223.23,13,13736
6551,2022-06-13,34,11,601,403,345.64,73,3376
6552,2022-01-28,41,10,603,402,141.24,62,3250
6553,2024-10-23,8,7,602,400,220.51,27,12794
6554,2022-05-29,10,10,604,402,382.21,32,6889
6555,2022-07-03,24,7,605,402,355.37,17,5089
6556,2024-03-31,31,10,600,400,292.3,10,8421
6557,2022-07-05,4,11,600,400,278.35,85,6202
6558,2024-09-10,29,8,605,401,214.58,76,2965
6559,2023-01-08,34,10,603,400,62.59,75,3893
6560,2023-12-08,95,3,605,403,312.73,5,3538
6561,2022-12-22,23,15,604,400,286.63,45,10909
6562,2024-12-25,65,13,603,400,376.09,89,176
6563,2024-07-11,73,9,604,400,383.72,100,3735
6564,2022-03-18,20,4,603,402,56.05,67,9870
6565,2023-01-29,65,8,604,402,281.33,57,10228
6566,2023-02-26,51,7,605,401,218.78,57,14845
6567,2024-08-16,14,15,605,401,176.48,55,10962
6568,2022-04-09,76,2,602,402,432.43,33,13664
6569,2022-11-07,73,13,603,403,128.73,53,4229
6570,2023-11-13,33,9,605,401,271.64,69,5048
6571,2024-12-02,75,13,600,402,79.69,51,10166
6572,2023-03-15,55,9,603,403,160.5,15,13314
6573,2024-10-30,13,9,604,401,98.03,24,4773
6574,2024-11-22,65,14,605,400,316.07,48,10565
6575,2023-10-14,92,6,600,401,99.33,7,13224
6576,2024-02-19,7,9,604,400,259.39,94,10370
6577,2022-01-15,75,7,602,402,132.37,27,594
6578,2025-04-28,16,2,602,403,89.39,79,9161
6579,2025-05-18,23,2,604,403,298.46,18,4356
6580,2024-04-15,48,12,605,400,98.42,40,7372
6581,2023-02-01,73,14,600,402,325.71,80,2860
6582,2025-06-11,37,4,601,400,331.64,32,14049
6583,2024-01-02,50,7,600,403,121.66,39,13854
6584,2024-07-29,83,12,601,401,226.07,6,13002
6585,2023-04-27,7,1,604,402,345.48,8,844
6586,2025-06-23,80,11,602,401,287.17,9,2219
6587,2024-11-20,13,4,602,402,142.47,58,8555
6588,2025-04-23,36,4,605,403,116.5,64,9061
6589,2023-11-14,46,11,603,402,416.11,44,9600
6590,2022-07-17,62,12,602,401,108.48,9,3324
6591,2023-10-10,21,5,605,400,214.36,39,14463
6592,2022-09-18,57,1,604,403,477.13,79,12417
6593,2023-04-06,99,8,604,401,311.56,66,11967
6594,2022-12-15,51,6,601,403,434.86,7,2570
6595,2025-06-08,73,4,605,403,458.28,35,13956
6596,2023-12-18,91,4,603,401,297.72,65,5772
6597,2023-01-21,18,6,604,400,380.51,64,5107
6598,2024-12-28,37,11,600,402,118.61,65,7569
6599,2023-05-05,57,4,601,401,97.38,6,1321
6600,2022-07-25,55,11,605,400,214.29,11,8338
6601,2024-05-05,53,8,600,403,159.17,35,12652
6602,2024-09-02,47,13,602,402,388.06,92,14806
6603,2023-10-17,17,4,604,400,292.23,100,14123
6604,2024-10-08,20,8,603,401,356.62,75,1210
6605,2022-04-12,21,2,604,403,231.03,81,14266
6606,2025-01-26,89,8,601,402,244.93,79,763
6607,2022-05-15,80,3,600,400,166.47,32,5643
6608,2023-10-20,33,7,605,401,50.01,57,11363
6609,2025-05-30,41,12,600,402,112.7,37,6592
6610,2023-04-24,13,11,600,403,95.57,23,2608
6611,2023-07-15,62,13,602,403,339.61,48,5220
6612,2023-08-10,56,14,602,400,91.4,96,6502
6613,2022-02-24,22,11,600,403,125.83,97,11163
6614,2023-09-25,70,6,602,401,107.93,20,10903
6615,2023-02-14,33,1,602,401,345.83,45,14807
6616,2022-04-01,65,8,604,400,203.65,31,3735
6617,2023-01-21,61,10,602,400,131.47,68,4192
6618,2025-04-03,79,6,600,400,92.75,13,10643
6619,2025-06-05,10,5,604,403,379.4,52,12648
6620,2024-05-08,1,15,601,403,275.76,96,4055
6621,2023-02-26,69,2,603,402,420.49,12,9257
6622,2024-09-04,70,6,602,401,273.24,84,10088
6623,2024-10-10,22,3,602,401,240.57,10,1596
6624,2023-07-24,30,9,605,401,225.09,43,8835
6625,2025-02-03,89,2,602,401,201.77,43,6403
6626,2024-12-20,70,6,600,402,362.86,6,11091
6627,2022-04-09,15,7,601,401,322.45,35,3302
6628,2024-11-07,74,9,600,400,396.31,61,1266
6629,2024-02-27,45,7,602,402,302.87,47,6791
6630,2024-05-26,7,14,604,402,117.93,49,10959
6631,2023-09-09,95,15,603,401,340.43,9,1961
6632,2024-12-26,60,1,600,400,265.09,79,11243
6633,2023-04-19,26,10,603,400,85.59,70,12901
6634,2024-08-11,2,8,605,401,172.81,21,793
6635,2023-07-28,12,1,604,400,399.36,53,3826
6636,2024-01-16,23,12,602,403,94.48,82,14159
6637,2022-10-27,73,5,604,401,339.5,29,11052
6638,2024-07-12,53,1,604,401,328.93,66,14341
6639,2025-05-27,8,1,604,402,307.36,20,9537
6640,2025-02-22,12,4,604,403,443.07,64,8871
6641,2022-10-18,81,2,604,402,479.42,79,7100
6642,2023-07-04,50,7,602,400,427.7,11,11278
6643,2022-02-04,21,8,604,400,155.37,86,5390
6644,2023-09-14,7,9,603,400,325.83,63,6778
6645,2024-05-24,37,9,602,401,173.26,83,3773
6646,2022-02-25,70,14,602,403,181.4,50,1614
6647,2022-09-10,34,12,600,400,302.85,45,9745
6648,2025-04-18,57,9,601,402,196.9,95,4458
6649,2024-07-16,10,10,600,403,252.03,47,9645
6650,2024-06-13,53,4,600,403,468.09,8,2471
6651,2025-02-11,11,14,605,400,275.36,35,11690
6652,2023-08-03,6,5,602,400,452.29,94,4679
6653,2022-09-02,27,8,604,402,161.54,49,13646
6654,2022-05-30,28,7,600,403,493.28,10,14164
6655,2022-01-27,39,5,605,402,209.1,11,8287
6656,2022-12-19,26,6,604,403,398.53,11,6665
6657,2024-04-12,29,2,605,403,261.26,22,9873
6658,2022-06-20,7,7,603,400,139.15,26,6823
6659,2023-11-06,71,7,601,402,451.05,94,7981
6660,2025-02-22,93,14,604,403,261.6,61,2742
6661,2024-01-29,37,14,602,402,490.63,89,1803
6662,2023-01-29,2,1,601,402,270.3,31,10825
6663,2025-05-03,2,2,604,400,490.92,17,5488
6664,2024-12-21,10,5,602,403,454.08,60,12658
6665,2022-04-10,100,14,601,400,308.99,81,11095
6666,2024-06-01,63,10,600,403,80.69,60,12390
6667,2023-03-27,2,9,604,400,330.47,58,13887
6668,2022-01-05,81,9,603,402,168.13,61,13571
6669,2024-12-02,79,14,603,403,423.75,87,6036
6670,2023-05-27,62,8,603,402,116.23,43,12291
6671,2025-01-05,70,6,601,400,139.48,24,12938
6672,2022-04-27,96,13,605,403,211.37,82,11624
6673,2024-02-10,15,15,603,400,70.67,33,6302
6674,2024-09-20,22,6,601,403,81.24,57,10378
6675,2024-01-06,9,1,603,401,110.92,61,10309
6676,2024-09-04,48,14,603,400,470.8,62,774
6677,2024-12-23,46,2,604,401,143.61,96,3606
6678,2024-11-06,65,8,604,402,134.22,71,4947
6679,2024-07-09,24,1,600,403,173.58,95,9590
6680,2023-11-08,37,12,602,402,114.87,28,10324
6681,2024-07-25,38,9,601,401,99.83,33,7800
6682,2022-11-03,99,10,600,401,497.28,22,10693
6683,2023-10-16,57,7,600,402,81.71,100,11689
6684,2022-01-10,42,7,601,401,334.8,59,14628
6685,2023-12-22,14,1,603,400,349.81,26,3448
6686,2023-03-02,11,5,604,403,279.29,88,4353
6687,2023-03-11,37,6,605,403,318.43,58,13782
6688,2023-07-07,12,13,603,403,413.78,53,9412
6689,2022-04-14,40,4,603,402,108.76,91,2735
6690,2024-01-27,7,5,602,402,236.63,88,5636
6691,2023-10-30,47,12,603,403,497.41,48,13452
6692,2025-05-20,53,1,602,401,450.19,53,6801
6693,2023-07-05,45,10,600,403,104.76,9,2317
6694,2023-06-15,4,8,603,401,352.22,29,853
6695,2023-02-02,99,12,602,400,498.05,98,8022
6696,2022-02-01,76,5,605,402,69.01,25,5380
6697,2023-02-24,75,3,604,400,69.66,79,6480
6698,2024-06-26,37,4,601,402,272.83,67,8880
6699,2024-01-13,11,15,605,402,265.8,7,1745
6700,2024-09-29,67,4,603,401,72.09,67,7479
6701,2023-09-25,13,5,603,401,269.45,43,7137
6702,2022-06-26,88,4,603,400,350.66,63,9913
6703,2022-05-21,9,6,604,403,343.67,58,9750
6704,2023-08-06,52,15,601,402,125.59,59,4000
6705,2024-11-29,80,13,601,400,334.11,38,4950
6706,2022-09-11,9,15,604,402,410.77,67,406
6707,2025-04-13,15,12,600,402,220.54,43,6554
6708,2025-01-20,11,4,600,401,450.4,23,10934
6709,2025-04-27,31,7,602,402,120.3,19,14031
6710,2025-06-10,71,9,601,401,306.56,69,2268
6711,2025-02-12,28,1,600,400,198.98,68,5574
6712,2022-01-25,4,14,605,402,69.61,24,7581
6713,2023-05-21,65,8,605,402,464.14,59,7336
6714,2025-02-25,100,9,600,401,386.95,48,8725
6715,2024-07-31,25,5,605,400,309.0,43,2888
6716,2024-08-09,75,10,605,400,124.41,30,3679
6717,2024-06-09,26,1,602,402,93.43,83,3194
6718,2022-11-20,2,8,605,402,194.41,7,1270
6719,2023-10-28,4,15,601,401,232.25,69,9098
6720,2025-04-20,53,8,605,401,298.55,41,12800
6721,2024-02-24,60,15,605,403,191.08,28,14678
6722,2022-08-23,87,1,600,403,427.62,37,13687
6723,2024-04-09,16,3,601,403,107.64,37,5173
6724,2023-09-22,29,7,605,400,243.2,50,10751
6725,2025-04-05,66,4,601,400,166.98,13,13304
6726,2024-01-18,15,8,603,401,145.87,37,4223
6727,2022-01-18,36,9,601,401,429.08,48,9036
6728,2022-05-12,9,13,601,401,108.95,39,11450
6729,2023-06-22,86,8,603,402,112.91,25,1844
6730,2022-12-20,4,7,604,403,473.15,34,3851
6731,2022-06-23,28,7,605,403,377.51,88,5528
6732,2022-08-01,59,8,602,403,250.58,46,8140
6733,2024-04-25,56,14,604,403,195.16,75,5422
6734,2022-12-21,99,10,602,402,239.36,44,2706
6735,2024-07-21,85,5,602,400,55.04,90,5886
6736,2024-10-17,39,3,601,403,57.8,53,2245
6737,2022-12-05,90,5,603,402,73.78,90,11872
6738,2023-11-11,3,7,600,403,442.71,86,5418
6739,2023-12-31,26,11,605,402,188.61,63,5521
6740,2023-03-10,34,4,603,400,75.68,58,12126
6741,2025-04-10,42,12,605,401,488.78,43,8109
6742,2025-06-08,89,3,602,401,366.41,43,13928
6743,2025-02-10,90,2,602,403,435.78,71,3441
6744,2022-12-22,57,12,601,402,198.0,71,14656
6745,2024-08-22,45,13,600,402,257.22,64,8281
6746,2022-12-28,8,14,603,403,354.72,90,11130
6747,2022-07-19,25,2,604,402,84.97,94,398
6748,2023-05-04,26,3,603,401,98.07,76,10162
6749,2025-04-28,81,12,603,401,435.89,11,1145
6750,2024-05-01,13,7,600,401,391.08,55,2066
6751,2023-11-29,62,7,603,401,254.41,52,13462
6752,2023-10-18,27,13,604,400,448.62,16,180
6753,2023-02-24,25,14,603,403,445.22,46,11284
6754,2024-09-28,28,3,600,400,200.97,26,12534
6755,2023-01-06,45,9,603,403,177.89,48,198
6756,2024-07-30,94,12,600,403,397.25,28,7908
6757,2024-07-14,97,10,605,402,437.64,30,7976
6758,2024-11-24,28,6,602,401,206.6,98,230
6759,2022-09-09,29,4,605,403,379.08,34,13181
6760,2024-02-04,69,9,602,400,53.77,52,593
6761,2024-02-09,46,3,603,402,111.51,35,13641
6762,2025-01-05,59,6,600,400,358.92,61,12730
6763,2024-12-12,87,3,603,400,362.17,85,10722
6764,2022-05-03,48,10,603,401,321.77,62,9397
6765,2024-10-18,68,3,600,403,468.5,19,11803
6766,2024-08-13,43,14,600,402,446.12,35,9608
6767,2025-05-14,44,13,602,402,184.08,48,11279
6768,2024-08-19,37,12,602,403,377.66,75,4127
6769,2025-05-25,81,4,605,401,322.33,49,5286
6770,2023-05-13,27,9,602,403,171.64,22,8304
6771,2022-07-21,47,6,601,402,195.66,95,12755
6772,2025-03-19,71,5,605,403,128.4,51,13657
6773,2022-05-31,1,11,600,401,218.72,97,7389
6774,2023-10-06,38,5,603,401,437.27,6,5152
6775,2022-10-02,54,3,604,401,201.0,62,2477
6776,2024-12-30,77,2,603,400,57.56,65,14604
6777,2023-10-14,75,4,602,400,83.0,94,10920
6778,2023-03-01,15,14,602,403,197.78,13,11055
6779,2023-05-09,94,1,603,401,60.44,5,9529
6780,2025-05-31,4,7,600,400,153.37,39,9675
6781,2025-04-17,53,12,602,400,338.62,53,6127
6782,2024-12-06,52,8,602,403,105.76,42,3422
6783,2024-05-02,97,11,600,403,187.62,100,7880
6784,2024-07-18,5,10,604,401,323.52,40,7118
6785,2022-06-11,71,6,600,403,264.35,29,10374
6786,2023-05-25,51,2,600,400,422.24,22,12755
6787,2024-02-18,94,5,600,401,215.84,8,11366
6788,2022-09-01,84,4,601,400,290.48,51,6919
6789,2025-04-01,86,6,601,403,50.58,48,9983
6790,2022-04-06,61,10,603,403,370.69,20,6291
6791,2022-03-06,87,3,602,400,162.79,49,5912
6792,2025-03-03,3,11,605,400,437.35,24,5589
6793,2024-08-26,42,13,605,403,380.22,53,5109
6794,2022-04-21,34,8,601,401,99.71,79,7670
6795,2023-09-29,8,10,604,402,361.3,21,3823
6796,2025-02-06,15,9,603,403,74.69,93,6904
6797,2025-01-11,45,9,602,402,53.4,33,11057
6798,2024-09-16,31,1,603,400,347.44,85,8563
6799,2022-02-17,71,3,603,403,323.2,37,1408
6800,2025-05-30,3,13,602,402,94.62,58,11613
6801,2024-09-18,18,2,604,401,427.67,75,3710
6802,2022-10-06,12,15,603,403,344.22,61,8586
6803,2024-04-02,94,13,603,403,253.29,83,13282
6804,2022-12-23,55,6,600,403,108.27,47,14118
6805,2022-12-11,28,15,600,403,418.68,78,7172
6806,2023-12-23,36,6,600,401,260.17,79,9981
6807,2024-12-24,30,9,601,401,218.26,100,7047
6808,2025-02-28,7,14,604,402,362.34,100,14337
6809,2022-02-10,41,8,605,401,346.37,66,9772
6810,2022-01-09,96,9,605,403,96.8,47,10405
6811,2023-02-12,28,1,604,403,350.17,58,5318
6812,2025-01-07,58,8,601,400,197.42,84,12006
6813,2022-05-24,58,1,602,401,254.51,88,2656
6814,2025-04-04,5,14,602,401,198.08,71,5000
6815,2022-01-07,12,15,601,403,56.03,37,6257
6816,2023-06-03,2,1,605,400,108.98,73,12852
6817,2025-04-29,96,6,600,400,74.02,7,4861
6818,2023-05-29,40,9,600,403,464.89,51,14005
6819,2023-05-11,11,7,601,401,224.26,76,12260
6820,2022-08-19,78,9,603,400,125.35,84,8929
6821,2024-06-10,16,4,602,403,289.68,20,10213
6822,2024-10-20,57,5,600,403,54.84,11,11597
6823,2023-06-24,4,13,603,403,180.22,85,7094
6824,2023-11-26,98,7,603,403,349.19,88,4283
6825,2024-10-14,21,13,601,402,126.94,38,3386
6826,2024-12-12,34,11,601,401,322.97,26,5028
6827,2023-01-19,39,6,601,400,259.06,35,4349
6828,2022-06-04,88,5,601,400,319.26,87,4469
6829,2022-07-14,71,13,604,401,96.59,29,4928
6830,2024-05-05,69,10,605,401,256.95,96,4131
6831,2022-05-26,51,13,604,400,368.78,32,6346
6832,2023-02-12,54,3,601,403,134.1,22,8408
6833,2023-12-21,32,11,603,403,424.59,33,10097
6834,2022-02-19,90,7,604,402,485.29,56,14618
6835,2025-01-08,76,10,603,401,345.37,90,5356
6836,2025-05-01,50,4,603,402,374.53,8,12085
6837,2023-08-01,14,9,605,401,445.32,24,5987
6838,2024-10-07,1,10,602,402,448.99,93,9799
6839,2024-10-25,20,2,602,402,62.44,91,10534
6840,2023-07-26,98,4,601,400,113.75,87,5872
6841,2022-04-21,42,9,605,402,277.09,89,12923
6842,2024-05-16,19,11,600,402,191.08,86,13092
6843,2022-05-07,28,2,600,402,369.09,28,3419
6844,2024-12-12,72,15,605,401,388.35,91,6323
6845,2022-06-22,82,14,600,402,394.48,92,6598
6846,2025-03-25,38,13,604,402,452.65,99,12081
6847,2022-07-20,61,2,602,403,74.07,33,8699
6848,2025-06-25,79,10,603,401,183.16,70,3053
6849,2025-02-27,8,9,601,401,180.14,98,13878
6850,2024-02-28,37,13,604,403,498.96,66,9298
6851,2023-08-01,14,13,602,400,157.51,34,2760
6852,2024-01-27,17,3,600,401,393.47,88,14460
6853,2025-05-07,57,1,600,402,403.77,14,14334
6854,2022-09-01,29,9,604,403,484.33,30,3308
6855,2024-08-15,76,2,604,403,360.86,93,13610
6856,2024-12-16,98,7,604,401,346.99,15,3466
6857,2022-04-25,11,15,602,402,311.2,94,13098
6858,2023-06-21,74,6,603,400,205.47,50,2980
6859,2022-05-23,62,10,601,400,331.64,66,5230
6860,2023-12-11,76,3,600,402,95.31,67,13607
6861,2025-01-09,27,10,601,403,239.86,69,183
6862,2023-11-16,72,15,603,401,353.4,7,14206
6863,2022-07-12,5,10,604,403,335.35,24,5716
6864,2024-10-04,67,7,604,403,141.89,42,1909
6865,2023-05-14,5,8,601,400,81.12,98,1597
6866,2025-02-13,50,2,603,402,112.09,96,4797
6867,2023-06-11,33,14,602,401,168.21,60,8428
6868,2022-03-12,72,4,604,400,192.85,26,4550
6869,2023-11-01,72,2,602,401,441.46,97,12189
6870,2022-08-01,93,3,602,401,68.29,61,14973
6871,2023-01-30,24,12,601,402,100.4,85,13635
6872,2023-10-08,49,3,601,400,152.79,97,11901
6873,2023-07-10,94,2,600,401,299.63,41,1868
6874,2023-08-01,59,11,600,403,424.2,56,12226
6875,2022-09-30,100,15,602,400,425.43,22,4809
6876,2023-03-09,77,11,602,402,54.25,26,6405
6877,2024-04-15,37,3,603,402,172.33,10,1189
6878,2025-02-07,12,3,600,401,397.07,7,7267
6879,2025-02-21,49,15,601,400,298.0,33,5444
6880,2024-03-31,99,12,600,402,109.88,98,304
6881,2023-07-29,52,5,601,400,54.01,96,13101
6882,2025-06-07,45,13,603,401,325.91,46,13173
6883,2022-07-09,42,8,605,402,80.03,24,5888
6884,2025-01-12,55,12,604,402,165.59,42,458
6885,2024-10-26,72,2,605,400,369.56,9,1238
6886,2023-06-20,30,3,601,402,223.03,16,12938
6887,2022-11-02,1,9,601,403,286.95,100,3426
6888,2024-09-30,19,8,600,401,84.68,90,14732
6889,2024-02-22,10,12,605,402,61.32,40,5604
6890,2024-07-13,46,9,601,403,275.73,55,2887
6891,2023-10-26,69,5,602,400,465.74,36,14743
6892,2022-01-27,52,15,602,402,452.67,95,12352
6893,2024-11-27,29,10,605,403,489.34,69,4716
6894,2022-05-30,26,6,605,402,100.7,73,13939
6895,2024-08-15,51,4,604,401,214.54,41,6299
6896,2024-01-05,91,10,600,403,416.71,63,1081
6897,2025-06-16,14,15,605,400,418.34,55,4635
6898,2023-07-28,32,13,604,401,329.15,15,11616
6899,2023-07-20,68,5,601,401,189.08,64,487
6900,2024-08-07,51,4,603,400,251.71,83,358
6901,2023-11-14,11,13,605,402,80.58,85,4898
6902,2025-03-09,2,2,602,401,196.36,61,12749
6903,2022-08-29,22,12,602,400,154.37,50,1618
6904,2024-05-19,71,8,605,400,472.77,27,1723
6905,2022-08-09,95,10,603,401,178.26,55,12817
6906,2024-04-23,68,13,600,401,175.26,63,2860
6907,2023-10-11,17,6,604,401,464.2,79,5900
6908,2023-01-10,28,4,602,400,413.02,14,3964
6909,2023-07-15,83,15,603,400,282.77,14,14129
6910,2023-09-05,23,10,601,402,80.42,88,10784
6911,2022-04-01,42,10,600,403,71.75,75,1979
6912,2023-09-04,28,1,602,400,424.0,17,4958
6913,2024-12-01,54,13,605,400,323.97,9,12336
6914,2024-09-28,87,8,604,402,225.05,15,3204
6915,2025-06-10,23,1,603,402,230.76,24,9932
6916,2025-01-17,80,13,600,401,214.63,70,879
6917,2023-02-27,71,11,602,403,433.85,83,13222
6918,2023-06-15,17,13,605,400,296.43,8,12897
6919,2023-06-08,100,14,600,401,148.85,87,1514
6920,2025-03-02,52,7,603,400,326.27,46,8914
6921,2023-04-25,52,14,603,401,316.8,89,8945
6922,2024-08-07,73,14,604,401,326.37,79,7628
6923,2023-10-05,81,11,600,401,158.91,91,12149
6924,2023-05-10,51,4,602,403,372.02,20,8049
6925,2023-05-03,94,8,601,403,212.68,11,7661
6926,2025-03-25,82,15,605,400,313.06,64,8242
6927,2024-07-04,90,12,605,403,135.99,95,9581
6928,2025-04-19,16,10,601,400,226.97,33,12973
6929,2024-01-28,67,7,600,402,483.62,15,6689
6930,2022-07-10,83,4,602,401,144.05,89,6651
6931,2023-10-21,19,3,602,401,324.83,58,14402
6932,2024-11-27,86,13,605,403,80.94,38,13290
6933,2022-05-23,100,1,601,403,362.81,34,13902
6934,2023-08-11,39,7,600,400,385.34,27,5266
6935,2024-03-11,61,8,603,403,345.13,58,13841
6936,2023-08-14,52,4,600,403,445.28,75,9942
6937,2024-09-07,72,8,601,400,388.44,96,7183
6938,2025-06-15,61,1,605,402,378.84,42,10545
6939,2024-11-09,17,10,603,400,408.19,71,4839
6940,2022-03-07,57,12,600,401,168.15,27,9413
6941,2025-04-08,43,13,600,403,415.2,68,9742
6942,2022-03-15,61,12,602,400,428.74,60,1423
6943,2022-08-09,30,13,602,401,196.81,83,3320
6944,2023-01-21,38,14,600,402,204.2,77,11566
6945,2022-01-21,49,7,601,401,386.36,86,3195
6946,2023-10-20,64,6,605,400,488.61,6,7387
6947,2023-08-28,80,15,601,402,352.35,52,14924
6948,2024-02-20,58,4,603,402,350.82,24,14855
6949,2025-03-21,49,14,603,403,73.03,35,13381
6950,2023-10-12,99,2,600,403,378.94,37,950
6951,2022-09-24,96,1,603,402,194.66,40,1429
6952,2022-12-26,69,15,600,400,194.49,70,11897
6953,2025-04-06,3,9,603,402,59.96,73,2743
6954,2022-11-15,79,4,602,402,218.93,27,13511
6955,2025-06-01,80,3,603,402,437.04,20,1606
6956,2024-08-12,84,13,604,403,168.41,19,9235
6957,2023-07-19,5,14,605,403,253.65,56,848
6958,2023-09-05,18,15,603,403,97.49,65,5878
6959,2025-04-24,91,14,600,402,143.03,13,4832
6960,2024-10-02,5,8,603,402,364.9,28,14133
6961,2023-04-25,66,15,605,400,480.12,26,9277
6962,2024-12-23,28,3,601,400,226.32,57,2527
6963,2024-02-25,50,14,603,400,262.6,79,6138
6964,2024-08-07,41,7,602,401,204.97,18,12146
6965,2022-07-20,72,6,604,403,392.18,47,776
6966,2025-02-26,90,10,604,401,311.55,78,12864
6967,2022-08-11,5,4,600,402,287.42,5,2172
6968,2023-01-13,16,11,605,403,342.27,46,7957
6969,2024-08-20,79,4,602,403,86.07,77,14115
6970,2023-01-02,22,10,600,401,272.97,86,7440
6971,2023-06-16,81,3,602,400,62.44,91,4585
6972,2022-06-28,75,10,604,401,238.21,37,10706
6973,2023-12-25,87,6,603,403,498.89,36,6393
6974,2024-05-25,46,13,603,401,312.09,7,8633
6975,2023-05-03,37,6,602,402,145.45,69,8806
6976,2023-04-10,9,15,601,401,460.25,44,14868
6977,2022-02-26,60,6,603,403,159.16,16,14417
6978,2024-09-19,98,9,604,403,319.22,40,5836
6979,2023-01-19,25,8,604,400,444.52,54,6324
6980,2024-02-04,5,7,605,401,418.48,80,11961
6981,2022-03-30,89,15,603,401,371.61,61,9599
6982,2022-06-21,83,3,604,402,332.26,26,10224
6983,2025-04-17,55,13,604,400,469.38,27,4620
6984,2025-03-03,67,11,600,403,398.3,88,9088
6985,2024-12-02,55,1,602,400,175.72,38,14819
6986,2023-08-16,80,14,602,402,54.43,88,14485
6987,2023-04-19,78,14,605,401,439.69,37,2429
6988,2022-10-12,11,10,603,403,92.58,74,6823
6989,2022-09-26,45,10,605,402,403.94,48,5628
6990,2023-03-11,21,6,603,403,489.21,5,1562
6991,2024-03-31,91,3,601,400,83.38,15,5067
6992,2023-08-27,12,5,601,401,385.96,35,3901
6993,2024-03-23,59,9,600,402,269.17,10,4575
6994,2022-09-08,11,10,602,402,287.5,23,7997
6995,2024-01-01,54,6,600,402,405.38,74,7371
6996,2022-05-31,71,15,604,400,321.24,46,7949
6997,2023-09-16,9,13,605,401,439.59,55,13820
6998,2022-09-03,67,11,600,403,234.59,96,11967
6999,2023-02-04,3,2,604,401,378.33,29,13464
7000,2022-06-10,45,14,604,401,264.93,81,2965
7001,2024-10-05,72,10,603,402,74.14,95,2673
7002,2023-03-17,58,14,604,401,449.54,67,4017
7003,2022-10-03,65,4,605,401,263.76,48,3553
7004,2024-01-17,88,1,602,402,174.67,98,5478
7005,2022-10-03,88,1,604,400,399.93,61,3962
7006,2025-02-15,23,11,602,400,435.85,62,11542
7007,2023-10-12,29,11,602,400,453.14,23,12582
7008,2024-09-24,40,9,602,400,208.81,96,7349
7009,2024-08-15,84,6,604,403,325.87,18,2335
7010,2022-07-08,74,10,605,402,332.02,42,186
7011,2022-01-05,62,10,601,401,386.49,53,10900
7012,2024-01-27,79,4,604,400,67.98,21,13064
7013,2025-02-20,30,11,600,401,318.7,27,101
7014,2022-09-29,50,4,605,403,178.47,97,8725
7015,2022-02-23,39,8,602,401,461.76,88,5998
7016,2024-06-02,45,4,603,402,204.55,11,6405
7017,2022-08-05,63,13,600,400,147.79,17,13295
7018,2023-01-07,89,11,603,400,199.99,62,14797
7019,2024-08-21,64,1,600,401,316.65,50,7799
7020,2025-03-07,33,6,605,400,131.52,78,8725
7021,2025-01-07,32,9,605,403,286.2,62,10175
7022,2024-01-08,96,13,601,400,402.07,74,6363
7023,2024-12-10,21,6,604,401,422.22,94,13356
7024,2023-02-17,47,5,603,403,408.19,37,11046
7025,2024-06-01,67,13,605,403,194.8,62,7757
7026,2022-01-20,12,10,603,401,104.09,73,13433
7027,2023-06-28,69,3,602,401,291.19,82,1521
7028,2023-12-06,59,9,600,402,169.53,31,2592
7029,2023-08-29,51,3,603,403,345.07,73,951
7030,2022-01-20,79,9,601,401,272.54,71,9645
7031,2025-06-04,15,10,603,403,375.16,11,11980
7032,2022-06-16,22,8,605,402,372.24,48,9416
7033,2023-05-12,99,6,603,400,73.39,80,4457
7034,2023-01-22,33,10,605,402,172.45,23,11206
7035,2024-11-10,39,7,605,403,375.18,6,2280
7036,2023-12-07,37,12,602,401,368.38,79,14522
7037,2023-04-05,27,6,600,401,484.8,93,7334
7038,2025-05-30,18,9,601,403,162.8,70,1684
7039,2025-03-03,18,9,600,401,67.01,56,5860
7040,2022-06-18,47,1,604,401,134.61,6,13194
7041,2022-11-19,39,14,604,400,90.31,75,2317
7042,2025-03-25,43,15,602,400,441.0,64,3512
7043,2024-05-05,8,6,605,401,74.2,35,13873
7044,2023-01-07,89,5,603,401,417.16,46,10162
7045,2022-07-02,4,2,602,403,262.92,41,8947
7046,2024-01-28,34,13,604,400,404.54,88,14903
7047,2025-02-19,60,4,601,401,197.98,65,7099
7048,2022-12-17,1,14,600,400,56.41,95,982
7049,2025-06-01,15,5,605,400,269.81,48,9576
7050,2022-09-18,53,4,602,402,250.06,60,11515
7051,2024-01-12,40,4,603,402,332.43,72,7722
7052,2022-03-12,48,6,601,401,341.11,53,2302
7053,2025-03-29,12,5,605,401,303.2,68,8867
7054,2023-11-19,16,4,604,400,67.0,26,9779
7055,2025-04-25,63,10,600,401,98.21,29,4973
7056,2023-05-13,59,14,604,401,370.31,27,1614
7057,2023-04-16,4,3,603,402,444.19,80,2744
7058,2023-01-12,82,4,600,402,296.62,90,11155
7059,2025-01-06,85,1,605,403,54.68,35,11014
7060,2025-02-05,57,12,602,400,157.86,33,7112
7061,2023-01-08,83,12,600,400,390.15,69,8367
7062,2024-05-19,67,2,602,402,192.3,88,8559
7063,2024-04-21,90,3,601,400,340.96,40,2332
7064,2023-05-07,56,9,603,403,181.3,50,8058
7065,2022-07-22,62,8,600,403,258.82,66,5753
7066,2024-09-02,33,14,600,400,361.71,17,11210
7067,2024-01-15,83,1,600,403,115.41,39,13322
7068,2025-04-27,55,13,600,402,414.07,83,7615
7069,2024-06-06,37,6,604,403,346.83,88,14915
7070,2022-09-26,28,3,605,402,497.43,56,3395
7071,2023-06-15,76,14,604,401,169.65,78,12185
7072,2024-10-14,97,7,605,400,152.93,98,2552
7073,2022-04-06,3,10,605,402,213.66,53,3580
7074,2022-06-25,56,14,605,402,393.88,84,4140
7075,2022-11-11,12,8,603,401,180.5,52,14855
7076,2022-05-08,27,8,603,401,323.01,8,1855
7077,2025-04-03,65,3,600,402,384.52,86,10184
7078,2023-12-03,93,5,604,403,143.32,43,1905
7079,2022-01-16,11,15,600,403,121.91,18,10091
7080,2022-12-29,58,10,604,402,398.61,79,14010
7081,2025-06-19,60,8,601,401,105.31,84,7951
7082,2025-06-26,5,5,603,401,434.6,41,12240
7083,2022-04-05,99,9,604,400,246.9,99,6247
7084,2025-04-06,26,6,602,403,119.15,76,4784
7085,2024-06-22,3,1,605,402,306.11,75,171
7086,2022-04-05,51,6,602,401,401.73,43,10177
7087,2023-06-11,92,1,600,403,309.39,53,9950
7088,2022-10-23,18,7,601,402,282.32,69,10924
7089,2023-07-05,87,14,603,401,119.25,29,480
7090,2025-02-26,31,3,601,400,77.37,30,4363
7091,2025-06-10,34,8,605,402,325.53,11,2238
7092,2024-11-20,53,7,600,400,100.25,55,11913
7093,2023-06-18,59,2,602,402,70.47,41,10961
7094,2023-06-08,90,9,604,400,272.61,41,14193
7095,2024-08-08,65,6,602,403,165.98,13,4119
7096,2022-07-26,37,6,600,402,103.37,73,1466
7097,2023-08-14,15,5,605,401,251.12,8,1142
7098,2022-03-11,42,12,605,402,183.35,86,8679
7099,2024-03-20,53,9,605,401,155.34,100,8167
7100,2022-03-20,87,6,602,403,388.74,75,6062
7101,2022-04-14,41,14,601,403,70.73,71,10612
7102,2022-12-28,35,5,604,400,404.1,74,11575
7103,2024-07-30,58,3,605,401,294.04,18,7472
7104,2024-11-11,54,2,605,403,250.74,14,6784
7105,2024-04-09,45,13,603,403,457.03,41,8454
7106,2024-10-04,12,15,602,403,51.45,83,4606
7107,2023-11-06,28,5,602,402,133.49,68,2299
7108,2024-06-22,45,7,602,401,168.66,50,1528
7109,2022-12-26,59,1,604,401,183.06,97,6209
7110,2023-07-30,93,4,603,403,450.11,32,3711
7111,2024-08-25,94,15,605,401,427.86,77,123
7112,2023-10-31,80,5,601,400,227.99,17,12793
7113,2022-10-10,51,13,601,401,139.45,66,10510
7114,2022-05-03,95,3,602,402,380.66,6,13813
7115,2025-02-25,16,3,604,402,58.81,48,1713
7116,2023-03-15,12,8,600,400,381.58,12,4085
7117,2024-10-18,19,6,602,402,412.9,21,8735
7118,2022-09-20,27,3,605,403,136.92,45,3556
7119,2023-04-27,22,14,602,401,320.25,100,12206
7120,2023-07-12,73,8,602,401,180.8,8,12172
7121,2023-12-11,68,10,600,400,282.42,67,5810
7122,2023-09-14,12,5,601,403,387.0,20,3820
7123,2024-11-08,96,6,603,400,273.21,62,9898
7124,2023-01-31,82,10,602,403,308.73,87,14118
7125,2024-05-27,52,12,600,403,447.59,29,14834
7126,2023-04-16,90,12,605,400,55.3,71,2886
7127,2025-02-16,19,10,605,401,127.1,76,8241
7128,2024-07-08,6,12,600,403,352.08,38,8681
7129,2023-02-25,69,10,603,403,176.77,19,14455
7130,2024-08-30,14,1,604,402,247.78,8,11535
7131,2024-11-10,80,14,600,402,76.53,63,8483
7132,2022-10-03,71,15,605,403,489.58,61,4834
7133,2025-05-07,93,14,605,400,341.86,39,682
7134,2024-03-16,91,11,604,400,146.86,17,3115
7135,2023-01-09,18,7,601,401,428.59,23,7374
7136,2025-06-05,90,14,602,402,239.81,16,14783
7137,2022-03-30,84,9,600,403,249.72,12,11403
7138,2023-02-10,36,2,600,402,413.27,85,257
7139,2024-07-15,91,8,604,403,228.19,46,5132
7140,2024-08-23,55,6,601,402,331.28,11,7943
7141,2023-03-18,19,8,602,403,248.73,83,13183
7142,2023-07-13,83,1,603,403,123.07,16,2376
7143,2024-12-15,9,11,605,400,176.59,26,12156
7144,2024-05-23,30,15,600,403,353.96,63,9676
7145,2022-04-22,38,6,601,400,486.39,74,8884
7146,2022-08-03,76,10,601,401,331.79,80,11886
7147,2023-08-24,86,6,600,402,177.07,20,995
7148,2025-04-23,4,10,601,400,255.05,78,12712
7149,2024-08-29,71,11,600,400,232.88,18,5607
7150,2024-09-04,92,5,603,402,229.66,22,4323
7151,2023-05-19,9,7,602,402,427.65,10,12470
7152,2022-09-26,33,8,605,402,175.97,83,6014
7153,2022-12-02,46,8,604,401,310.33,43,5410
7154,2023-12-29,3,1,602,402,393.31,36,11400
7155,2024-01-30,56,3,600,402,309.19,83,6342
7156,2024-05-07,84,3,601,402,165.48,84,332
7157,2023-09-09,90,10,602,403,498.31,49,3867
7158,2025-06-13,52,5,601,402,381.38,36,8435
7159,2023-10-19,11,3,600,403,364.48,62,924
7160,2023-08-03,21,8,605,401,75.33,35,11139
7161,2024-01-21,47,8,605,402,76.79,46,14755
7162,2024-03-09,22,2,604,400,312.78,76,11225
7163,2024-04-29,82,2,604,400,219.22,95,1780
7164,2023-09-15,44,1,604,401,443.27,28,6844
7165,2023-08-31,41,9,602,402,390.4,90,5161
7166,2024-03-13,41,11,605,400,312.48,91,13464
7167,2023-02-14,2,7,605,402,359.76,38,4632
7168,2022-08-01,57,2,601,403,428.5,69,5752
7169,2024-03-17,45,7,602,401,75.25,52,5677
7170,2024-01-30,56,2,604,401,346.11,14,1963
7171,2023-11-26,100,13,602,400,200.91,69,7548
7172,2024-11-06,51,14,601,401,79.38,67,4351
7173,2023-03-09,91,1,602,402,194.39,26,9074
7174,2023-02-03,64,15,602,402,317.24,68,3221
7175,2024-05-13,36,6,602,401,298.44,65,13772
7176,2025-01-17,87,6,601,400,477.9,34,8797
7177,2022-05-10,19,3,602,400,84.18,34,8861
7178,2022-02-03,48,10,604,401,87.99,93,14577
7179,2024-02-19,65,12,605,402,214.55,48,1143
7180,2025-02-20,54,8,600,403,63.77,38,12264
7181,2022-01-10,60,8,601,403,494.62,29,1971
7182,2023-05-08,7,9,604,401,129.14,60,4282
7183,2022-03-03,6,6,605,403,173.57,59,10591
7184,2022-08-25,82,8,602,402,56.39,72,8378
7185,2024-09-11,8,6,602,400,202.42,80,14985
7186,2022-04-01,20,8,603,401,240.37,63,2535
7187,2023-05-04,53,5,605,401,344.87,76,11003
7188,2024-07-21,58,13,601,401,329.71,37,489
7189,2023-01-31,28,7,601,403,362.15,87,6972
7190,2025-03-11,62,14,603,403,390.03,89,5867
7191,2022-02-28,27,15,601,400,382.02,71,1529
7192,2023-07-08,62,14,602,402,166.34,27,4305
7193,2024-05-01,98,8,605,403,363.19,14,13655
7194,2022-10-31,89,7,603,400,440.36,9,13377
7195,2024-01-30,11,3,600,401,335.02,7,11322
7196,2024-04-05,27,3,600,403,235.39,48,8140
7197,2024-09-02,10,3,601,402,233.34,64,5948
7198,2023-11-29,74,7,601,401,189.66,12,6600
7199,2022-03-29,84,13,600,400,224.98,81,6726
7200,2022-12-16,53,8,600,403,344.12,80,7415
7201,2023-04-15,26,2,602,400,142.04,32,7097
7202,2023-01-22,35,11,604,400,429.46,31,10686
7203,2024-08-21,65,5,600,400,253.37,11,5181
7204,2022-08-02,39,12,605,400,85.06,43,3219
7205,2024-04-11,12,1,601,402,72.07,62,6293
7206,2022-12-15,49,13,603,400,100.43,54,12038
7207,2022-01-21,12,7,605,403,440.42,57,2732
7208,2023-05-28,71,12,605,401,412.81,95,13102
7209,2025-06-02,38,11,602,403,324.41,28,7980
7210,2024-11-23,73,15,604,402,152.54,90,3890
7211,2023-04-03,37,7,603,400,162.19,83,1869
7212,2022-06-17,81,12,602,403,377.47,16,14083
7213,2023-12-04,69,14,604,401,418.75,21,7964
7214,2025-05-21,43,12,603,402,167.36,73,2163
7215,2023-05-05,88,9,604,402,270.68,30,14037
7216,2022-12-22,88,7,605,400,77.53,19,3816
7217,2023-02-09,46,12,600,401,94.23,36,4788
7218,2023-02-22,22,11,605,401,467.41,27,878
7219,2022-05-20,5,5,602,400,361.11,56,13485
7220,2024-01-06,14,12,605,402,457.63,15,4649
7221,2025-01-18,13,13,602,400,340.88,13,3945
7222,2022-03-28,8,13,605,402,470.34,22,9078
7223,2022-09-25,27,1,603,401,369.03,56,3285
7224,2024-04-20,46,5,604,402,69.49,51,6877
7225,2023-01-09,15,14,605,401,210.01,100,10949
7226,2022-04-21,59,13,600,400,287.46,81,11559
7227,2025-01-02,53,6,604,400,258.59,60,2368
7228,2022-11-26,80,12,601,401,316.84,51,10986
7229,2023-06-21,15,11,604,403,150.46,76,7139
7230,2023-12-06,37,2,604,403,61.16,61,11825
7231,2023-04-19,49,6,601,401,429.66,69,5734
7232,2022-12-27,3,8,605,401,297.47,56,13564
7233,2023-12-28,38,14,601,402,101.54,10,3442
7234,2023-06-29,26,7,602,401,394.23,35,9906
7235,2022-03-04,14,7,600,401,158.89,86,1002
7236,2024-01-11,4,1,604,401,388.0,86,10158
7237,2024-08-29,6,12,600,402,366.79,92,5612
7238,2025-03-25,55,13,605,401,384.91,68,11283
7239,2022-10-05,59,7,600,402,146.11,70,4829
7240,2023-08-13,30,5,602,401,385.97,86,11883
7241,2023-02-19,47,4,605,400,475.19,62,2293
7242,2022-10-19,32,6,602,401,410.34,5,8602
7243,2024-09-04,70,13,600,403,462.86,42,7914
7244,2025-05-26,50,5,604,402,53.96,7,5698
7245,2022-07-11,43,15,600,400,475.92,90,3167
7246,2023-01-12,57,11,602,403,168.94,78,2109
7247,2022-04-10,42,7,604,402,120.06,45,801
7248,2022-03-02,14,8,602,402,154.52,46,14528
7249,2022-07-09,59,13,605,400,339.75,69,1338
7250,2023-10-15,91,7,600,403,442.84,18,12914
7251,2022-02-05,95,4,600,403,170.74,55,9849
7252,2025-06-17,43,7,601,402,187.34,51,1328
7253,2024-03-21,24,15,602,402,140.26,7,4080
7254,2022-06-06,89,14,603,402,279.23,55,8073
7255,2022-11-13,81,3,602,403,281.83,80,11710
7256,2024-03-17,23,7,600,403,257.46,53,803
7257,2022-04-28,39,3,600,400,271.41,18,7722
7258,2023-08-30,92,12,605,403,165.56,67,6233
7259,2024-04-23,40,13,605,401,67.38,97,9562
7260,2024-10-13,50,1,600,401,118.29,62,1787
7261,2022-05-29,87,9,600,400,355.2,100,11053
7262,2023-08-04,32,13,604,403,331.5,23,2249
7263,2023-04-06,29,11,603,402,355.06,34,14528
7264,2024-08-29,62,1,604,402,474.93,6,11875
7265,2025-06-21,26,3,604,401,474.86,38,460
7266,2022-04-10,30,15,605,403,212.05,78,2489
7267,2024-02-28,74,10,601,400,490.33,30,5116
7268,2023-12-29,5,8,605,400,276.1,18,5253
7269,2025-03-19,9,2,604,400,220.57,60,1362
7270,2025-03-15,70,11,600,400,433.37,5,8020
7271,2023-11-05,78,8,602,400,133.88,85,1406
7272,2025-03-19,99,9,602,402,330.98,88,101
7273,2024-08-07,61,9,603,402,156.99,10,4297
7274,2024-01-28,89,13,602,401,160.36,83,5889
7275,2024-06-12,13,15,602,401,422.25,29,5306
7276,2023-01-09,61,1,600,400,364.83,96,2854
7277,2023-12-30,8,13,603,403,112.89,30,13274
7278,2022-11-06,64,14,604,401,186.02,42,12056
7279,2022-09-22,75,11,604,400,218.64,87,561
7280,2022-03-09,8,2,601,403,316.31,6,1710
7281,2023-08-11,96,4,601,402,334.59,44,1372
7282,2022-09-06,10,12,602,402,81.69,47,12051
7283,2022-01-15,61,14,603,400,456.65,90,9361
7284,2025-01-10,90,1,600,401,172.81,34,4211
7285,2023-11-12,33,11,601,400,437.41,6,6677
7286,2022-10-31,41,4,600,401,277.74,22,2598
7287,2023-04-26,59,6,603,402,393.79,71,1147
7288,2025-04-09,20,11,601,400,426.63,95,8926
7289,2025-06-20,54,14,602,403,78.26,70,12710
7290,2025-05-02,36,9,604,400,368.85,58,2106
7291,2023-07-29,39,5,601,403,346.52,20,7075
7292,2023-11-06,20,12,602,403,100.54,34,7990
7293,2023-11-06,16,3,605,402,365.52,12,6661
7294,2023-07-24,64,6,600,400,361.8,22,401
7295,2022-10-02,26,13,600,401,224.55,38,13968
7296,2022-09-17,77,12,601,401,280.98,100,7330
7297,2023-02-01,6,7,603,403,264.16,43,2195
7298,2023-10-13,46,14,600,400,298.34,12,12161
7299,2025-01-30,81,6,604,402,223.13,47,10072
7300,2022-12-29,90,12,600,401,155.4,98,10542
7301,2024-12-02,71,13,602,401,156.94,90,8322
7302,2023-09-12,69,9,602,401,149.36,16,13152
7303,2022-09-10,53,8,604,401,268.36,53,14933
7304,2024-04-21,19,4,602,403,122.03,65,13523
7305,2025-03-04,17,6,601,403,162.97,28,2284
7306,2023-08-18,9,3,602,400,291.8,31,5576
7307,2025-06-26,37,6,600,400,238.11,93,1383
7308,2023-10-07,25,5,603,401,282.5,9,14422
7309,2022-01-30,74,10,605,401,453.73,74,11406
7310,2023-07-08,85,5,602,402,54.06,48,784
7311,2023-08-26,65,9,600,400,187.33,76,6240
7312,2024-02-20,87,12,603,403,487.0,6,12440
7313,2023-07-05,59,12,600,403,470.84,91,7777
7314,2023-06-22,21,5,604,402,223.19,53,9631
7315,2022-07-09,38,2,601,400,287.45,11,13549
7316,2022-11-23,39,3,601,402,482.77,65,13326
7317,2022-03-27,45,5,604,401,247.05,41,13858
7318,2023-03-04,20,9,605,400,376.18,9,10106
7319,2024-10-04,62,1,604,401,217.9,70,3864
7320,2025-01-19,60,15,604,400,53.89,91,7453
7321,2025-03-26,81,4,600,400,58.65,100,5264
7322,2024-06-25,25,15,603,401,460.64,29,5804
7323,2022-08-11,79,1,603,401,65.35,55,7720
7324,2022-03-14,60,15,602,402,299.46,17,4651
7325,2023-09-07,8,7,602,400,475.6,87,3693
7326,2024-07-18,36,14,602,401,422.75,22,10222
7327,2024-03-17,92,9,601,402,79.48,5,6885
7328,2025-05-21,88,13,602,401,142.71,27,166
7329,2023-11-14,24,6,604,402,312.44,71,13755
7330,2022-11-29,13,15,602,400,465.71,64,13824
7331,2022-08-27,66,10,604,400,129.43,47,9393
7332,2025-06-08,99,15,601,400,408.46,63,9422
7333,2022-10-25,26,8,602,403,400.09,91,14269
7334,2024-06-03,69,6,600,402,109.27,85,6174
7335,2024-09-18,90,8,605,401,87.99,33,14600
7336,2025-06-27,34,11,605,401,435.93,68,11348
7337,2023-05-16,43,10,601,401,368.5,91,8107
7338,2023-04-19,9,4,604,400,459.87,72,7016
7339,2022-02-24,27,2,601,401,339.43,58,3085
7340,2024-11-24,68,12,602,401,149.24,88,11216
7341,2022-12-03,65,8,605,402,244.5,31,11277
7342,2023-06-07,1,12,602,403,323.62,43,13422
7343,2024-03-24,77,12,604,401,245.12,73,11550
7344,2024-09-05,28,12,603,402,230.46,23,7714
7345,2022-09-29,94,10,600,400,204.6,81,6171
7346,2023-02-05,57,1,600,400,394.83,50,4523
7347,2022-09-24,44,11,600,403,438.14,38,13259
7348,2022-05-26,67,8,600,401,151.35,58,11420
7349,2025-06-20,34,10,600,401,124.44,46,7012
7350,2023-08-10,30,8,600,401,375.66,54,3467
7351,2022-02-09,39,2,604,403,406.51,69,5525
7352,2023-11-18,70,2,603,400,176.47,35,11417
7353,2023-08-10,68,14,600,401,96.8,28,13928
7354,2022-10-18,60,14,601,402,442.74,46,10112
7355,2022-12-15,16,12,600,400,194.33,90,515
7356,2024-05-09,37,15,602,402,196.59,80,436
7357,2025-06-10,8,9,605,400,359.22,68,9257
7358,2022-11-20,52,6,604,400,424.56,90,13634
7359,2024-07-07,99,13,600,400,355.24,95,696
7360,2025-02-21,24,14,601,402,172.35,32,5084
7361,2024-01-27,35,5,601,401,229.06,78,4326
7362,2023-04-08,43,9,603,401,329.96,24,358
7363,2024-07-16,18,7,601,403,269.73,74,3491
7364,2022-10-25,87,7,601,402,267.89,90,11666
7365,2024-01-29,32,12,605,402,285.55,97,10400
7366,2024-02-18,5,9,601,400,353.63,31,14718
7367,2022-02-15,50,13,605,402,140.02,52,10794
7368,2022-10-03,44,1,600,401,200.79,9,9198
7369,2023-01-09,52,10,601,401,375.29,26,9353
7370,2024-10-26,5,2,605,402,414.6,43,3063
7371,2024-07-23,27,3,602,403,410.52,95,8116
7372,2023-06-27,41,11,604,400,321.6,8,2975
7373,2024-10-14,3,5,604,402,205.27,79,12362
7374,2022-01-10,19,3,600,400,294.99,71,3870
7375,2023-06-19,38,8,604,402,64.81,28,204
7376,2022-05-03,65,8,600,401,351.94,84,4978
7377,2022-03-11,7,12,601,400,434.91,54,9434
7378,2023-12-29,90,9,602,403,258.4,55,4474
7379,2022-09-19,68,15,602,403,421.38,86,4872
7380,2024-10-31,63,15,604,402,216.43,56,12962
7381,2022-01-16,89,11,601,402,243.33,64,11331
7382,2023-06-04,77,13,601,403,102.98,68,13709
7383,2023-06-08,4,6,602,401,476.59,24,11283
7384,2022-10-01,6,14,604,402,365.0,46,13686
7385,2022-10-08,24,3,600,400,493.23,99,11601
7386,2022-06-12,8,10,601,401,366.59,67,5998
7387,2023-05-11,24,10,601,403,332.66,56,10566
7388,2022-05-10,83,10,605,400,263.37,61,1463
7389,2025-02-10,100,15,600,400,366.63,44,14531
7390,2022-01-09,51,6,600,403,138.62,82,4621
7391,2024-01-09,78,11,604,403,277.59,9,14661
7392,2023-12-03,10,9,600,403,88.92,35,7158
7393,2023-10-19,33,2,601,401,485.62,31,2613
7394,2022-05-07,72,12,604,403,227.3,34,6988
7395,2023-04-09,39,2,601,401,376.16,24,6924
7396,2022-11-22,15,14,603,403,159.52,54,12921
7397,2025-06-19,81,14,602,400,60.66,99,2131
7398,2025-01-04,13,2,603,403,69.74,41,2383
7399,2022-10-02,49,6,601,401,219.21,72,9740
7400,2025-06-28,94,6,605,401,262.62,84,6018
7401,2024-06-09,64,15,604,403,56.25,34,5737
7402,2024-03-01,89,9,604,403,479.63,63,8728
7403,2022-09-07,9,10,605,402,105.13,30,1853
7404,2022-07-31,37,13,600,403,252.81,47,12396
7405,2022-12-21,88,14,603,400,261.23,11,12312
7406,2024-02-22,93,2,605,401,442.25,76,12547
7407,2025-06-05,73,15,603,401,391.27,22,4757
7408,2025-01-07,73,9,605,403,152.67,57,8123
7409,2022-08-01,35,3,600,403,149.08,7,12781
7410,2023-12-26,56,2,603,401,137.72,62,5708
7411,2022-06-30,51,2,600,400,356.15,29,2026
7412,2022-04-16,76,1,604,403,116.36,19,5199
7413,2023-05-15,80,8,604,400,299.66,96,412
7414,2022-09-25,67,11,602,402,472.28,90,14043
7415,2023-10-18,83,2,603,403,233.4,74,2428
7416,2023-04-30,83,8,602,402,275.1,95,13723
7417,2022-04-29,88,14,602,401,428.04,92,14749
7418,2022-06-04,32,8,604,403,416.75,68,13208
7419,2022-12-07,33,15,605,400,80.32,90,1557
7420,2023-08-23,70,10,603,402,113.14,99,3440
7421,2023-01-02,54,6,602,400,382.83,76,7363
7422,2024-07-16,65,2,603,400,154.47,45,10122
7423,2025-06-02,64,15,605,400,82.73,7,4462
7424,2025-04-12,96,10,602,403,113.28,6,2653
7425,2024-04-10,84,10,600,403,421.3,72,4994
7426,2022-05-13,75,14,604,400,124.19,76,7920
7427,2023-02-21,71,2,601,401,466.47,66,1375
7428,2025-01-28,55,14,600,400,270.07,87,6219
7429,2023-05-09,96,10,602,403,426.31,64,13587
7430,2024-07-21,73,4,603,401,149.64,38,10349
7431,2022-12-08,10,13,603,400,330.34,11,10578
7432,2024-06-22,80,10,600,402,263.86,66,5996
7433,2024-04-19,67,7,603,403,361.52,89,3160
7434,2024-09-30,36,2,601,403,222.01,89,2705
7435,2024-07-07,50,4,602,403,61.67,94,2882
7436,2023-09-16,17,1,602,402,343.77,46,13470
7437,2023-10-24,63,14,602,401,314.18,30,14385
7438,2022-02-11,30,9,604,402,310.7,27,4545
7439,2024-06-21,26,7,601,402,494.12,33,8070
7440,2024-01-26,38,15,603,402,210.89,9,1727
7441,2023-05-10,39,7,603,400,200.42,76,11850
7442,2025-05-09,42,2,604,400,193.61,60,8879
7443,2025-02-13,62,13,601,402,79.6,100,8930
7444,2023-11-05,53,15,602,402,72.83,7,708
7445,2022-11-25,89,1,601,401,361.67,74,6978
7446,2023-01-24,79,7,600,400,258.62,15,9599
7447,2024-10-05,85,15,600,401,336.12,22,5543
7448,2024-09-24,27,8,601,403,98.73,59,8824
7449,2022-09-24,18,3,603,401,348.36,88,14481
7450,2025-05-14,76,7,603,403,238.94,20,5379
7451,2022-06-16,93,13,605,403,144.09,41,1059
7452,2023-07-30,40,9,603,401,480.63,62,13658
7453,2023-09-20,59,11,601,403,235.95,55,12174
7454,2022-11-19,44,9,604,401,359.29,34,14366
7455,2023-07-12,92,15,602,402,82.89,92,1895
7456,2023-06-03,4,11,600,402,439.81,51,6067
7457,2025-02-12,73,1,600,401,84.84,19,3360
7458,2023-08-09,69,10,600,403,180.33,55,4514
7459,2024-10-19,14,14,601,401,435.12,55,5179
7460,2024-02-21,54,3,604,402,102.07,52,3866
7461,2022-12-29,62,11,604,400,478.25,34,10056
7462,2024-09-09,37,13,603,400,83.24,94,6386
7463,2022-01-21,54,4,605,400,130.23,72,2351
7464,2022-03-10,15,13,605,402,52.27,94,9091
7465,2024-07-06,68,4,600,401,327.5,65,3763
7466,2022-03-09,98,4,605,403,217.2,32,8898
7467,2023-06-11,63,14,602,402,90.84,84,9680
7468,2022-10-06,52,10,600,401,191.03,17,6991
7469,2025-01-08,23,1,600,403,279.52,41,8290
7470,2023-03-16,22,9,605,400,138.14,23,5376
7471,2025-05-05,15,11,603,403,324.05,91,8775
7472,2024-01-29,88,15,605,400,441.88,64,4590
7473,2022-11-23,32,3,601,403,471.83,45,820
7474,2024-11-08,19,8,605,401,344.39,29,1023
7475,2023-12-24,86,13,600,402,303.56,30,7501
7476,2024-06-21,21,3,602,403,367.16,97,10500
7477,2023-06-02,30,5,603,400,397.5,69,4691
7478,2024-11-07,70,3,603,403,114.81,64,10972
7479,2024-06-21,97,5,601,400,356.01,13,3009
7480,2023-04-05,5,4,600,402,70.07,14,1137
7481,2024-05-28,23,8,602,401,110.03,24,7300
7482,2024-11-22,68,6,602,402,236.64,90,6307
7483,2025-06-16,29,7,600,401,474.68,42,14862
7484,2022-07-14,13,14,604,401,492.96,86,12798
7485,2023-10-09,25,1,601,401,196.83,32,1941
7486,2023-09-05,15,1,602,403,51.59,90,10916
7487,2024-07-24,75,14,602,401,225.97,13,6587
7488,2024-12-27,36,5,605,400,480.95,60,3673
7489,2023-10-26,51,4,600,400,120.38,90,9032
7490,2022-02-10,23,9,605,402,350.87,20,3888
7491,2022-04-13,26,1,601,402,206.58,58,10516
7492,2025-04-22,68,10,602,401,227.11,81,5794
7493,2025-01-30,43,14,603,403,451.72,90,7031
7494,2024-03-09,65,11,605,403,347.76,20,3056
7495,2023-10-26,49,9,601,402,309.34,29,14104
7496,2023-06-01,24,6,605,403,92.87,10,4046
7497,2023-10-14,10,7,603,403,368.26,34,4916
7498,2022-05-22,96,1,601,403,55.41,47,9845
7499,2022-06-30,89,9,603,400,134.95,84,1697
7500,2025-01-22,76,5,601,400,423.05,81,8755
7501,2023-02-09,29,11,601,401,381.03,71,11861
7502,2022-01-15,84,14,603,401,337.72,49,8012
7503,2023-02-01,47,4,601,403,322.82,39,13771
7504,2023-07-20,52,5,603,401,97.95,22,1239
7505,2022-11-20,39,6,604,400,487.98,72,4997
7506,2022-09-22,95,8,601,401,164.39,46,14593
7507,2023-06-10,9,11,600,401,469.05,84,12816
7508,2025-02-14,84,8,602,401,96.15,98,4066
7509,2025-04-25,60,15,605,403,99.07,56,12521
7510,2023-08-01,56,11,605,402,319.96,68,9407
7511,2023-06-23,50,1,605,402,322.3,10,6601
7512,2022-01-14,58,2,602,401,197.14,39,5682
7513,2022-01-03,46,14,601,403,434.14,20,4559
7514,2022-02-02,77,6,602,402,433.55,20,13593
7515,2022-11-30,70,10,604,403,80.38,87,12619
7516,2023-05-26,2,1,601,403,226.89,8,7765
7517,2024-09-05,12,4,602,401,158.79,95,4768
7518,2022-07-28,1,8,605,400,200.34,17,7105
7519,2025-05-19,73,11,603,401,188.39,36,10159
7520,2025-02-25,33,4,601,403,428.59,19,7736
7521,2025-01-17,91,10,603,400,138.69,55,13094
7522,2025-03-29,74,5,603,400,265.13,49,4243
7523,2023-04-29,92,6,602,400,210.17,61,10107
7524,2024-05-19,31,4,604,403,436.99,35,5987
7525,2024-12-23,56,7,601,402,477.28,44,5321
7526,2022-08-02,83,1,600,402,251.02,80,1028
7527,2024-11-16,88,3,602,403,168.85,82,13430
7528,2024-12-04,20,5,605,402,72.95,45,10132
7529,2022-07-31,49,11,601,401,373.51,69,14788
7530,2023-06-21,48,2,601,402,87.74,77,8416
7531,2022-03-26,60,3,600,402,84.06,21,7506
7532,2023-01-11,35,12,604,401,369.35,84,9798
7533,2024-04-19,68,6,603,402,177.03,73,2089
7534,2023-05-21,57,3,605,402,109.86,46,2538
7535,2022-02-26,80,6,601,401,224.84,75,1140
7536,2023-06-08,87,3,600,403,103.88,63,3575
7537,2024-06-19,41,1,601,401,69.96,100,8307
7538,2024-12-19,43,10,601,402,217.84,94,13209
7539,2025-03-06,45,8,601,403,390.0,51,4414
7540,2022-07-02,66,2,604,401,114.08,51,2642
7541,2023-07-22,98,5,600,401,78.68,27,13933
7542,2023-01-30,34,7,602,400,276.72,19,14697
7543,2025-06-06,70,1,601,403,265.35,19,7045
7544,2023-12-05,33,7,600,403,325.52,58,7651
7545,2022-10-09,93,11,605,400,277.24,49,8129
7546,2022-11-09,36,11,600,400,159.91,66,663
7547,2025-02-09,17,7,601,400,449.36,25,1354
7548,2024-12-27,15,11,601,401,81.85,51,589
7549,2022-11-07,99,15,605,403,247.33,79,4503
7550,2024-10-06,42,2,604,400,99.95,46,9997
7551,2022-07-02,46,11,601,401,159.76,92,12275
7552,2022-12-25,54,15,601,402,338.08,46,2159
7553,2024-11-27,70,2,603,400,385.56,95,5579
7554,2023-05-29,88,10,603,400,341.89,21,12221
7555,2024-04-22,43,6,604,400,217.2,34,2236
7556,2025-06-03,47,2,603,400,390.12,58,11664
7557,2023-07-25,69,5,600,400,96.65,41,9476
7558,2024-12-13,38,14,600,401,66.77,56,11957
7559,2022-10-05,7,2,601,400,411.31,5,287
7560,2024-03-27,20,12,604,403,357.16,82,11779
7561,2024-12-12,18,12,601,403,181.7,87,4333
7562,2023-03-29,50,4,605,402,101.09,21,2667
7563,2022-04-01,58,15,604,402,138.12,69,14613
7564,2024-09-18,77,5,605,403,438.97,31,8119
7565,2024-08-15,68,4,605,402,470.22,67,2422
7566,2024-02-03,36,3,602,403,383.87,78,8951
7567,2024-05-05,41,13,605,403,165.1,55,13164
7568,2024-02-04,5,2,600,401,387.23,39,9196
7569,2024-03-05,45,8,603,400,341.51,46,7946
7570,2023-12-10,82,3,602,400,481.28,52,8178
7571,2024-11-26,46,15,603,401,327.61,96,1043
7572,2025-04-05,78,12,602,402,437.93,88,9079
7573,2024-05-14,7,2,601,402,190.52,51,7098
7574,2024-05-15,13,7,605,401,294.44,99,10013
7575,2024-04-11,19,2,600,401,251.2,51,1899
7576,2024-03-29,8,10,600,400,478.14,44,1581
7577,2022-12-12,30,11,605,402,238.83,28,14385
7578,2025-02-11,31,14,601,400,447.25,18,14728
7579,2023-12-12,85,13,602,400,374.34,95,5543
7580,2024-01-16,27,8,605,400,134.24,59,2551
7581,2023-09-22,2,5,601,400,301.16,100,2593
7582,2024-01-02,30,11,605,401,360.08,81,5724
7583,2024-07-30,25,7,605,400,342.14,80,3198
7584,2023-03-20,50,13,605,401,144.97,30,2735
7585,2023-03-17,32,11,600,400,460.34,7,10087
7586,2025-01-06,62,2,602,403,218.09,70,5280
7587,2022-08-27,8,9,601,400,344.43,23,7893
7588,2023-11-19,28,10,602,400,252.38,42,543
7589,2025-05-03,45,11,603,401,236.05,53,5882
7590,2023-12-04,8,10,601,400,311.19,100,10336
7591,2023-01-02,30,4,604,402,483.94,47,9896
7592,2022-02-26,20,13,603,400,105.91,68,3293
7593,2025-03-28,14,7,602,403,263.72,12,14495
7594,2022-08-31,25,14,605,400,250.03,67,10942
7595,2023-11-13,58,13,605,401,203.54,46,11748
7596,2024-06-13,50,5,602,401,442.63,26,11029
7597,2023-03-05,23,4,602,402,310.6,85,13801
7598,2022-01-04,15,2,602,402,165.5,9,10116
7599,2024-01-30,58,10,600,402,221.65,73,9447
7600,2024-09-09,43,5,603,400,142.46,15,10207
7601,2022-01-31,48,4,605,402,155.31,55,4836
7602,2024-09-14,17,6,605,400,149.22,20,8380
7603,2023-10-10,52,12,602,400,353.17,20,7350
7604,2022-11-04,19,13,605,400,380.41,31,8306
7605,2023-09-23,52,5,601,402,72.76,45,14029
7606,2023-07-18,25,6,604,402,383.43,87,3137
7607,2023-04-05,58,3,605,401,380.12,13,1679
7608,2023-08-26,70,7,600,403,234.96,14,5579
7609,2025-01-20,90,5,604,401,65.66,95,14339
7610,2023-11-02,47,7,601,401,243.5,22,5330
7611,2023-04-29,93,5,604,402,248.68,29,10867
7612,2024-07-18,23,14,602,402,221.08,7,10967
7613,2023-04-10,45,3,601,403,423.51,62,5705
7614,2025-01-25,15,8,600,403,204.82,92,11840
7615,2024-09-01,46,8,603,400,482.25,62,6730
7616,2022-03-12,51,13,601,402,326.92,66,12266
7617,2023-11-12,16,6,602,402,180.62,91,11326
7618,2025-05-25,50,8,602,402,476.57,48,14218
7619,2022-10-18,16,13,600,403,472.2,45,419
7620,2024-10-28,12,9,601,403,400.87,76,5184
7621,2024-01-21,97,1,601,402,274.72,35,9792
7622,2024-05-17,78,9,601,401,91.77,39,2051
7623,2024-03-11,12,10,603,403,132.2,20,13571
7624,2022-10-03,81,6,604,401,194.17,69,9203
7625,2023-12-17,72,13,603,400,168.35,76,13106
7626,2022-12-10,56,6,605,403,80.65,65,708
7627,2024-12-28,98,10,600,403,63.66,50,13487
7628,2022-12-20,50,14,601,403,60.9,13,5045
7629,2024-09-24,26,14,601,403,408.76,75,9882
7630,2024-12-20,9,9,604,400,75.57,61,11322
7631,2025-04-04,10,15,604,402,434.0,94,6254
7632,2024-09-25,60,13,602,403,322.48,9,7550
7633,2022-02-28,89,9,600,401,294.55,38,10876
7634,2024-03-17,32,6,602,402,493.75,53,1110
7635,2023-01-29,80,3,603,401,331.94,25,12016
7636,2023-11-26,7,1,604,402,279.19,15,2996
7637,2022-02-12,13,15,605,403,105.77,26,8882
7638,2023-10-19,63,9,603,403,293.18,28,12687
7639,2024-07-16,68,8,600,401,442.72,35,3008
7640,2024-10-27,48,4,601,400,299.73,63,2849
7641,2022-11-21,62,7,601,402,113.69,54,6455
7642,2022-02-06,32,6,605,403,476.02,9,4500
7643,2023-02-04,35,8,603,401,137.29,44,9805
7644,2022-08-05,95,8,604,401,269.51,53,2833
7645,2022-07-08,68,14,601,402,76.75,68,3895
7646,2022-09-10,20,7,604,401,380.22,16,11343
7647,2023-10-09,17,10,600,400,98.32,67,13040
7648,2024-03-12,68,14,604,401,405.84,31,626
7649,2024-11-03,28,7,604,401,82.43,69,7419
7650,2023-02-04,68,15,604,402,216.91,99,1325
7651,2024-02-19,38,10,605,401,303.9,71,5864
7652,2022-12-06,15,3,600,400,62.97,47,5998
7653,2024-05-12,7,13,604,403,242.13,75,9641
7654,2024-08-29,23,14,603,403,170.17,17,8912
7655,2022-02-02,22,6,603,402,462.79,17,14758
7656,2022-03-02,91,6,603,400,250.18,23,8569
7657,2023-05-14,65,13,600,403,157.99,24,2740
7658,2023-09-05,13,12,601,403,367.71,44,1635
7659,2022-03-23,92,12,604,402,328.68,6,4833
7660,2024-09-27,21,4,602,400,158.66,78,2979
7661,2024-07-08,79,13,600,400,399.8,48,5739
7662,2023-12-15,14,4,602,403,195.97,5,5016
7663,2022-02-13,68,1,604,402,55.45,53,14853
7664,2025-03-28,62,5,601,401,284.84,9,11591
7665,2023-09-30,92,2,603,402,121.47,21,12309
7666,2023-11-24,59,3,602,401,304.61,95,9494
7667,2023-02-23,7,11,601,400,366.18,70,7753
7668,2023-06-08,40,3,601,400,83.56,99,11847
7669,2024-03-04,50,2,600,403,204.62,7,3728
7670,2023-09-26,64,2,603,402,305.7,61,8676
7671,2023-05-21,98,4,600,403,283.55,57,4339
7672,2022-10-16,27,15,601,403,216.55,53,1027
7673,2024-04-14,44,11,601,401,416.82,33,11661
7674,2025-05-28,56,5,605,400,87.42,6,13832
7675,2022-08-02,44,8,604,403,87.01,29,6253
7676,2023-09-28,9,8,601,403,158.38,85,6178
7677,2022-06-25,16,5,601,403,460.13,5,3458
7678,2022-07-13,66,12,601,403,203.62,88,9514
7679,2022-10-07,87,12,600,403,177.5,53,14114
7680,2025-02-21,89,13,602,400,311.93,53,14665
7681,2022-11-06,37,3,604,401,438.92,45,7669
7682,2024-03-30,32,3,601,402,119.46,88,1272
7683,2022-01-22,22,6,601,403,414.74,56,12323
7684,2022-05-31,82,14,604,403,51.3,32,5670
7685,2022-09-14,26,3,601,401,70.07,36,5915
7686,2023-06-30,90,15,600,401,385.39,93,1816
7687,2022-07-11,93,6,605,402,140.41,59,11302
7688,2023-09-20,16,13,603,403,391.13,78,8518
7689,2023-05-06,44,15,602,400,486.96,64,4472
7690,2025-04-26,59,9,601,401,445.91,30,10046
7691,2024-12-10,94,13,603,402,326.15,99,9522
7692,2023-03-02,89,2,603,403,453.02,15,5090
7693,2022-12-17,16,12,602,401,270.2,55,11196
7694,2024-12-12,81,10,601,402,220.97,31,3961
7695,2024-05-01,36,13,604,403,119.06,43,3046
7696,2023-06-11,65,11,604,402,79.4,50,13495
7697,2025-06-02,48,4,601,403,294.76,18,7873
7698,2025-05-13,33,12,603,402,95.13,6,7149
7699,2022-07-04,30,8,602,400,78.59,29,14870
7700,2023-12-08,43,9,604,402,128.96,37,10374
7701,2024-03-06,90,15,601,400,156.18,86,2200
7702,2025-06-22,49,1,602,403,202.04,81,7283
7703,2022-02-10,82,3,603,401,304.91,13,4252
7704,2024-12-04,28,8,604,402,461.97,56,4812
7705,2025-06-07,93,1,604,403,401.24,22,5273
7706,2024-06-12,33,3,600,403,324.05,28,2663
7707,2024-07-24,79,3,604,402,317.15,82,11927
7708,2025-05-23,8,13,600,402,378.44,32,14674
7709,2022-07-01,36,5,603,403,415.64,67,8601
7710,2024-10-15,11,2,602,402,487.04,94,14078
7711,2022-07-12,73,11,603,403,432.36,34,4568
7712,2024-06-20,16,6,600,403,477.84,73,14401
7713,2024-11-03,49,13,600,402,460.31,5,4243
7714,2022-02-28,38,10,600,400,220.28,5,9488
7715,2024-10-06,81,9,604,400,162.42,14,1136
7716,2024-07-09,12,2,602,402,232.55,12,14397
7717,2024-01-24,48,12,604,400,204.93,71,13531
7718,2023-12-23,35,4,602,403,128.14,85,6205
7719,2024-02-15,52,11,603,403,199.92,81,10639
7720,2022-12-28,80,6,602,402,415.13,66,14693
7721,2023-09-09,53,8,601,400,347.38,40,2878
7722,2024-09-13,28,1,602,401,496.23,44,7799
7723,2024-09-11,95,5,600,401,266.49,17,9883
7724,2024-12-11,24,5,600,402,384.43,76,10253
7725,2022-06-26,15,9,600,401,179.7,70,5085
7726,2023-10-01,61,7,600,400,336.46,91,11115
7727,2023-06-10,67,14,600,403,356.93,33,8311
7728,2024-01-18,80,9,602,400,69.08,42,1774
7729,2023-10-07,15,7,603,402,300.81,76,4767
7730,2023-06-07,74,1,600,400,166.73,55,6768
7731,2024-02-27,99,8,603,401,455.1,64,9799
7732,2024-03-30,88,1,605,402,173.14,40,9481
7733,2022-03-30,49,5,605,403,267.78,14,5823
7734,2022-03-14,9,6,600,402,459.89,77,7086
7735,2023-03-17,78,7,604,400,115.74,94,340
7736,2023-12-22,11,14,602,402,156.8,97,14925
7737,2022-07-13,75,1,605,402,191.86,48,2610
7738,2025-05-27,89,4,602,401,275.49,5,13177
7739,2025-04-16,90,7,600,401,57.36,69,10726
7740,2024-05-12,23,3,605,401,478.74,74,2654
7741,2024-10-20,92,12,604,401,260.81,47,8268
7742,2025-01-11,47,1,604,400,484.88,10,14707
7743,2024-02-16,68,11,600,402,71.4,91,14937
7744,2024-06-10,46,9,605,401,257.96,18,7653
7745,2024-07-11,49,10,605,402,468.25,81,1425
7746,2024-06-30,46,11,605,400,57.02,38,8161
7747,2023-08-22,61,7,601,401,238.53,70,4910
7748,2023-11-02,11,3,601,400,462.78,25,5865
7749,2023-02-08,88,6,604,403,213.9,25,7076
7750,2024-07-03,52,14,604,401,253.94,78,7114
7751,2024-05-26,81,5,602,400,418.26,31,5731
7752,2023-07-22,88,2,605,403,208.65,94,4142
7753,2022-11-01,43,9,605,402,189.17,77,1184
7754,2022-12-05,92,8,604,402,184.08,36,6672
7755,2025-03-19,27,5,600,403,478.92,24,10723
7756,2024-02-09,41,6,601,401,156.88,42,10302
7757,2024-09-27,64,8,602,400,456.18,33,1023
7758,2024-03-19,54,12,603,401,386.69,13,11365
7759,2023-12-01,3,3,603,402,84.24,78,11543
7760,2025-04-08,76,6,601,402,192.43,94,1289
7761,2024-11-14,49,10,600,403,345.56,45,2552
7762,2023-10-18,71,6,601,402,198.06,46,4637
7763,2024-05-21,4,6,602,403,117.06,54,12198
7764,2023-12-01,53,5,605,400,153.93,97,8483
7765,2025-04-12,69,4,605,400,352.85,91,3084
7766,2022-01-21,57,13,603,400,260.98,94,11402
7767,2023-01-23,54,11,603,402,186.41,83,3568
7768,2024-11-21,77,2,605,401,99.02,41,9060
7769,2022-12-15,45,15,600,400,159.29,42,11062
7770,2025-05-04,2,6,600,402,334.13,69,7684
7771,2022-05-01,92,4,601,403,478.43,84,12305
7772,2023-12-05,84,10,600,400,158.62,65,12189
7773,2023-08-07,39,2,602,403,437.8,40,3514
7774,2025-02-05,18,11,600,402,396.85,57,3283
7775,2024-05-16,18,2,603,403,421.49,48,3213
7776,2023-02-24,36,8,602,401,483.17,33,1189
7777,2022-11-03,58,13,605,401,349.8,37,1937
7778,2025-06-27,47,12,601,401,336.93,57,1720
7779,2025-02-19,77,7,600,401,438.8,95,7834
7780,2023-01-25,84,3,605,400,91.68,65,6626
7781,2025-02-01,65,13,603,403,483.23,26,5328
7782,2025-03-22,7,9,601,401,89.11,10,6014
7783,2023-03-03,64,10,603,403,125.43,35,112
7784,2022-09-20,87,12,602,401,396.99,89,14156
7785,2024-08-22,37,2,604,401,279.09,60,7441
7786,2022-11-21,31,5,603,401,312.74,6,3722
7787,2022-09-25,99,6,602,403,433.13,75,11791
7788,2024-07-23,9,10,603,400,458.43,30,8687
7789,2024-10-27,47,4,601,401,497.24,47,8668
7790,2022-08-31,81,1,601,400,85.65,72,9734
7791,2025-06-09,27,8,600,400,99.96,34,6916
7792,2025-05-04,44,13,601,400,368.21,10,3861
7793,2025-05-31,58,9,600,401,400.8,87,5756
7794,2022-03-21,99,11,604,400,172.53,65,6139
7795,2023-08-10,80,4,604,401,339.13,87,10956
7796,2022-04-03,24,15,601,403,353.86,68,14328
7797,2024-04-21,44,11,603,402,341.59,26,9086
7798,2023-02-12,56,5,604,402,328.93,54,7082
7799,2023-02-23,43,7,604,400,282.67,58,14869
7800,2022-02-05,62,5,601,401,220.65,73,5359
7801,2023-07-31,34,4,605,402,357.64,35,3506
7802,2023-07-30,85,6,603,400,321.91,66,11868
7803,2022-10-31,81,7,603,402,114.56,81,3861
7804,2022-08-26,2,9,605,403,458.47,49,674
7805,2022-01-21,35,12,605,400,380.6,67,6551
7806,2023-10-10,88,1,604,402,319.05,85,11991
7807,2024-04-26,6,10,604,400,64.96,19,6683
7808,2024-06-24,18,15,604,401,97.03,16,12981
7809,2022-08-14,27,5,605,402,294.31,58,6328
7810,2022-09-16,27,2,605,403,179.03,40,2504
7811,2023-12-31,78,6,605,401,487.26,30,9605
7812,2022-01-29,44,11,602,400,76.4,9,3093
7813,2022-07-23,57,14,605,402,237.68,25,9981
7814,2023-09-07,25,15,604,403,369.04,23,846
7815,2024-04-26,93,12,602,401,316.35,14,5934
7816,2024-07-03,19,12,605,403,253.47,97,3238
7817,2023-11-16,92,1,605,403,365.12,88,11522
7818,2022-08-30,64,8,601,400,65.08,5,13059
7819,2024-04-03,27,12,602,403,63.12,70,1408
7820,2024-10-08,57,11,602,400,106.24,87,7997
7821,2023-01-28,63,6,601,400,131.91,25,11662
7822,2024-03-24,90,1,605,401,409.96,86,6590
7823,2023-06-30,17,7,604,401,159.02,36,4349
7824,2023-03-01,68,2,601,401,243.83,43,13710
7825,2025-05-28,89,13,600,401,179.45,15,3639
7826,2022-09-27,10,15,600,400,151.47,38,12433
7827,2023-03-24,46,12,602,402,221.05,98,14012
7828,2023-10-12,12,7,605,400,308.22,11,1234
7829,2023-12-09,12,11,602,403,217.46,90,7961
7830,2023-04-23,67,3,600,400,382.54,96,2552
7831,2022-08-21,95,2,600,401,184.55,55,12902
7832,2023-11-09,59,5,603,403,363.03,55,4694
7833,2022-11-01,64,10,604,401,344.04,20,7819
7834,2022-02-12,39,12,603,403,447.99,25,11745
7835,2023-01-27,16,10,602,402,408.07,53,2269
7836,2023-10-19,44,11,600,402,377.99,62,10066
7837,2022-09-20,47,8,603,400,365.5,80,6876
7838,2022-01-07,62,5,600,401,331.36,59,1411
7839,2022-02-17,18,5,604,401,239.29,42,11345
7840,2022-03-03,95,4,604,403,76.94,86,10220
7841,2022-03-08,69,5,602,403,351.54,73,525
7842,2024-03-29,80,3,601,403,393.37,78,1566
7843,2022-10-02,69,7,604,402,427.17,68,14800
7844,2022-02-18,1,3,605,401,365.94,85,13571
7845,2024-12-04,47,12,600,400,57.4,48,13870
7846,2023-07-06,1,11,603,400,56.18,31,2542
7847,2024-04-07,21,13,602,400,53.18,66,14702
7848,2022-02-26,48,8,602,401,281.58,9,3633
7849,2023-12-24,29,1,601,400,348.05,52,2260
7850,2024-12-21,6,6,601,400,475.85,11,6920
7851,2022-09-22,62,9,600,403,222.78,8,13203
7852,2022-11-20,67,8,604,401,448.29,45,8672
7853,2023-12-20,16,1,603,401,121.93,88,3759
7854,2023-11-30,67,8,603,401,470.2,73,1526
7855,2022-06-22,51,8,605,401,283.41,29,14446
7856,2022-04-23,59,1,601,401,234.36,63,7123
7857,2024-10-15,64,4,601,403,292.53,48,2152
7858,2024-09-22,97,13,601,403,139.65,42,10863
7859,2024-09-06,63,12,601,401,460.37,11,7813
7860,2022-03-26,59,6,605,401,424.2,72,7108
7861,2024-10-08,75,8,603,401,363.92,49,1185
7862,2024-01-18,92,1,600,403,125.21,95,11049
7863,2023-10-20,46,10,604,401,145.84,94,5517
7864,2024-11-01,100,8,604,402,499.76,51,4709
7865,2023-10-06,81,14,602,403,423.01,36,4173
7866,2023-03-14,72,4,604,402,93.57,49,2897
7867,2023-08-15,86,6,603,401,67.44,76,6244
7868,2024-06-10,55,8,602,401,130.99,34,3401
7869,2023-04-04,35,5,605,400,288.34,66,1556
7870,2023-12-07,86,9,602,402,164.68,36,14866
7871,2023-12-02,1,15,604,403,147.41,63,12307
7872,2023-09-10,41,4,604,400,302.02,5,11508
7873,2023-08-02,75,2,605,403,430.9,46,13511
7874,2025-06-16,90,12,604,403,385.24,66,967
7875,2023-05-09,29,15,605,400,92.98,29,7233
7876,2024-03-14,23,1,604,401,425.37,68,13000
7877,2025-05-19,32,12,605,403,117.15,73,10495
7878,2022-08-11,50,3,604,403,250.43,20,12731
7879,2022-06-13,43,9,602,401,324.86,94,7657
7880,2025-05-23,32,9,603,401,390.54,87,809
7881,2022-10-17,69,3,604,401,82.75,65,5754
7882,2023-03-28,29,2,601,402,388.12,42,10058
7883,2025-05-11,89,15,602,401,478.72,18,9963
7884,2023-07-29,39,10,602,402,197.08,51,7089
7885,2023-05-16,58,4,605,400,434.17,50,4671
7886,2024-07-13,52,1,602,400,427.2,61,5797
7887,2024-07-23,21,15,600,403,340.54,57,14123
7888,2024-06-09,98,10,603,402,229.48,12,12465
7889,2025-01-16,44,10,605,400,472.16,58,4952
7890,2022-06-06,40,5,600,402,349.3,27,2621
7891,2023-04-22,30,1,604,403,242.24,72,9913
7892,2024-02-14,30,5,601,400,406.53,14,7666
7893,2025-04-29,89,12,604,400,397.01,49,3688
7894,2022-07-19,33,10,605,400,471.29,81,14688
7895,2022-02-02,30,7,602,400,310.7,42,1026
7896,2024-08-23,81,15,605,401,157.25,48,1127
7897,2025-03-31,10,2,600,403,417.88,5,9677
7898,2024-11-07,8,6,604,403,416.11,77,14664
7899,2025-05-20,84,12,603,400,180.89,30,7250
7900,2023-02-01,97,10,605,401,196.33,68,3651
7901,2024-12-08,73,11,600,400,148.29,87,1700
7902,2025-02-25,12,2,602,403,279.8,89,8394
7903,2022-07-04,53,9,603,403,407.48,8,708
7904,2022-10-14,38,4,600,403,97.9,15,8281
7905,2023-07-17,58,6,602,403,358.93,38,1988
7906,2025-05-12,61,7,602,401,106.5,61,14699
7907,2024-08-28,50,8,605,403,74.05,5,8099
7908,2022-05-07,58,8,602,400,123.68,52,5863
7909,2023-07-27,16,15,604,401,166.86,72,5174
7910,2023-10-06,50,10,604,401,267.8,100,9609
7911,2022-01-17,1,5,602,400,99.47,14,3546
7912,2024-04-03,28,15,604,401,427.96,21,12096
7913,2024-04-12,76,2,603,402,450.6,23,4505
7914,2024-06-27,78,5,605,402,106.6,6,5898
7915,2023-02-04,31,14,604,402,124.64,22,13631
7916,2022-02-09,90,14,603,401,53.3,77,13581
7917,2023-10-18,28,9,604,403,143.49,52,7926
7918,2023-01-26,17,10,605,401,299.64,74,2635
7919,2024-12-06,16,8,603,401,185.92,62,7521
7920,2025-04-04,60,9,604,401,365.26,28,3564
7921,2022-02-23,38,11,600,402,412.12,94,2107
7922,2023-11-03,47,11,602,403,106.68,21,10145
7923,2025-06-18,70,15,601,402,83.64,80,13087
7924,2023-01-14,64,6,603,403,447.16,68,7027
7925,2022-12-03,77,12,604,403,136.19,95,10838
7926,2022-06-22,4,11,604,402,377.3,95,7931
7927,2023-06-02,48,4,605,403,284.92,75,1916
7928,2022-02-15,61,9,601,400,486.08,64,12590
7929,2023-09-01,87,11,601,401,426.73,32,2831
7930,2022-09-30,81,2,600,403,61.85,89,13555
7931,2022-07-02,37,4,600,400,439.05,29,14383
7932,2023-08-29,76,10,601,403,204.03,96,11706
7933,2022-04-29,31,3,600,400,356.97,49,4023
7934,2023-01-27,87,14,601,403,349.08,54,12456
7935,2024-06-08,61,9,604,400,226.81,34,10696
7936,2023-11-19,20,14,603,401,329.4,97,3269
7937,2024-11-26,85,4,604,400,449.71,50,13991
7938,2024-09-07,41,13,602,403,395.46,70,6035
7939,2023-12-29,68,10,604,401,223.93,72,13474
7940,2023-06-07,98,6,604,403,330.96,59,13923
7941,2025-05-29,22,10,603,401,442.67,50,5700
7942,2023-02-23,17,3,604,402,178.58,34,6395
7943,2023-10-02,17,6,600,402,163.35,30,3790
7944,2024-10-24,82,3,601,401,133.82,85,12212
7945,2023-08-31,75,5,602,403,342.62,84,5440
7946,2022-10-21,8,3,601,403,328.54,43,6496
7947,2024-05-01,99,14,603,401,70.01,13,6156
7948,2023-03-10,35,8,603,400,298.63,65,3066
7949,2022-12-21,80,7,604,401,478.72,69,6512
7950,2023-05-16,83,9,604,400,338.93,66,6205
7951,2025-01-22,27,3,600,400,477.32,39,14897
7952,2023-05-12,52,9,601,402,153.65,15,8576
7953,2022-07-24,83,12,600,402,170.69,69,5219
7954,2024-02-26,5,3,601,402,51.42,70,13754
7955,2024-10-17,43,8,600,402,316.55,89,7279
7956,2025-04-01,10,4,605,403,87.91,15,6411
7957,2022-04-16,51,3,602,402,184.31,80,9554
7958,2022-09-21,11,2,605,402,413.39,36,6217
7959,2022-08-24,57,3,601,400,413.15,97,8901
7960,2024-02-04,39,3,604,403,412.99,73,7962
7961,2024-09-04,24,12,605,401,60.91,45,6080
7962,2024-02-09,54,14,602,400,52.96,89,8573
7963,2022-08-13,10,1,604,403,209.0,13,706
7964,2025-04-05,4,1,602,401,431.19,77,2986
7965,2023-09-14,36,12,604,403,129.78,6,12801
7966,2024-08-20,7,13,603,403,115.52,44,1779
7967,2024-04-10,75,14,600,402,476.61,78,11757
7968,2022-03-26,46,12,603,400,223.58,75,11309
7969,2025-01-23,38,10,605,402,256.35,41,10772
7970,2024-11-27,50,5,603,403,156.24,63,12621
7971,2022-06-17,78,5,605,401,445.63,7,7961
7972,2024-11-02,84,7,605,401,258.21,32,912
7973,2025-06-02,84,9,602,402,430.38,84,11907
7974,2024-03-26,17,8,603,403,405.61,56,5677
7975,2023-03-15,31,14,602,403,205.27,23,11544
7976,2024-05-03,27,4,605,402,341.61,89,127
7977,2023-09-23,23,15,605,402,342.41,41,14370
7978,2022-09-19,45,4,600,402,405.49,15,13743
7979,2023-04-05,30,4,605,401,466.16,24,8438
7980,2023-08-02,17,11,605,403,92.47,21,477
7981,2022-10-08,9,3,602,401,405.78,98,11860
7982,2025-05-09,27,6,604,401,88.56,31,13051
7983,2024-05-08,19,14,603,400,335.05,72,8087
7984,2024-07-03,82,11,602,400,400.23,32,14382
7985,2023-05-03,10,7,605,400,480.12,52,9096
7986,2024-11-04,13,13,603,402,254.71,30,6519
7987,2024-04-17,47,10,602,402,214.84,89,842
7988,2024-11-16,60,3,602,402,89.37,28,3075
7989,2023-06-14,1,5,605,401,207.44,84,1382
7990,2022-06-18,92,3,601,400,189.95,51,10789
7991,2024-10-19,1,6,605,401,325.43,54,8537
7992,2022-05-01,100,7,604,403,158.5,97,13697
7993,2023-12-30,51,8,603,403,229.72,81,11843
7994,2023-02-24,97,8,602,402,401.74,44,1539
7995,2023-12-14,18,11,604,403,436.32,34,12380
7996,2025-03-08,74,6,601,403,261.53,49,9772
7997,2022-10-18,50,8,602,400,457.4,13,8109
7998,2022-05-16,73,4,601,401,344.38,22,13023
7999,2025-04-20,40,6,602,402,493.87,25,1993
8000,2023-08-13,14,4,603,401,435.08,74,12687
8001,2022-06-19,63,10,604,403,114.81,73,7415
8002,2024-08-03,92,14,601,400,111.89,26,1101
8003,2024-03-24,46,1,602,402,441.89,70,8772
8004,2025-03-31,62,13,604,401,256.59,75,4478
8005,2025-03-19,28,6,601,400,117.98,40,6465
8006,2023-11-27,19,6,605,400,485.49,59,516
8007,2023-11-06,23,14,603,401,445.34,62,7146
8008,2025-02-05,3,15,601,400,368.55,17,9908
8009,2023-10-16,42,6,605,401,113.29,72,7692
8010,2024-03-08,55,14,604,402,277.88,80,8796
8011,2023-02-20,57,10,600,402,451.67,44,4338
8012,2023-09-24,91,9,602,401,439.25,67,12576
8013,2022-11-25,96,13,600,402,142.84,57,1458
8014,2024-03-28,28,4,604,401,315.23,45,3694
8015,2023-10-05,10,6,600,403,441.73,86,11924
8016,2024-10-02,54,11,604,401,57.24,38,1077
8017,2024-10-02,28,3,600,400,101.91,31,8873
8018,2022-10-28,94,5,602,401,202.08,28,11048
8019,2024-08-02,32,2,602,402,209.83,27,2415
8020,2022-11-13,68,1,605,401,189.67,59,1006
8021,2024-07-03,13,14,603,400,370.8,64,4603
8022,2025-05-05,50,5,601,403,212.36,64,7458
8023,2024-06-27,97,9,604,401,209.1,11,8758
8024,2023-04-13,26,7,601,403,478.44,17,859
8025,2023-03-28,34,6,605,403,157.87,62,9110
8026,2022-02-14,72,15,602,402,468.12,40,10826
8027,2025-03-21,97,15,601,403,419.15,96,764
8028,2025-03-17,17,14,604,401,55.1,68,7054
8029,2022-12-08,3,2,601,400,371.07,61,2422
8030,2023-05-01,85,4,604,402,482.83,67,7144
8031,2023-11-04,13,10,602,402,220.29,30,9726
8032,2024-12-16,81,10,600,403,448.45,42,8113
8033,2022-12-01,17,15,602,401,495.89,78,328
8034,2022-10-30,56,11,602,402,344.62,28,13583
8035,2022-09-29,89,9,603,403,419.46,67,3697
8036,2023-12-08,18,1,601,402,82.64,54,3484
8037,2024-09-20,29,12,605,402,186.19,87,3588
8038,2023-09-02,45,1,605,403,429.33,64,7946
8039,2023-08-23,69,2,604,403,367.76,9,13841
8040,2022-05-06,17,2,601,401,278.65,71,14220
8041,2022-07-15,21,6,602,402,109.56,72,1749
8042,2023-06-16,78,2,602,401,174.12,47,12832
8043,2024-03-22,70,2,602,400,495.3,100,13024
8044,2022-03-13,53,6,602,401,132.26,46,731
8045,2023-11-03,88,10,603,401,471.72,96,3555
8046,2022-01-08,57,8,601,402,191.1,11,5630
8047,2025-02-16,8,10,600,400,299.6,86,7613
8048,2023-12-16,50,12,603,402,87.35,52,9814
8049,2023-07-12,83,7,603,400,191.23,71,3049
8050,2022-04-09,64,11,602,402,317.65,45,6836
8051,2023-01-22,82,4,600,401,218.54,89,10338
8052,2024-12-15,36,11,605,400,185.69,24,1799
8053,2022-02-13,71,1,600,402,287.55,36,7801
8054,2023-07-13,82,15,604,403,193.83,87,8154
8055,2023-09-25,53,3,602,403,342.98,32,13597
8056,2022-10-31,43,6,603,402,107.57,81,4630
8057,2025-06-21,55,5,603,402,228.19,14,4437
8058,2023-09-12,71,9,601,402,165.15,65,12216
8059,2022-02-13,55,2,603,403,463.17,20,9460
8060,2024-07-04,23,7,603,401,436.47,54,5262
8061,2025-02-21,81,9,605,400,319.92,91,7257
8062,2024-10-21,83,9,602,400,184.2,71,8522
8063,2025-01-02,56,2,600,400,496.23,83,4723
8064,2022-03-14,40,11,601,401,180.52,59,5523
8065,2023-10-01,85,2,602,402,420.82,42,11823
8066,2023-01-30,40,5,605,400,262.48,55,10700
8067,2024-10-30,66,14,605,400,330.04,93,3987
8068,2022-12-24,41,2,603,401,407.62,18,9199
8069,2024-03-10,13,1,601,402,318.04,78,5119
8070,2024-02-18,58,2,602,401,255.31,18,4315
8071,2023-08-31,22,5,604,401,330.69,48,4196
8072,2025-03-11,92,7,600,400,61.31,66,8614
8073,2022-09-30,38,4,600,402,317.72,63,5579
8074,2024-04-03,99,15,601,402,210.93,22,10466
8075,2022-05-15,58,1,603,401,60.97,26,1841
8076,2024-10-20,13,10,600,400,300.12,57,9165
8077,2023-10-19,67,3,603,400,101.13,89,7360
8078,2022-02-26,82,11,603,400,78.15,40,3068
8079,2025-05-22,50,2,601,402,406.46,94,14722
8080,2022-05-21,92,12,601,400,382.11,18,11229
8081,2022-06-02,18,9,603,401,128.06,26,7113
8082,2024-05-23,78,7,603,401,50.03,40,9562
8083,2025-02-14,54,6,600,402,255.57,30,3065
8084,2022-07-30,47,9,605,403,150.98,63,8059
8085,2024-12-20,53,3,603,401,240.95,72,6636
8086,2025-06-24,36,5,605,402,251.1,48,1882
8087,2022-03-25,19,7,603,402,154.92,28,3729
8088,2023-01-15,1,15,604,403,105.14,28,6185
8089,2025-03-11,89,12,605,400,373.58,67,3711
8090,2023-08-23,71,12,601,403,132.41,28,3185
8091,2024-06-30,9,8,602,400,307.19,20,10690
8092,2023-01-29,61,12,605,402,91.23,67,9487
8093,2024-07-26,90,1,601,403,103.63,75,14491
8094,2023-06-07,94,2,601,400,271.33,62,11902
8095,2025-06-24,15,5,602,401,327.05,57,10091
8096,2025-05-21,47,5,600,401,59.62,98,4208
8097,2025-06-20,5,5,603,400,129.03,55,14763
8098,2025-03-08,80,11,605,402,171.67,59,2714
8099,2024-03-23,5,13,603,402,147.17,45,2808
8100,2023-04-17,49,13,602,401,208.38,7,14949
8101,2023-09-02,47,3,602,401,322.02,35,4034
8102,2022-08-28,11,10,600,400,209.32,73,2341
8103,2024-04-03,42,3,603,400,117.6,48,674
8104,2025-05-06,20,9,600,400,97.11,55,1893
8105,2023-07-10,22,13,603,403,468.29,60,1603
8106,2024-09-10,7,8,602,401,260.62,98,219
8107,2023-01-31,50,11,604,402,269.1,46,3735
8108,2023-05-20,17,1,605,403,337.98,26,5978
8109,2022-08-29,85,11,604,401,313.0,33,10919
8110,2022-03-19,20,12,604,401,122.69,25,10193
8111,2023-11-10,77,2,604,401,305.37,11,7662
8112,2025-03-09,50,10,603,403,367.98,45,1036
8113,2022-07-13,28,8,600,402,277.63,25,11930
8114,2022-10-18,89,12,601,400,292.19,48,14544
8115,2022-10-16,5,12,603,400,149.75,43,10275
8116,2025-05-06,57,11,600,400,360.29,73,6489
8117,2022-11-26,58,15,600,403,420.79,31,843
8118,2022-05-02,34,12,601,403,256.17,59,13684
8119,2024-04-18,29,4,601,400,249.97,48,14095
8120,2025-02-05,32,1,603,401,68.45,15,7732
8121,2024-08-12,36,15,601,400,192.56,68,3433
8122,2024-04-22,70,5,605,400,451.26,50,5292
8123,2022-11-25,11,7,601,402,268.04,46,11572
8124,2025-02-10,39,5,605,400,215.0,49,10315
8125,2022-10-28,59,15,603,400,337.37,99,2310
8126,2023-12-20,35,11,602,402,331.94,93,2318
8127,2022-08-27,97,1,600,400,210.28,18,14121
8128,2023-06-14,13,14,602,401,394.96,59,3625
8129,2024-01-28,37,4,600,402,466.86,61,4950
8130,2022-12-14,3,2,604,402,78.22,56,13779
8131,2022-01-19,37,5,605,400,350.95,52,11665
8132,2024-03-31,16,15,602,401,68.28,99,6585
8133,2023-06-14,95,11,605,402,232.45,77,12517
8134,2022-02-22,54,11,603,403,167.65,21,12480
8135,2024-10-01,45,15,603,402,391.46,45,531
8136,2022-10-08,17,10,603,402,314.61,14,2511
8137,2023-11-21,20,14,601,400,494.01,89,9978
8138,2024-06-22,1,6,602,402,125.54,100,3507
8139,2025-01-27,28,8,604,403,157.73,93,7485
8140,2024-11-25,77,2,600,403,124.47,49,14097
8141,2023-09-22,94,1,601,401,105.29,55,12008
8142,2022-03-20,59,9,601,403,273.55,56,2024
8143,2022-07-06,38,9,605,401,187.09,7,13223
8144,2022-12-14,60,10,604,401,146.87,75,11579
8145,2025-06-19,54,12,604,402,278.9,78,8991
8146,2022-12-02,46,3,603,400,133.97,6,320
8147,2025-05-26,9,2,604,401,466.06,85,3263
8148,2023-02-01,84,14,603,403,364.33,50,5310
8149,2024-04-19,45,15,602,400,195.68,59,5270
8150,2022-12-03,10,1,605,403,76.14,58,5350
8151,2025-06-09,73,8,603,402,156.75,39,11990
8152,2022-12-11,4,7,600,403,105.7,72,1819
8153,2025-04-27,99,3,602,403,84.29,73,5784
8154,2024-01-08,95,6,604,403,191.96,23,1950
8155,2023-10-30,10,6,601,402,116.64,59,3739
8156,2024-03-05,43,3,602,401,394.76,28,10831
8157,2022-10-09,38,14,605,403,389.0,54,12016
8158,2022-07-31,93,9,600,400,236.81,61,3379
8159,2024-08-20,53,2,604,402,400.72,32,1762
8160,2022-10-10,79,10,603,400,141.98,56,4937
8161,2023-03-15,89,3,603,401,490.4,90,996
8162,2024-11-08,54,13,605,403,90.71,51,194
8163,2022-02-11,74,3,604,400,92.12,78,10045
8164,2022-07-13,43,14,603,403,300.56,47,9161
8165,2023-02-05,42,8,601,402,206.37,95,1727
8166,2025-02-03,76,6,605,403,71.16,55,6967
8167,2022-12-06,52,5,603,400,446.77,13,11288
8168,2024-11-25,56,14,603,400,161.49,96,2878
8169,2024-05-19,47,5,603,402,147.16,49,10822
8170,2024-06-18,8,12,600,402,353.29,63,8730
8171,2022-10-21,96,3,600,402,481.35,98,236
8172,2024-09-18,32,8,604,400,323.37,96,14553
8173,2024-11-20,47,4,603,400,191.4,33,3284
8174,2023-03-27,43,6,603,402,490.22,19,3532
8175,2024-10-12,46,5,604,403,58.06,85,12374
8176,2025-06-26,42,15,602,403,380.31,26,6734
8177,2024-02-01,52,8,600,400,427.29,69,13140
8178,2024-12-02,21,11,602,403,287.89,93,8865
8179,2022-05-27,64,9,603,402,80.33,44,10857
8180,2023-06-29,45,11,600,401,89.57,88,4149
8181,2023-04-27,88,9,601,400,106.17,82,2476
8182,2024-04-10,90,9,602,402,147.43,74,5851
8183,2022-01-16,32,4,604,400,247.31,29,1540
8184,2023-10-30,13,9,605,400,141.43,10,9409
8185,2024-12-13,43,1,600,403,72.07,65,6080
8186,2024-04-03,26,6,601,403,94.92,61,8027
8187,2023-07-05,25,13,602,402,449.53,78,11792
8188,2022-05-15,77,11,603,400,350.43,47,1375
8189,2024-07-18,17,8,605,400,443.14,52,8395
8190,2023-07-02,76,14,603,400,309.4,97,12517
8191,2022-10-11,27,6,601,401,320.21,41,9818
8192,2022-02-24,7,2,601,403,277.89,99,5826
8193,2025-02-20,27,5,603,403,281.38,78,8389
8194,2022-12-02,74,6,600,403,257.77,9,12779
8195,2023-11-05,4,5,600,400,433.34,69,14754
8196,2023-08-05,59,9,602,400,336.13,82,5224
8197,2022-06-01,16,5,600,403,161.42,71,5077
8198,2023-09-11,71,8,602,403,400.92,24,12299
8199,2024-11-03,31,13,605,402,103.9,84,13621
8200,2022-09-16,53,14,604,402,219.86,27,7041
8201,2023-11-09,26,13,602,401,126.54,43,14807
8202,2022-08-16,14,14,602,401,234.07,74,4980
8203,2022-03-20,26,2,605,400,166.72,8,11580
8204,2022-05-14,72,11,602,402,257.24,10,14190
8205,2022-11-27,22,7,600,403,167.25,29,6098
8206,2023-05-02,89,15,603,401,406.43,31,4194
8207,2022-11-05,9,1,603,402,87.66,24,3530
8208,2024-03-11,64,1,601,403,494.97,63,5483
8209,2025-06-29,57,14,602,400,256.6,82,11173
8210,2022-01-15,33,13,601,401,272.89,7,7150
8211,2024-08-15,79,13,602,402,274.79,35,10312
8212,2025-01-13,94,12,604,400,443.22,76,5378
8213,2025-03-08,9,4,600,401,66.68,20,12107
8214,2023-08-20,10,15,604,403,277.51,70,2602
8215,2025-04-19,32,13,602,400,211.79,85,9253
8216,2024-11-18,71,6,604,401,214.56,35,9586
8217,2022-04-13,72,13,602,403,221.03,91,9977
8218,2023-06-28,47,1,604,402,419.89,22,13420
8219,2022-07-02,3,7,604,401,462.47,99,749
8220,2024-09-16,29,1,603,401,183.96,93,11984
8221,2023-07-05,63,10,605,400,69.13,81,11715
8222,2023-09-09,65,3,605,400,121.3,48,13919
8223,2023-10-17,89,1,604,400,284.24,32,14956
8224,2022-08-24,25,11,603,402,203.8,14,9571
8225,2023-03-03,17,9,600,402,440.11,9,9565
8226,2022-03-21,33,7,604,403,213.67,8,1580
8227,2024-08-02,65,14,601,400,362.31,73,10745
8228,2023-07-22,78,10,603,401,299.73,88,8127
8229,2024-10-12,52,3,604,403,322.63,74,8338
8230,2023-04-20,99,3,603,403,285.47,72,1088
8231,2022-02-13,71,11,605,402,157.53,91,9904
8232,2025-05-08,12,2,603,402,130.98,42,7520
8233,2025-02-28,44,13,603,401,58.74,67,2609
8234,2025-05-13,55,7,602,400,450.81,19,11201
8235,2022-08-07,72,5,600,403,473.86,14,9306
8236,2022-08-12,75,10,603,401,179.6,33,1320
8237,2023-11-20,25,10,601,403,476.38,7,12218
8238,2022-07-14,70,15,601,402,213.97,8,11086
8239,2022-11-01,64,10,603,403,306.73,72,9421
8240,2023-01-15,2,3,601,400,292.38,8,10289
8241,2024-11-17,75,2,603,400,52.33,22,4103
8242,2022-02-10,99,9,602,403,445.04,65,5138
8243,2024-11-23,29,3,600,402,455.24,92,493
8244,2024-01-10,16,1,600,400,406.41,53,4368
8245,2024-10-08,95,4,601,401,310.64,60,12386
8246,2025-03-04,27,9,601,402,472.17,78,10711
8247,2025-03-24,4,7,604,401,311.39,67,13004
8248,2023-12-23,77,2,603,403,410.16,29,10925
8249,2024-06-30,90,15,603,400,247.12,78,10966
8250,2025-03-14,42,12,601,400,298.84,79,11646
8251,2022-03-16,87,1,602,400,290.8,34,14155
8252,2023-07-26,62,6,604,400,332.36,94,5157
8253,2023-12-12,49,15,601,400,207.0,73,11800
8254,2023-04-21,15,11,605,403,89.78,66,14153
8255,2022-09-22,11,8,602,402,475.39,17,1555
8256,2025-02-08,36,1,601,403,65.63,36,7572
8257,2023-08-02,65,3,602,403,473.56,88,3577
8258,2024-01-24,35,6,604,403,118.8,21,11296
8259,2024-07-01,52,7,601,403,142.05,68,9586
8260,2023-02-17,42,15,605,400,180.19,72,7363
8261,2023-11-20,34,9,601,402,264.09,45,11212
8262,2024-10-11,39,10,602,400,76.88,11,4083
8263,2024-06-27,36,4,605,401,354.66,86,13964
8264,2022-03-25,44,2,605,403,478.28,15,10868
8265,2023-10-19,72,8,605,401,328.58,83,987
8266,2022-03-15,58,1,603,403,291.25,44,3043
8267,2024-12-14,15,10,601,401,387.06,44,8548
8268,2023-12-26,75,6,604,400,340.69,57,9627
8269,2024-06-08,68,11,603,401,74.22,45,5824
8270,2023-12-04,78,2,600,401,117.02,53,12076
8271,2025-05-18,40,2,600,400,286.88,94,6927
8272,2023-09-04,43,12,604,403,160.37,74,7521
8273,2022-10-18,39,15,605,402,52.26,30,11402
8274,2024-11-29,98,14,601,402,76.53,60,9513
8275,2022-07-16,26,13,600,401,96.96,82,3647
8276,2024-03-04,80,12,602,402,414.35,72,11925
8277,2024-11-11,4,2,600,400,451.03,39,2566
8278,2023-03-17,51,6,601,403,136.92,48,5012
8279,2022-08-29,21,2,601,400,144.39,26,5836
8280,2025-06-21,1,11,602,401,251.3,6,11841
8281,2023-11-09,10,3,603,402,467.94,17,6951
8282,2025-06-09,71,6,600,402,50.23,77,10409
8283,2023-11-27,5,4,602,403,245.97,35,7512
8284,2025-04-16,20,5,605,403,381.93,42,4812
8285,2025-04-03,13,10,600,402,147.93,77,7182
8286,2022-12-12,24,8,602,403,178.42,26,12804
8287,2024-10-18,1,14,605,400,454.0,86,14610
8288,2023-07-24,26,11,603,402,61.95,81,2185
8289,2025-05-01,3,11,603,401,90.41,63,3689
8290,2023-07-02,54,7,605,402,472.02,30,412
8291,2022-04-07,2,6,601,400,479.6,76,9352
8292,2024-07-19,43,13,605,403,219.6,19,5467
8293,2023-08-18,30,8,601,400,469.85,7,966
8294,2023-07-30,59,9,605,403,156.43,61,1337
8295,2022-01-14,8,3,601,402,320.21,17,7531
8296,2022-06-03,77,7,605,401,476.47,17,4936
8297,2025-01-01,51,6,602,403,238.64,63,4746
8298,2023-09-23,55,8,605,401,228.71,69,6622
8299,2023-01-18,23,9,601,401,321.23,90,7029
8300,2024-02-11,76,2,602,400,50.1,60,10732
8301,2024-05-20,90,6,600,400,88.33,21,12878
8302,2023-11-19,98,11,602,400,210.57,56,5188
8303,2023-08-25,94,1,601,400,312.03,51,7248
8304,2024-01-20,17,8,603,403,396.3,6,4383
8305,2022-01-11,19,2,602,401,433.05,73,585
8306,2024-04-06,98,14,602,402,100.12,63,5756
8307,2024-07-14,38,2,605,400,376.89,35,1668
8308,2022-07-07,87,2,601,400,337.42,89,4810
8309,2025-03-03,99,5,602,401,284.46,22,14806
8310,2023-09-16,22,13,603,403,244.04,54,11118
8311,2022-11-26,84,9,600,400,189.75,39,3962
8312,2022-11-13,92,4,601,400,491.69,24,4337
8313,2024-02-14,58,14,601,402,485.11,25,5628
8314,2022-08-16,94,14,601,400,85.09,40,8605
8315,2025-02-08,47,9,604,401,341.72,28,14029
8316,2023-10-18,85,11,603,401,290.56,18,5763
8317,2024-01-10,55,12,600,401,64.44,70,11031
8318,2024-12-15,69,14,600,402,369.1,62,1106
8319,2025-06-24,7,2,600,401,334.74,54,13729
8320,2024-02-20,81,13,600,403,384.51,73,1587
8321,2023-01-23,41,12,603,402,324.25,9,14884
8322,2024-01-23,8,2,602,402,301.09,73,1731
8323,2022-09-01,99,1,601,402,468.44,49,2489
8324,2022-12-27,17,12,603,402,231.33,37,8051
8325,2023-07-22,68,3,604,401,389.05,76,14930
8326,2025-01-17,79,10,602,400,449.97,80,4724
8327,2023-03-06,20,15,601,400,185.44,53,4706
8328,2024-12-13,29,7,601,401,214.21,23,1991
8329,2024-03-20,41,10,603,402,133.55,30,7318
8330,2024-12-06,71,1,600,402,344.6,6,9154
8331,2022-05-20,1,10,602,402,364.15,96,7348
8332,2023-08-29,48,15,600,402,57.27,70,11789
8333,2025-03-20,14,15,603,400,88.92,74,2052
8334,2024-11-21,74,2,603,403,159.99,14,12009
8335,2025-02-27,23,7,603,400,297.25,11,12613
8336,2022-10-20,10,9,603,403,308.76,93,6444
8337,2025-01-07,65,1,603,402,275.69,59,915
8338,2023-04-10,14,8,605,401,190.1,25,14698
8339,2022-07-19,78,9,603,402,195.58,64,1932
8340,2023-03-30,85,5,601,401,491.29,53,4812
8341,2023-07-07,60,4,602,402,215.09,36,11727
8342,2024-10-31,84,4,603,401,441.82,20,8486
8343,2024-12-12,28,12,600,401,354.79,66,3653
8344,2023-06-19,69,2,601,402,399.99,6,5891
8345,2022-06-07,85,12,602,400,470.26,94,7342
8346,2022-07-28,10,13,603,401,466.25,79,357
8347,2025-05-21,86,6,603,403,397.19,69,10455
8348,2024-10-27,9,6,605,402,67.38,24,8423
8349,2022-08-24,33,15,601,402,301.6,52,5784
8350,2024-02-06,8,12,603,401,398.22,86,11974
8351,2024-08-04,8,7,602,402,113.34,78,9715
8352,2023-01-12,32,13,600,400,440.77,19,1184
8353,2022-05-02,25,12,601,401,199.45,87,3590
8354,2024-08-23,79,14,604,402,253.81,23,11247
8355,2024-11-02,49,5,603,402,147.76,53,13584
8356,2025-06-11,67,4,600,403,62.21,11,11298
8357,2022-08-09,40,2,605,403,317.04,70,11800
8358,2023-02-07,45,4,605,402,311.51,93,7385
8359,2022-08-04,32,12,602,402,254.01,81,3801
8360,2025-02-20,7,9,603,402,123.26,49,4755
8361,2022-01-25,55,5,603,401,159.22,26,8041
8362,2023-10-05,35,14,605,403,253.42,70,6082
8363,2022-01-25,30,3,605,403,53.99,33,2568
8364,2024-07-20,82,3,601,401,250.16,64,7715
8365,2022-01-20,32,8,601,400,158.13,23,14854
8366,2023-07-24,18,6,601,400,58.14,37,9023
8367,2023-05-04,50,8,601,402,333.25,36,6020
8368,2024-11-16,73,5,604,403,433.44,39,5855
8369,2022-03-14,29,11,605,402,472.34,72,7865
8370,2022-11-21,88,10,605,401,452.63,76,13584
8371,2025-06-02,84,8,602,402,205.0,77,7764
8372,2022-09-29,20,2,604,403,473.69,98,2627
8373,2024-02-13,28,7,602,403,321.2,84,11147
8374,2023-09-07,4,10,601,402,389.0,8,13325
8375,2024-10-22,89,13,601,402,373.21,98,13701
8376,2024-06-03,80,15,604,401,359.97,76,12298
8377,2022-03-12,99,11,602,401,147.26,100,5506
8378,2024-10-14,43,3,602,401,233.05,28,12344
8379,2025-05-30,34,8,601,400,374.9,29,13144
8380,2022-05-19,97,14,600,401,359.55,33,4655
8381,2025-06-23,41,13,605,400,474.1,49,8063
8382,2022-06-15,49,8,600,400,407.82,66,11351
8383,2022-11-02,100,11,604,403,385.28,46,14631
8384,2025-05-20,80,2,600,400,202.24,47,6734
8385,2023-03-14,88,10,600,400,98.47,16,13918
8386,2025-04-03,54,1,601,401,412.18,8,11625
8387,2023-08-06,69,14,604,402,293.0,29,9126
8388,2024-05-19,5,13,605,403,204.97,13,2523
8389,2023-09-24,38,5,604,400,241.63,84,5459
8390,2022-01-23,18,5,600,402,465.42,66,12060
8391,2022-03-30,12,1,601,401,294.36,70,7383
8392,2023-11-24,53,15,603,401,61.17,89,3632
8393,2024-01-30,77,12,604,402,405.68,88,12955
8394,2022-02-26,75,10,601,402,411.46,17,10634
8395,2023-11-14,51,13,604,402,306.46,86,6900
8396,2023-09-11,82,10,604,400,341.46,48,9935
8397,2023-07-12,24,12,605,401,202.83,98,3153
8398,2025-03-03,7,3,601,402,162.96,84,11944
8399,2024-11-21,68,11,605,401,256.15,35,8232
8400,2024-01-26,68,15,602,402,496.2,73,12866
8401,2024-01-28,77,15,600,401,491.25,54,11006
8402,2023-02-26,33,14,601,403,207.67,86,5982
8403,2022-05-14,12,4,601,401,214.08,31,6102
8404,2024-03-28,17,5,605,403,69.82,51,4503
8405,2025-06-13,51,3,604,401,332.37,77,6700
8406,2022-04-21,7,15,604,402,342.61,74,287
8407,2022-12-02,42,5,605,400,243.84,37,11849
8408,2024-09-24,83,5,604,401,220.08,51,10189
8409,2025-04-12,92,3,603,400,386.88,60,12717
8410,2022-09-09,60,8,600,400,360.12,89,6525
8411,2022-09-04,21,11,600,403,346.63,63,14426
8412,2022-09-23,7,3,601,400,250.77,62,5823
8413,2023-09-23,93,15,603,401,340.78,52,842
8414,2022-02-04,40,5,604,401,359.9,50,12213
8415,2022-03-31,79,10,603,401,421.6,94,4473
8416,2025-06-03,11,14,602,401,316.82,17,9498
8417,2023-07-12,1,11,605,400,276.56,41,5587
8418,2023-12-01,21,11,604,403,354.42,48,14623
8419,2025-05-12,38,13,600,403,146.56,89,1685
8420,2022-12-03,81,8,602,403,379.94,98,11445
8421,2023-11-27,37,15,602,403,356.14,7,10294
8422,2024-07-16,54,7,605,400,301.73,66,13391
8423,2024-04-13,9,12,601,402,391.32,55,12207
8424,2022-07-24,83,2,603,401,204.83,57,2228
8425,2024-12-09,99,13,602,401,491.78,7,10937
8426,2022-10-10,4,13,605,402,400.48,49,11133
8427,2023-08-11,52,15,604,401,232.25,50,13279
8428,2022-08-11,29,2,603,401,204.56,55,12091
8429,2024-10-30,36,11,600,400,291.95,39,2210
8430,2025-06-11,92,10,601,400,94.28,50,4481
8431,2022-09-03,48,3,602,401,432.77,43,11906
8432,2022-09-24,87,14,601,402,361.68,40,7252
8433,2024-02-27,4,2,603,402,353.41,39,7344
8434,2022-11-13,1,10,602,401,198.57,24,172
8435,2022-02-18,61,14,602,400,116.59,22,13459
8436,2022-02-07,94,14,602,401,387.61,34,10105
8437,2023-12-28,47,11,605,401,231.62,82,13624
8438,2023-08-23,12,5,604,403,425.99,63,2294
8439,2024-05-05,34,4,602,400,481.6,21,3357
8440,2025-06-25,38,14,601,403,183.18,6,9399
8441,2022-01-11,5,6,600,400,166.14,19,2125
8442,2024-07-22,76,11,602,403,124.5,23,10936
8443,2024-02-13,49,6,602,402,265.7,6,13572
8444,2023-04-13,13,2,601,401,493.16,39,1976
8445,2022-01-31,2,3,605,400,52.31,40,508
8446,2025-01-22,30,8,603,400,211.83,55,1370
8447,2022-02-06,74,1,601,400,475.52,33,5010
8448,2023-08-19,95,6,600,402,290.83,9,11354
8449,2024-06-13,64,5,601,402,468.29,83,5535
8450,2024-04-15,20,5,605,400,147.62,58,9564
8451,2022-04-27,88,15,603,401,153.01,77,9843
8452,2024-03-28,18,9,604,401,100.22,10,11554
8453,2024-07-23,81,1,604,401,71.23,57,4970
8454,2022-11-27,31,3,602,401,264.77,67,6915
8455,2024-11-23,44,15,605,400,327.99,23,4713
8456,2024-04-16,81,12,603,401,80.25,47,12854
8457,2025-06-06,30,11,601,401,160.61,30,14587
8458,2023-07-12,22,13,602,400,113.35,35,7034
8459,2025-01-21,80,11,604,402,446.41,43,9884
8460,2023-02-22,89,2,604,402,165.4,100,7507
8461,2022-05-12,21,14,600,401,302.89,100,5207
8462,2023-05-31,90,9,603,402,381.58,72,4866
8463,2022-07-28,87,15,604,402,368.97,91,5307
8464,2025-02-18,52,14,603,403,485.76,88,10129
8465,2024-08-23,93,11,602,401,461.17,16,1990
8466,2024-06-07,14,5,602,402,235.08,93,754
8467,2022-12-22,81,6,603,401,189.67,70,4458
8468,2025-01-03,76,13,602,400,112.41,63,4775
8469,2023-08-18,17,8,602,403,106.9,35,8463
8470,2025-01-31,60,8,603,403,95.66,17,5078
8471,2024-09-18,64,2,601,401,67.87,52,10669
8472,2024-05-13,64,11,600,401,127.07,77,1311
8473,2023-05-24,73,8,602,400,342.69,44,13835
8474,2025-04-11,44,10,605,401,418.13,100,8736
8475,2023-07-27,52,5,602,402,341.24,74,4651
8476,2023-08-05,77,9,601,403,126.53,42,10005
8477,2025-02-20,26,13,604,403,276.66,10,13238
8478,2025-05-23,25,7,600,403,116.38,92,5581
8479,2025-01-13,56,1,601,402,92.77,14,7196
8480,2023-01-27,72,9,604,402,66.11,19,7065
8481,2023-11-30,99,3,602,401,114.57,82,11014
8482,2025-06-01,12,15,602,400,63.53,12,5637
8483,2022-02-15,46,12,604,403,435.53,42,12623
8484,2024-01-26,42,11,602,402,155.21,29,2103
8485,2025-01-31,100,2,600,402,132.29,91,4223
8486,2023-10-21,72,12,602,402,70.26,57,14029
8487,2025-03-22,80,15,601,400,449.75,81,4882
8488,2024-02-12,81,2,603,402,85.28,84,7438
8489,2022-02-13,84,11,605,403,483.13,98,2795
8490,2022-01-09,35,7,604,403,281.11,83,14053
8491,2025-06-19,63,10,604,403,258.96,87,4435
8492,2022-01-21,84,1,602,400,355.81,63,2026
8493,2023-01-11,34,13,601,401,123.83,71,1953
8494,2022-05-01,79,10,602,403,468.09,31,14824
8495,2024-12-16,76,1,603,402,472.07,20,913
8496,2023-06-15,78,13,600,402,371.9,60,5020
8497,2024-05-22,14,15,603,403,276.03,91,10508
8498,2024-11-11,46,3,604,403,368.49,11,6214
8499,2023-05-08,1,6,602,400,189.15,59,1304
8500,2022-06-06,54,15,601,403,220.11,30,12536
8501,2022-10-15,34,2,605,402,143.73,10,9366
8502,2022-06-25,2,10,602,401,181.47,73,11986
8503,2024-08-30,45,8,603,401,209.55,44,11033
8504,2024-07-03,78,13,604,402,258.11,48,12795
8505,2024-05-29,46,1,605,402,166.02,38,4050
8506,2023-11-02,4,2,603,403,50.11,89,14585
8507,2024-07-16,52,13,600,401,302.19,53,6460
8508,2024-11-13,57,3,600,403,222.41,82,5639
8509,2024-04-27,46,6,601,401,171.99,45,11124
8510,2022-12-16,90,3,601,400,271.45,51,13852
8511,2023-09-17,19,15,604,402,63.98,91,6342
8512,2025-03-21,3,9,605,400,355.05,17,3669
8513,2022-06-09,89,6,600,402,55.28,24,2641
8514,2025-03-16,40,10,602,400,332.36,40,5913
8515,2022-11-01,50,1,600,402,186.17,31,9851
8516,2023-01-11,10,11,600,403,323.49,82,5180
8517,2022-01-20,46,4,604,401,232.37,14,6566
8518,2024-04-11,18,8,602,400,273.15,74,12794
8519,2023-06-20,96,7,600,401,401.47,45,11787
8520,2025-04-26,46,15,605,403,156.21,5,8486
8521,2024-06-07,21,14,603,403,371.97,19,4559
8522,2025-03-24,43,10,600,400,459.93,85,9007
8523,2024-07-11,24,15,602,402,485.63,16,7441
8524,2023-09-01,13,13,600,402,98.5,91,7803
8525,2025-06-11,3,1,601,403,176.38,45,11394
8526,2022-06-11,72,15,604,403,158.62,33,11103
8527,2024-03-06,28,9,603,400,201.96,9,12820
8528,2024-10-14,87,6,605,403,443.7,72,7013
8529,2023-11-29,60,6,601,402,453.14,68,10302
8530,2025-02-27,96,14,604,400,332.61,78,2561
8531,2022-09-07,78,13,605,403,352.78,28,11797
8532,2025-05-21,79,8,605,400,354.84,100,7096
8533,2023-12-07,37,14,600,400,359.23,47,9450
8534,2024-11-09,49,11,604,400,58.75,84,12198
8535,2023-03-25,76,7,600,401,468.47,89,9324
8536,2022-12-10,90,12,603,402,108.53,25,5581
8537,2025-02-05,89,11,603,402,59.73,76,8927
8538,2023-03-31,96,2,605,400,297.32,8,9623
8539,2022-09-28,19,13,600,400,337.93,62,7580
8540,2022-11-16,49,3,601,403,144.3,88,4034
8541,2022-04-16,14,6,603,401,418.06,37,1964
8542,2024-10-31,28,11,601,401,457.02,61,10614
8543,2023-11-01,16,11,601,403,224.85,82,8038
8544,2022-04-04,45,3,605,400,347.5,33,8554
8545,2024-03-20,55,10,605,403,193.25,34,1959
8546,2022-12-21,60,5,600,402,455.05,34,1497
8547,2022-05-26,86,7,605,400,371.11,38,1386
8548,2024-05-02,81,7,604,402,476.88,8,7144
8549,2023-08-13,11,10,605,400,230.44,33,7085
8550,2024-05-08,48,7,601,400,130.82,45,9436
8551,2022-09-11,48,3,603,403,101.03,42,1478
8552,2024-05-27,73,8,600,400,278.86,98,2649
8553,2024-09-17,83,6,605,402,126.64,62,8028
8554,2025-01-13,19,4,601,401,287.31,92,6184
8555,2024-11-03,99,11,601,401,477.61,51,4946
8556,2024-08-12,57,15,602,403,406.4,17,11360
8557,2022-07-21,64,13,600,400,394.51,8,2901
8558,2023-03-03,47,12,601,400,300.46,22,8523
8559,2022-03-20,64,9,604,403,458.01,67,13004
8560,2024-12-10,76,11,601,403,160.53,20,14076
8561,2024-05-11,13,11,600,402,82.55,84,7152
8562,2022-11-19,31,14,603,403,155.81,85,8495
8563,2024-08-18,85,6,604,402,351.16,58,1383
8564,2025-03-31,97,11,605,403,113.32,10,14997
8565,2024-12-25,65,6,602,400,176.57,42,9997
8566,2022-01-30,99,12,604,402,356.51,34,8730
8567,2023-12-30,100,14,603,401,444.05,9,6181
8568,2023-08-14,46,1,604,403,259.36,38,7634
8569,2022-09-07,6,11,603,401,266.0,44,7736
8570,2024-11-25,48,10,600,401,187.71,54,6091
8571,2025-06-28,4,15,602,401,114.91,38,2455
8572,2022-09-21,35,6,600,402,355.76,82,4222
8573,2023-11-19,20,3,601,401,480.97,29,10621
8574,2024-11-03,37,6,604,402,138.39,45,3035
8575,2022-10-27,33,8,603,403,241.59,10,11126
8576,2022-02-01,24,2,601,402,259.73,34,12850
8577,2024-11-23,16,2,602,400,330.94,36,9121
8578,2023-04-29,33,5,604,402,323.64,47,5895
8579,2022-07-29,37,5,603,403,305.67,67,7088
8580,2023-10-17,31,10,600,402,322.29,37,1685
8581,2024-12-10,53,7,600,400,369.94,98,14727
8582,2022-05-17,74,2,604,401,201.36,97,3210
8583,2022-11-17,31,5,602,402,85.67,78,13094
8584,2022-12-04,11,8,604,403,380.97,84,6409
8585,2023-10-27,58,3,604,400,312.06,16,8591
8586,2025-01-29,97,13,600,400,145.29,91,3502
8587,2022-12-10,36,14,603,401,388.4,38,9572
8588,2022-07-07,95,15,603,400,118.96,40,12345
8589,2022-10-07,88,2,604,401,375.12,31,1247
8590,2024-11-08,14,6,601,400,341.81,23,5894
8591,2024-07-09,24,5,603,400,59.71,63,10525
8592,2024-08-22,60,14,602,403,364.44,98,8425
8593,2024-06-10,43,5,604,403,410.2,61,1086
8594,2022-08-08,58,12,604,402,309.03,35,8160
8595,2023-04-30,59,1,601,401,412.99,31,11925
8596,2022-05-14,53,3,604,400,80.25,88,11411
8597,2023-05-10,20,2,600,401,168.41,5,7862
8598,2024-07-10,8,6,602,400,341.7,91,7487
8599,2022-04-01,10,1,602,403,69.31,82,10244
8600,2022-06-13,27,4,605,400,440.08,38,10530
8601,2025-06-13,4,5,602,403,356.88,65,1062
8602,2024-05-29,59,1,602,400,386.38,86,509
8603,2022-12-07,46,1,601,402,133.03,25,4048
8604,2023-05-06,46,7,604,400,267.64,90,3560
8605,2024-02-23,97,12,603,402,457.86,64,10743
8606,2024-10-23,12,10,601,400,239.51,25,12524
8607,2024-07-11,57,7,602,401,192.31,71,3091
8608,2022-07-15,64,11,601,403,297.72,12,7432
8609,2022-07-31,43,15,604,401,314.17,75,8178
8610,2023-04-25,98,14,602,402,292.54,98,11956
8611,2024-12-14,6,8,604,401,465.16,96,14858
8612,2023-02-28,14,12,602,400,286.91,30,2463
8613,2022-06-08,83,9,603,400,402.22,69,11004
8614,2025-04-10,11,5,603,400,342.05,81,6833
8615,2022-01-31,70,5,600,401,133.78,88,3878
8616,2022-02-21,9,12,604,401,398.0,8,14340
8617,2023-02-13,91,6,600,400,402.19,88,8723
8618,2025-01-28,51,9,601,401,398.19,81,14994
8619,2022-06-02,23,3,604,403,122.7,38,10785
8620,2022-02-15,29,1,603,402,429.63,22,3905
8621,2022-06-20,42,9,602,403,106.71,89,1227
8622,2025-01-20,39,4,604,402,114.77,17,11346
8623,2024-05-14,66,13,605,400,235.33,67,1683
8624,2024-11-16,39,8,604,401,132.57,72,9347
8625,2023-08-01,60,6,604,400,307.38,7,1708
8626,2022-11-09,7,9,602,403,62.16,95,11786
8627,2023-03-22,58,11,604,402,380.43,65,7607
8628,2024-02-26,1,1,602,401,142.52,86,5733
8629,2024-03-17,87,12,605,402,87.73,98,12765
8630,2023-12-06,54,14,602,400,319.99,15,346
8631,2024-03-18,14,2,601,403,147.81,15,4294
8632,2025-03-02,58,12,602,401,488.47,56,12190
8633,2023-06-26,12,7,600,402,289.57,42,4397
8634,2025-01-21,60,7,601,401,432.82,12,3492
8635,2022-09-15,75,5,605,402,216.55,97,14674
8636,2025-01-06,55,9,602,402,78.82,62,4963
8637,2023-04-13,72,14,601,403,84.25,42,2381
8638,2023-06-16,86,11,603,400,221.67,42,5992
8639,2023-09-05,28,9,601,401,396.01,29,2064
8640,2022-04-30,13,10,604,401,102.85,93,14062
8641,2022-09-11,46,15,605,402,115.67,13,2978
8642,2023-05-04,85,14,605,400,485.28,83,10465
8643,2025-01-15,21,3,601,403,495.32,54,13695
8644,2024-11-19,90,6,603,401,482.37,57,5220
8645,2023-11-14,68,6,603,400,317.17,90,1450
8646,2024-01-15,69,6,601,402,358.62,9,5299
8647,2022-01-19,55,6,602,403,392.01,36,2447
8648,2022-02-22,57,2,602,403,431.26,39,1401
8649,2024-09-30,59,11,605,401,103.58,45,11753
8650,2022-08-06,44,4,602,403,99.44,60,11456
8651,2022-05-31,99,5,601,402,499.08,24,11186
8652,2023-09-01,31,2,605,402,261.14,55,7683
8653,2022-07-27,9,11,605,402,132.66,88,10465
8654,2024-10-16,73,3,605,401,142.62,53,526
8655,2023-11-18,100,1,601,402,312.22,80,3862
8656,2024-09-25,78,3,605,401,286.71,89,11164
8657,2024-10-30,60,7,603,400,192.0,38,11266
8658,2023-09-20,78,9,604,401,407.77,93,5450
8659,2024-02-04,38,15,600,400,336.95,99,13072
8660,2024-07-09,82,5,601,403,153.66,91,2292
8661,2023-12-31,18,4,602,400,479.21,30,13019
8662,2025-06-09,14,14,604,402,288.08,36,2042
8663,2022-06-11,70,4,605,401,399.84,71,2710
8664,2024-11-20,58,11,603,403,256.8,84,613
8665,2023-12-01,68,13,600,403,284.9,14,10299
8666,2023-11-09,61,8,601,400,101.79,33,14378
8667,2023-05-25,40,12,601,401,200.34,99,13213
8668,2023-07-20,36,6,603,402,113.76,72,507
8669,2023-04-22,56,10,604,403,340.21,22,4338
8670,2024-02-06,89,13,600,402,200.15,53,6270
8671,2024-11-08,73,1,601,403,235.54,39,925
8672,2022-12-30,50,3,603,403,244.4,47,8072
8673,2023-11-27,78,13,602,402,355.58,10,8843
8674,2022-10-24,48,12,601,402,129.08,13,11026
8675,2023-01-25,4,6,600,402,94.19,25,537
8676,2022-06-15,52,13,605,402,230.3,94,10125
8677,2023-05-17,83,15,605,403,343.69,71,14451
8678,2022-10-08,40,10,604,403,216.44,71,1329
8679,2023-01-05,14,9,605,402,395.17,39,10880
8680,2023-11-14,64,2,605,400,430.41,93,2152
8681,2022-05-24,29,8,603,403,407.61,17,5762
8682,2024-12-16,70,13,604,401,243.3,22,9786
8683,2022-03-17,5,3,601,400,159.67,44,7212
8684,2023-03-23,96,3,604,402,60.79,67,5376
8685,2022-04-01,68,6,601,400,254.42,90,4233
8686,2022-09-26,28,12,600,402,129.51,96,11795
8687,2025-04-01,58,12,603,401,214.76,37,4742
8688,2024-05-29,99,1,601,400,79.64,64,2592
8689,2024-04-07,20,12,600,402,166.78,9,5518
8690,2023-03-15,8,13,603,400,342.43,83,9462
8691,2024-10-20,100,13,605,402,353.37,49,8433
8692,2022-08-30,97,2,601,403,58.02,72,4205
8693,2022-05-11,96,1,604,402,235.57,56,10242
8694,2024-03-12,36,12,600,400,55.79,44,8937
8695,2022-09-20,31,8,602,400,234.09,62,8946
8696,2022-02-20,31,3,601,400,191.11,95,10458
8697,2024-12-10,57,12,603,401,378.97,38,12689
8698,2023-07-28,25,10,604,401,85.39,92,10775
8699,2024-02-14,1,7,602,403,410.32,53,4869
8700,2023-04-04,40,15,601,402,353.86,63,6329
8701,2024-03-13,38,5,601,402,58.12,32,8017
8702,2025-04-05,32,9,603,402,85.56,58,14069
8703,2024-11-21,92,6,603,400,221.31,90,3986
8704,2025-02-01,43,1,603,400,371.28,49,14049
8705,2025-04-08,78,4,605,400,88.66,63,9395
8706,2024-07-06,30,14,602,402,402.08,50,13844
8707,2023-11-14,92,15,601,402,362.75,91,2373
8708,2024-01-16,82,5,601,401,50.79,70,7567
8709,2023-04-17,56,5,605,403,68.34,80,675
8710,2025-01-14,42,3,604,402,198.23,8,11279
8711,2023-12-23,88,2,600,401,308.82,40,4927
8712,2022-08-25,75,13,603,403,490.1,81,233
8713,2023-05-23,65,13,604,400,151.48,56,14293
8714,2022-08-27,36,1,600,402,58.65,31,4494
8715,2024-12-19,24,14,602,403,112.37,83,6656
8716,2022-04-27,17,10,600,401,334.09,100,5199
8717,2022-01-07,25,4,601,400,243.96,45,5065
8718,2025-01-03,18,12,602,402,216.94,69,5604
8719,2024-01-27,7,1,604,400,53.9,49,14147
8720,2022-08-26,52,2,600,401,113.42,91,9933
8721,2024-08-10,24,14,602,403,446.36,34,10225
8722,2023-01-11,61,14,601,403,286.53,35,5498
8723,2024-11-08,66,4,603,403,340.46,39,1025
8724,2024-07-06,85,6,601,401,471.52,63,2893
8725,2023-03-03,55,11,605,401,422.32,46,14646
8726,2024-11-25,79,7,602,403,309.97,70,12827
8727,2022-11-23,10,12,603,403,187.54,75,192
8728,2023-03-16,20,15,601,400,167.87,49,13544
8729,2023-02-14,95,11,605,403,364.11,68,1182
8730,2024-06-18,26,14,602,401,197.75,92,13623
8731,2022-10-04,36,8,600,401,98.3,71,8812
8732,2023-07-08,31,6,603,402,197.85,31,2845
8733,2022-07-30,71,9,605,400,344.32,16,781
8734,2023-05-04,5,13,600,401,265.58,95,3218
8735,2025-01-06,8,6,601,402,379.73,39,12412
8736,2024-07-31,22,7,603,403,452.01,92,11680
8737,2024-06-03,89,11,601,402,66.3,5,2500
8738,2024-01-02,56,7,600,401,212.97,57,6214
8739,2025-03-25,83,4,600,402,222.81,52,13917
8740,2022-10-10,26,2,604,401,316.1,56,3922
8741,2022-08-10,99,2,604,400,421.57,54,12911
8742,2025-03-20,82,1,602,400,212.63,45,5131
8743,2022-08-19,61,6,600,402,124.46,74,7415
8744,2023-11-20,100,7,603,400,468.52,68,9022
8745,2023-11-21,42,13,601,400,225.57,51,14322
8746,2023-05-23,77,6,605,400,401.91,96,14581
8747,2024-08-31,37,10,601,402,141.15,65,4623
8748,2025-06-22,44,1,600,400,377.9,74,2389
8749,2023-08-12,29,13,604,402,85.25,68,10838
8750,2022-06-03,74,10,601,401,209.27,24,7859
8751,2023-06-08,31,2,604,401,89.34,15,3447
8752,2023-01-28,38,4,602,401,66.65,15,11673
8753,2022-11-14,44,4,602,403,198.65,85,7804
8754,2022-05-02,2,1,604,400,304.89,69,13447
8755,2024-06-05,6,7,605,401,101.56,57,13130
8756,2022-06-30,95,14,605,400,347.75,58,7019
8757,2025-06-07,69,15,605,400,119.07,50,9301
8758,2025-01-23,27,4,600,400,309.0,10,14485
8759,2022-08-12,40,3,601,400,253.4,8,980
8760,2022-01-29,98,9,603,400,162.31,35,3078
8761,2024-04-15,83,12,601,400,320.53,44,7658
8762,2024-04-18,37,11,602,400,399.13,8,2681
8763,2023-10-19,80,6,600,403,222.44,16,13536
8764,2022-01-08,61,10,605,401,296.85,13,1256
8765,2022-04-17,26,11,604,402,258.85,76,14866
8766,2025-06-29,41,7,601,403,480.41,74,4852
8767,2022-05-08,63,8,602,401,453.51,85,960
8768,2025-06-26,11,5,601,400,171.08,85,10427
8769,2022-08-05,21,4,603,401,325.91,70,1819
8770,2023-07-08,82,11,603,400,357.46,40,12038
8771,2023-02-16,40,10,605,400,75.73,44,13525
8772,2025-03-22,1,8,604,401,182.22,55,2979
8773,2023-04-22,87,2,600,403,438.95,31,6372
8774,2022-08-31,96,4,601,403,208.63,5,7213
8775,2023-07-12,43,13,604,401,99.09,95,4779
8776,2022-04-24,34,1,601,401,345.21,93,4296
8777,2022-01-23,31,15,601,403,213.98,18,6175
8778,2023-09-13,23,13,604,402,441.98,44,8257
8779,2023-09-22,96,12,600,402,310.06,92,9350
8780,2022-02-11,14,13,600,400,320.95,93,14782
8781,2024-06-03,18,3,602,401,447.11,91,5259
8782,2024-06-09,38,8,601,400,118.75,69,2434
8783,2024-10-27,18,7,601,403,247.77,83,9503
8784,2024-10-02,10,3,605,403,297.88,42,7314
8785,2025-05-02,9,15,602,400,171.5,25,196
8786,2023-07-02,99,13,603,401,472.65,80,9206
8787,2023-06-28,36,14,605,401,170.74,71,3919
8788,2024-03-20,47,13,605,401,451.64,62,12495
8789,2024-02-22,46,7,600,401,286.85,23,7828
8790,2024-12-17,91,14,601,401,235.49,6,12507
8791,2023-09-01,95,10,601,403,248.88,47,2267
8792,2024-07-10,97,7,603,401,65.71,87,14616
8793,2024-10-28,52,2,604,400,458.92,13,5702
8794,2025-03-12,33,11,602,403,475.4,43,11563
8795,2023-04-01,77,14,600,401,425.84,86,14416
8796,2023-02-05,42,13,605,401,158.07,26,4492
8797,2025-04-29,27,13,602,400,394.21,55,1217
8798,2025-02-05,73,5,604,400,417.6,82,8783
8799,2022-10-29,24,1,604,401,453.14,54,4234
8800,2023-09-01,62,3,603,401,62.7,57,9770
8801,2023-06-22,55,4,600,403,98.05,91,10196
8802,2022-02-22,3,14,603,403,480.22,49,10918
8803,2024-06-06,72,5,605,401,147.47,61,1199
8804,2022-03-13,40,3,605,400,225.34,40,3393
8805,2023-06-15,54,10,601,401,65.57,5,4332
8806,2022-07-22,31,15,605,403,348.42,15,12452
8807,2025-04-28,55,7,605,402,204.05,43,3455
8808,2024-05-03,83,14,600,401,52.38,68,12125
8809,2024-01-08,14,13,600,403,353.59,53,10376
8810,2022-07-29,37,3,601,403,124.32,59,6179
8811,2024-01-12,13,5,600,402,138.36,52,5675
8812,2023-07-02,1,5,600,402,98.81,38,11212
8813,2023-08-28,14,1,602,401,152.81,36,8289
8814,2023-12-12,88,15,601,402,242.32,32,14500
8815,2024-03-28,16,3,604,400,304.54,26,10001
8816,2025-01-18,35,15,603,400,394.31,8,1479
8817,2023-11-16,5,4,603,401,191.19,22,7999
8818,2024-05-06,95,8,602,402,461.59,59,6580
8819,2024-02-05,9,9,602,402,485.84,70,3319
8820,2025-06-09,20,12,604,402,317.53,36,7356
8821,2022-02-13,17,12,600,402,333.66,32,3725
8822,2022-08-03,31,3,602,400,327.18,26,10434
8823,2023-04-02,48,12,604,402,234.87,69,8237
8824,2023-11-14,30,11,600,403,195.99,31,4532
8825,2023-08-14,7,13,603,403,379.16,30,1088
8826,2023-01-07,27,4,603,401,403.34,5,2206
8827,2022-12-23,35,5,605,400,80.39,68,8583
8828,2023-12-26,7,13,605,403,400.17,36,3038
8829,2023-06-07,6,6,605,400,68.54,6,13304
8830,2023-02-24,15,13,604,400,169.91,45,1963
8831,2022-06-14,36,11,605,402,191.9,53,11574
8832,2024-02-27,67,6,603,402,198.68,63,12995
8833,2022-05-02,6,6,602,402,59.63,74,3679
8834,2022-10-04,12,11,601,402,217.99,54,11995
8835,2022-03-06,55,11,603,401,186.51,72,13936
8836,2024-07-26,78,14,600,401,282.29,15,9750
8837,2024-06-22,80,14,602,400,433.87,53,2339
8838,2025-03-25,38,2,601,403,178.87,10,11083
8839,2023-07-19,18,1,603,401,102.26,94,2861
8840,2022-02-12,89,11,604,402,404.79,52,3157
8841,2024-09-16,54,9,605,401,135.33,54,7075
8842,2022-06-20,72,10,601,400,463.19,71,1912
8843,2023-04-04,30,9,603,403,366.61,29,7483
8844,2025-04-21,79,10,600,402,349.47,10,7661
8845,2025-01-12,16,9,604,403,66.76,5,3798
8846,2023-03-23,9,9,602,401,291.23,5,6937
8847,2024-08-31,79,4,601,400,209.54,25,873
8848,2023-09-26,22,4,602,401,238.28,21,873
8849,2024-12-09,7,2,601,400,222.72,44,5601
8850,2024-10-08,32,5,604,400,404.46,98,6597
8851,2024-12-09,16,5,605,400,145.67,8,8634
8852,2022-12-22,69,10,605,400,441.14,45,7723
8853,2023-10-25,100,4,604,402,471.26,76,2375
8854,2023-01-01,76,10,601,402,263.09,46,11624
8855,2023-03-05,28,3,604,400,97.21,14,7229
8856,2023-02-27,2,9,601,403,144.56,78,401
8857,2023-11-13,33,12,605,402,471.19,91,13841
8858,2025-04-25,90,8,600,401,247.55,49,8957
8859,2025-02-24,55,7,600,401,405.82,75,12287
8860,2022-02-24,69,11,605,400,434.55,64,1935
8861,2022-03-27,83,15,601,402,141.55,21,5969
8862,2024-01-16,62,8,604,403,219.76,8,2140
8863,2024-09-17,3,1,602,400,211.48,74,2813
8864,2023-10-25,73,6,601,402,354.27,69,11795
8865,2024-10-28,69,7,604,402,435.53,35,6329
8866,2024-05-14,81,1,605,402,191.65,99,8973
8867,2022-09-07,36,2,605,401,338.74,97,10932
8868,2022-04-01,57,12,601,400,82.02,6,4615
8869,2023-09-08,35,3,604,401,175.03,57,2074
8870,2025-06-24,69,12,600,400,279.82,90,379
8871,2025-04-26,64,4,605,401,154.98,29,2188
8872,2022-05-05,56,8,605,403,127.53,65,13089
8873,2024-03-23,10,4,602,401,127.61,95,887
8874,2022-06-30,15,2,603,400,339.97,18,7477
8875,2023-05-07,34,13,603,403,151.56,46,5047
8876,2024-09-08,96,15,600,403,323.43,39,4542
8877,2022-06-01,49,8,600,400,198.26,87,11851
8878,2024-01-08,82,8,602,403,123.48,100,4767
8879,2024-05-30,91,14,603,402,484.99,43,13709
8880,2023-07-24,77,9,602,402,391.68,38,2856
8881,2023-04-19,46,1,600,400,282.16,70,9920
8882,2022-11-13,83,11,601,403,425.11,55,9851
8883,2023-12-02,32,10,600,400,469.42,10,7144
8884,2023-02-10,32,10,600,401,344.17,26,8900
8885,2023-03-09,58,2,600,400,472.31,9,6010
8886,2025-01-09,17,4,605,403,342.91,53,3879
8887,2024-12-13,56,10,601,400,464.58,32,421
8888,2023-12-19,95,5,603,402,418.01,28,2617
8889,2025-02-06,50,5,600,400,66.08,17,3180
8890,2022-10-06,2,11,602,402,244.29,50,13355
8891,2024-04-20,50,8,605,400,128.76,34,533
8892,2023-06-08,54,8,600,403,372.13,52,6561
8893,2023-01-21,72,5,602,402,348.56,72,10384
8894,2024-01-17,20,1,605,400,271.26,63,1106
8895,2024-11-18,95,14,602,403,452.55,95,1480
8896,2024-06-21,59,5,605,402,314.98,41,9954
8897,2025-04-18,18,1,605,402,197.03,66,3624
8898,2023-09-21,89,14,604,401,228.47,91,8695
8899,2022-01-01,52,8,604,403,274.41,38,8900
8900,2024-11-12,42,14,604,400,274.18,86,13811
8901,2023-02-27,47,14,604,400,382.1,10,10702
8902,2023-12-30,77,10,600,402,318.81,6,8796
8903,2024-09-26,90,4,603,401,283.21,79,8112
8904,2024-04-19,43,13,601,401,182.5,69,11261
8905,2023-03-15,42,5,604,403,274.57,66,7244
8906,2022-02-09,66,10,603,402,223.83,37,12699
8907,2023-04-18,37,6,601,400,258.11,67,9131
8908,2024-04-10,78,14,605,402,110.91,87,12290
8909,2024-04-19,41,4,605,403,276.36,98,3541
8910,2023-05-14,28,2,605,400,69.53,52,6040
8911,2024-01-03,48,4,604,401,50.29,44,5372
8912,2024-08-13,61,7,601,402,250.52,17,327
8913,2024-02-27,40,8,604,401,334.63,33,13485
8914,2022-11-04,79,5,603,401,224.08,26,5727
8915,2022-08-14,17,11,602,401,106.45,6,11398
8916,2022-01-04,14,1,602,400,142.27,81,12643
8917,2024-05-04,23,2,605,402,469.42,30,6226
8918,2023-02-25,33,1,602,401,194.95,70,13718
8919,2025-02-24,71,14,600,400,392.29,54,5231
8920,2023-05-03,96,13,602,402,54.66,54,13614
8921,2025-01-21,83,10,601,401,280.9,77,4640
8922,2023-11-12,1,14,600,402,460.75,37,8355
8923,2024-10-07,33,7,602,401,496.23,21,3162
8924,2024-09-19,15,2,600,402,216.36,43,8903
8925,2022-09-05,62,2,602,402,341.98,69,8198
8926,2023-10-07,31,6,605,402,487.11,84,12728
8927,2022-04-23,29,15,605,402,136.79,8,7299
8928,2023-06-25,17,4,603,403,295.17,70,12010
8929,2023-04-23,58,5,601,403,335.49,71,6319
8930,2023-02-19,59,15,604,403,98.76,43,14237
8931,2023-08-07,21,12,602,403,165.2,22,2785
8932,2022-03-30,93,7,602,402,465.09,42,6194
8933,2024-06-11,73,2,600,400,474.52,84,11074
8934,2023-12-25,45,3,601,403,105.3,51,8472
8935,2023-02-15,69,10,600,401,217.9,27,10953
8936,2022-11-25,55,14,601,400,120.7,62,13268
8937,2023-03-21,72,15,604,403,320.92,7,12402
8938,2024-07-05,15,4,604,400,407.4,30,11430
8939,2022-10-19,60,9,602,401,300.57,25,11359
8940,2024-06-20,76,15,603,403,248.29,71,11764
8941,2023-09-24,65,8,604,401,401.28,42,4455
8942,2023-04-22,40,8,604,400,141.53,97,135
8943,2022-03-12,60,9,604,400,438.72,84,8228
8944,2024-01-04,13,10,601,401,314.94,42,1412
8945,2025-05-15,82,8,604,401,312.62,85,13527
8946,2023-08-31,86,4,602,400,124.07,43,8805
8947,2023-04-05,66,8,600,400,254.88,5,660
8948,2025-01-28,76,9,600,403,492.53,53,4943
8949,2023-04-11,76,7,602,403,271.88,78,4002
8950,2023-05-21,22,9,605,401,465.84,10,7818
8951,2022-08-28,51,11,604,402,141.95,15,10175
8952,2025-01-18,34,6,605,402,183.51,57,2088
8953,2023-02-07,78,12,600,402,228.32,87,4835
8954,2022-05-16,19,4,605,402,360.24,13,14709
8955,2023-09-07,19,9,603,400,400.92,95,7323
8956,2025-04-05,85,6,605,400,224.97,89,11177
8957,2025-04-17,73,6,603,403,174.64,93,10670
8958,2024-03-31,5,9,600,401,280.43,10,13385
8959,2024-01-17,41,10,601,403,488.77,60,11414
8960,2022-04-02,79,14,600,401,482.87,14,4107
8961,2022-12-20,6,14,602,402,350.94,18,9807
8962,2024-04-02,2,15,603,403,435.7,63,10503
8963,2022-03-05,99,3,604,400,294.61,15,14060
8964,2023-03-08,55,13,605,402,160.8,45,2678
8965,2023-12-03,73,6,602,401,339.7,44,13365
8966,2023-04-09,70,14,604,401,285.08,29,11523
8967,2023-09-14,100,1,603,402,476.41,96,4578
8968,2024-08-08,77,11,604,403,357.23,6,14040
8969,2025-05-11,80,1,604,403,146.57,84,3944
8970,2022-05-19,77,12,604,402,130.56,76,6252
8971,2024-01-10,67,4,600,401,208.02,52,13185
8972,2023-07-13,44,8,600,401,443.63,38,13730
8973,2022-02-12,99,11,601,403,379.46,98,13636
8974,2023-03-24,96,6,600,401,72.66,15,14617
8975,2024-12-29,53,11,600,402,406.58,74,195
8976,2022-03-05,10,10,603,402,93.09,80,6726
8977,2022-07-04,5,11,603,401,191.56,12,7132
8978,2025-02-20,42,2,603,401,169.53,28,5726
8979,2022-11-25,46,12,601,403,96.69,97,11707
8980,2024-05-10,21,12,601,403,87.31,15,10022
8981,2023-02-21,67,6,602,402,352.45,48,4961
8982,2022-11-01,17,10,603,400,484.47,15,9298
8983,2025-01-14,25,6,604,401,379.97,9,7396
8984,2022-08-12,48,5,605,403,328.99,97,9201
8985,2023-05-23,30,11,603,400,306.47,53,1179
8986,2025-05-16,32,3,605,400,205.91,33,892
8987,2023-10-13,86,13,604,402,422.64,15,11663
8988,2022-04-03,83,12,601,402,145.36,97,1590
8989,2024-11-11,54,8,605,401,408.33,13,7890
8990,2023-07-28,37,14,602,402,156.23,93,13762
8991,2024-11-11,23,8,600,403,108.07,8,5259
8992,2023-02-02,25,3,600,401,236.92,98,132
8993,2024-07-18,44,2,603,400,68.21,28,5022
8994,2023-10-17,78,9,605,403,371.87,31,13994
8995,2023-04-04,21,7,605,402,457.04,75,11635
8996,2024-03-21,66,9,604,400,449.23,61,9949
8997,2022-08-26,39,7,602,400,340.72,72,10677
8998,2025-05-01,9,3,605,400,451.95,35,7394
8999,2024-02-10,72,1,602,400,349.18,36,6807
9000,2022-01-03,57,1,605,402,176.61,16,9464
9001,2022-08-07,23,2,601,400,118.0,40,8234
9002,2022-07-02,39,3,603,400,417.69,61,8129
9003,2024-07-21,96,7,604,400,378.68,13,9965
9004,2025-03-27,80,11,602,401,164.24,78,4327
9005,2025-01-28,45,2,605,400,445.39,79,1867
9006,2023-12-30,23,3,605,401,493.6,16,996
9007,2023-08-03,44,6,603,401,261.53,5,9329
9008,2022-03-24,53,2,601,403,496.28,10,10234
9009,2023-03-19,93,2,605,403,334.55,53,1595
9010,2023-04-23,43,14,602,401,78.73,54,9168
9011,2022-02-11,97,4,602,401,381.49,33,7521
9012,2023-03-02,51,3,604,401,356.82,86,2412
9013,2023-01-24,61,5,605,402,106.83,74,13115
9014,2022-12-04,37,2,605,400,97.5,73,3397
9015,2023-12-03,28,8,603,402,218.29,49,2473
9016,2023-05-18,93,9,603,400,478.09,33,8444
9017,2022-03-16,46,12,603,401,330.84,95,14291
9018,2024-02-20,28,2,603,401,131.3,75,12215
9019,2023-10-20,14,11,602,401,398.49,85,760
9020,2023-12-29,43,11,601,400,94.75,54,3008
9021,2025-06-04,60,15,604,403,372.68,84,12541
9022,2025-06-24,61,4,601,400,277.31,38,7245
9023,2022-05-16,73,13,604,402,241.34,97,1090
9024,2024-11-05,45,10,604,401,115.13,68,14141
9025,2025-06-22,64,2,602,401,409.08,73,14734
9026,2023-02-19,96,8,601,402,260.5,95,6566
9027,2025-05-27,64,13,602,403,79.88,58,4809
9028,2022-02-27,39,7,605,402,376.4,29,12016
9029,2024-07-12,79,6,603,402,317.41,26,13350
9030,2023-07-02,33,6,605,402,496.6,75,14113
9031,2022-09-17,20,15,605,401,78.35,96,13429
9032,2025-01-03,3,8,603,402,230.54,48,6478
9033,2023-06-30,13,15,605,402,366.15,68,11868
9034,2022-12-27,38,4,605,402,463.96,80,3074
9035,2023-05-27,83,6,602,403,135.23,32,13071
9036,2022-03-06,39,1,605,400,442.17,40,7352
9037,2023-01-12,18,8,600,400,133.29,22,9957
9038,2024-12-09,53,2,602,400,430.78,76,437
9039,2024-04-04,51,4,601,403,499.83,79,9693
9040,2022-12-27,59,1,600,403,273.19,65,5978
9041,2022-11-28,23,6,603,400,495.49,88,11276
9042,2025-01-11,70,10,602,400,188.5,63,10825
9043,2024-11-14,72,14,603,400,330.83,33,12062
9044,2023-04-16,90,9,602,402,313.89,68,7989
9045,2023-10-27,91,3,600,402,474.58,76,3186
9046,2022-05-18,15,10,604,400,206.88,43,370
9047,2024-01-04,39,10,602,401,240.24,5,13076
9048,2025-01-22,62,15,600,403,194.82,85,7072
9049,2024-06-08,25,12,605,403,336.11,61,3573
9050,2024-11-22,93,8,604,401,217.87,8,10145
9051,2024-01-15,55,13,600,401,149.02,18,10186
9052,2023-03-17,35,7,605,401,111.25,84,1609
9053,2022-05-25,82,6,603,401,239.23,62,3567
9054,2022-08-17,14,7,602,402,433.74,56,4046
9055,2025-01-13,8,6,601,402,129.25,72,14668
9056,2023-07-02,43,11,601,400,69.15,34,8894
9057,2022-04-05,71,7,600,400,336.54,84,9990
9058,2023-07-10,89,6,602,400,250.11,20,13443
9059,2023-05-19,23,5,602,400,265.07,17,1196
9060,2025-04-29,64,13,604,402,484.19,29,7659
9061,2024-02-01,71,4,603,402,228.65,35,4454
9062,2024-07-26,72,9,604,400,383.64,65,11956
9063,2022-11-20,5,10,601,402,154.17,92,12502
9064,2024-08-12,8,4,601,400,133.39,49,5173
9065,2025-04-15,56,7,605,402,393.61,32,11101
9066,2025-01-01,42,12,602,400,150.68,78,9939
9067,2022-03-30,27,9,602,403,172.86,15,12411
9068,2023-01-27,23,5,602,402,433.5,25,4230
9069,2024-09-27,11,11,601,401,357.58,12,3283
9070,2023-01-18,7,9,605,403,395.61,52,7075
9071,2025-03-23,67,6,605,402,142.52,38,577
9072,2022-04-07,46,3,604,401,66.5,36,9129
9073,2022-08-27,45,14,601,400,382.32,100,8171
9074,2025-02-22,84,4,603,402,452.92,90,14349
9075,2023-05-08,52,12,602,403,346.11,70,13073
9076,2023-12-06,59,2,601,400,253.44,12,13920
9077,2023-04-14,97,6,602,403,383.67,62,2067
9078,2022-04-15,10,11,603,400,81.06,83,1934
9079,2023-06-28,72,9,603,402,249.87,60,5031
9080,2022-01-07,31,14,605,402,155.18,75,10063
9081,2023-01-22,61,13,604,403,378.63,22,10702
9082,2025-06-26,69,10,601,402,152.99,12,1237
9083,2025-02-15,31,5,600,400,282.9,92,5763
9084,2022-01-10,29,13,600,401,454.34,21,12331
9085,2023-01-27,24,4,601,402,287.4,95,4920
9086,2023-03-29,88,3,604,403,388.23,78,13729
9087,2025-02-07,90,4,600,402,370.57,72,13205
9088,2022-11-10,46,8,601,402,409.29,54,14269
9089,2024-05-05,45,9,605,402,220.03,92,804
9090,2025-06-24,55,8,604,400,120.96,46,5042
9091,2025-05-22,8,15,604,403,216.54,8,8102
9092,2022-04-30,63,9,601,402,388.89,79,9014
9093,2023-06-12,42,14,601,403,356.18,25,5669
9094,2024-04-14,46,5,602,400,64.64,11,4459
9095,2023-11-30,59,10,601,403,193.48,100,5371
9096,2024-01-13,59,13,605,401,311.52,49,10674
9097,2023-01-04,100,15,602,402,403.5,71,4848
9098,2025-06-05,75,9,602,401,373.56,46,14693
9099,2023-01-13,87,9,603,400,275.1,46,10788
9100,2023-06-19,68,12,601,403,141.41,31,5477
9101,2025-03-13,78,9,605,403,82.93,99,6282
9102,2023-01-18,28,14,605,401,219.16,65,4743
9103,2024-11-29,34,3,600,401,305.92,74,11395
9104,2022-04-27,37,11,605,400,334.4,65,12299
9105,2023-09-09,63,10,602,402,459.11,49,5398
9106,2022-11-09,28,13,603,401,180.99,15,1242
9107,2024-03-09,12,12,602,400,102.84,47,1657
9108,2024-08-03,99,8,600,400,163.62,83,9551
9109,2022-12-10,68,14,601,403,50.95,33,7477
9110,2023-07-09,56,11,602,400,286.14,36,6382
9111,2024-10-05,68,13,602,401,152.69,65,13074
9112,2023-03-20,19,10,605,400,231.81,89,6905
9113,2023-03-20,1,9,605,402,282.38,66,8396
9114,2022-11-19,66,13,602,403,65.91,97,11507
9115,2023-02-03,42,8,601,400,128.14,82,2977
9116,2023-10-27,41,6,602,403,230.05,21,8120
9117,2025-04-19,96,11,603,400,491.47,18,185
9118,2025-05-12,99,14,605,403,419.15,51,3655
9119,2023-01-12,53,11,601,402,494.02,6,7979
9120,2022-03-26,74,15,602,403,134.33,45,10449
9121,2023-11-25,32,5,600,400,120.13,84,14970
9122,2023-01-26,56,11,604,400,69.68,36,960
9123,2022-02-16,24,6,603,402,260.3,50,10671
9124,2025-03-02,13,12,601,401,71.84,54,12888
9125,2025-05-04,22,9,601,401,125.71,77,2565
9126,2025-06-06,20,14,604,403,376.09,83,4192
9127,2025-03-02,39,5,603,403,387.11,40,3173
9128,2024-05-24,78,12,602,402,125.95,34,9402
9129,2023-02-24,23,7,600,401,497.66,97,2367
9130,2024-09-02,75,1,603,402,452.84,77,6497
9131,2023-10-23,57,2,602,403,449.66,34,4645
9132,2025-06-26,22,5,604,400,329.36,22,3132
9133,2023-05-19,10,15,602,401,141.2,99,3523
9134,2022-04-09,76,15,601,401,104.29,32,5441
9135,2024-06-09,25,12,604,403,135.13,53,12736
9136,2024-05-18,34,6,601,402,143.98,26,590
9137,2022-10-24,46,3,601,402,299.17,60,6212
9138,2025-03-03,38,14,600,403,442.94,8,13916
9139,2025-05-07,92,6,600,402,419.28,23,12645
9140,2023-02-14,93,6,604,403,176.45,77,7627
9141,2025-01-09,63,13,601,401,314.42,10,1900
9142,2022-05-07,35,4,603,403,260.62,71,3695
9143,2024-06-24,38,10,605,402,466.86,65,6672
9144,2023-01-28,94,2,600,401,375.65,31,10208
9145,2024-06-20,33,14,600,402,235.81,70,13639
9146,2025-03-19,97,12,604,403,51.16,15,9858
9147,2025-05-18,68,4,604,403,247.61,49,2509
9148,2022-03-19,36,10,603,403,274.62,94,386
9149,2024-04-26,16,13,603,400,403.16,83,11686
9150,2022-02-16,3,3,604,402,255.21,64,14487
9151,2023-10-20,81,10,604,400,434.99,82,13416
9152,2025-04-09,59,4,603,402,220.94,68,9189
9153,2022-07-11,79,6,601,400,382.55,44,11669
9154,2024-10-15,26,1,602,403,187.86,65,12571
9155,2022-03-16,4,11,603,403,358.18,51,3329
9156,2023-06-29,73,8,600,400,118.39,55,10268
9157,2025-05-06,61,14,602,401,197.24,9,1096
9158,2025-01-01,66,5,601,400,268.64,9,687
9159,2023-04-08,80,7,605,403,343.13,92,7936
9160,2024-05-28,22,10,601,402,456.73,64,2829
9161,2024-01-10,100,9,605,403,440.75,64,12133
9162,2022-12-08,64,13,602,403,229.72,53,7366
9163,2022-05-06,65,12,600,402,442.85,70,11096
9164,2023-10-17,49,15,604,402,234.11,57,3876
9165,2023-09-13,18,5,604,400,373.83,18,6198
9166,2024-08-04,63,1,600,403,124.26,51,13016
9167,2024-04-07,64,15,604,403,99.27,17,10164
9168,2023-12-15,100,12,602,400,172.24,35,8225
9169,2022-09-12,22,6,601,403,245.19,20,8232
9170,2024-05-25,71,11,602,401,190.87,97,5874
9171,2023-01-31,18,1,601,403,401.74,34,7660
9172,2024-02-04,87,11,603,400,180.93,95,10763
9173,2024-05-30,86,11,602,402,337.9,63,11837
9174,2023-12-11,15,4,605,403,342.49,66,7964
9175,2024-02-22,27,6,600,402,392.01,27,4908
9176,2024-03-24,11,7,600,402,110.27,49,6207
9177,2022-08-04,2,6,605,402,462.26,5,12130
9178,2022-05-16,41,14,602,403,261.96,20,336
9179,2022-03-21,80,6,601,402,338.55,5,11948
9180,2022-08-25,65,11,602,400,231.19,51,5905
9181,2024-06-08,47,7,603,400,159.8,91,6336
9182,2023-11-04,32,7,605,403,86.74,11,10509
9183,2024-02-07,47,9,605,402,130.33,55,10959
9184,2025-02-18,42,2,605,401,85.75,75,7844
9185,2023-05-01,21,14,605,403,190.86,43,477
9186,2025-04-24,80,11,603,403,189.81,6,8277
9187,2024-01-30,65,7,605,401,249.53,25,10624
9188,2022-05-19,11,7,604,403,97.64,94,2767
9189,2022-02-19,72,10,605,402,273.44,72,12573
9190,2024-10-12,30,13,604,400,116.17,98,4020
9191,2023-11-02,52,14,605,403,336.3,77,12976
9192,2024-09-29,81,7,601,402,75.84,12,8712
9193,2024-05-10,31,14,605,400,140.3,18,8308
9194,2024-05-22,33,8,603,400,153.55,89,1181
9195,2022-01-04,28,1,601,403,172.16,89,6919
9196,2022-11-25,73,12,603,401,376.74,11,11544
9197,2023-01-15,58,2,600,403,119.05,21,11571
9198,2023-05-06,41,7,605,400,412.84,31,9792
9199,2022-04-01,19,9,605,402,315.98,18,13473
9200,2023-09-20,69,2,603,400,415.99,43,8493
9201,2022-08-13,85,9,601,401,492.29,84,549
9202,2023-08-23,87,5,604,400,233.74,53,7753
9203,2023-06-06,83,6,603,403,54.56,92,8528
9204,2024-11-21,82,6,602,400,308.36,44,11948
9205,2022-02-24,36,6,600,400,155.59,83,14046
9206,2024-04-11,73,14,603,400,437.49,67,9865
9207,2022-07-02,71,10,604,403,279.09,76,6062
9208,2023-11-28,97,4,601,403,364.7,18,13990
9209,2023-06-17,59,4,604,400,149.84,100,10970
9210,2023-04-17,85,5,603,402,119.01,88,13362
9211,2024-07-21,70,10,602,403,305.35,7,6883
9212,2024-10-26,94,1,601,400,240.7,98,12770
9213,2025-03-16,64,14,605,403,196.15,9,3718
9214,2022-03-19,52,8,602,402,88.6,51,2264
9215,2025-06-06,51,7,600,400,484.97,71,4366
9216,2022-08-19,29,9,601,400,443.37,61,6431
9217,2022-06-15,55,5,605,401,482.38,62,6076
9218,2025-01-20,19,12,602,402,395.76,50,323
9219,2024-03-09,53,10,602,403,371.58,53,9025
9220,2024-04-08,22,1,600,400,378.91,38,1057
9221,2023-10-22,14,14,604,400,297.06,11,1508
9222,2022-06-30,28,9,604,403,145.73,79,4282
9223,2025-03-02,11,8,604,402,351.21,39,9563
9224,2025-02-10,35,10,604,403,144.86,19,7650
9225,2022-04-26,81,9,601,401,346.15,33,8827
9226,2022-02-14,33,6,600,400,250.7,87,13023
9227,2023-04-28,56,13,600,403,108.16,82,2558
9228,2023-09-05,95,14,600,401,184.37,92,8115
9229,2024-03-06,23,5,600,401,416.74,99,2076
9230,2024-10-29,28,9,603,402,287.28,48,11142
9231,2023-04-20,40,11,600,402,365.12,90,6805
9232,2024-04-03,55,3,602,403,462.2,49,4403
9233,2022-11-16,47,4,603,402,437.51,39,8690
9234,2023-06-06,49,4,605,401,304.61,72,10751
9235,2023-09-02,36,5,604,401,105.31,77,2350
9236,2022-11-20,33,11,602,402,262.99,46,1419
9237,2022-11-21,78,9,602,401,336.18,26,14955
9238,2022-09-27,65,12,605,400,166.72,38,3511
9239,2022-03-16,56,11,604,403,168.39,51,6092
9240,2022-03-08,97,5,605,401,111.14,95,6965
9241,2022-10-03,60,15,600,402,452.23,96,1387
9242,2023-05-24,8,8,600,400,64.01,27,8937
9243,2023-08-12,74,7,605,402,434.07,13,14491
9244,2025-04-13,36,9,603,400,403.67,44,4245
9245,2023-08-07,45,3,602,402,199.83,64,5033
9246,2025-01-20,43,6,603,401,390.41,38,12876
9247,2022-03-01,83,14,604,400,445.42,47,10721
9248,2023-06-28,61,13,603,400,210.44,39,11375
9249,2025-05-11,63,2,600,400,345.99,11,1154
9250,2022-06-23,26,2,605,402,266.25,64,9414
9251,2024-12-31,93,10,602,403,342.91,10,3604
9252,2023-10-03,63,15,604,403,226.28,26,5112
9253,2023-10-26,51,3,601,402,496.77,40,579
9254,2022-05-21,60,3,600,400,498.36,44,7573
9255,2022-10-06,45,10,600,401,479.35,20,13275
9256,2025-01-26,23,14,600,403,489.02,90,1524
9257,2024-09-30,23,12,603,400,419.22,25,194
9258,2024-12-19,29,10,600,402,382.54,21,9521
9259,2022-12-17,17,10,605,402,419.88,40,7795
9260,2023-09-10,54,3,600,403,402.74,16,3830
9261,2023-04-09,40,9,602,403,102.95,47,13168
9262,2023-02-25,38,9,605,402,328.09,84,4100
9263,2023-09-07,94,10,604,402,340.79,25,4819
9264,2023-06-09,58,15,605,400,78.45,87,5784
9265,2023-04-10,14,2,601,400,191.5,57,4992
9266,2024-08-05,12,13,604,401,112.36,11,10526
9267,2023-07-30,75,15,602,403,71.31,95,8655
9268,2022-06-21,52,7,601,401,242.03,20,14742
9269,2022-07-19,11,15,605,403,152.96,38,3131
9270,2022-01-21,82,14,604,400,310.25,85,4994
9271,2023-02-01,98,13,601,401,297.68,24,9493
9272,2024-01-10,48,11,600,402,491.52,30,8030
9273,2024-01-14,57,12,604,401,450.32,67,6159
9274,2024-03-02,58,5,602,402,192.02,46,13473
9275,2024-05-18,19,9,604,401,406.09,82,12785
9276,2022-06-20,51,9,600,402,321.65,41,7202
9277,2025-02-21,52,5,605,401,365.85,12,7301
9278,2022-09-28,75,10,601,401,486.83,90,8934
9279,2022-08-23,76,5,601,403,274.48,28,8379
9280,2023-08-10,60,3,600,401,55.14,6,10203
9281,2023-09-08,77,8,600,402,72.85,51,10499
9282,2022-02-26,84,2,600,401,377.6,94,10906
9283,2022-11-16,76,9,602,403,488.71,34,221
9284,2022-01-12,1,12,603,401,388.03,76,2108
9285,2023-06-06,20,7,601,403,76.85,21,5556
9286,2023-04-25,66,6,605,400,338.04,66,10522
9287,2022-05-28,38,6,605,400,331.24,15,11571
9288,2024-12-10,32,1,604,400,181.64,62,7062
9289,2025-04-27,49,15,603,401,421.14,35,7667
9290,2023-03-20,57,15,602,402,366.19,72,8086
9291,2025-06-20,38,8,600,403,238.77,35,9500
9292,2022-12-25,13,13,601,403,478.97,68,12428
9293,2025-06-10,47,7,601,400,196.47,83,11038
9294,2025-01-11,44,2,600,401,173.89,10,4260
9295,2024-03-30,56,12,601,403,492.75,95,9399
9296,2024-10-20,70,14,603,401,370.35,9,9248
9297,2025-03-01,75,14,603,403,151.94,57,10163
9298,2025-06-09,82,10,602,403,266.24,55,1500
9299,2024-01-28,29,6,600,400,267.59,42,3632
9300,2023-12-10,70,11,601,402,312.24,29,3490
9301,2024-01-06,54,3,605,402,281.16,100,975
9302,2022-08-02,72,11,600,402,219.84,100,2636
9303,2022-04-04,3,14,602,402,160.79,75,8734
9304,2025-06-12,63,13,604,403,195.9,90,13081
9305,2024-05-02,21,3,602,400,364.45,55,12593
9306,2023-01-15,67,11,602,403,192.04,37,14510
9307,2023-05-03,45,4,605,400,482.81,9,8847
9308,2022-06-12,85,10,601,402,387.36,96,11477
9309,2024-09-05,30,10,605,402,254.13,19,14548
9310,2023-05-15,31,15,604,401,146.65,13,1887
9311,2022-05-22,27,5,605,400,178.02,67,5383
9312,2025-03-07,53,10,601,401,438.8,81,7620
9313,2022-01-16,59,5,601,401,114.49,35,400
9314,2022-05-13,66,2,603,401,379.2,9,173
9315,2022-02-05,39,6,603,400,138.73,89,1550
9316,2022-03-22,22,9,604,402,446.04,91,7460
9317,2022-06-02,57,7,605,401,244.69,46,2459
9318,2023-10-03,30,1,604,403,170.95,68,11890
9319,2024-10-16,93,11,603,402,479.5,6,250
9320,2023-09-06,87,9,602,402,496.85,22,14656
9321,2025-03-01,91,5,603,403,487.74,68,7012
9322,2023-11-12,26,2,602,400,420.28,5,1581
9323,2023-08-05,21,6,604,400,113.73,6,11572
9324,2024-05-13,6,6,603,402,177.06,64,14692
9325,2023-08-16,36,13,603,400,387.32,73,770
9326,2022-03-30,75,15,604,401,302.95,18,2219
9327,2024-12-27,4,4,603,400,401.33,10,3797
9328,2022-02-05,3,4,600,400,199.43,86,14873
9329,2025-02-21,12,2,600,403,408.28,46,5099
9330,2024-08-19,78,5,605,403,290.88,48,6657
9331,2024-11-27,52,8,600,403,51.52,26,14102
9332,2022-09-07,91,5,602,402,105.01,66,4267
9333,2023-04-05,64,13,601,400,91.72,18,2951
9334,2024-04-29,62,9,605,401,314.13,75,8426
9335,2022-11-22,37,2,605,402,455.86,49,14410
9336,2023-05-04,76,13,605,403,65.28,65,11269
9337,2025-02-10,95,12,600,401,285.97,10,9773
9338,2024-01-16,62,2,601,402,100.2,59,6520
9339,2024-09-11,17,7,603,400,187.55,11,6650
9340,2024-08-22,83,9,602,403,175.58,29,1639
9341,2024-11-09,99,4,603,402,141.19,45,11258
9342,2024-05-22,49,13,604,400,171.13,72,1967
9343,2024-06-10,46,12,600,402,275.63,9,8526
9344,2023-01-18,67,5,601,400,262.65,45,9952
9345,2024-05-11,99,10,601,403,146.68,43,10811
9346,2023-03-04,66,11,602,401,261.85,72,12413
9347,2022-02-23,42,2,605,402,374.57,43,1733
9348,2025-06-05,27,2,600,401,343.66,91,7822
9349,2024-04-18,22,6,605,400,165.88,60,13582
9350,2022-12-12,97,5,600,401,431.86,63,11539
9351,2023-08-05,80,10,605,400,162.66,72,5364
9352,2022-10-27,74,9,602,403,420.35,7,6558
9353,2024-12-04,43,2,603,400,77.77,42,3460
9354,2023-10-20,78,12,604,400,435.66,33,2495
9355,2024-06-26,6,13,604,400,118.86,90,5430
9356,2024-03-29,34,6,601,400,406.95,19,3705
9357,2025-03-27,72,2,604,403,339.53,52,13523
9358,2025-06-01,1,7,602,401,77.08,60,1567
9359,2024-05-01,91,3,601,402,211.21,19,14501
9360,2023-10-22,80,7,601,401,68.41,88,10867
9361,2023-01-13,75,14,602,401,189.43,36,3136
9362,2022-03-07,11,1,603,403,497.81,99,1994
9363,2024-08-28,83,13,601,401,58.1,79,7381
9364,2023-08-12,57,1,601,401,54.11,25,3027
9365,2023-10-06,94,15,605,401,267.32,64,720
9366,2022-12-10,47,15,603,400,306.17,53,14533
9367,2023-09-22,76,14,601,400,420.93,86,6039
9368,2025-03-17,97,14,603,400,279.54,46,2537
9369,2024-05-03,24,9,605,400,396.59,99,446
9370,2023-11-23,70,2,600,401,307.59,56,7487
9371,2024-11-21,85,3,603,401,231.16,95,10824
9372,2022-09-13,93,15,605,401,82.2,29,10686
9373,2023-10-12,8,9,601,400,136.4,29,12611
9374,2023-01-02,63,1,603,400,415.58,46,6278
9375,2023-03-08,63,3,602,401,322.4,66,5607
9376,2023-09-26,54,9,601,403,499.83,85,5595
9377,2024-06-18,98,5,604,401,469.41,44,13053
9378,2024-10-31,38,2,604,402,298.18,59,14725
9379,2023-07-06,15,15,605,403,460.29,68,7324
9380,2022-11-23,91,7,600,402,83.1,31,14014
9381,2025-06-02,94,11,604,403,150.38,83,12892
9382,2023-04-16,19,10,603,401,400.68,30,13988
9383,2024-11-29,98,4,604,403,455.65,94,2732
9384,2022-08-13,95,5,602,400,158.1,33,12234
9385,2023-03-31,3,4,600,403,99.7,10,6335
9386,2024-06-09,13,2,604,402,135.79,95,2109
9387,2022-01-23,79,1,605,400,270.95,14,9752
9388,2023-01-16,13,2,601,400,97.02,86,4429
9389,2024-10-25,43,9,605,401,391.97,35,11482
9390,2025-06-24,2,2,604,402,55.4,64,5916
9391,2024-11-18,36,11,605,403,462.33,82,14784
9392,2025-05-14,52,6,604,402,107.21,46,3595
9393,2024-02-10,66,11,602,403,112.66,55,5974
9394,2024-08-18,99,1,605,400,281.4,34,5102
9395,2022-02-13,51,3,604,403,455.03,58,6228
9396,2023-02-17,84,3,601,402,157.94,32,3113
9397,2023-03-03,65,5,600,400,362.44,9,13466
9398,2024-03-14,76,10,603,402,459.5,96,3679
9399,2022-07-24,48,5,604,403,71.08,42,10139
9400,2023-11-13,37,4,602,402,477.47,51,14476
9401,2025-01-31,93,9,602,402,126.79,88,8529
9402,2022-09-01,58,7,601,401,388.49,55,14626
9403,2022-10-27,6,14,605,403,294.93,30,7704
9404,2022-10-18,9,11,600,400,406.68,93,1024
9405,2022-10-22,14,12,604,403,171.34,26,5148
9406,2025-03-08,31,13,604,403,246.19,30,9506
9407,2025-05-07,43,5,602,401,340.47,27,7484
9408,2025-02-05,78,1,604,403,222.08,88,11473
9409,2025-06-18,82,1,603,401,65.15,35,6828
9410,2024-05-17,100,6,603,403,409.26,48,13469
9411,2024-05-09,38,10,602,403,383.65,92,8161
9412,2023-08-22,32,6,605,402,360.56,92,6282
9413,2024-08-26,85,1,600,402,300.07,12,2895
9414,2023-10-03,22,13,603,402,148.03,13,6028
9415,2023-03-09,69,7,604,401,190.5,34,13013
9416,2023-06-18,38,9,600,401,113.55,58,9204
9417,2024-05-02,71,12,602,401,284.1,88,11042
9418,2023-05-16,12,4,602,401,136.91,88,5796
9419,2024-06-07,60,9,601,403,51.14,28,12131
9420,2022-07-18,60,9,603,402,470.44,47,14203
9421,2023-02-03,35,1,605,403,136.89,64,9940
9422,2024-05-06,83,7,605,401,71.09,65,7211
9423,2023-04-20,9,5,603,401,457.78,60,742
9424,2024-12-05,17,14,602,402,212.0,70,510
9425,2024-01-07,35,6,603,400,274.55,76,11521
9426,2024-09-06,5,5,602,403,207.73,33,14309
9427,2022-10-05,25,13,601,401,130.33,75,2535
9428,2022-05-22,9,13,603,403,185.44,99,861
9429,2023-04-12,7,13,604,403,104.22,22,14390
9430,2023-11-27,70,7,601,400,81.04,10,4690
9431,2024-08-12,55,7,604,402,416.14,50,1801
9432,2022-08-01,49,9,605,401,129.65,35,13292
9433,2023-04-10,56,1,605,400,350.17,71,5134
9434,2022-07-18,12,10,600,402,336.13,5,6505
9435,2024-11-17,7,12,602,401,441.6,18,477
9436,2023-03-13,33,7,602,402,312.78,68,9557
9437,2023-01-12,88,5,604,402,430.64,42,1994
9438,2024-08-20,96,6,602,402,220.1,59,14671
9439,2025-01-05,50,5,602,402,378.57,8,2490
9440,2024-12-08,41,12,601,402,346.27,79,5960
9441,2024-03-20,31,3,603,402,166.79,31,5694
9442,2023-10-30,57,7,600,400,472.19,37,8504
9443,2023-03-29,96,9,600,403,358.29,67,14099
9444,2023-02-19,73,1,601,402,115.83,54,5457
9445,2024-04-02,81,11,601,401,266.2,14,1907
9446,2022-08-28,100,8,604,401,414.72,74,6996
9447,2022-02-07,3,10,604,403,106.64,69,10369
9448,2023-02-21,73,15,602,401,310.76,65,8062
9449,2023-12-13,72,11,604,401,61.72,28,14126
9450,2024-04-28,83,6,604,400,54.28,77,2198
9451,2023-11-14,42,9,605,403,208.3,86,8300
9452,2022-07-19,42,5,605,403,156.95,52,4772
9453,2022-01-09,27,4,603,403,131.25,73,2967
9454,2024-07-14,46,2,604,401,464.41,71,10429
9455,2024-11-11,20,7,604,403,169.51,67,9620
9456,2023-04-11,48,8,602,402,117.58,38,14956
9457,2024-05-30,60,8,602,402,136.76,29,14913
9458,2023-03-06,82,2,600,400,52.5,49,10580
9459,2023-01-07,73,3,605,400,327.96,10,10988
9460,2025-05-23,66,12,603,400,425.29,79,14137
9461,2024-08-26,40,1,605,402,62.96,51,6201
9462,2023-03-18,51,7,601,402,285.19,48,7444
9463,2022-01-22,37,7,603,400,217.56,58,13300
9464,2025-01-11,84,6,603,400,157.31,9,368
9465,2022-05-26,16,3,604,402,469.85,88,3106
9466,2022-09-02,61,10,603,400,140.99,97,1772
9467,2025-01-04,77,2,604,402,68.54,87,2543
9468,2023-07-21,100,13,601,401,201.65,76,2387
9469,2024-08-13,67,14,605,400,269.09,69,8870
9470,2025-03-23,65,14,601,400,337.91,16,14735
9471,2022-09-12,78,6,603,401,160.52,92,9294
9472,2023-05-27,100,4,605,402,182.21,84,610
9473,2023-12-01,53,9,604,402,180.92,7,3760
9474,2022-10-29,22,6,605,401,113.63,84,8798
9475,2024-04-10,84,13,602,401,386.47,92,2415
9476,2025-05-25,38,7,604,400,362.26,93,14209
9477,2023-10-05,64,4,600,403,321.86,26,11856
9478,2023-05-21,35,2,601,401,448.72,41,8963
9479,2023-09-23,57,12,602,401,152.94,10,14221
9480,2022-09-07,22,4,603,401,293.96,12,14341
9481,2023-01-06,96,13,605,403,225.86,42,11509
9482,2022-12-17,40,1,601,403,452.37,68,2510
9483,2024-01-23,86,15,602,403,221.35,19,5413
9484,2024-10-15,28,11,604,403,295.22,38,9752
9485,2023-11-29,3,8,603,401,417.59,22,6683
9486,2023-12-01,78,6,602,403,121.27,91,6206
9487,2025-03-10,33,7,602,402,146.89,77,4492
9488,2022-05-21,40,9,603,400,182.36,69,7764
9489,2023-06-02,53,3,602,402,207.28,7,7133
9490,2022-02-11,63,7,605,401,264.66,63,13419
9491,2025-03-05,87,8,602,403,374.33,19,6318
9492,2022-05-02,96,11,603,402,201.49,61,7615
9493,2022-02-23,59,9,605,403,348.02,18,6908
9494,2022-07-01,10,14,605,402,76.6,57,323
9495,2025-02-03,7,13,600,402,297.46,33,1996
9496,2024-12-26,69,8,603,401,276.28,14,13455
9497,2024-03-28,95,15,604,403,484.07,8,537
9498,2024-09-25,15,2,601,401,366.83,31,888
9499,2022-07-03,30,9,603,403,451.54,13,3231
9500,2022-03-20,17,8,600,402,115.35,8,14535
9501,2025-03-18,15,10,604,400,197.44,53,4543
9502,2025-05-23,16,1,600,401,138.54,84,13015
9503,2024-04-09,85,11,602,401,180.6,83,2539
9504,2022-01-12,12,14,602,401,283.69,86,5397
9505,2023-09-24,61,14,605,403,482.57,43,11790
9506,2024-06-30,43,5,600,403,110.1,29,11066
9507,2024-01-15,59,12,602,400,343.77,65,5545
9508,2024-11-06,4,11,604,403,193.16,43,508
9509,2024-12-17,97,9,605,402,322.75,100,6101
9510,2022-08-01,54,9,601,403,431.72,72,2404
9511,2022-05-19,69,1,605,402,469.16,84,5080
9512,2025-05-14,46,6,603,403,278.14,15,8159
9513,2022-11-24,92,6,603,400,379.29,30,3686
9514,2024-03-21,41,14,605,403,372.94,26,8525
9515,2024-02-27,37,13,603,402,138.84,42,14296
9516,2023-04-17,92,3,602,403,410.37,41,923
9517,2023-04-19,96,7,603,401,110.25,21,10283
9518,2023-12-22,79,1,601,401,264.52,34,4383
9519,2024-05-29,62,6,603,400,463.05,38,2275
9520,2022-09-22,85,2,602,400,391.05,88,5461
9521,2024-12-28,84,15,602,402,498.21,81,1338
9522,2022-09-02,53,14,600,401,80.8,60,12344
9523,2024-04-25,34,5,600,402,309.98,31,6817
9524,2022-01-24,76,12,600,400,276.88,94,11193
9525,2025-01-14,30,14,601,401,234.9,90,10829
9526,2022-08-31,99,3,603,403,166.26,99,2400
9527,2024-05-05,24,12,602,403,244.36,27,701
9528,2024-12-24,76,5,600,403,75.75,43,8902
9529,2022-12-26,40,15,603,402,54.98,74,13872
9530,2024-06-20,29,10,601,400,387.99,17,8392
9531,2023-03-13,40,7,604,402,82.44,86,6680
9532,2023-11-22,14,6,604,401,429.64,44,10237
9533,2022-05-13,22,4,602,401,140.34,67,11400
9534,2022-11-12,9,9,604,401,180.95,24,5212
9535,2025-01-18,80,10,604,403,84.46,46,9548
9536,2022-07-09,68,7,601,401,124.4,37,1514
9537,2022-05-19,91,5,600,402,349.45,40,3521
9538,2022-03-16,53,7,601,402,187.17,95,10810
9539,2024-09-16,33,15,601,402,471.55,60,6076
9540,2025-06-20,2,2,605,402,211.13,99,6311
9541,2024-10-02,22,8,604,400,155.82,24,12049
9542,2025-05-08,13,10,604,401,322.61,100,7440
9543,2024-08-18,15,12,605,401,265.99,40,3411
9544,2023-10-18,84,8,604,403,189.12,35,14320
9545,2022-10-04,80,7,600,400,452.91,83,8416
9546,2023-05-31,11,8,604,400,148.76,66,14466
9547,2023-04-15,25,3,600,400,335.85,13,14740
9548,2024-11-13,10,12,604,400,492.88,77,7002
9549,2025-02-21,14,9,602,400,185.54,12,6143
9550,2022-11-25,6,14,601,401,264.36,89,9913
9551,2025-06-09,70,13,603,402,168.85,98,2794
9552,2022-04-11,95,6,603,403,397.46,56,12988
9553,2024-03-28,49,7,601,402,372.11,97,6510
9554,2022-03-17,70,5,602,401,101.15,61,13794
9555,2024-12-28,57,7,601,400,147.5,89,841
9556,2024-02-29,63,2,603,402,248.66,11,2703
9557,2022-06-17,93,4,604,401,93.73,64,1451
9558,2024-10-14,52,13,605,402,433.54,52,992
9559,2022-10-28,50,15,605,403,456.89,85,8502
9560,2022-08-31,68,10,600,400,347.04,85,14727
9561,2025-01-09,5,2,601,400,445.65,50,6484
9562,2024-10-22,36,7,602,403,243.69,62,2657
9563,2022-08-28,97,13,603,403,432.53,60,13297
9564,2024-12-08,13,1,605,402,460.21,32,14994
9565,2022-02-12,45,8,605,401,454.18,24,14328
9566,2023-05-06,45,15,604,403,200.56,29,3263
9567,2024-08-05,92,1,602,400,474.72,80,2616
9568,2024-03-18,33,4,601,400,80.63,74,2938
9569,2023-01-03,41,4,600,400,344.88,48,13940
9570,2023-02-13,98,3,602,402,414.17,33,7243
9571,2024-07-18,31,1,600,403,114.26,89,14306
9572,2024-11-14,57,15,601,402,342.27,88,6367
9573,2025-03-08,18,15,602,401,439.45,38,12458
9574,2023-09-17,58,7,602,403,368.05,8,12206
9575,2023-12-22,88,3,605,400,299.76,93,3654
9576,2024-02-19,78,5,600,403,344.11,57,14545
9577,2023-08-02,20,14,604,400,223.18,51,12720
9578,2024-10-16,16,8,600,403,381.05,47,5950
9579,2023-05-27,43,2,605,402,275.75,7,12778
9580,2025-02-15,76,4,603,401,247.86,80,4647
9581,2024-08-30,88,13,602,403,89.95,86,9605
9582,2023-06-03,33,1,605,401,451.28,95,14480
9583,2025-01-04,21,4,601,403,324.09,39,14100
9584,2025-03-03,90,4,601,401,345.05,31,9327
9585,2024-04-30,1,13,602,400,427.89,96,6326
9586,2022-04-30,45,12,603,401,90.74,35,10612
9587,2022-11-12,45,15,602,401,171.44,94,14478
9588,2023-06-06,30,9,600,402,395.41,93,13140
9589,2023-01-05,67,7,605,400,366.64,30,9508
9590,2024-04-06,91,9,600,402,203.36,56,8101
9591,2022-05-16,81,3,604,401,486.69,45,7804
9592,2023-02-12,49,7,601,402,347.47,52,14440
9593,2022-10-12,29,15,600,402,108.11,30,1451
9594,2024-04-21,96,14,603,402,160.06,25,8594
9595,2023-07-26,38,3,600,402,444.51,88,3375
9596,2022-02-07,26,3,602,401,139.03,73,10193
9597,2025-04-14,26,13,600,400,207.38,22,4195
9598,2024-11-26,84,15,603,402,490.89,62,7882
9599,2022-05-18,37,5,604,402,233.16,7,4874
9600,2024-03-15,25,7,604,400,476.43,35,299
9601,2022-03-01,71,7,602,401,348.76,6,5253
9602,2022-01-22,56,1,601,403,205.28,36,4114
9603,2022-06-01,54,3,605,403,311.34,10,14286
9604,2025-04-30,12,10,605,403,85.29,51,9435
9605,2022-06-01,47,10,605,400,138.81,23,4796
9606,2024-08-23,73,4,603,402,368.2,36,12025
9607,2022-06-26,62,12,602,401,321.72,94,9675
9608,2023-07-18,55,1,605,401,198.09,84,9970
9609,2022-05-30,64,9,602,401,422.8,78,9664
9610,2025-01-26,29,13,602,400,162.82,97,3380
9611,2023-07-25,26,9,605,400,422.21,48,12273
9612,2022-05-07,28,9,604,402,282.21,87,11303
9613,2023-04-01,35,8,604,403,408.5,99,608
9614,2024-06-20,47,7,605,402,470.17,54,13731
9615,2023-12-11,77,5,604,401,245.59,72,8105
9616,2023-12-24,78,12,603,402,171.95,54,6494
9617,2025-01-13,57,14,601,400,199.56,64,8190
9618,2024-09-24,3,10,602,402,194.27,65,1600
9619,2023-12-28,16,6,601,402,120.18,54,7206
9620,2023-03-05,73,14,604,401,85.56,30,1061
9621,2022-06-12,75,8,604,403,166.62,77,3539
9622,2023-09-12,54,12,603,402,494.19,20,14130
9623,2022-04-24,94,10,604,403,183.81,37,5634
9624,2022-06-24,16,13,601,401,315.07,89,9655
9625,2022-08-04,19,15,602,400,489.51,13,5467
9626,2023-11-13,26,15,604,400,496.93,19,741
9627,2023-03-16,23,11,602,400,377.76,12,12182
9628,2024-09-21,13,3,601,403,383.91,50,14932
9629,2023-08-24,17,13,600,401,449.02,8,12692
9630,2025-04-05,51,15,600,402,336.95,80,3614
9631,2022-06-28,98,15,605,400,86.78,11,14898
9632,2023-06-06,54,2,601,400,118.36,36,4185
9633,2024-12-29,28,4,605,403,209.24,94,174
9634,2022-08-28,42,8,601,403,283.57,95,318
9635,2024-03-05,77,9,605,400,277.71,25,6696
9636,2023-07-30,10,13,602,403,239.12,23,5100
9637,2023-04-16,7,14,605,400,470.21,56,13785
9638,2025-06-18,62,7,601,403,206.65,24,4262
9639,2024-09-29,95,11,601,402,345.75,56,6833
9640,2024-02-16,14,8,600,402,382.76,71,9698
9641,2022-02-13,58,12,604,403,361.99,49,9011
9642,2025-03-02,51,11,604,403,114.69,99,7186
9643,2022-10-16,74,10,604,400,289.86,21,13795
9644,2022-11-04,50,7,602,403,147.99,64,4572
9645,2025-04-16,83,9,604,400,272.24,87,11291
9646,2024-10-15,75,11,605,400,147.71,45,11743
9647,2025-01-20,14,5,600,402,475.64,82,9640
9648,2022-06-11,39,15,601,403,153.28,30,14493
9649,2022-10-24,85,3,603,403,400.98,42,7141
9650,2023-08-17,44,10,601,401,153.36,93,11857
9651,2023-07-20,2,11,600,402,420.95,59,14822
9652,2025-05-06,78,15,603,402,235.62,24,2584
9653,2025-04-08,81,12,601,400,120.28,89,4798
9654,2022-05-07,94,3,600,402,466.54,17,11120
9655,2025-06-21,79,12,602,402,358.64,37,5867
9656,2022-05-05,91,1,600,402,55.4,31,6499
9657,2022-03-20,75,9,604,400,318.03,47,2231
9658,2023-03-02,45,5,600,400,241.19,22,3203
9659,2025-05-25,48,12,600,401,467.25,41,8366
9660,2022-12-13,98,6,605,402,56.72,81,5806
9661,2025-02-21,55,5,600,402,452.01,53,6791
9662,2022-04-01,79,11,600,402,498.57,50,1853
9663,2022-02-08,53,13,605,401,100.5,11,2574
9664,2022-06-11,85,5,604,402,150.27,96,12211
9665,2024-12-27,82,4,605,400,310.88,16,7385
9666,2024-06-15,60,12,603,402,176.78,59,3364
9667,2024-05-15,82,15,603,403,455.04,75,3390
9668,2022-03-16,99,2,601,402,497.53,89,6360
9669,2023-01-03,48,4,601,400,140.0,56,4874
9670,2023-02-20,89,11,600,402,378.11,49,14358
9671,2022-07-11,68,12,602,400,381.8,95,2770
9672,2024-06-22,39,1,604,402,128.37,100,3470
9673,2024-10-05,60,15,605,402,404.63,62,6990
9674,2022-03-31,49,12,601,403,496.08,45,7297
9675,2024-02-16,97,15,604,403,339.81,55,12409
9676,2025-04-13,39,10,603,400,471.59,67,14005
9677,2024-09-29,92,8,605,403,357.42,91,8253
9678,2024-12-14,62,4,601,403,350.7,88,354
9679,2024-07-12,81,2,601,403,352.98,31,1971
9680,2023-10-02,66,4,600,402,254.28,100,688
9681,2022-06-19,13,8,600,400,369.89,82,3946
9682,2022-04-22,95,9,603,402,128.49,80,11567
9683,2023-11-16,7,10,602,403,470.14,12,4330
9684,2022-12-07,8,2,605,402,477.47,6,14228
9685,2025-03-30,80,13,605,403,408.33,71,5934
9686,2024-03-27,29,2,603,400,208.41,73,8650
9687,2022-03-13,22,2,600,403,404.22,46,10600
9688,2022-08-12,51,10,601,401,479.53,94,7789
9689,2022-07-17,19,4,603,401,360.03,47,12256
9690,2023-07-02,23,1,600,401,147.83,39,6184
9691,2022-05-15,100,10,600,403,254.44,87,1554
9692,2023-01-31,15,2,603,401,241.4,94,2016
9693,2025-04-13,100,10,603,401,368.01,32,518
9694,2025-05-22,51,1,604,400,145.12,73,404
9695,2023-03-22,63,11,605,402,466.69,79,860
9696,2024-01-30,80,8,601,401,469.28,45,2435
9697,2024-08-13,26,7,602,401,355.55,6,12582
9698,2023-10-27,33,11,605,402,75.18,83,9641
9699,2023-06-21,12,6,601,403,107.39,59,9698
9700,2025-06-13,54,1,604,401,200.95,89,7698
9701,2025-03-07,66,6,605,401,395.89,62,8990
9702,2022-02-24,96,6,603,402,344.43,16,1845
9703,2024-03-06,85,15,600,402,183.76,41,3951
9704,2025-01-04,5,4,601,400,88.34,12,6889
9705,2025-05-17,31,5,604,401,414.66,26,12598
9706,2025-04-05,86,4,602,401,456.71,69,1588
9707,2025-04-07,18,9,601,402,245.04,7,7264
9708,2022-09-28,78,12,602,402,399.28,70,14877
9709,2023-09-28,9,14,605,401,279.2,57,4585
9710,2023-10-19,33,6,601,403,398.32,100,2878
9711,2024-12-17,25,5,603,402,218.43,29,5083
9712,2022-01-12,91,10,603,402,107.27,52,7478
9713,2022-07-22,34,7,605,403,52.96,78,11576
9714,2023-01-21,89,3,604,402,200.38,6,13599
9715,2024-04-03,9,7,605,400,437.27,48,3546
9716,2023-11-16,75,7,600,401,257.71,8,6241
9717,2024-02-15,21,11,602,401,397.89,54,14191
9718,2023-03-06,20,2,600,400,171.66,25,8418
9719,2022-01-27,73,1,603,402,76.3,51,279
9720,2022-09-16,9,9,601,400,90.89,7,8613
9721,2023-12-02,99,1,602,400,355.83,48,8492
9722,2024-11-21,97,8,601,403,426.52,27,9245
9723,2024-02-20,53,14,603,400,232.12,81,6818
9724,2022-01-19,87,4,604,401,231.83,77,7410
9725,2023-03-15,50,6,601,401,135.46,19,14275
9726,2022-05-09,18,15,605,401,478.01,100,13488
9727,2023-03-18,66,2,604,401,81.32,80,4318
9728,2023-10-30,5,11,602,403,206.76,61,4855
9729,2023-05-06,85,5,605,401,413.79,15,7506
9730,2024-07-26,91,10,602,401,357.3,65,2660
9731,2022-05-25,68,3,602,402,367.08,82,858
9732,2024-11-07,27,3,604,401,463.09,36,5204
9733,2022-07-03,93,8,603,402,459.29,83,6014
9734,2023-12-31,13,12,601,401,407.75,87,2480
9735,2022-06-05,35,6,601,401,286.43,74,11948
9736,2023-04-07,93,7,602,402,90.65,39,9486
9737,2023-01-11,98,6,601,403,104.56,86,9808
9738,2024-07-04,75,7,605,401,201.96,27,13201
9739,2025-05-07,62,11,603,401,298.38,44,8253
9740,2023-11-28,42,13,601,403,227.28,62,5552
9741,2023-09-29,96,6,603,401,155.66,5,2010
9742,2025-04-27,16,2,605,403,56.86,35,12910
9743,2024-11-05,71,7,604,400,253.44,61,2939
9744,2024-01-30,77,9,602,402,100.25,42,3120
9745,2024-11-21,96,1,602,401,367.55,21,3835
9746,2022-01-18,82,3,600,402,145.85,41,3096
9747,2023-12-03,100,5,605,402,337.53,38,13098
9748,2024-04-01,51,8,604,402,221.54,11,6083
9749,2024-07-17,43,4,603,402,149.6,36,14066
9750,2022-02-19,91,3,605,400,465.38,22,3695
9751,2022-01-07,87,7,602,402,409.59,69,7764
9752,2022-10-29,27,7,603,402,185.4,92,12051
9753,2023-05-26,38,6,604,401,119.74,32,14352
9754,2025-01-30,46,6,605,400,476.84,47,14080
9755,2022-04-28,66,14,605,403,239.69,75,11538
9756,2022-06-04,68,14,604,403,175.87,50,6275
9757,2024-12-18,19,7,601,401,247.04,92,13709
9758,2023-03-30,42,2,603,402,117.05,61,14074
9759,2024-07-10,31,14,602,403,346.99,11,2950
9760,2023-01-21,96,11,601,400,109.61,17,1295
9761,2023-08-09,37,14,605,400,444.88,12,3063
9762,2022-01-16,75,12,603,400,319.24,79,14048
9763,2024-03-28,86,7,604,401,411.13,90,5173
9764,2022-05-24,73,12,601,403,208.67,83,7231
9765,2022-04-01,85,3,603,403,345.75,27,589
9766,2022-05-28,6,7,605,400,412.56,68,10128
9767,2023-02-09,50,5,603,402,69.9,39,6957
9768,2022-12-13,99,2,600,402,348.92,22,4999
9769,2023-07-09,81,7,601,400,236.6,97,3091
9770,2023-06-22,16,11,601,403,302.41,39,6771
9771,2025-06-05,93,9,600,401,333.77,69,7839
9772,2022-11-01,41,4,603,401,425.58,92,3901
9773,2023-06-30,44,14,603,402,178.91,43,3262
9774,2023-01-10,89,4,600,400,59.98,90,10203
9775,2023-08-24,8,10,601,401,328.89,45,6956
9776,2023-12-29,95,9,604,400,190.57,91,13689
9777,2023-12-24,10,9,604,403,468.86,60,510
9778,2024-09-22,20,2,605,402,382.94,59,11493
9779,2022-10-10,24,15,602,401,78.73,62,10878
9780,2022-02-13,42,12,600,401,357.06,62,972
9781,2022-08-07,7,10,601,402,138.89,76,12485
9782,2022-11-16,61,14,603,401,142.99,80,1771
9783,2023-07-13,46,6,602,401,421.84,13,4603
9784,2025-01-24,8,13,604,402,411.31,16,2245
9785,2023-09-12,89,3,601,403,397.04,42,8924
9786,2025-01-11,1,11,603,400,353.33,100,5987
9787,2023-07-10,57,11,604,402,488.41,86,13063
9788,2023-07-13,21,5,605,401,202.14,79,10594
9789,2022-12-12,23,10,605,400,243.02,64,8867
9790,2022-04-26,10,2,604,401,479.33,79,10961
9791,2025-05-06,40,14,604,403,229.88,68,10725
9792,2024-11-24,74,12,604,402,229.93,13,4268
9793,2022-04-06,65,11,604,401,422.9,93,12737
9794,2024-08-10,23,15,601,403,396.53,69,1826
9795,2022-02-21,10,9,601,402,293.07,33,7233
9796,2023-06-06,14,4,603,403,250.14,82,903
9797,2022-09-07,66,8,603,403,106.21,57,13322
9798,2025-03-25,76,9,602,401,235.04,58,2880
9799,2022-03-03,81,3,604,401,400.91,64,9744
9800,2023-10-24,38,14,600,403,98.61,74,1916
9801,2024-03-10,14,4,603,403,308.3,87,3933
9802,2024-04-14,13,1,601,403,181.19,12,9362
9803,2025-06-15,35,2,605,400,145.57,98,11755
9804,2025-02-17,84,6,603,403,317.24,18,2389
9805,2023-03-18,58,6,601,402,431.56,63,1482
9806,2024-01-28,68,14,604,400,428.99,63,11156
9807,2023-10-07,37,15,600,403,354.28,91,14522
9808,2024-03-16,10,9,603,402,220.78,66,4890
9809,2022-11-01,36,8,600,403,115.32,24,4032
9810,2022-05-07,23,6,605,403,162.84,69,4744
9811,2023-06-07,14,4,601,402,162.42,48,108
9812,2022-09-29,15,14,601,403,333.02,5,14601
9813,2025-03-03,25,6,605,401,383.02,16,11696
9814,2023-10-08,37,5,602,401,149.63,70,6104
9815,2024-07-10,14,12,602,403,140.13,89,14313
9816,2024-04-02,78,3,601,402,389.15,12,4368
9817,2024-04-23,43,7,602,400,397.72,59,6526
9818,2025-05-09,70,11,605,402,234.75,88,388
9819,2023-06-03,3,10,604,401,356.59,25,9624
9820,2022-06-05,70,2,602,401,75.41,10,10915
9821,2025-02-19,4,4,604,402,460.8,75,3506
9822,2024-09-01,76,11,603,402,328.32,94,12859
9823,2022-09-01,73,14,602,401,192.16,6,4767
9824,2024-03-02,73,8,601,402,494.24,58,14393
9825,2023-12-28,39,6,603,402,418.42,45,13302
9826,2024-07-05,20,5,605,403,397.78,19,6822
9827,2025-03-21,46,14,600,401,326.33,20,8358
9828,2022-03-01,39,1,600,403,79.13,34,14933
9829,2024-04-19,89,10,601,403,93.31,87,1516
9830,2022-05-15,16,15,602,400,244.57,90,3654
9831,2022-12-22,17,15,603,403,289.7,51,9074
9832,2025-03-27,79,3,603,400,226.77,33,9327
9833,2023-08-24,96,2,602,402,313.39,6,13009
9834,2022-10-21,73,4,600,403,172.71,54,6286
9835,2022-07-31,88,11,602,400,160.06,58,12727
9836,2022-06-15,95,4,601,403,108.77,31,5681
9837,2023-08-12,5,8,601,402,449.73,34,3842
9838,2023-10-17,65,1,604,400,201.44,59,941
9839,2025-03-20,100,14,601,401,197.35,30,13464
9840,2022-08-23,26,7,604,403,428.21,94,3271
9841,2023-04-03,38,2,601,401,352.79,34,5578
9842,2025-04-01,37,7,602,401,191.76,69,12255
9843,2023-11-09,20,2,603,400,331.38,69,13828
9844,2023-12-28,81,1,602,401,456.54,14,13266
9845,2022-08-22,68,10,605,400,346.77,32,6083
9846,2022-01-09,6,9,601,400,63.44,47,12688
9847,2025-05-13,28,3,602,402,202.5,19,4900
9848,2025-01-14,4,8,600,402,398.8,11,14865
9849,2022-08-07,29,10,603,401,100.61,16,6626
9850,2022-03-20,39,1,604,402,289.57,12,6059
9851,2025-05-16,12,3,605,401,259.16,33,2986
9852,2025-05-30,90,13,605,403,124.75,17,499
9853,2023-10-10,74,14,604,400,312.74,33,4509
9854,2023-09-07,50,10,604,400,354.93,36,1856
9855,2023-07-25,98,7,605,400,447.63,96,4272
9856,2022-01-05,94,2,605,400,427.05,67,10373
9857,2023-09-24,81,8,601,402,337.37,22,10194
9858,2022-06-17,60,2,605,400,258.73,86,3910
9859,2023-01-28,34,13,600,401,179.46,18,11881
9860,2024-11-14,58,7,600,401,383.62,84,1617
9861,2025-03-23,79,6,601,400,333.94,59,11721
9862,2024-08-19,23,14,605,400,222.7,92,2105
9863,2022-10-16,64,4,605,402,51.49,59,3028
9864,2025-06-13,44,2,602,401,424.46,57,311
9865,2022-01-18,11,13,602,402,184.28,94,8768
9866,2023-03-13,45,13,603,403,63.42,42,13489
9867,2023-01-01,73,15,602,403,227.07,99,11992
9868,2022-12-28,18,2,602,401,113.44,49,13977
9869,2022-09-23,13,12,601,400,51.23,7,9924
9870,2024-11-25,54,10,605,400,347.12,23,3236
9871,2022-12-14,83,1,605,400,428.05,81,14010
9872,2023-03-08,5,4,602,403,155.97,43,476
9873,2023-09-10,54,15,605,401,128.95,63,287
9874,2024-08-07,10,8,600,402,84.33,44,5598
9875,2024-09-09,78,15,605,401,327.76,56,9734
9876,2022-05-30,34,7,605,402,128.75,100,4923
9877,2022-12-14,57,15,602,400,342.39,23,1118
9878,2024-08-27,64,2,600,403,287.89,30,6643
9879,2024-04-28,21,10,600,403,230.32,11,5091
9880,2024-10-12,74,6,603,401,53.71,69,14079
9881,2022-07-05,35,9,603,400,381.99,50,4593
9882,2024-05-11,76,13,601,401,78.04,43,8738
9883,2025-06-17,37,3,604,403,78.69,59,9882
9884,2025-02-09,33,8,600,403,57.25,18,4900
9885,2022-06-05,4,11,600,403,452.41,80,14583
9886,2023-01-31,87,1,600,400,176.37,67,4205
9887,2025-05-08,34,12,600,400,72.05,46,11399
9888,2024-07-02,61,8,602,402,259.04,41,5392
9889,2022-08-12,31,5,603,401,248.38,39,6279
9890,2025-04-20,37,14,603,401,392.95,91,3899
9891,2022-08-10,38,10,605,401,247.4,88,13259
9892,2022-10-08,82,2,602,401,166.74,42,12904
9893,2024-11-06,12,15,604,403,280.88,35,7471
9894,2025-05-18,95,3,604,401,464.04,45,10914
9895,2024-05-12,88,6,602,401,68.44,85,7097
9896,2025-04-06,93,10,600,401,421.56,35,13714
9897,2022-11-18,73,8,604,402,295.41,17,1274
9898,2023-06-07,67,13,602,401,161.03,68,13254
9899,2024-02-22,57,4,602,402,499.46,6,6428
9900,2023-02-09,35,15,605,401,469.81,56,8670
9901,2023-11-01,53,1,602,402,128.04,11,4300
9902,2024-10-20,44,12,604,403,152.83,31,14877
9903,2025-05-24,19,5,601,403,499.8,86,425
9904,2023-04-28,33,9,601,401,398.62,90,6339
9905,2023-03-18,26,9,600,402,433.44,88,3885
9906,2025-01-20,34,6,602,402,60.73,7,11078
9907,2024-01-28,61,4,600,403,482.05,64,12230
9908,2023-03-30,73,1,605,401,403.66,39,6358
9909,2025-01-12,10,6,601,402,109.86,20,2730
9910,2023-08-02,89,13,605,403,277.62,40,6548
9911,2024-05-14,60,5,604,402,92.96,55,13427
9912,2023-01-16,10,11,605,402,148.25,15,10742
9913,2022-11-18,46,6,601,401,87.27,62,12071
9914,2022-07-08,65,5,604,400,136.0,39,6555
9915,2025-04-28,5,8,602,400,464.6,8,1983
9916,2022-07-10,59,11,601,401,93.4,94,5649
9917,2024-06-27,3,3,605,403,179.52,86,6494
9918,2023-06-24,9,4,605,402,103.15,66,13765
9919,2022-04-05,85,1,605,401,243.1,9,2565
9920,2022-04-07,5,10,605,400,138.56,56,5996
9921,2022-12-20,27,5,602,402,309.09,64,6230
9922,2024-06-04,62,10,600,402,414.92,87,6695
9923,2024-07-28,51,15,605,402,363.28,7,14208
9924,2023-01-19,98,5,605,403,65.16,52,4689
9925,2022-11-10,61,5,602,400,274.19,92,555
9926,2024-12-17,53,12,605,401,434.13,78,8142
9927,2024-12-12,72,3,603,400,83.65,93,11076
9928,2022-02-17,74,14,601,401,475.13,7,11932
9929,2022-05-11,41,7,603,401,277.92,37,3994
9930,2022-08-05,33,5,603,402,377.0,53,2142
9931,2022-09-02,50,2,600,401,439.76,33,11651
9932,2025-03-27,13,2,602,400,61.61,100,12843
9933,2023-06-28,16,10,603,402,324.41,49,1331
9934,2024-01-16,35,8,602,403,319.01,68,11462
9935,2023-08-27,42,12,601,400,128.21,60,6702
9936,2024-10-03,21,11,604,400,176.94,16,5066
9937,2022-02-02,99,15,601,403,181.9,89,3732
9938,2024-02-29,37,5,601,402,393.27,6,6720
9939,2024-02-02,4,1,603,401,386.0,8,4407
9940,2023-08-20,68,2,600,400,361.8,59,8907
9941,2025-06-24,73,9,600,400,138.58,45,2232
9942,2023-12-15,54,7,601,401,242.63,94,10767
9943,2023-08-07,45,15,602,401,163.35,26,12762
9944,2025-02-16,31,2,604,401,52.2,13,4306
9945,2024-02-11,95,1,601,403,390.2,39,14977
9946,2024-10-05,88,14,602,400,331.19,77,9076
9947,2022-04-07,14,7,600,401,147.89,76,13089
9948,2023-04-17,10,5,604,400,445.13,18,13778
9949,2025-03-24,95,6,605,400,127.78,97,10253
9950,2025-03-26,8,7,603,403,237.33,85,5306
9951,2025-05-15,62,8,602,401,433.4,83,5946
9952,2025-01-02,92,6,602,400,498.84,39,11747
9953,2022-07-03,58,13,604,401,181.88,82,14376
9954,2022-10-24,25,11,601,400,294.08,51,3897
9955,2023-04-04,65,15,602,400,213.07,6,11590
9956,2025-02-14,37,9,605,402,302.75,21,9538
9957,2023-11-10,73,3,601,402,149.73,22,10617
9958,2023-05-26,41,12,604,400,74.77,87,9932
9959,2023-01-03,32,9,600,403,386.69,55,14930
9960,2022-12-02,70,6,604,401,341.15,47,11055
9961,2025-01-11,52,14,603,400,279.59,16,6975
9962,2022-04-28,59,8,603,401,118.25,94,652
9963,2022-04-01,59,7,603,402,262.18,90,12051
9964,2024-09-17,81,10,604,402,487.55,27,10832
9965,2022-05-16,83,6,605,403,345.4,39,9034
9966,2022-11-12,44,7,605,400,431.26,80,4935
9967,2023-04-08,39,11,603,402,110.88,60,4302
9968,2024-07-18,61,9,604,402,196.22,31,8616
9969,2022-10-21,43,5,602,400,55.97,71,5750
9970,2022-10-09,44,8,602,400,226.08,76,7731
9971,2023-04-04,91,8,600,403,368.5,28,2913
9972,2023-02-01,42,7,600,401,411.35,33,10801
9973,2022-06-16,21,14,601,401,301.56,39,10311
9974,2023-09-03,29,9,602,400,84.05,14,8118
9975,2023-06-20,96,4,605,403,481.85,57,12211
9976,2023-12-08,94,4,600,401,412.81,9,10051
9977,2023-11-07,92,12,605,400,99.22,52,6864
9978,2023-01-18,86,14,601,403,338.92,34,14811
9979,2023-08-06,42,13,603,403,382.84,35,8432
9980,2024-02-29,28,4,604,401,154.96,58,3076
9981,2025-04-27,15,13,600,403,73.78,64,1482
9982,2024-10-13,31,10,600,401,431.41,32,4513
9983,2024-10-12,27,14,601,403,292.51,27,9197
9984,2023-09-21,37,13,602,401,316.66,16,14504
9985,2022-11-11,100,13,600,400,214.74,29,6953
9986,2023-06-05,71,1,602,400,192.95,99,9354
9987,2024-04-19,92,6,604,401,318.69,41,3749
9988,2023-09-09,30,13,600,403,446.56,44,4160
9989,2022-04-09,42,10,601,402,128.97,10,14232
9990,2024-01-01,2,10,603,403,153.74,91,10997
9991,2023-05-18,18,11,600,401,60.84,92,8581
9992,2024-06-21,88,1,605,402,422.93,11,1425
9993,2022-09-14,18,12,603,401,335.57,51,5884
9994,2023-09-25,18,11,605,403,145.6,57,13071
9995,2023-06-05,60,9,605,401,472.98,74,1191
9996,2023-10-31,23,11,601,400,475.87,13,2832
9997,2025-05-10,38,1,603,401,484.99,91,7646
9998,2022-04-13,33,13,602,403,380.38,55,7420
9999,2023-02-14,40,14,603,403,100.78,72,5348
10000,2022-09-30,43,15,600,402,165.58,93,9872
10001,2024-01-13,39,12,600,400,394.88,56,13139
10002,2022-03-10,40,1,605,402,73.16,58,8551
10003,2025-01-04,70,9,602,403,462.75,99,3669
10004,2023-08-05,65,10,604,400,321.08,74,12819
10005,2023-06-16,2,9,600,400,221.72,100,7722
10006,2022-07-10,73,5,602,403,480.69,92,13292
10007,2022-01-12,92,6,603,403,430.07,40,8265
10008,2023-10-10,33,6,601,401,185.31,92,7454
10009,2024-09-28,8,9,605,402,85.37,99,8328
10010,2023-10-03,55,6,603,401,307.51,73,14675
10011,2023-09-14,15,4,604,401,432.66,11,5961
10012,2024-06-02,64,13,605,403,320.46,66,6683
10013,2024-07-06,36,12,605,400,230.32,12,14031
10014,2023-05-09,13,5,602,402,363.69,25,1495
10015,2022-06-21,13,1,603,401,123.98,58,14245
10016,2022-06-13,36,8,603,401,228.5,51,11895
10017,2022-12-31,67,4,600,400,99.63,34,13497
10018,2022-04-19,66,1,601,402,98.09,7,13971
10019,2023-12-27,13,3,604,401,348.98,99,4610
10020,2024-12-02,78,6,604,402,398.27,73,412
10021,2023-02-14,86,4,604,401,314.15,49,14430
10022,2023-11-12,20,9,603,403,254.27,14,8420
10023,2024-01-15,46,5,600,402,269.11,12,5893
10024,2023-07-29,57,3,602,400,423.85,91,4822
10025,2022-03-05,39,7,601,401,348.36,42,10953
10026,2025-06-03,1,15,602,402,129.27,33,1869
10027,2022-10-27,57,8,605,400,162.93,96,13633
10028,2024-07-01,89,15,600,401,193.1,98,14673
10029,2023-05-01,85,11,605,400,309.78,18,294
10030,2022-04-24,80,14,600,401,463.69,71,2503
10031,2024-01-01,93,4,601,403,165.07,97,2277
10032,2022-01-28,86,7,603,403,445.36,61,5689
10033,2024-01-06,57,8,602,401,419.14,79,14261
10034,2023-06-21,63,6,605,402,76.92,10,1628
10035,2022-10-26,13,8,605,401,342.11,8,3892
10036,2024-07-20,33,13,605,401,85.18,53,2730
10037,2024-11-03,100,3,600,401,219.79,15,1580
10038,2023-02-06,42,9,602,402,346.52,8,9248
10039,2024-12-20,61,15,603,402,349.83,7,10987
10040,2023-06-09,29,15,600,402,166.03,60,14550
10041,2024-10-03,19,5,600,401,127.93,5,6273
10042,2024-08-28,33,10,605,401,429.53,54,900
10043,2024-10-03,92,10,601,402,225.28,41,11494
10044,2024-07-07,52,7,605,403,199.44,30,9046
10045,2022-08-30,94,6,605,402,415.97,87,4613
10046,2025-02-05,64,3,603,400,287.73,17,6219
10047,2025-03-27,60,15,600,400,460.47,74,8149
10048,2022-01-30,85,8,604,400,472.23,70,11203
10049,2025-01-15,50,3,604,403,139.86,96,3510
10050,2025-01-28,68,11,603,401,484.1,65,14846
10051,2024-09-16,79,10,605,402,311.9,47,11427
10052,2023-10-11,36,7,600,400,188.38,77,507
10053,2023-07-31,16,5,602,401,210.46,44,5045
10054,2025-02-09,29,9,603,401,237.04,69,9798
10055,2024-08-08,4,6,605,403,249.9,42,4628
10056,2023-02-06,4,3,602,400,424.15,98,10742
10057,2022-12-08,21,9,602,403,436.4,28,3870
10058,2024-03-10,52,13,601,401,365.32,16,14437
10059,2024-05-18,2,13,601,403,279.85,81,8401
10060,2024-04-08,90,13,604,403,72.46,25,3529
10061,2023-12-31,56,3,601,401,132.96,51,9504
10062,2023-08-04,14,4,602,402,355.37,53,10871
10063,2022-10-01,94,7,602,401,339.1,76,10786
10064,2022-10-24,75,8,601,403,466.62,27,4203
10065,2023-10-15,29,4,601,403,283.88,76,11067
10066,2023-10-01,85,10,602,401,57.22,61,13501
10067,2024-03-11,79,8,603,401,330.04,64,3383
10068,2023-12-17,89,14,601,400,427.7,86,6865
10069,2022-06-18,58,1,605,401,367.5,76,3207
10070,2023-02-26,3,10,600,401,64.27,99,12043
10071,2024-03-18,6,2,601,400,78.92,30,1487
10072,2022-01-17,72,7,600,402,235.72,100,9757
10073,2025-01-09,72,13,602,400,227.68,30,2459
10074,2023-11-23,80,6,602,401,228.2,29,6749
10075,2024-10-01,16,5,604,400,341.9,87,2226
10076,2023-12-13,93,2,602,401,76.32,96,2790
10077,2024-05-15,1,2,601,401,83.64,58,13726
10078,2024-11-03,50,15,601,401,384.02,64,1333
10079,2023-05-12,5,15,604,400,167.22,65,12184
10080,2022-09-27,1,6,603,403,444.61,69,3506
10081,2022-10-21,31,12,604,403,374.5,85,329
10082,2024-09-06,59,3,605,402,183.6,17,12346
10083,2023-04-12,55,15,603,400,253.11,48,5687
10084,2023-10-28,67,6,601,400,83.29,92,4226
10085,2023-09-15,58,5,605,401,270.94,53,8401
10086,2025-03-22,99,5,602,403,352.01,99,6739
10087,2022-06-15,55,12,602,401,52.32,10,12672
10088,2024-05-12,35,5,604,402,183.81,21,8586
10089,2022-02-16,14,11,604,400,465.7,59,8555
10090,2023-04-02,4,11,603,400,449.16,39,12999
10091,2025-01-25,25,4,604,403,444.54,39,5925
10092,2023-11-15,25,1,604,400,407.33,92,9432
10093,2023-08-02,93,14,605,401,356.56,41,14645
10094,2025-01-27,39,3,602,403,118.68,36,3211
10095,2023-08-03,95,11,604,401,410.39,51,10585
10096,2023-04-16,34,5,600,403,242.29,17,7805
10097,2022-09-10,76,10,604,403,374.11,9,10199
10098,2023-07-06,59,8,603,400,444.17,63,6771
10099,2023-11-04,58,9,603,403,82.96,50,7198
10100,2024-07-19,61,11,604,400,175.5,40,3174
10101,2022-07-18,25,5,604,401,133.84,49,2400
10102,2024-01-20,13,1,602,401,391.8,89,12999
10103,2022-02-02,14,3,604,402,236.47,53,9848
10104,2022-12-27,16,12,600,400,293.16,57,3830
10105,2025-04-24,77,9,600,400,235.25,46,8741
10106,2022-02-16,22,14,605,402,473.2,69,12128
10107,2023-11-04,51,1,603,401,181.57,91,1287
10108,2025-06-07,60,11,605,403,79.32,23,11344
10109,2022-09-13,25,13,602,403,278.08,70,6372
10110,2024-01-27,86,14,601,403,389.11,47,7441
10111,2022-09-14,11,4,601,403,94.07,26,14855
10112,2022-01-21,60,14,600,403,178.41,15,1679
10113,2024-04-11,29,7,605,403,215.5,50,6855
10114,2022-04-07,45,5,601,402,97.26,73,9950
10115,2022-04-21,37,3,603,400,406.82,47,3907
10116,2023-05-27,9,3,604,401,369.99,75,9559
10117,2024-08-22,93,15,600,402,481.95,78,3214
10118,2024-09-03,99,4,602,403,456.44,51,7443
10119,2023-01-09,89,7,600,400,399.26,9,13161
10120,2022-06-29,96,6,603,401,461.52,78,5639
10121,2022-07-30,51,10,601,402,176.51,57,11784
10122,2024-07-04,42,12,602,400,297.75,89,13490
10123,2024-05-06,83,2,604,402,164.44,57,5576
10124,2024-04-09,69,13,605,400,242.07,33,5562
10125,2025-06-12,32,11,605,402,107.9,27,5527
10126,2024-03-22,50,5,600,400,93.08,48,11649
10127,2023-08-14,62,10,602,401,454.35,81,14771
10128,2023-09-25,53,4,604,401,166.48,96,5148
10129,2025-01-23,96,12,601,403,435.12,17,3870
10130,2022-05-27,16,11,603,400,178.73,10,3976
10131,2023-09-23,10,8,602,401,314.74,87,12944
10132,2023-11-17,15,4,602,403,395.21,56,9513
10133,2025-04-20,8,3,600,403,301.81,53,5523
10134,2024-07-07,52,9,601,403,374.25,67,9949
10135,2022-06-12,91,10,603,401,330.85,91,12918
10136,2024-08-31,47,5,602,401,383.39,78,3283
10137,2022-06-26,43,8,601,401,195.44,62,12938
10138,2025-03-29,4,14,600,403,80.44,36,7866
10139,2022-03-09,11,2,603,400,287.22,74,7181
10140,2022-01-04,59,3,604,403,110.49,30,10525
10141,2023-03-23,98,7,603,403,414.59,53,12641
10142,2023-01-26,36,6,600,401,494.49,10,14946
10143,2022-07-11,25,4,600,403,70.82,26,7806
10144,2023-10-25,12,13,603,400,485.58,92,10397
10145,2023-11-06,7,9,605,402,375.81,17,13775
10146,2022-08-10,18,9,605,402,454.72,21,13001
10147,2022-08-03,37,13,604,403,121.02,12,13898
10148,2022-12-21,91,6,601,402,472.37,69,11704
10149,2025-02-04,95,2,602,401,408.58,8,1032
10150,2024-02-26,70,12,601,402,277.96,25,14707
10151,2023-06-03,67,6,602,400,443.01,10,2741
10152,2022-08-11,34,14,602,403,489.23,24,2654
10153,2024-04-14,40,2,601,403,204.88,43,3771
10154,2023-10-14,22,15,600,401,330.59,27,7375
10155,2023-09-27,57,1,605,400,315.41,14,5302
10156,2024-02-16,24,3,600,402,151.26,37,6787
10157,2022-06-19,51,9,601,400,204.48,98,2668
10158,2024-05-17,16,3,600,400,331.1,89,1973
10159,2023-11-15,61,5,602,400,498.14,91,4974
10160,2023-08-01,80,4,605,401,296.41,79,4016
10161,2025-05-26,85,6,602,401,419.84,71,2615
10162,2022-08-31,29,11,602,403,303.6,93,6371
10163,2023-04-18,51,12,603,400,494.04,13,12485
10164,2022-02-15,59,4,603,401,390.05,43,13028
10165,2025-01-26,96,6,603,401,363.17,87,9113
10166,2024-04-29,60,11,603,403,478.14,29,11783
10167,2023-08-20,9,2,602,401,66.58,41,12721
10168,2024-07-21,30,2,600,401,113.08,56,10874
10169,2024-04-15,71,4,601,402,312.32,20,11997
10170,2024-02-05,48,5,605,403,462.1,70,6994
10171,2023-08-20,92,9,604,403,446.32,72,7398
10172,2025-06-25,79,14,602,400,397.75,98,2974
10173,2023-08-12,4,12,602,400,207.6,98,3089
10174,2023-03-16,85,13,602,400,147.11,70,10094
10175,2023-12-26,3,9,604,401,99.97,98,10337
10176,2024-12-07,60,4,600,403,168.08,38,14040
10177,2022-12-01,15,1,605,400,441.42,83,10952
10178,2024-09-15,39,15,602,400,78.48,68,9350
10179,2024-09-08,47,6,605,401,440.45,45,7934
10180,2022-03-25,7,2,604,400,467.01,71,2375
10181,2022-01-29,13,9,603,401,414.18,96,6363
10182,2022-06-04,98,3,601,403,115.74,67,7707
10183,2022-07-15,58,5,605,400,287.65,62,2263
10184,2022-12-15,90,3,604,403,295.89,67,2883
10185,2024-05-19,36,9,601,402,173.77,76,3142
10186,2023-08-31,22,5,604,403,90.61,49,12519
10187,2023-08-23,85,8,602,402,111.73,30,12334
10188,2022-08-23,47,9,601,403,413.86,86,7400
10189,2024-04-02,98,10,602,401,254.79,65,3345
10190,2022-05-26,34,6,604,402,287.78,57,2004
10191,2024-10-10,94,10,602,402,450.0,69,3096
10192,2023-07-24,48,9,605,400,134.61,39,10094
10193,2022-11-08,1,10,601,400,71.9,12,8056
10194,2025-01-28,74,14,602,401,121.81,23,2582
10195,2023-06-26,70,12,600,401,370.56,64,1988
10196,2024-03-10,23,15,602,400,278.06,9,3063
10197,2023-07-20,39,13,601,402,353.07,39,6402
10198,2023-07-07,44,11,602,400,481.78,71,7284
10199,2024-07-29,1,8,604,400,347.0,13,2382
10200,2024-11-19,56,13,604,403,320.13,58,9633
10201,2023-01-31,12,14,604,403,237.24,89,8125
10202,2023-06-06,92,15,603,403,96.85,17,10434
10203,2023-10-18,76,4,601,403,123.26,15,10912
10204,2023-05-15,86,2,605,401,244.52,98,12815
10205,2023-02-19,31,13,604,403,90.34,44,7352
10206,2023-04-18,78,2,600,402,299.32,73,5197
10207,2023-03-19,62,6,605,402,468.09,90,2137
10208,2023-04-10,1,12,601,403,408.91,77,14099
10209,2025-05-14,49,10,600,403,120.0,99,14127
10210,2023-07-01,89,9,600,401,158.24,61,9900
10211,2024-10-10,94,15,604,401,343.14,37,2614
10212,2023-10-12,68,11,605,400,288.1,80,5120
10213,2022-03-28,27,9,602,403,275.29,62,6621
10214,2023-04-15,34,3,602,400,351.55,65,14420
10215,2022-09-15,76,1,603,401,337.96,71,6972
10216,2023-03-04,67,10,603,403,149.63,63,9572
10217,2025-02-11,93,14,601,403,188.37,47,5092
10218,2025-05-21,14,3,602,401,63.55,15,3326
10219,2024-01-22,50,8,603,403,494.18,50,13230
10220,2023-08-17,96,15,604,403,311.64,72,863
10221,2022-06-03,36,5,601,400,162.49,15,13660
10222,2023-05-30,86,10,603,402,190.73,18,9596
10223,2023-12-06,70,11,604,401,228.09,8,7011
10224,2022-11-05,6,10,601,400,288.81,72,5529
10225,2022-06-10,80,15,600,403,407.29,65,11270
10226,2022-04-17,40,8,604,401,108.87,84,2532
10227,2022-03-04,94,10,601,403,215.03,67,2525
10228,2023-12-04,38,10,604,402,399.81,98,6121
10229,2023-06-12,39,1,600,402,450.56,24,5787
10230,2023-07-14,94,3,604,402,312.66,19,3436
10231,2022-09-16,85,4,605,403,394.55,89,2486
10232,2023-05-02,27,13,605,402,491.75,29,13594
10233,2023-08-12,10,5,600,401,295.62,92,13393
10234,2025-02-09,4,10,600,401,476.67,35,4922
10235,2024-05-12,13,8,601,400,72.64,43,9866
10236,2023-12-23,14,3,605,401,63.27,28,5104
10237,2023-07-18,48,7,600,403,88.46,79,810
10238,2022-10-11,9,14,603,401,93.57,98,1336
10239,2022-02-05,98,3,600,401,456.19,95,4870
10240,2023-05-01,6,12,601,400,348.3,46,9956
10241,2023-01-30,43,12,602,401,67.35,5,1683
10242,2023-03-30,68,5,603,400,345.13,22,4325
10243,2024-02-08,3,6,604,402,332.22,66,11310
10244,2025-02-05,6,12,604,400,65.7,34,6015
10245,2025-03-14,97,7,605,402,187.0,31,1150
10246,2024-10-03,49,5,601,402,364.74,88,5257
10247,2022-02-15,85,9,601,400,185.72,40,11910
10248,2025-05-16,81,9,602,401,477.9,72,7616
10249,2025-03-23,37,9,601,403,183.63,34,1103
10250,2024-07-25,11,3,602,400,434.87,58,10221
10251,2022-07-25,23,5,603,400,198.08,5,7815
10252,2024-06-11,43,15,603,402,116.53,34,10422
10253,2024-03-21,99,13,602,401,462.23,10,8341
10254,2022-01-23,96,4,603,401,362.87,80,1412
10255,2023-04-10,70,6,603,402,330.5,29,12055
10256,2022-12-10,1,15,600,401,244.71,71,5566
10257,2022-07-18,74,2,603,402,219.22,27,14669
10258,2023-06-09,26,11,602,401,399.76,41,10316
10259,2022-01-02,34,10,601,403,116.98,66,13308
10260,2023-10-14,3,6,603,401,314.34,32,9508
10261,2024-06-11,1,10,602,400,288.39,86,2321
10262,2022-10-25,21,7,601,402,198.88,56,1590
10263,2024-04-13,68,4,600,403,412.59,7,414
10264,2022-05-19,68,3,601,400,120.31,31,11849
10265,2023-08-21,18,7,604,403,356.85,71,5834
10266,2023-02-15,20,14,603,403,276.76,92,3923
10267,2024-08-23,95,14,600,400,115.07,17,9883
10268,2022-09-08,65,12,602,400,242.27,9,10789
10269,2024-09-10,10,1,601,401,208.01,92,7420
10270,2023-09-12,14,5,601,403,167.57,91,796
10271,2022-09-25,64,4,603,401,398.19,99,11814
10272,2023-08-17,46,15,601,403,417.67,26,2152
10273,2024-12-21,71,4,600,400,428.65,57,14367
10274,2025-03-10,45,11,601,402,159.64,81,8522
10275,2023-06-21,51,1,605,403,443.27,28,14191
10276,2025-04-30,10,6,602,400,473.05,25,9483
10277,2025-04-05,13,15,600,401,157.34,64,2369
10278,2023-06-05,57,3,604,401,371.52,71,6339
10279,2024-12-25,7,10,600,403,279.11,39,931
10280,2023-01-02,51,3,602,402,355.75,98,137
10281,2024-06-10,10,12,602,401,204.21,99,11415
10282,2022-04-14,2,2,601,402,195.91,42,9101
10283,2024-07-09,5,9,600,402,198.39,76,5690
10284,2024-03-28,78,8,605,400,255.55,25,11573
10285,2023-12-05,5,4,605,402,224.35,42,14131
10286,2023-10-22,19,14,604,400,65.82,10,7703
10287,2023-03-15,69,3,604,401,448.68,40,1819
10288,2024-11-06,14,12,601,400,142.03,42,13591
10289,2025-03-12,21,11,603,403,200.66,93,1687
10290,2022-12-05,78,2,600,400,64.92,10,13684
10291,2023-01-23,45,6,605,400,356.26,75,14629
10292,2023-02-16,15,3,603,401,54.55,81,2831
10293,2022-07-15,19,4,603,401,185.03,62,6204
10294,2024-01-17,74,12,605,402,270.6,53,1314
10295,2022-10-27,21,14,600,402,462.18,51,3985
10296,2022-07-04,22,9,603,403,314.58,21,9667
10297,2022-08-12,56,15,601,403,146.02,80,13376
10298,2024-10-11,46,2,604,400,168.62,9,9901
10299,2025-04-21,71,13,600,403,190.61,86,13600
10300,2023-06-14,100,10,600,401,470.61,57,7922
10301,2023-07-15,12,14,600,402,208.67,37,10461
10302,2022-06-03,26,7,603,403,199.56,25,7895
10303,2024-01-27,33,7,604,401,124.37,73,6693
10304,2024-03-28,93,11,600,402,385.33,15,6356
10305,2022-03-30,5,13,602,401,311.68,85,8634
10306,2023-11-15,86,4,601,400,90.93,39,13801
10307,2022-07-27,50,5,602,403,335.23,46,3302
10308,2022-09-03,51,4,602,402,354.55,57,3290
10309,2022-05-31,72,13,605,401,172.39,63,6940
10310,2024-01-14,48,14,600,403,237.79,64,378
10311,2024-11-05,6,1,604,402,472.87,52,13467
10312,2023-10-10,100,2,603,401,435.94,70,7579
10313,2024-04-24,44,4,600,401,56.03,52,3813
10314,2024-09-23,21,12,601,401,73.23,46,5942
10315,2024-09-04,6,7,601,400,185.98,91,9050
10316,2022-12-06,88,6,604,403,454.73,70,1855
10317,2024-05-17,96,12,604,400,467.85,59,2756
10318,2023-01-26,30,3,602,402,242.94,27,1139
10319,2022-08-31,75,3,604,400,311.87,75,1851
10320,2025-05-09,100,1,601,402,480.68,80,11935
10321,2022-08-20,28,2,602,403,487.61,8,11085
10322,2024-01-22,91,10,600,401,427.51,48,14129
10323,2022-10-01,85,12,603,400,98.22,50,2648
10324,2023-05-22,97,2,602,403,368.08,45,14317
10325,2024-02-19,49,15,604,401,129.73,89,9692
10326,2024-03-29,68,7,603,403,184.02,43,8468
10327,2024-01-30,34,13,603,403,469.16,78,11027
10328,2022-08-30,57,15,602,403,311.84,87,10875
10329,2024-09-10,41,8,602,400,164.34,97,12462
10330,2023-08-29,89,2,602,401,289.77,66,3257
10331,2022-06-01,16,9,605,402,326.42,84,7362
10332,2022-08-21,6,6,604,402,419.12,58,5509
10333,2024-09-21,78,5,602,401,51.81,42,11032
10334,2024-12-08,45,9,604,403,160.76,95,3009
10335,2025-04-03,86,3,602,403,416.5,79,8416
10336,2023-07-09,27,15,604,401,231.69,40,11204
10337,2024-05-02,23,12,602,402,458.81,64,905
10338,2022-04-08,20,7,600,402,158.13,45,13632
10339,2023-08-12,63,9,604,402,254.17,66,6453
10340,2022-12-05,37,15,602,401,190.11,17,4612
10341,2023-05-12,10,15,602,400,472.87,50,2006
10342,2025-05-06,19,15,600,401,92.44,95,12466
10343,2024-08-10,80,15,600,402,138.51,84,7214
10344,2025-05-29,74,8,604,402,154.85,41,2183
10345,2024-02-12,31,10,600,402,174.74,60,5383
10346,2024-01-21,22,12,600,401,190.56,74,4027
10347,2023-08-03,10,1,600,403,282.44,25,8137
10348,2022-01-07,91,13,602,402,354.43,83,10222
10349,2023-11-19,79,7,605,401,97.52,18,13484
10350,2024-12-24,1,15,604,403,286.95,17,12765
10351,2022-12-10,46,11,603,403,387.78,19,12056
10352,2022-06-13,50,14,604,403,344.14,32,731
10353,2023-04-20,47,9,600,401,186.45,39,1462
10354,2022-06-18,20,5,604,401,75.31,29,3960
10355,2023-11-09,62,9,605,400,377.97,82,6490
10356,2023-01-12,63,11,603,403,314.74,14,8015
10357,2023-12-02,43,8,604,402,148.25,82,5726
10358,2024-09-24,44,12,602,402,455.21,55,2416
10359,2024-12-14,65,10,601,401,403.71,64,6585
10360,2024-08-17,77,12,600,401,58.42,67,2127
10361,2022-01-09,48,3,602,402,353.95,69,11832
10362,2023-04-19,85,5,604,400,419.26,49,9724
10363,2022-06-19,15,4,604,400,398.55,56,7226
10364,2024-06-04,97,12,602,400,60.22,46,4582
10365,2023-10-21,47,10,602,401,285.33,32,12724
10366,2025-01-12,53,6,602,401,234.49,74,13926
10367,2023-04-19,75,7,602,402,486.18,69,12342
10368,2022-04-21,58,4,602,401,118.27,23,10306
10369,2024-02-25,20,5,600,400,446.11,29,13426
10370,2023-09-14,24,7,602,403,80.12,56,5186
10371,2023-04-03,3,3,600,403,74.53,64,3655
10372,2024-08-15,22,5,605,401,283.32,79,5821
10373,2025-02-19,10,5,604,401,75.44,51,9628
10374,2022-07-08,43,1,602,402,374.45,30,13333
10375,2024-05-24,92,6,605,402,396.89,78,8398
10376,2022-06-25,55,10,604,403,68.42,63,11438
10377,2025-05-01,56,14,603,403,372.11,30,6873
10378,2022-01-31,74,7,600,403,166.94,98,9932
10379,2022-04-17,96,3,603,400,353.49,86,11879
10380,2024-10-31,5,10,601,402,295.33,62,5181
10381,2022-05-08,40,5,602,402,123.07,68,5494
10382,2023-06-12,7,11,601,403,372.91,26,14739
10383,2024-12-01,13,3,602,403,72.42,22,7287
10384,2023-10-12,71,1,601,401,207.22,13,8439
10385,2024-09-25,94,14,605,403,61.87,28,13872
10386,2023-02-18,49,12,605,401,293.39,42,4244
10387,2022-09-21,56,2,602,401,353.58,84,4114
10388,2025-01-02,88,1,603,401,116.16,70,3139
10389,2025-01-18,46,2,601,403,284.37,8,11924
10390,2025-03-11,41,3,605,402,437.14,6,4392
10391,2023-02-03,71,1,602,403,94.71,85,6612
10392,2024-02-23,58,6,603,402,188.37,99,2006
10393,2022-12-12,67,7,600,403,296.97,28,5872
10394,2022-08-28,35,13,604,402,480.99,28,3204
10395,2024-01-19,37,4,600,402,65.1,80,14514
10396,2023-10-18,100,12,601,402,182.21,61,13403
10397,2022-08-11,96,1,600,402,343.88,15,4154
10398,2022-10-10,23,15,601,403,381.99,88,3086
10399,2023-04-15,80,7,603,402,240.65,80,12211
10400,2025-06-23,41,13,602,403,57.65,77,14897
10401,2022-03-24,29,2,600,402,400.21,80,7622
10402,2023-10-21,44,15,600,400,291.18,25,11427
10403,2023-04-14,8,11,602,402,220.38,29,3365
10404,2024-02-28,54,14,603,401,448.82,95,9741
10405,2023-07-27,1,5,600,401,251.79,82,13367
10406,2023-01-08,28,8,605,401,447.03,85,9874
10407,2022-10-12,46,14,601,401,140.95,23,5447
10408,2023-03-23,61,9,603,402,279.43,7,2891
10409,2023-10-09,26,4,602,403,318.28,55,13488
10410,2023-10-05,86,14,601,400,407.28,94,11953
10411,2025-02-28,14,11,603,403,405.15,10,14446
10412,2023-10-10,6,9,600,403,396.0,67,14894
10413,2023-01-06,60,9,603,401,209.41,66,3125
10414,2022-07-12,52,9,601,400,155.24,52,6064
10415,2025-01-13,48,2,603,401,414.79,9,4830
10416,2022-10-31,93,7,605,400,325.3,56,5964
10417,2022-01-01,71,11,602,403,453.91,8,6498
10418,2024-02-09,84,3,604,400,60.54,75,8905
10419,2023-09-07,94,1,603,402,298.7,35,12692
10420,2022-03-27,73,15,605,401,432.57,39,7630
10421,2022-11-30,79,13,600,402,453.58,76,11517
10422,2024-02-09,39,11,600,403,311.74,77,12267
10423,2024-09-07,77,7,600,401,88.41,66,8346
10424,2022-09-17,59,14,603,403,340.4,35,14100
10425,2024-10-12,12,5,605,401,290.52,92,7560
10426,2023-07-31,92,15,603,403,70.2,42,8272
10427,2023-10-15,69,6,603,400,251.89,99,2849
10428,2022-09-30,46,1,604,403,431.82,37,8344
10429,2023-04-10,32,14,604,403,245.76,24,9696
10430,2023-11-05,3,8,600,401,245.59,24,1096
10431,2024-12-05,81,10,604,402,379.84,28,4372
10432,2023-08-17,37,5,605,403,280.02,59,3025
10433,2022-12-11,56,6,602,401,59.49,5,2522
10434,2023-06-26,77,5,600,401,497.42,70,14215
10435,2025-03-31,53,13,602,403,340.23,30,221
10436,2022-05-16,73,9,600,402,246.96,66,2058
10437,2024-10-04,77,10,603,402,147.4,27,2216
10438,2023-06-10,100,5,605,402,490.13,13,2331
10439,2024-07-11,52,1,604,400,360.68,90,14430
10440,2025-01-12,95,3,600,402,484.5,63,13691
10441,2022-09-05,18,14,600,402,174.9,64,6543
10442,2024-12-02,52,5,600,403,148.19,24,10305
10443,2022-04-04,90,12,600,403,346.94,49,6202
10444,2025-03-28,93,9,604,402,267.34,22,9125
10445,2024-08-28,42,8,603,403,235.81,65,4497
10446,2022-11-04,45,5,605,403,57.03,11,184
10447,2024-01-29,11,2,602,400,413.85,42,4276
10448,2024-09-11,44,8,600,403,386.22,32,13197
10449,2024-11-13,17,12,601,401,294.3,8,8307
10450,2022-12-13,83,12,605,402,356.36,20,8876
10451,2023-12-01,55,12,602,401,94.61,81,11075
10452,2024-09-24,76,8,605,402,260.52,54,11321
10453,2025-06-14,42,14,603,403,478.33,16,13415
10454,2023-11-22,41,6,603,400,204.82,32,4771
10455,2024-10-10,89,3,601,400,303.74,54,7031
10456,2023-04-27,22,13,600,400,347.58,39,2367
10457,2023-03-16,5,6,601,402,493.22,84,4389
10458,2022-07-07,44,11,602,403,150.28,26,6874
10459,2022-02-22,63,15,601,400,416.35,48,7079
10460,2022-01-13,66,2,601,400,422.37,48,5453
10461,2024-04-19,52,8,602,401,384.66,5,10226
10462,2022-11-19,32,14,605,402,93.42,19,1491
10463,2024-07-29,6,3,604,403,97.3,98,12580
10464,2022-11-07,5,14,605,400,362.61,27,13073
10465,2022-12-05,63,14,601,400,443.61,9,3836
10466,2025-01-24,66,10,602,403,218.68,52,6982
10467,2024-11-04,33,8,601,401,245.31,73,11771
10468,2024-11-09,36,13,602,403,266.91,68,6372
10469,2022-11-14,41,10,600,400,97.33,90,4833
10470,2022-07-14,64,10,601,402,330.88,99,13959
10471,2025-05-03,79,13,604,400,171.98,23,7487
10472,2023-03-06,33,9,605,403,143.78,25,6436
10473,2023-03-01,30,3,601,400,313.98,48,11566
10474,2022-12-26,4,15,601,400,364.01,63,5669
10475,2022-04-30,18,11,603,403,146.84,83,2710
10476,2024-04-22,57,4,602,400,59.41,13,12683
10477,2022-06-28,96,5,600,402,184.19,37,6929
10478,2024-09-27,62,8,601,403,382.33,5,7142
10479,2024-06-15,73,4,604,403,441.36,92,9475
10480,2023-09-08,16,2,602,401,221.49,39,8200
10481,2023-08-15,96,10,601,401,377.38,93,5789
10482,2025-06-09,61,10,604,400,462.7,74,7539
10483,2024-12-28,10,9,605,400,250.93,70,13230
10484,2024-05-27,88,13,603,403,469.89,60,8166
10485,2023-08-08,45,13,604,400,195.29,80,8603
10486,2025-01-28,35,15,601,401,251.96,89,7951
10487,2023-06-30,33,11,601,403,301.25,14,9994
10488,2022-03-06,50,3,605,403,261.41,53,13912
10489,2023-09-25,28,6,602,402,169.49,47,5008
10490,2023-12-10,89,2,605,402,340.04,75,1857
10491,2022-11-02,85,6,602,403,379.08,67,4555
10492,2024-05-13,68,4,602,403,325.7,96,10339
10493,2024-11-06,47,7,602,403,217.23,7,12483
10494,2025-06-24,32,13,605,401,417.21,35,9611
10495,2022-08-15,90,9,602,400,189.21,68,13026
10496,2024-02-24,84,12,601,402,422.74,13,14452
10497,2022-12-19,37,1,604,400,118.43,99,8905
10498,2024-03-05,64,10,602,401,135.52,7,6348
10499,2023-05-31,29,12,600,403,481.37,70,2860
10500,2023-10-16,62,8,601,403,265.31,26,5010
10501,2023-06-17,87,11,600,401,161.26,71,4721
10502,2022-04-17,60,15,601,402,258.4,31,7940
10503,2024-10-13,95,6,601,401,348.55,27,3871
10504,2025-02-09,39,6,604,403,409.42,21,5613
10505,2024-07-10,19,8,605,402,205.63,77,6089
10506,2025-06-04,9,3,603,400,61.23,37,11658
10507,2025-04-07,99,9,600,401,390.72,12,14693
10508,2023-01-18,7,3,604,403,231.66,100,9236
10509,2024-05-23,74,2,605,403,304.13,41,10140
10510,2024-09-25,16,4,603,400,106.74,67,7650
10511,2024-01-16,51,5,605,402,269.9,74,6464
10512,2022-02-07,68,7,601,402,271.53,36,366
10513,2023-09-19,53,8,601,400,66.69,7,4157
10514,2024-03-02,49,9,603,402,318.9,33,5985
10515,2024-10-30,33,13,602,403,116.95,63,11059
10516,2024-10-09,31,5,602,402,180.11,11,822
10517,2024-12-21,68,11,603,400,286.84,93,8930
10518,2024-10-04,98,4,601,401,86.69,60,14912
10519,2024-08-14,35,10,604,403,374.11,5,6036
10520,2024-04-14,58,12,601,402,251.11,45,5386
10521,2022-02-08,47,10,604,402,384.64,18,8375
10522,2025-03-21,39,2,601,400,135.06,61,8325
10523,2024-01-27,60,5,604,401,272.02,68,8958
10524,2023-02-02,25,5,605,401,195.63,77,6099
10525,2022-12-05,53,1,603,403,352.44,13,9981
10526,2024-10-23,18,10,603,402,419.27,92,12315
10527,2025-03-12,9,8,605,402,190.68,58,3852
10528,2024-07-17,12,11,604,400,81.81,98,6251
10529,2023-06-01,80,1,604,401,488.93,90,14521
10530,2024-12-24,97,15,600,403,342.47,28,1017
10531,2024-10-17,26,6,601,401,192.29,86,2779
10532,2023-04-05,87,5,604,400,358.22,69,3181
10533,2022-06-03,70,7,605,402,455.62,24,6685
10534,2025-03-09,30,14,601,403,64.87,56,3499
10535,2022-12-11,24,11,602,400,370.52,67,4949
10536,2023-05-03,47,3,604,402,340.5,59,9972
10537,2023-11-09,73,13,603,401,451.12,80,13643
10538,2025-02-27,25,5,601,403,188.45,65,7760
10539,2023-10-21,69,1,600,402,404.29,56,139
10540,2024-02-19,77,13,603,401,412.38,42,11330
10541,2023-12-23,38,3,604,403,404.32,31,1927
10542,2023-12-10,31,11,600,401,190.26,10,8682
10543,2025-06-25,23,3,600,403,89.75,29,379
10544,2024-03-17,94,15,602,401,59.63,56,9180
10545,2022-04-08,57,13,604,403,359.39,41,1180
10546,2023-07-04,22,9,601,403,273.59,58,1207
10547,2023-02-10,25,2,604,400,439.64,37,11381
10548,2023-01-05,34,11,600,401,471.44,17,10135
10549,2023-12-21,84,12,605,401,303.01,57,7665
10550,2023-08-11,97,13,603,403,310.93,63,6061
10551,2022-06-15,13,9,604,400,87.02,77,4207
10552,2024-07-27,17,15,603,401,373.54,5,1248
10553,2025-05-24,21,3,605,403,84.11,48,2535
10554,2022-07-13,93,6,604,401,127.11,48,2998
10555,2023-03-05,77,9,601,400,457.09,70,2525
10556,2023-02-01,47,8,602,402,93.2,58,6752
10557,2022-05-10,72,8,600,401,148.99,53,6143
10558,2024-07-15,32,14,603,403,322.06,31,9799
10559,2025-05-20,87,2,600,401,254.2,100,11200
10560,2025-03-28,28,11,601,401,215.16,9,252
10561,2023-05-28,87,12,604,401,101.63,98,7784
10562,2022-10-13,81,9,605,403,424.7,47,10612
10563,2024-07-02,76,5,603,403,460.56,53,6527
10564,2024-06-02,75,3,600,403,431.59,87,4764
10565,2025-03-25,86,4,603,401,222.68,65,7915
10566,2023-04-13,51,2,605,402,210.85,38,2743
10567,2024-07-11,98,8,603,400,63.5,57,10664
10568,2023-08-20,28,7,604,401,315.33,18,12178
10569,2025-04-23,19,6,602,400,129.86,10,3002
10570,2025-04-05,95,8,603,402,471.08,71,4236
10571,2023-08-07,28,13,604,400,472.18,13,5747
10572,2022-11-05,17,4,601,401,140.64,94,7226
10573,2022-12-11,28,10,600,400,269.86,52,10965
10574,2022-11-30,99,2,605,403,421.79,88,2378
10575,2023-08-17,80,15,604,401,484.74,72,10174
10576,2024-04-24,89,15,603,403,326.57,12,9823
10577,2023-11-15,86,5,605,403,76.07,34,10957
10578,2024-11-09,4,3,604,403,251.39,69,7419
10579,2024-07-21,33,9,602,403,394.01,15,1650
10580,2023-07-30,76,10,603,400,296.84,26,10089
10581,2024-12-24,76,4,601,402,277.76,24,7448
10582,2023-09-03,91,5,603,403,163.35,96,9637
10583,2022-07-11,20,5,605,400,361.3,87,11091
10584,2024-04-09,70,2,602,403,260.61,59,499
10585,2023-01-23,87,3,603,400,173.95,49,5528
10586,2024-12-24,71,4,600,403,310.92,41,9293
10587,2022-01-26,52,15,605,402,220.16,63,155
10588,2024-04-05,15,5,600,403,359.4,47,12816
10589,2022-05-22,39,8,601,401,312.99,77,3047
10590,2022-12-01,21,13,601,402,427.35,92,3316
10591,2022-11-21,6,5,605,402,290.4,32,261
10592,2023-04-26,34,9,600,403,433.17,11,13679
10593,2022-01-30,17,12,601,400,336.68,62,5175
10594,2024-05-23,20,5,600,401,272.82,70,3327
10595,2025-04-19,56,14,601,400,225.31,25,10335
10596,2024-12-13,37,2,604,402,259.54,6,14786
10597,2023-12-25,3,5,603,403,487.01,10,728
10598,2022-08-22,86,8,600,402,281.13,92,1793
10599,2023-05-28,34,4,603,403,325.28,29,14786
10600,2024-05-28,10,4,600,403,249.22,7,6656
10601,2023-03-02,20,13,604,400,67.35,45,5210
10602,2023-11-23,59,15,603,402,446.51,16,10540
10603,2023-02-20,51,6,605,403,119.58,37,5029
10604,2022-02-28,87,14,600,400,470.84,51,3832
10605,2022-08-06,54,13,602,403,184.79,41,12806
10606,2023-04-10,12,3,602,401,219.66,94,12966
10607,2023-01-03,44,10,600,402,235.97,53,12704
10608,2024-02-10,54,15,602,401,256.52,99,3218
10609,2022-03-21,89,12,605,401,287.78,63,12773
10610,2022-01-14,59,5,605,403,330.89,77,14084
10611,2023-01-24,78,2,601,402,405.5,42,9262
10612,2025-01-16,32,1,601,402,415.7,74,6159
10613,2022-08-27,33,4,603,402,181.05,87,1238
10614,2023-12-14,30,1,600,403,207.65,96,4334
10615,2023-11-23,43,10,601,401,276.55,19,3743
10616,2022-12-10,84,13,605,403,328.85,53,2628
10617,2025-02-09,50,9,605,402,311.02,80,1193
10618,2025-03-29,20,4,601,403,426.11,92,9857
10619,2024-03-25,2,14,605,403,227.47,52,7027
10620,2022-09-18,98,13,603,403,102.28,71,8482
10621,2025-01-23,70,4,602,402,246.25,43,9291
10622,2025-01-12,37,1,603,403,77.44,81,11692
10623,2024-12-11,24,10,603,402,168.07,80,8359
10624,2022-02-05,100,13,601,403,268.05,76,1757
10625,2022-06-06,71,8,601,401,456.17,7,13731
10626,2023-03-03,23,4,600,401,310.24,33,11799
10627,2024-11-17,89,12,603,401,201.38,68,5393
10628,2023-01-13,57,9,604,400,71.26,90,1160
10629,2023-04-06,12,13,605,400,291.1,7,5358
10630,2022-04-14,5,10,603,401,241.55,33,7140
10631,2022-02-08,93,5,605,400,127.62,44,5127
10632,2024-08-08,61,2,603,401,405.32,65,8912
10633,2024-11-23,61,3,601,403,59.59,98,13366
10634,2022-12-25,5,10,603,401,232.92,23,2279
10635,2024-01-26,35,11,602,401,231.61,52,4224
10636,2024-08-12,43,2,601,400,268.02,83,5320
10637,2022-11-07,85,8,602,403,457.71,28,7908
10638,2025-02-19,13,15,602,400,326.99,36,5900
10639,2022-10-30,24,13,600,403,478.06,67,4345
10640,2024-05-12,8,5,602,403,381.85,13,12064
10641,2023-11-17,18,4,601,401,344.53,14,7507
10642,2025-02-25,16,12,600,401,380.34,71,5916
10643,2024-09-28,24,12,604,400,143.59,87,2577
10644,2024-05-18,60,8,602,401,456.49,78,5041
10645,2023-08-23,77,8,604,400,476.11,99,10039
10646,2025-01-18,12,6,600,400,227.7,21,7906
10647,2023-06-02,86,8,602,400,291.15,6,14701
10648,2024-12-19,51,15,604,403,169.04,28,9162
10649,2023-08-14,36,12,605,403,434.58,70,3806
10650,2022-10-26,49,7,604,400,288.46,28,11151
10651,2024-09-13,42,13,604,400,430.69,74,8470
10652,2023-03-11,45,7,605,402,470.99,20,10264
10653,2024-11-23,13,2,605,401,477.23,86,1245
10654,2023-08-25,81,10,604,400,380.76,71,7448
10655,2023-12-03,9,7,604,401,138.11,30,5241
10656,2023-04-21,76,13,603,402,320.53,44,3483
10657,2022-08-22,75,15,604,403,146.04,66,548
10658,2024-09-09,41,12,605,401,431.56,77,1468
10659,2024-05-12,17,11,601,402,456.76,62,7600
10660,2024-11-14,40,11,604,400,77.27,88,11833
10661,2022-06-26,35,14,605,401,66.51,70,1124
10662,2022-06-10,78,6,605,402,336.27,87,6621
10663,2022-07-04,92,3,600,400,71.55,100,7493
10664,2022-12-17,83,13,603,403,172.31,55,173
10665,2024-05-05,75,6,602,400,458.2,9,5809
10666,2022-07-13,9,13,605,402,335.98,62,11146
10667,2023-04-14,78,13,600,401,457.0,10,8407
10668,2025-04-16,31,10,602,402,470.82,59,6570
10669,2022-07-31,3,1,602,400,256.5,19,415
10670,2024-11-13,80,8,604,401,190.11,43,6813
10671,2024-02-26,64,7,603,403,189.09,98,9000
10672,2022-03-21,24,5,600,401,434.83,69,4442
10673,2023-03-05,56,7,600,402,372.66,58,11084
10674,2025-02-05,45,12,605,400,86.35,33,5885
10675,2022-01-08,45,6,601,403,393.68,23,11296
10676,2025-03-29,4,14,600,402,281.13,93,2886
10677,2022-08-10,56,4,605,401,267.87,85,2581
10678,2023-10-17,5,5,604,400,289.42,22,4422
10679,2024-07-26,96,13,602,401,344.32,78,10638
10680,2023-03-19,37,14,601,402,315.17,91,10993
10681,2022-09-05,27,2,605,403,277.73,21,4772
10682,2023-05-05,3,6,605,401,113.1,36,8701
10683,2024-04-10,76,9,600,403,245.1,8,1753
10684,2023-01-10,39,1,604,401,328.06,96,11927
10685,2024-07-10,80,9,605,402,260.47,79,11886
10686,2024-07-09,64,2,605,402,104.44,16,6886
10687,2024-01-14,70,11,603,403,95.11,18,968
10688,2022-12-08,64,1,604,402,492.53,30,5105
10689,2024-07-30,31,8,603,400,247.59,40,12412
10690,2025-02-12,11,14,604,401,429.5,66,9057
10691,2025-05-28,16,15,601,400,124.24,84,14966
10692,2024-04-14,100,1,600,401,393.53,90,4840
10693,2024-01-06,81,2,604,401,346.15,100,13466
10694,2025-05-21,5,13,600,402,250.63,68,4383
10695,2023-10-17,87,9,600,400,310.08,29,7836
10696,2023-05-18,46,13,600,403,52.72,65,8023
10697,2024-09-27,58,2,602,403,316.35,74,11792
10698,2022-10-06,95,5,602,401,275.21,100,3336
10699,2023-10-19,47,14,601,400,60.25,82,2486
10700,2023-04-01,1,1,601,402,115.27,83,14304
10701,2023-06-12,50,5,603,403,499.64,15,1608
10702,2022-04-25,87,7,605,401,406.42,70,13837
10703,2022-08-16,41,11,601,402,235.46,55,4436
10704,2024-03-09,69,13,600,400,153.04,53,9568
10705,2022-10-08,67,12,601,400,458.93,60,7803
10706,2022-09-30,21,1,602,403,470.82,53,10149
10707,2022-05-28,27,2,602,403,273.36,91,11619
10708,2025-03-08,42,9,603,402,243.33,24,4855
10709,2022-11-03,61,4,601,400,266.78,52,8733
10710,2022-11-17,92,8,605,400,408.05,75,12466
10711,2023-08-08,85,5,604,401,362.1,33,13457
10712,2023-10-05,64,6,604,403,281.99,84,10187
10713,2022-07-31,51,9,605,403,318.38,54,5737
10714,2022-03-19,32,10,604,402,373.59,65,12987
10715,2024-09-13,60,10,602,402,233.47,81,9108
10716,2022-12-23,74,10,603,402,168.03,23,6744
10717,2025-04-08,67,11,600,401,322.27,22,11493
10718,2022-10-03,33,13,600,400,114.56,63,6647
10719,2025-05-13,24,3,603,403,335.67,23,13064
10720,2024-04-17,83,13,601,402,431.08,53,7955
10721,2024-04-11,23,9,602,403,145.54,81,13324
10722,2024-03-10,84,5,600,403,433.51,17,4940
10723,2025-05-10,64,14,605,402,112.73,29,7521
10724,2024-07-24,21,14,605,402,237.41,81,6811
10725,2023-01-21,67,6,603,402,156.28,86,6672
10726,2023-11-22,30,4,605,400,289.27,25,10869
10727,2024-08-30,51,4,604,403,489.85,55,6425
10728,2022-04-10,18,5,600,403,484.63,40,3126
10729,2023-03-29,13,5,600,403,80.74,65,5042
10730,2022-04-29,6,10,603,401,443.59,92,14824
10731,2022-02-26,77,2,603,403,122.71,64,1557
10732,2024-12-12,10,13,601,401,107.83,94,8844
10733,2024-10-09,81,6,601,401,143.62,48,12541
10734,2025-06-23,71,9,604,403,207.9,77,14305
10735,2022-10-24,43,2,601,401,363.24,29,13892
10736,2024-02-16,36,2,602,400,313.09,45,10141
10737,2024-06-29,70,9,605,402,100.31,13,14329
10738,2022-10-06,34,6,603,400,185.34,66,4360
10739,2023-11-03,99,10,605,401,330.08,40,5805
10740,2024-05-12,47,15,605,400,258.4,52,11137
10741,2022-09-19,37,1,605,402,80.17,82,14264
10742,2022-01-23,97,7,604,403,261.77,55,7581
10743,2025-02-15,60,15,602,401,295.43,94,10970
10744,2022-01-26,55,10,602,403,348.74,74,1813
10745,2025-02-20,55,1,605,400,150.79,98,1555
10746,2022-07-29,52,12,604,402,343.13,85,2823
10747,2023-09-16,64,8,603,401,318.88,17,3910
10748,2023-11-21,68,5,605,401,60.13,100,4246
10749,2025-01-02,92,15,604,403,485.44,21,6776
10750,2023-06-28,5,2,600,400,92.79,7,7999
10751,2024-11-13,92,9,603,400,418.81,70,3381
10752,2024-08-10,18,12,605,402,189.53,32,4689
10753,2022-02-05,15,2,602,401,65.26,58,3484
10754,2024-10-02,80,11,601,402,263.93,54,7278
10755,2022-11-02,66,11,600,403,249.59,19,3848
10756,2025-05-30,43,12,604,401,146.57,68,1751
10757,2022-06-20,78,7,604,400,242.04,90,9762
10758,2025-03-12,60,2,602,403,304.83,98,13217
10759,2024-04-11,57,15,605,403,183.98,51,5141
10760,2023-04-05,44,15,600,400,123.78,66,6781
10761,2025-05-08,51,14,601,401,240.43,22,2836
10762,2023-01-08,18,5,600,403,480.24,90,6551
10763,2023-06-26,73,1,603,403,446.38,60,9272
10764,2023-08-17,14,11,604,401,285.81,28,10618
10765,2024-06-23,32,4,602,403,437.08,7,10043
10766,2022-09-17,84,15,605,402,177.17,95,7419
10767,2024-02-11,45,3,604,401,77.26,62,3014
10768,2023-07-04,77,1,601,401,116.84,30,5400
10769,2025-04-27,26,10,603,400,123.61,86,5919
10770,2024-04-29,34,2,600,403,441.13,27,6493
10771,2025-05-21,94,15,601,401,241.02,9,6825
10772,2024-08-06,10,1,603,402,358.71,70,304
10773,2023-12-19,82,9,601,402,166.43,41,6279
10774,2025-02-14,43,12,600,403,71.1,25,9504
10775,2023-06-11,59,8,602,400,57.04,17,11726
10776,2022-03-29,1,3,600,401,173.8,36,1348
10777,2025-04-14,86,10,600,400,185.72,86,14463
10778,2024-02-17,54,2,602,403,247.98,20,11659
10779,2023-08-07,77,7,600,400,314.58,83,1387
10780,2024-04-23,61,13,602,401,451.5,58,12115
10781,2023-09-23,58,5,602,400,385.26,83,10458
10782,2022-02-20,1,2,603,402,244.14,7,3567
10783,2022-02-26,96,15,601,402,174.33,67,216
10784,2022-09-28,97,10,602,401,103.23,45,1603
10785,2022-03-22,35,9,602,401,337.12,98,4265
10786,2025-05-20,49,1,605,402,271.1,66,6108
10787,2023-01-29,98,2,605,400,201.09,28,1475
10788,2023-10-20,39,1,603,401,404.33,41,489
10789,2023-02-25,93,5,603,402,311.62,93,8673
10790,2025-01-21,96,5,605,403,351.73,71,611
10791,2025-06-17,33,5,605,400,340.26,99,7473
10792,2022-03-31,22,9,600,400,119.35,93,320
10793,2023-07-08,17,11,601,403,240.22,44,12876
10794,2022-05-24,91,12,605,401,319.22,21,14271
10795,2022-11-19,34,6,601,403,495.42,62,12414
10796,2024-04-29,59,3,604,401,312.04,67,12678
10797,2022-09-05,87,6,604,403,80.08,66,14813
10798,2024-08-09,79,13,603,400,392.84,82,9008
10799,2024-01-26,89,4,604,402,93.92,14,8058
10800,2023-07-09,35,11,604,401,404.21,59,4777
10801,2024-05-11,47,14,604,402,242.06,33,10191
10802,2022-07-11,62,7,603,401,284.57,10,10377
10803,2022-10-22,75,14,601,401,121.58,100,13442
10804,2022-11-23,6,15,601,401,454.93,27,841
10805,2023-08-22,61,2,600,400,443.23,85,1821
10806,2022-12-11,17,3,601,402,307.33,28,4578
10807,2022-08-17,54,14,602,401,50.88,58,1403
10808,2022-11-04,70,13,602,400,445.1,87,124
10809,2023-10-19,46,14,601,402,427.0,64,9607
10810,2022-12-23,24,11,602,403,84.93,18,6559
10811,2022-03-12,85,15,600,400,210.12,39,1346
10812,2022-06-16,9,5,602,400,161.35,45,6030
10813,2023-08-02,45,2,603,400,299.44,82,5109
10814,2024-06-11,62,3,601,401,369.22,26,8943
10815,2024-12-02,50,15,605,400,308.49,80,2867
10816,2024-11-05,71,8,600,401,134.64,96,13854
10817,2025-02-10,53,4,603,403,448.72,44,11181
10818,2023-10-07,11,7,602,403,456.08,51,9407
10819,2024-04-19,72,4,603,400,395.16,58,1649
10820,2025-04-04,26,10,604,403,328.06,32,10287
10821,2024-11-24,44,12,604,402,268.81,59,6426
10822,2022-09-10,18,13,602,403,366.93,77,14864
10823,2023-06-07,28,11,601,402,479.91,92,12253
10824,2022-09-16,82,11,604,401,374.86,44,2301
10825,2022-05-12,8,7,600,400,459.49,31,2187
10826,2023-07-19,16,12,605,401,135.17,20,11342
10827,2024-05-09,96,4,603,402,463.33,94,8903
10828,2022-03-09,74,11,602,403,184.37,78,12232
10829,2023-03-26,88,15,603,402,268.77,96,11631
10830,2023-11-30,97,5,600,403,133.67,48,6733
10831,2023-06-02,94,1,603,402,417.07,24,12474
10832,2024-10-24,41,6,603,403,98.93,27,14728
10833,2024-10-26,71,2,602,402,343.03,86,3681
10834,2022-07-28,56,12,605,401,166.02,91,14177
10835,2024-11-06,40,10,602,400,169.01,49,2689
10836,2025-03-17,16,6,603,401,67.49,47,10296
10837,2022-05-07,37,2,601,400,439.12,86,10097
10838,2024-11-10,65,5,601,400,441.08,67,4153
10839,2023-11-28,44,9,602,400,163.63,69,1852
10840,2023-03-31,48,7,602,401,252.65,22,10265
10841,2024-06-16,15,8,605,403,109.73,56,6093
10842,2023-01-14,19,1,601,403,482.58,6,5032
10843,2023-05-02,86,10,605,400,135.66,50,6883
10844,2022-03-22,75,6,604,403,81.03,70,304
10845,2025-04-29,79,9,603,400,312.51,11,10489
10846,2024-04-07,60,2,605,402,120.14,64,9262
10847,2023-02-26,92,10,602,401,441.72,5,8140
10848,2023-08-02,34,9,605,401,373.67,64,9225
10849,2023-10-16,21,6,603,402,254.5,32,1009
10850,2023-08-31,82,3,601,401,310.2,64,3292
10851,2025-06-29,11,12,605,400,363.36,92,3191
10852,2025-05-01,79,14,601,402,92.95,99,14214
10853,2024-01-23,4,12,604,403,412.87,27,964
10854,2022-07-24,38,10,602,400,224.24,90,442
10855,2025-04-02,4,3,601,402,287.59,57,5799
10856,2025-02-20,86,4,603,401,402.76,84,10023
10857,2023-01-06,24,6,605,401,385.4,57,11515
10858,2023-04-15,96,9,601,403,333.63,61,9169
10859,2023-01-31,75,5,602,401,421.0,37,8636
10860,2022-04-12,1,8,605,402,161.66,43,4389
10861,2025-01-02,69,5,601,401,450.81,61,2575
10862,2024-10-16,23,14,604,401,225.73,87,7146
10863,2025-01-19,10,15,601,400,238.65,88,14108
10864,2022-09-03,44,5,603,402,478.03,43,9944
10865,2023-09-27,72,4,602,402,135.11,16,3334
10866,2022-05-28,84,10,605,402,65.58,91,5802
10867,2025-05-17,11,8,602,401,402.16,94,477
10868,2023-02-25,1,6,601,400,207.86,70,7113
10869,2023-09-07,6,2,602,400,275.74,89,2999
10870,2025-06-16,14,15,603,401,362.66,27,2877
10871,2022-06-11,24,4,604,402,291.03,25,449
10872,2022-07-10,10,13,602,403,293.43,48,3031
10873,2023-11-01,99,8,600,402,264.81,84,1087
10874,2023-04-16,86,10,605,400,308.39,5,10696
10875,2022-08-17,83,13,605,400,167.3,48,2114
10876,2024-08-08,24,1,602,400,172.4,53,14380
10877,2023-05-10,30,5,604,403,235.29,26,13271
10878,2024-11-26,26,3,601,401,201.99,76,10693
10879,2022-06-11,79,9,602,402,220.6,18,7224
10880,2023-04-16,71,8,601,402,274.68,77,8302
10881,2023-02-22,77,6,600,403,287.54,99,4981
10882,2023-02-11,16,9,603,402,188.25,66,11217
10883,2024-10-03,41,2,602,400,487.0,98,12844
10884,2025-03-29,52,4,600,400,264.76,55,2243
10885,2023-05-07,31,2,604,402,486.31,14,3946
10886,2022-01-08,52,1,600,402,227.11,13,3226
10887,2023-05-12,19,6,600,400,137.14,17,7125
10888,2022-02-08,47,5,602,401,52.02,72,6146
10889,2022-10-23,35,7,600,401,283.72,91,8752
10890,2022-05-04,67,14,601,403,413.38,93,11514
10891,2023-10-09,91,6,603,401,185.4,67,1412
10892,2022-02-08,17,14,602,401,112.65,60,6269
10893,2025-03-24,52,10,600,400,473.16,53,5074
10894,2023-10-11,81,7,600,400,140.02,97,14252
10895,2024-07-31,29,9,604,400,58.19,40,1054
10896,2024-12-04,88,11,601,403,333.96,81,2746
10897,2024-11-12,1,2,603,402,189.28,15,7067
10898,2023-07-14,3,1,605,403,436.35,83,13613
10899,2022-05-28,11,10,600,401,436.59,53,7824
10900,2024-02-24,14,9,601,401,348.76,61,10155
10901,2024-10-04,93,5,603,401,115.47,91,1976
10902,2022-04-28,73,11,602,402,333.65,87,2911
10903,2024-08-17,10,2,604,402,499.15,68,4579
10904,2024-08-03,29,10,601,401,239.12,79,8246
10905,2022-08-15,90,10,601,401,233.79,30,845
10906,2022-04-19,94,9,603,401,408.42,23,10785
10907,2024-03-09,16,7,601,401,409.85,11,10574
10908,2023-01-21,29,11,604,401,314.62,18,4005
10909,2024-04-11,15,14,602,400,194.09,18,5957
10910,2023-10-05,52,8,605,402,277.44,97,9135
10911,2022-11-05,98,3,600,400,453.97,73,6266
10912,2023-11-28,74,7,600,403,182.6,72,9438
10913,2025-02-20,73,10,600,401,378.2,94,13138
10914,2024-07-07,83,9,603,402,470.43,75,10762
10915,2024-01-08,31,11,603,402,382.57,16,2451
10916,2022-06-26,53,15,602,400,336.81,81,6046
10917,2025-05-29,28,1,601,400,131.63,50,1042
10918,2023-08-31,70,12,605,401,315.22,32,2375
10919,2025-01-11,30,8,603,400,82.11,33,1826
10920,2023-07-15,62,10,601,403,168.88,63,5717
10921,2022-12-01,80,12,604,401,386.43,57,3972
10922,2022-05-20,44,1,604,400,446.08,20,3490
10923,2025-03-03,48,13,603,401,264.96,96,5534
10924,2023-11-06,95,2,603,401,273.67,36,4722
10925,2022-03-16,12,15,602,402,431.34,31,8266
10926,2022-03-02,33,10,604,401,228.39,39,12662
10927,2024-05-30,32,9,602,400,392.41,75,168
10928,2025-06-25,80,3,603,400,296.97,47,11635
10929,2022-07-07,99,11,603,401,352.57,36,451
10930,2023-11-04,60,9,603,403,359.89,94,9695
10931,2022-09-09,74,3,601,402,357.24,46,5179
10932,2024-03-10,23,12,605,402,95.33,18,5376
10933,2025-05-29,9,7,601,402,350.01,48,9814
10934,2023-01-30,19,5,600,403,167.29,25,12866
10935,2025-04-22,62,3,603,402,71.14,43,14343
10936,2022-05-05,37,14,600,403,378.19,37,5649
10937,2024-03-06,20,1,600,401,92.48,22,12729
10938,2023-08-06,69,5,605,401,445.83,82,7931
10939,2023-01-03,54,7,601,403,224.76,86,3956
10940,2025-01-15,100,12,602,401,205.75,30,956
10941,2024-10-26,77,7,601,402,422.5,54,4129
10942,2022-02-08,12,7,601,402,487.28,95,14774
10943,2022-11-15,43,2,601,403,497.19,76,9228
10944,2022-03-02,27,12,600,403,237.19,49,13765
10945,2024-02-17,74,2,604,400,52.0,13,2919
10946,2022-09-19,42,7,602,400,253.37,44,1947
10947,2024-12-22,24,13,604,401,276.64,19,6773
10948,2022-07-02,1,4,602,401,94.98,100,12316
10949,2023-12-21,2,12,603,403,202.34,26,4182
10950,2023-12-05,92,10,602,403,331.16,74,5833
10951,2025-01-08,16,14,601,400,275.93,33,1484
10952,2025-03-14,89,6,604,403,61.54,39,5629
10953,2024-04-28,39,1,605,400,376.87,43,1548
10954,2023-10-13,62,12,605,401,239.68,57,6601
10955,2022-10-04,44,13,600,401,195.95,53,7920
10956,2024-11-19,91,7,602,403,200.0,75,8863
10957,2024-11-07,7,5,600,400,425.79,82,12979
10958,2024-03-09,85,2,603,403,135.95,88,13464
10959,2025-06-06,47,14,604,401,242.64,48,7663
10960,2024-02-02,88,9,603,402,101.27,17,14845
10961,2025-06-02,75,14,605,401,127.29,95,6180
10962,2024-02-09,28,6,604,400,64.2,47,10545
10963,2024-05-05,98,13,601,402,160.27,45,9453
10964,2025-04-26,94,11,605,402,276.6,85,3944
10965,2023-03-07,12,8,603,401,152.64,17,2655
10966,2022-06-24,87,1,601,401,175.79,37,13680
10967,2024-02-02,20,9,604,401,350.37,99,872
10968,2023-02-27,66,8,600,403,465.16,76,6807
10969,2023-08-18,24,13,603,400,197.48,70,2009
10970,2023-01-15,26,1,604,403,230.26,60,3031
10971,2025-03-25,100,11,600,400,274.07,15,11580
10972,2023-12-26,5,2,605,403,64.98,12,13869
10973,2023-12-13,82,11,600,401,102.68,23,12470
10974,2023-04-18,95,14,600,401,263.19,34,8792
10975,2022-01-28,87,14,605,401,289.4,83,2934
10976,2025-05-27,20,11,603,402,138.25,23,3243
10977,2023-07-20,98,5,601,400,149.48,44,4571
10978,2022-06-07,7,14,605,400,338.12,87,1548
10979,2023-09-24,22,6,602,401,338.89,72,12595
10980,2022-09-07,2,9,603,401,414.05,40,11074
10981,2022-05-31,29,2,605,403,475.8,76,11236
10982,2025-05-07,19,7,604,401,120.13,5,7202
10983,2022-12-29,62,14,601,401,282.99,78,10050
10984,2023-01-10,67,6,605,402,182.8,30,7195
10985,2024-05-05,94,4,601,403,136.29,14,12684
10986,2024-07-31,87,13,602,401,419.24,38,2881
10987,2025-03-18,75,13,600,400,233.24,96,4036
10988,2023-05-07,51,6,603,402,288.82,35,4123
10989,2024-04-11,84,9,602,403,301.19,95,4450
10990,2023-11-01,78,10,603,402,245.54,87,858
10991,2022-03-21,21,2,602,401,412.36,65,891
10992,2025-06-01,52,3,600,401,468.76,20,14885
10993,2024-05-30,86,1,602,402,433.89,65,9684
10994,2024-03-22,37,9,601,403,226.91,29,3583
10995,2022-07-12,89,2,601,401,213.74,44,1271
10996,2022-06-08,96,4,603,403,326.15,73,12311
10997,2025-04-25,60,9,603,400,100.4,85,2224
10998,2023-06-09,13,3,600,402,160.82,54,8022
10999,2024-11-10,17,9,605,400,379.61,66,2004
11000,2022-05-05,45,3,602,403,463.05,17,3951
11001,2022-05-05,98,2,604,403,330.62,5,4471
11002,2022-04-01,46,2,600,403,386.24,93,10336
11003,2023-10-05,20,12,602,400,256.78,92,1656
11004,2023-10-15,49,8,601,401,367.82,10,11921
11005,2024-10-31,7,8,604,402,326.35,93,2945
11006,2023-08-13,29,11,604,402,181.27,58,3233
11007,2022-04-01,52,8,601,402,246.82,5,758
11008,2023-06-06,37,10,602,403,431.08,69,8530
11009,2023-12-02,97,5,602,401,139.6,24,12775
11010,2023-05-28,54,1,604,403,297.2,41,10581
11011,2024-12-28,42,12,602,400,426.23,20,12049
11012,2024-07-19,9,5,603,403,291.27,90,2508
11013,2024-11-25,82,11,603,400,81.23,86,7821
11014,2022-02-09,85,2,604,400,355.33,86,2145
11015,2025-05-15,54,15,603,403,458.04,98,12794
11016,2023-01-08,60,12,602,400,338.32,55,3869
11017,2023-12-15,14,11,604,401,467.64,40,4569
11018,2024-11-06,17,9,601,401,487.43,59,12466
11019,2022-07-19,82,6,600,403,237.38,13,13083
11020,2024-02-10,22,6,603,400,304.76,36,2029
11021,2024-07-04,1,8,603,402,256.96,74,7542
11022,2022-08-04,94,1,600,401,224.5,62,9359
11023,2022-10-25,29,2,605,403,368.34,35,14541
11024,2023-04-14,99,3,603,402,158.99,89,2150
11025,2023-06-18,17,8,601,402,490.1,43,14994
11026,2022-07-05,59,2,603,403,492.89,84,6609
11027,2022-11-07,62,11,601,401,207.13,77,11967
11028,2025-02-20,24,2,602,403,409.52,87,2245
11029,2023-01-19,91,1,601,403,191.84,33,10903
11030,2022-07-09,76,14,601,402,187.3,23,2013
11031,2023-08-23,76,12,602,403,294.88,93,11214
11032,2022-07-16,30,12,605,402,227.79,6,10623
11033,2024-10-22,11,4,604,403,314.3,39,11280
11034,2023-05-30,100,11,601,401,117.53,80,12982
11035,2024-07-01,68,12,605,401,363.77,94,6205
11036,2024-06-30,69,12,602,402,314.22,99,3176
11037,2024-01-10,47,8,602,402,418.72,70,2119
11038,2025-02-08,51,5,605,403,192.97,26,8266
11039,2024-10-26,58,8,601,403,121.91,57,132
11040,2024-05-24,29,6,603,403,151.69,44,12364
11041,2024-10-21,11,10,605,402,334.31,36,2921
11042,2022-11-02,51,3,604,400,360.32,43,776
11043,2023-07-14,88,12,605,402,131.65,80,3468
11044,2022-02-28,4,10,602,402,385.46,83,908
11045,2023-01-13,66,15,602,402,347.43,77,3706
11046,2023-05-25,20,9,602,401,479.42,36,8066
11047,2023-12-11,27,12,602,402,173.95,83,14472
11048,2022-02-08,86,15,603,401,365.96,52,7642
11049,2023-02-09,52,5,602,402,473.18,36,9809
11050,2022-08-18,38,4,603,402,73.9,64,108
11051,2024-10-17,87,12,600,402,445.03,42,2071
11052,2023-12-30,75,8,600,403,129.06,78,9617
11053,2022-12-18,50,6,605,401,70.26,38,13580
11054,2024-01-20,21,15,604,402,330.76,94,7757
11055,2025-03-26,47,15,605,402,397.96,41,2244
11056,2023-04-06,65,9,601,401,475.04,39,4096
11057,2022-10-22,59,14,603,400,183.34,53,5591
11058,2022-06-07,78,5,603,402,279.35,98,9329
11059,2023-12-22,23,3,600,402,454.71,86,7324
11060,2024-08-21,36,14,604,400,144.77,33,4724
11061,2023-01-30,42,3,600,401,259.26,65,3177
11062,2022-05-27,29,11,604,402,435.26,70,6442
11063,2024-12-16,72,15,604,401,437.36,24,6633
11064,2022-04-09,39,7,604,403,331.18,78,795
11065,2023-05-11,88,15,604,401,365.44,39,8608
11066,2025-02-21,78,8,604,401,482.93,38,12823
11067,2025-02-10,50,13,600,403,411.5,88,10729
11068,2023-03-12,30,13,605,403,186.56,95,3901
11069,2022-07-20,55,14,603,403,315.82,85,2620
11070,2022-12-22,44,14,605,400,305.79,69,14721
11071,2024-04-19,51,2,602,401,348.11,99,782
11072,2024-08-15,19,6,600,403,474.53,55,12571
11073,2022-07-31,2,8,601,403,438.35,36,3380
11074,2023-05-31,52,5,602,400,383.09,8,2678
11075,2023-11-06,46,14,601,403,101.28,35,10271
11076,2022-04-26,99,7,605,403,134.96,62,3297
11077,2022-11-24,73,14,605,401,459.19,97,11534
11078,2022-08-11,10,10,603,403,133.31,73,10637
11079,2022-07-02,96,3,603,403,441.82,8,14758
11080,2025-02-07,13,14,604,403,429.32,94,13199
11081,2022-07-20,33,4,603,401,490.01,22,2309
11082,2023-12-27,41,8,605,401,495.32,17,8636
11083,2025-01-17,20,3,603,401,400.25,65,7886
11084,2024-02-26,35,14,601,400,466.04,17,12694
11085,2024-12-02,68,15,602,402,297.11,79,4041
11086,2022-10-23,43,6,601,400,488.4,81,1757
11087,2023-07-01,85,11,603,403,335.44,40,5119
11088,2023-01-09,45,5,601,402,350.73,65,5192
11089,2024-09-02,49,5,603,400,203.24,51,13544
11090,2023-08-24,38,14,601,403,440.28,72,4097
11091,2023-07-19,70,10,603,401,121.88,74,4295
11092,2024-11-15,27,12,600,403,469.57,86,4047
11093,2025-06-04,22,10,600,402,270.15,71,9952
11094,2023-09-19,75,10,603,401,384.3,20,8242
11095,2022-08-05,5,3,605,403,183.55,54,4048
11096,2024-01-09,90,4,603,402,331.59,14,7527
11097,2024-01-18,54,9,604,400,283.9,55,13023
11098,2024-10-28,1,9,604,402,151.17,46,14092
11099,2022-11-11,29,1,604,402,355.58,36,4090
11100,2024-09-30,8,4,600,403,88.39,61,7628
11101,2024-03-24,16,14,603,402,326.37,50,9170
11102,2024-01-11,6,4,604,403,139.25,76,2909
11103,2022-11-14,13,7,604,400,358.36,96,10332
11104,2023-10-21,13,5,600,403,214.02,48,3184
11105,2024-03-09,85,13,604,403,483.01,23,3885
11106,2024-10-24,26,4,603,402,258.78,96,1134
11107,2024-09-17,76,1,603,401,439.79,19,880
11108,2022-10-03,41,11,604,400,410.43,63,626
11109,2025-01-14,16,6,605,403,486.76,34,10770
11110,2025-04-15,60,1,600,403,151.55,93,14874
11111,2024-03-21,71,8,604,403,471.73,28,6354
11112,2024-05-21,37,5,605,400,310.55,26,3461
11113,2024-11-22,99,12,602,400,126.2,35,4015
11114,2023-05-11,91,5,605,400,421.59,56,5507
11115,2025-04-01,47,14,605,403,490.06,71,12452
11116,2023-04-28,60,9,605,401,430.9,58,9544
11117,2024-02-25,36,10,600,403,229.74,10,8398
11118,2023-02-12,97,6,601,402,272.92,39,2633
11119,2023-08-13,19,5,601,402,77.61,58,12665
11120,2022-09-16,63,3,604,401,402.9,87,3976
11121,2023-01-28,73,2,600,401,243.68,27,14241
11122,2023-08-24,60,5,601,400,251.32,98,4679
11123,2024-11-11,67,1,603,401,380.78,56,3390
11124,2024-10-14,75,13,600,401,406.96,19,9546
11125,2022-01-18,80,7,605,400,50.51,94,274
11126,2025-05-20,92,3,602,403,319.22,88,1054
11127,2022-05-27,30,1,601,400,251.64,69,3316
11128,2025-06-29,6,14,603,400,80.01,21,10218
11129,2022-07-09,7,15,602,403,54.87,34,4531
11130,2023-12-02,61,9,600,400,103.25,95,11302
11131,2022-12-22,86,1,604,401,162.59,80,10730
11132,2022-08-15,69,14,603,403,175.89,70,14391
11133,2024-02-29,93,1,605,402,155.77,37,14285
11134,2024-01-04,32,9,602,400,219.04,96,14258
11135,2022-08-14,16,2,603,403,441.24,35,14120
11136,2025-05-09,97,15,600,402,406.88,84,6599
11137,2023-06-19,86,5,602,401,124.36,63,10784
11138,2024-01-29,71,10,600,402,229.13,71,1007
11139,2024-04-16,14,11,603,403,339.8,20,12939
11140,2022-08-19,86,7,605,402,450.85,31,4833
11141,2023-03-16,52,12,600,401,253.57,29,10282
11142,2025-02-19,28,11,600,403,307.76,80,12149
11143,2025-05-03,25,1,603,402,275.75,80,9684
11144,2022-05-24,44,13,601,403,413.81,61,6034
11145,2022-03-01,61,4,602,401,349.62,5,11650
11146,2023-11-28,56,11,603,400,251.72,41,12535
11147,2024-11-09,88,13,602,401,182.19,92,9280
11148,2022-12-11,95,2,605,400,446.69,26,11468
11149,2022-05-20,55,5,603,400,91.99,19,7537
11150,2025-02-15,81,2,603,400,56.09,63,1855
11151,2024-10-21,26,15,600,403,477.87,77,14467
11152,2025-06-16,51,3,603,402,199.38,74,5693
11153,2024-06-14,20,8,605,400,398.7,93,3639
11154,2023-10-09,19,14,601,400,382.6,79,4969
11155,2024-03-11,48,7,600,400,267.3,77,4868
11156,2022-11-18,32,11,605,401,231.28,46,8645
11157,2023-12-02,84,15,604,401,63.22,45,13213
11158,2024-05-26,56,4,601,402,386.75,58,2601
11159,2023-05-05,64,1,603,403,127.05,33,10197
11160,2023-06-07,25,7,602,401,487.62,46,5374
11161,2023-07-26,97,2,605,401,438.63,13,534
11162,2024-05-12,87,14,604,403,240.21,35,7965
11163,2022-09-18,3,15,605,401,385.31,92,10942
11164,2022-06-22,30,8,604,400,219.05,55,13429
11165,2022-01-18,62,4,600,403,347.97,19,1136
11166,2022-02-06,82,4,602,401,201.2,99,5068
11167,2025-05-17,32,9,600,402,119.41,16,764
11168,2024-01-16,86,12,605,401,184.5,42,959
11169,2022-06-16,21,1,605,400,480.47,76,10443
11170,2023-10-07,48,8,605,400,481.31,59,5439
11171,2023-03-14,66,6,602,402,466.92,87,7564
11172,2023-06-28,60,3,604,403,396.07,29,8606
11173,2023-09-05,45,7,605,403,248.69,28,2899
11174,2025-02-15,9,13,602,400,146.77,74,2204
11175,2022-04-09,86,7,602,403,264.29,20,14822
11176,2025-05-15,48,15,600,402,156.99,66,1401
11177,2024-06-29,54,2,600,403,379.23,94,3144
11178,2024-07-04,71,2,605,401,75.59,79,11574
11179,2022-10-24,14,8,602,403,323.87,73,13765
11180,2023-06-21,20,12,602,403,487.15,97,3902
11181,2024-02-26,12,1,602,401,442.02,33,9195
11182,2022-11-14,1,11,600,401,127.56,56,2164
11183,2024-05-06,68,1,602,402,300.86,61,11647
11184,2023-03-08,6,15,600,402,460.88,7,7528
11185,2023-01-19,44,9,603,400,411.12,46,105
11186,2022-12-30,21,4,602,400,363.45,88,13669
11187,2022-05-01,27,12,604,403,481.68,26,180
11188,2022-04-16,88,1,600,401,359.7,100,5031
11189,2023-02-26,38,4,601,401,282.73,38,14430
11190,2023-05-28,63,15,602,400,364.12,33,8354
11191,2023-09-26,14,10,601,401,163.57,56,3377
11192,2022-02-27,29,7,604,401,403.78,42,5338
11193,2022-03-25,45,7,601,402,413.09,64,12975
11194,2022-04-15,78,2,601,401,135.41,39,12184
11195,2025-06-15,37,3,604,401,73.61,63,11142
11196,2025-03-21,29,4,604,400,96.91,25,10010
11197,2023-11-19,70,1,600,400,101.84,26,1882
11198,2023-03-04,36,2,603,402,470.07,51,1692
11199,2024-12-13,83,8,600,403,215.14,63,10353
11200,2024-06-05,91,8,601,400,135.08,93,7234
11201,2022-04-10,71,6,602,403,106.06,40,335
11202,2025-01-05,45,5,604,402,408.76,31,10488
11203,2022-03-15,5,10,601,400,160.39,72,2017
11204,2023-03-29,78,6,601,401,283.94,100,10061
11205,2025-06-29,90,7,600,402,183.78,49,5517
11206,2022-02-26,59,9,605,400,453.41,17,3774
11207,2025-01-03,25,6,600,403,296.75,66,539
11208,2024-10-04,67,14,602,401,162.01,18,9043
11209,2023-04-06,42,6,605,401,317.88,55,5133
11210,2025-06-03,93,2,604,402,430.81,30,3546
11211,2024-09-21,58,3,600,402,400.61,82,5459
11212,2022-06-03,76,3,604,403,459.57,78,7990
11213,2022-03-08,78,10,605,402,486.38,83,13868
11214,2025-04-19,67,14,603,402,422.91,21,6105
11215,2024-01-07,84,10,603,401,480.89,99,9900
11216,2023-05-17,54,6,605,401,312.6,70,1924
11217,2022-08-02,64,11,604,403,315.08,87,7006
11218,2024-01-06,38,8,600,402,306.9,7,8687
11219,2023-04-29,15,7,600,400,143.5,63,5372
11220,2024-02-26,89,4,605,400,366.54,95,11364
11221,2022-10-24,72,14,601,400,356.11,94,11428
11222,2024-06-05,65,5,604,400,253.51,9,10024
11223,2024-10-27,63,8,605,402,401.44,18,4214
11224,2025-02-15,82,11,604,401,252.17,40,12609
11225,2022-08-27,6,15,601,402,397.16,14,9283
11226,2022-09-27,37,10,602,403,97.26,48,5086
11227,2025-02-17,12,9,602,400,61.48,29,10605
11228,2024-01-11,89,8,601,403,94.35,52,10845
11229,2022-12-13,93,12,604,400,250.06,51,11704
11230,2023-03-11,71,11,604,400,126.35,59,7192
11231,2023-09-11,85,3,605,400,182.3,38,8065
11232,2023-11-06,28,11,605,402,234.26,88,2525
11233,2025-05-31,83,9,601,401,69.49,18,2168
11234,2024-04-07,2,1,601,400,247.04,44,10118
11235,2024-08-03,5,9,605,400,255.13,66,2361
11236,2023-08-01,10,8,605,403,147.51,21,9135
11237,2025-05-21,79,11,602,403,213.27,65,2311
11238,2022-12-11,85,10,604,400,358.53,35,10277
11239,2023-09-13,40,1,602,403,340.31,80,2575
11240,2023-05-05,12,3,604,403,57.2,38,11689
11241,2023-08-19,94,11,600,400,385.92,97,13742
11242,2025-02-02,41,7,605,403,484.72,89,4578
11243,2022-09-23,78,4,603,401,290.17,23,11312
11244,2022-03-03,51,9,603,400,178.17,7,2311
11245,2023-06-15,30,7,601,400,59.95,37,3777
11246,2022-08-12,77,3,605,403,144.99,33,5282
11247,2022-03-07,98,4,603,402,396.06,30,3474
11248,2022-05-10,14,13,604,403,357.67,78,11936
11249,2025-06-18,85,5,604,401,389.67,31,546
11250,2023-10-24,89,11,602,401,186.2,88,13643
11251,2025-03-29,86,7,600,400,315.7,71,2453
11252,2024-03-08,100,12,605,403,254.42,18,9190
11253,2023-09-02,36,8,605,401,76.33,59,680
11254,2024-12-21,94,9,605,402,249.62,61,9530
11255,2022-12-14,33,1,605,403,408.49,82,9333
11256,2025-04-05,49,9,600,403,173.76,62,4153
11257,2025-01-25,33,8,603,400,326.44,49,14641
11258,2025-05-27,9,7,604,402,100.5,66,10109
11259,2024-04-09,36,14,605,400,87.57,69,11640
11260,2023-05-23,83,7,604,400,138.53,85,1255
11261,2022-12-27,7,6,604,401,362.06,27,10997
11262,2023-02-01,16,1,603,402,89.71,24,8011
11263,2024-10-08,20,3,600,401,309.74,86,11268
11264,2023-02-26,67,7,603,402,424.6,53,1519
11265,2022-08-10,30,5,603,403,456.61,98,8813
11266,2023-12-22,59,10,602,400,255.91,39,260
11267,2022-05-29,79,11,601,401,476.36,41,7373
11268,2022-11-20,82,5,601,402,446.51,54,3442
11269,2023-03-20,8,3,605,402,193.56,88,13170
11270,2022-10-23,96,7,601,402,259.92,24,1429
11271,2024-10-31,75,1,602,402,179.21,32,4378
11272,2023-08-06,32,1,600,403,306.42,28,9298
11273,2023-10-31,89,11,604,401,337.64,84,4427
11274,2025-02-08,69,7,601,403,229.81,99,7170
11275,2022-03-29,74,15,604,403,215.48,17,13573
11276,2024-07-11,95,11,605,402,368.15,52,5201
11277,2024-10-12,42,2,600,401,422.13,71,8068
11278,2023-03-10,80,6,604,401,134.19,52,6407
11279,2022-10-30,3,7,603,403,499.76,23,5498
11280,2025-01-29,41,11,605,403,237.14,92,14519
11281,2024-02-21,17,2,600,402,68.83,35,6268
11282,2022-07-29,66,6,602,400,174.47,8,14721
11283,2023-06-14,7,10,601,401,305.1,55,5908
11284,2022-02-26,21,11,603,401,423.14,58,1776
11285,2024-05-27,33,3,600,403,491.6,79,4127
11286,2023-03-05,24,5,601,401,137.08,29,5678
11287,2024-11-02,44,6,604,402,401.92,8,2877
11288,2025-04-30,76,9,602,403,90.63,50,9245
11289,2024-02-15,37,1,602,403,51.83,29,3882
11290,2024-03-12,18,3,602,403,345.1,96,3293
11291,2024-05-21,21,8,602,400,487.16,48,14492
11292,2023-12-30,68,3,604,401,323.96,30,3919
11293,2022-12-21,88,4,600,402,420.95,5,6396
11294,2024-09-23,54,11,601,403,134.61,45,1920
11295,2024-12-04,27,10,601,403,217.63,95,11752
11296,2025-02-01,33,4,601,400,221.83,11,5247
11297,2022-10-25,2,9,602,402,80.42,48,14485
11298,2022-12-20,39,10,602,401,73.26,8,2704
11299,2022-05-16,29,11,604,403,469.67,99,5879
11300,2023-07-29,48,8,603,403,130.15,52,10764
11301,2022-11-09,27,11,601,400,367.23,39,13814
11302,2025-01-22,50,1,603,403,479.36,10,12421
11303,2024-12-28,84,6,600,403,403.92,9,3689
11304,2025-05-01,77,12,602,403,95.07,87,3882
11305,2025-05-19,55,4,600,401,464.17,29,7031
11306,2024-05-08,97,5,602,403,273.0,70,10149
11307,2023-04-29,35,10,602,400,322.26,46,1586
11308,2024-02-14,1,6,600,403,263.1,31,12253
11309,2022-01-16,64,5,602,401,128.69,44,6111
11310,2023-03-17,17,8,604,402,118.88,75,12998
11311,2023-01-17,8,3,602,403,302.3,50,1171
11312,2022-07-16,82,12,602,401,342.66,20,5528
11313,2024-04-28,8,15,600,403,297.88,53,5538
11314,2023-03-11,42,14,605,402,201.11,60,12072
11315,2023-03-24,47,8,603,402,237.56,37,4367
11316,2022-11-28,93,11,600,400,283.9,47,220
11317,2022-04-27,75,2,602,400,341.53,8,2283
11318,2022-08-30,1,4,604,403,469.68,47,9884
11319,2023-04-05,87,14,600,400,170.29,50,6520
11320,2024-08-01,54,11,600,401,451.01,57,14169
11321,2023-09-08,39,7,605,402,483.44,36,9068
11322,2023-07-23,6,10,604,402,331.91,26,14145
11323,2024-09-22,100,8,604,402,378.47,61,11806
11324,2022-10-10,75,1,602,402,404.94,51,11025
11325,2025-05-22,27,8,601,400,468.15,41,263
11326,2022-10-26,13,3,600,402,289.77,72,5107
11327,2024-05-01,17,1,600,402,478.71,77,6096
11328,2023-12-26,54,3,602,401,458.91,98,2729
11329,2025-06-26,59,6,602,403,474.22,49,5840
11330,2023-05-27,2,13,600,403,453.09,96,3741
11331,2023-11-25,34,6,600,402,275.63,55,7655
11332,2022-02-10,86,13,605,402,369.83,80,6195
11333,2025-05-13,9,5,605,401,113.38,64,6647
11334,2024-02-26,13,6,600,403,441.81,96,10850
11335,2022-03-01,88,12,605,402,494.19,39,11402
11336,2024-02-05,88,5,605,403,191.28,18,11044
11337,2023-09-22,37,15,601,401,75.57,28,10155
11338,2024-06-19,68,6,603,402,344.49,31,10932
11339,2022-06-04,1,3,601,400,214.37,28,12225
11340,2023-09-26,57,9,604,403,404.73,97,7652
11341,2022-05-12,31,2,605,401,143.62,41,12403
11342,2023-12-16,14,12,605,401,77.15,86,12554
11343,2024-09-27,15,9,603,400,95.02,98,10318
11344,2024-01-16,56,1,601,403,305.82,80,2775
11345,2023-12-19,73,11,600,403,88.07,44,8240
11346,2023-04-28,91,6,602,400,251.37,50,11922
11347,2025-04-29,68,1,605,401,100.31,71,1587
11348,2025-03-10,37,10,600,402,343.77,86,12002
11349,2024-10-18,90,13,604,402,462.97,13,5148
11350,2023-12-13,24,13,603,400,68.44,18,12359
11351,2024-03-16,55,2,601,400,442.49,68,4379
11352,2022-10-04,93,3,604,403,270.63,98,3243
11353,2023-11-13,13,14,600,400,343.52,17,5090
11354,2024-02-05,19,12,603,403,286.18,18,2622
11355,2023-12-01,36,3,604,401,263.87,30,3642
11356,2022-08-22,68,2,602,401,426.17,46,1871
11357,2022-01-10,9,10,604,400,466.52,77,8732
11358,2023-05-03,34,5,604,403,225.51,97,9236
11359,2023-09-27,74,12,603,402,160.59,94,12311
11360,2024-10-25,20,3,605,400,219.15,55,10673
11361,2025-01-19,93,15,602,403,200.65,9,7431
11362,2022-12-27,97,13,603,402,339.85,68,5308
11363,2022-03-19,37,9,605,401,126.1,98,3280
11364,2024-05-20,92,6,601,402,178.07,97,12088
11365,2024-12-28,46,9,601,402,328.26,7,12152
11366,2024-05-10,44,14,604,403,291.26,17,13454
11367,2024-05-31,83,8,602,403,189.27,91,5152
11368,2022-05-18,15,9,604,402,131.38,27,918
11369,2024-08-27,65,13,600,400,93.27,65,14422
11370,2024-03-03,96,6,603,402,318.34,98,9041
11371,2022-01-07,78,11,601,403,263.06,34,6519
11372,2023-06-20,8,7,605,402,188.14,19,581
11373,2024-05-02,24,13,604,402,268.25,79,5202
11374,2023-09-24,92,13,605,403,368.57,13,6224
11375,2023-10-15,78,13,605,402,294.81,72,4562
11376,2023-01-27,5,3,601,401,420.98,9,8689
11377,2023-01-19,32,6,602,402,305.69,89,3770
11378,2022-10-05,86,12,600,403,161.85,66,10142
11379,2022-04-28,75,3,603,403,250.43,35,9024
11380,2024-09-10,84,11,604,403,128.91,81,14984
11381,2023-04-19,94,13,602,400,141.57,33,12629
11382,2022-12-14,70,11,601,401,188.79,10,1906
11383,2024-02-08,100,5,604,400,345.15,88,8974
11384,2024-07-02,69,9,604,401,318.38,40,4969
11385,2023-06-24,66,5,605,401,96.57,19,12711
11386,2024-09-04,79,1,605,401,351.81,18,7938
11387,2022-10-25,23,3,601,400,378.83,66,10319
11388,2024-09-28,93,4,600,402,219.68,8,3383
11389,2023-12-23,11,1,602,402,266.44,87,12230
11390,2023-02-25,35,15,602,402,205.96,100,1587
11391,2025-03-31,61,11,602,400,191.68,76,4187
11392,2022-08-28,19,4,603,403,133.19,80,7749
11393,2022-08-25,26,4,601,403,386.48,88,7120
11394,2022-01-24,94,5,603,403,221.45,57,7109
11395,2024-08-04,25,13,603,401,272.98,95,386
11396,2025-05-13,90,4,603,400,423.99,92,1625
11397,2022-01-30,39,14,601,400,186.0,98,2699
11398,2024-03-02,86,3,601,400,301.63,18,2806
11399,2025-05-06,48,6,605,403,450.5,59,5339
11400,2024-12-07,85,6,600,401,128.16,98,7116
11401,2024-04-15,52,5,600,402,253.17,55,14440
11402,2023-06-26,54,8,604,402,315.4,33,2966
11403,2023-01-27,59,12,600,400,338.63,84,3254
11404,2022-10-20,72,6,603,400,489.65,28,6976
11405,2024-05-01,42,7,600,402,373.09,95,1939
11406,2024-06-06,65,4,603,402,85.1,55,8686
11407,2023-03-22,36,7,604,402,237.05,92,11763
11408,2023-11-26,81,7,600,401,84.93,7,12506
11409,2023-02-24,84,6,602,402,242.28,43,221
11410,2025-04-19,85,3,600,400,123.88,82,1835
11411,2024-06-13,32,1,604,400,227.51,28,9489
11412,2022-07-24,96,9,600,401,327.17,39,1518
11413,2024-01-24,2,2,602,402,430.85,56,11011
11414,2023-02-17,15,12,600,401,216.07,63,14882
11415,2025-01-03,34,10,605,402,116.65,11,2023
11416,2023-12-30,30,5,600,400,453.6,7,678
11417,2022-10-01,31,11,600,402,376.6,14,7367
11418,2023-01-03,98,12,600,401,411.87,57,8061
11419,2024-04-04,17,10,604,401,199.68,20,12497
11420,2022-10-24,51,1,601,402,232.98,81,2733
11421,2023-11-16,9,6,604,403,107.4,17,7267
11422,2025-03-18,12,15,601,403,222.6,28,2201
11423,2024-07-09,53,3,604,403,284.1,100,3936
11424,2025-04-11,1,11,600,401,315.3,87,7803
11425,2023-06-02,94,10,604,403,462.93,11,2583
11426,2023-03-01,71,9,603,400,270.65,65,8326
11427,2022-05-11,71,14,605,402,131.87,86,13697
11428,2023-04-07,40,11,604,403,152.2,47,4133
11429,2023-04-17,96,3,603,403,427.22,34,6446
11430,2022-12-03,82,2,601,402,284.27,49,9119
11431,2024-08-31,30,2,603,400,312.04,98,13957
11432,2024-01-09,33,13,601,401,477.75,61,11842
11433,2023-03-22,37,4,602,400,239.98,14,10497
11434,2022-01-14,83,4,602,401,103.39,71,12506
11435,2022-03-02,53,9,604,401,350.86,89,13730
11436,2022-12-25,56,4,601,402,328.66,37,12688
11437,2022-09-12,20,8,600,401,269.05,19,158
11438,2025-01-06,9,5,600,400,208.93,76,13555
11439,2024-06-06,84,9,600,400,91.61,98,13304
11440,2024-06-10,41,4,604,403,345.13,78,14729
11441,2024-02-24,61,6,604,402,190.7,88,10527
11442,2022-12-31,66,3,603,401,467.07,29,1312
11443,2023-01-17,5,10,601,401,180.4,12,6995
11444,2025-05-02,22,10,602,403,102.26,32,5008
11445,2024-10-06,54,7,600,403,191.24,30,3148
11446,2022-01-18,24,12,600,402,358.2,63,11283
11447,2024-06-12,38,5,602,400,442.24,71,13671
11448,2023-06-03,99,5,603,400,134.66,43,2579
11449,2022-01-06,61,7,600,402,416.55,91,2683
11450,2022-09-11,65,13,603,403,329.78,77,7926
11451,2025-05-25,63,12,605,401,322.03,76,14000
11452,2025-01-04,10,3,600,401,434.71,47,6090
11453,2022-04-06,59,6,600,402,142.42,64,397
11454,2022-01-11,46,12,605,400,71.22,18,6304
11455,2023-02-01,60,5,604,403,326.35,25,8093
11456,2025-05-23,60,15,600,402,455.7,96,5529
11457,2024-05-01,71,4,600,400,171.68,61,6575
11458,2023-06-30,43,3,603,402,236.09,55,2078
11459,2024-06-04,16,10,605,401,224.71,67,10174
11460,2022-07-15,15,10,600,400,271.7,96,12531
11461,2023-09-12,79,12,602,401,165.84,93,7768
11462,2024-01-07,1,15,604,403,499.35,9,4446
11463,2022-08-18,22,15,601,403,164.86,45,10623
11464,2022-08-16,74,3,601,402,343.29,39,2798
11465,2023-12-31,48,3,604,403,208.96,41,12404
11466,2023-02-11,64,1,604,402,77.06,60,2074
11467,2025-03-22,76,4,600,400,220.09,69,1419
11468,2022-01-05,2,6,604,403,163.82,8,4292
11469,2025-03-15,24,11,603,401,125.87,85,3276
11470,2023-10-03,82,1,600,401,468.92,79,14280
11471,2025-03-20,26,12,600,403,288.42,80,4238
11472,2023-11-06,88,5,600,402,193.08,13,8034
11473,2025-06-25,50,13,604,400,274.13,18,8293
11474,2022-07-14,24,8,603,403,109.57,28,8671
11475,2025-06-21,19,14,604,403,397.95,50,8978
11476,2024-01-28,49,1,602,402,272.86,79,7748
11477,2024-05-13,78,6,601,402,299.36,52,4589
11478,2023-02-05,93,3,603,400,248.27,46,3996
11479,2023-09-11,46,14,600,403,421.78,97,7225
11480,2023-02-04,47,5,602,401,338.31,46,10797
11481,2023-06-10,5,8,602,401,184.56,39,11410
11482,2023-01-02,82,1,602,402,77.69,60,1925
11483,2023-01-07,95,10,600,401,204.47,71,445
11484,2023-06-29,18,2,603,403,169.43,63,1472
11485,2024-01-26,76,5,603,400,146.88,8,3681
11486,2023-02-12,69,5,604,403,117.4,13,11230
11487,2022-02-23,16,3,602,401,353.21,96,868
11488,2024-09-23,90,4,605,400,108.37,11,12275
11489,2025-05-02,39,3,604,403,389.33,68,2238
11490,2023-10-17,10,9,602,401,158.8,75,4409
11491,2023-03-14,17,4,602,401,393.86,65,5334
11492,2025-05-08,51,5,602,400,58.92,51,5122
11493,2022-04-29,45,3,604,401,359.58,100,7649
11494,2023-09-14,91,4,601,400,397.03,22,12257
11495,2022-09-16,22,2,600,400,280.24,44,1319
11496,2024-09-24,38,8,601,400,97.84,46,14428
11497,2024-07-05,24,1,604,402,203.32,9,14508
11498,2024-09-14,16,10,603,401,128.9,7,6829
11499,2022-03-23,24,10,602,403,301.55,30,8698
11500,2023-12-04,47,11,601,401,151.94,52,8548
11501,2022-02-04,18,12,604,403,409.83,97,12305
11502,2024-05-29,60,12,601,402,352.99,74,14308
11503,2025-06-03,47,8,602,400,72.07,33,6660
11504,2025-05-12,36,1,603,401,461.08,91,4697
11505,2022-09-04,58,7,605,401,266.59,12,10203
11506,2023-01-30,7,1,604,403,94.09,38,7535
11507,2022-06-17,75,12,600,403,388.32,73,998
11508,2025-02-28,60,13,601,403,94.89,10,2464
11509,2022-11-20,68,10,605,403,359.24,7,10919
11510,2022-05-02,69,15,600,403,405.43,99,6096
11511,2025-04-25,100,13,603,401,140.63,51,13339
11512,2023-12-09,91,1,600,402,452.72,85,11063
11513,2022-07-18,37,9,604,403,349.59,73,12222
11514,2025-03-19,4,3,600,400,302.92,17,2417
11515,2025-02-21,66,13,604,400,336.49,61,2245
11516,2023-09-12,22,6,600,403,155.93,17,7366
11517,2022-03-01,96,14,603,403,316.75,76,6676
11518,2022-12-23,93,8,600,400,66.07,11,9254
11519,2022-12-15,75,2,603,403,82.11,22,149
11520,2022-05-18,75,13,601,401,480.13,61,11872
11521,2022-07-26,36,14,602,401,189.84,50,3746
11522,2022-12-25,68,10,605,400,431.63,92,103
11523,2022-11-26,90,15,604,403,278.98,9,4212
11524,2024-07-28,50,12,604,401,61.73,44,12901
11525,2022-10-14,91,8,602,401,264.46,90,356
11526,2024-08-29,6,14,600,403,160.27,43,4708
11527,2023-10-31,20,12,603,402,259.88,48,3875
11528,2024-01-30,47,1,601,402,305.71,38,3579
11529,2022-08-15,23,5,605,402,282.19,43,5701
11530,2024-06-26,30,1,605,401,427.97,52,8241
11531,2022-09-08,30,9,600,402,429.78,77,10983
11532,2022-03-28,71,2,605,400,50.03,28,11085
11533,2022-11-11,75,1,603,401,368.84,44,9550
11534,2025-05-08,61,7,603,401,180.82,98,1197
11535,2022-02-11,8,4,602,403,90.07,80,11880
11536,2022-09-18,72,7,602,401,345.63,99,5137
11537,2022-10-15,46,9,602,403,214.51,8,14098
11538,2024-03-08,72,5,603,401,58.2,28,2897
11539,2022-05-26,47,4,602,400,211.58,5,9381
11540,2022-06-19,99,5,604,400,499.5,54,11622
11541,2024-05-16,48,3,601,401,259.66,39,8699
11542,2025-04-09,80,15,601,403,337.91,44,8049
11543,2023-02-24,17,7,602,403,138.07,7,4869
11544,2022-05-30,62,10,601,403,381.41,19,11804
11545,2024-06-02,97,10,600,400,106.13,88,723
11546,2022-02-15,16,5,603,402,275.77,91,14569
11547,2023-08-09,90,5,601,402,313.59,24,14197
11548,2022-06-13,12,7,605,400,145.45,11,4373
11549,2024-05-03,47,12,603,400,372.55,26,3761
11550,2023-02-21,10,11,604,400,120.21,23,5168
11551,2022-05-01,71,6,601,400,162.19,41,5929
11552,2024-02-20,62,5,600,403,365.91,38,3857
11553,2022-10-08,70,12,600,400,73.83,64,2358
11554,2025-06-15,64,3,600,403,76.13,85,9762
11555,2022-09-21,12,5,605,400,398.63,8,9791
11556,2022-05-06,84,2,604,401,472.25,7,10618
11557,2024-09-29,34,5,600,401,416.98,56,7963
11558,2025-02-13,89,12,603,403,256.13,49,11641
11559,2025-05-14,51,7,605,403,416.57,17,4627
11560,2022-01-20,80,10,600,401,115.38,24,9035
11561,2023-05-05,93,5,602,402,153.34,7,4577
11562,2022-12-04,11,15,605,403,326.74,32,8838
11563,2024-06-07,33,2,604,403,387.98,86,5114
11564,2024-01-08,5,7,602,401,53.58,20,5309
11565,2023-06-25,53,6,605,403,275.17,65,14266
11566,2023-09-07,37,1,601,402,138.18,36,1584
11567,2023-07-08,59,12,605,403,131.15,30,14921
11568,2023-09-19,80,9,603,401,412.76,96,13674
11569,2024-12-01,38,1,605,400,438.65,49,14727
11570,2024-11-22,68,4,602,402,331.58,97,14175
11571,2024-07-24,88,1,600,401,214.5,29,8653
11572,2022-11-15,89,8,602,401,441.3,58,14330
11573,2024-08-10,15,13,601,402,240.54,52,3787
11574,2023-11-19,70,13,601,402,177.11,65,411
11575,2022-12-22,6,13,603,403,236.6,18,4277
11576,2023-04-12,67,13,601,400,153.12,48,10629
11577,2024-03-28,72,15,604,402,61.38,9,9469
11578,2023-05-29,51,3,605,403,266.19,17,5708
11579,2024-01-09,94,7,605,400,374.3,5,5772
11580,2022-03-20,50,14,603,402,171.01,96,4612
11581,2024-11-01,54,3,601,401,456.35,18,12125
11582,2023-04-10,54,1,602,402,378.1,93,9898
11583,2023-02-20,14,7,601,403,300.78,94,14379
11584,2022-08-05,73,7,600,403,236.68,86,12363
11585,2022-07-07,46,6,601,403,497.61,13,6132
11586,2024-06-11,79,7,604,403,79.94,90,7419
11587,2022-04-23,1,8,602,402,496.11,50,6255
11588,2024-10-13,95,6,602,401,103.0,76,14558
11589,2025-03-03,29,10,605,402,213.83,66,6575
11590,2023-11-24,31,4,600,401,142.46,33,2855
11591,2024-01-14,99,7,602,401,293.2,60,8733
11592,2023-06-05,32,9,604,403,237.65,53,12077
11593,2023-08-24,20,5,601,403,152.63,95,3315
11594,2024-07-28,56,10,602,402,74.76,17,111
11595,2023-06-20,52,3,600,402,436.84,6,14076
11596,2025-06-08,7,11,605,400,439.64,46,14529
11597,2025-06-18,24,9,602,400,118.49,52,2786
11598,2025-01-09,67,7,600,401,271.1,72,540
11599,2024-07-06,4,11,603,403,185.94,80,7794
11600,2024-04-18,31,11,604,401,399.52,19,7896
11601,2024-08-07,6,5,601,400,65.25,82,3339
11602,2024-10-05,57,9,603,401,447.35,26,2378
11603,2022-01-27,76,10,604,402,264.1,45,14623
11604,2023-03-01,47,2,601,402,300.69,38,7675
11605,2024-08-24,46,15,600,401,316.1,51,6186
11606,2022-11-25,17,11,604,401,121.31,34,4038
11607,2023-09-15,86,9,602,400,211.93,36,1463
11608,2024-08-28,87,13,600,401,124.82,16,9602
11609,2025-06-03,12,12,603,402,354.55,44,2968
11610,2024-02-06,7,14,600,403,253.35,79,7810
11611,2024-01-25,88,3,604,401,123.08,23,2783
11612,2025-05-12,79,4,603,403,138.48,26,1894
11613,2025-05-23,44,1,601,403,491.29,73,13182
11614,2024-10-29,7,9,604,402,184.74,47,8329
11615,2024-11-28,15,12,602,400,345.74,66,13281
11616,2022-09-11,16,7,601,402,480.07,16,8056
11617,2022-11-09,72,12,601,401,345.81,32,378
11618,2022-09-24,27,1,601,402,469.85,58,211
11619,2024-10-12,11,6,601,403,181.37,90,8247
11620,2024-03-29,78,8,602,403,138.14,100,8578
11621,2024-11-24,72,12,601,403,486.94,75,5451
11622,2022-05-19,97,7,601,400,243.93,28,12210
11623,2024-10-10,47,1,601,400,329.16,53,478
11624,2022-08-07,2,1,600,401,267.93,20,5484
11625,2023-02-16,17,14,600,400,389.37,38,12700
11626,2023-10-06,57,11,602,403,199.9,48,10506
11627,2023-05-25,38,5,605,403,444.78,92,9419
11628,2023-10-02,12,2,603,402,134.84,25,1048
11629,2023-01-02,33,11,601,400,109.28,52,1187
11630,2022-05-21,35,15,603,402,253.11,40,12409
11631,2023-01-18,86,3,602,400,343.97,55,11466
11632,2022-04-19,18,10,604,402,181.9,78,11528
11633,2024-02-05,91,7,605,402,459.88,69,13357
11634,2023-09-25,45,1,600,400,70.07,80,11042
11635,2022-11-10,25,12,601,403,62.87,62,9402
11636,2024-05-25,65,9,601,402,59.36,82,8029
11637,2022-08-14,20,9,605,401,445.76,18,10498
11638,2023-10-20,8,9,603,400,231.67,85,3371
11639,2025-06-17,60,1,601,401,307.97,59,14032
11640,2024-07-12,61,12,602,402,254.86,65,1606
11641,2023-08-17,40,13,602,401,188.98,11,6276
11642,2023-03-16,35,4,605,401,283.96,68,8289
11643,2025-02-05,46,3,603,400,475.86,11,10569
11644,2023-07-12,58,12,601,400,190.17,86,12566
11645,2024-03-02,29,10,604,403,131.52,51,958
11646,2023-12-26,69,10,601,400,104.42,26,6173
11647,2023-03-15,69,15,603,400,420.61,10,8896
11648,2024-11-16,38,4,603,400,75.65,48,508
11649,2024-06-26,99,1,601,400,157.9,44,14590
11650,2022-03-26,11,8,605,400,433.86,45,3095
11651,2024-05-09,86,8,603,402,52.95,64,11954
11652,2022-06-11,48,12,600,402,248.89,55,14246
11653,2022-05-26,77,4,600,401,328.63,53,12835
11654,2024-11-14,45,14,603,403,421.69,19,5551
11655,2023-02-07,33,9,603,400,141.65,74,10014
11656,2022-01-24,90,12,600,401,458.72,62,10252
11657,2022-03-08,96,9,605,401,323.01,34,9724
11658,2023-11-29,34,5,602,403,255.77,75,6983
11659,2022-01-09,26,4,605,402,446.51,74,13973
11660,2022-06-05,72,3,601,400,192.78,5,4783
11661,2023-04-20,95,2,601,402,146.56,47,2349
11662,2023-10-13,85,1,602,402,432.53,11,9178
11663,2024-09-29,79,9,605,401,408.68,81,14958
11664,2025-05-06,18,14,603,403,371.37,81,1186
11665,2023-11-22,93,6,605,400,236.98,27,1204
11666,2025-01-05,3,15,600,402,474.43,53,5931
11667,2025-02-01,27,7,602,402,318.17,60,4990
11668,2022-03-26,19,11,604,401,496.11,14,6827
11669,2023-11-30,65,9,605,402,313.91,60,3736
11670,2023-03-12,16,3,600,403,175.6,92,8052
11671,2024-05-09,92,11,603,401,411.6,51,8258
11672,2022-07-03,3,10,605,401,486.49,24,284
11673,2022-08-05,56,13,600,403,450.84,17,4519
11674,2024-07-08,99,10,601,403,73.6,77,7271
11675,2023-04-13,26,12,601,403,107.13,41,13048
11676,2025-05-14,9,13,603,401,215.0,47,6704
11677,2024-11-24,55,11,602,403,184.53,98,14809
11678,2025-04-26,51,1,604,401,285.18,78,10466
11679,2024-07-14,68,7,604,403,146.23,59,12501
11680,2022-05-15,4,3,603,400,482.64,19,4123
11681,2023-11-30,62,15,605,400,87.71,43,11512
11682,2022-09-19,89,4,605,401,285.64,13,4860
11683,2023-12-07,26,10,600,402,392.83,82,9439
11684,2024-12-27,37,13,600,400,445.16,52,11655
11685,2024-08-23,78,6,600,403,200.47,17,11246
11686,2024-09-20,93,9,603,402,199.23,86,10385
11687,2022-06-19,85,9,603,403,386.41,38,9268
11688,2024-08-11,79,5,603,402,379.67,70,10697
11689,2022-10-24,77,2,600,401,144.12,21,13903
11690,2023-02-21,59,6,602,400,451.52,18,4844
11691,2022-07-02,49,6,601,402,171.15,88,9639
11692,2022-03-01,92,15,605,402,159.24,59,7067
11693,2022-02-04,51,5,605,400,116.54,90,8790
11694,2024-01-04,8,4,601,400,296.39,90,8348
11695,2023-07-13,23,8,601,401,107.13,63,9735
11696,2023-04-18,22,8,605,400,325.47,13,5107
11697,2024-07-28,44,12,604,403,457.89,41,13880
11698,2024-10-28,99,3,600,401,220.11,77,1151
11699,2023-12-15,4,3,601,400,438.43,71,8243
11700,2022-11-20,69,14,602,402,153.51,63,8854
11701,2023-08-31,25,3,603,403,370.69,95,2790
11702,2025-03-30,85,7,600,401,438.55,63,4150
11703,2023-05-07,21,7,603,403,319.69,33,9452
11704,2022-04-22,83,5,604,403,348.21,44,13711
11705,2024-10-29,11,13,602,400,390.2,9,10272
11706,2024-04-20,44,9,600,401,52.03,9,7887
11707,2025-01-01,60,14,601,401,328.62,85,6124
11708,2022-08-16,51,4,605,402,448.68,63,3674
11709,2022-04-05,96,11,600,400,475.54,17,4700
11710,2023-05-14,90,11,605,403,303.95,73,14367
11711,2023-09-28,46,4,600,403,254.3,29,11740
11712,2023-09-06,9,7,604,403,183.95,17,9922
11713,2024-01-05,2,15,600,403,177.1,22,14701
11714,2022-01-05,37,5,604,402,84.42,52,3523
11715,2024-11-05,10,12,602,403,465.91,77,12036
11716,2024-10-16,2,4,605,401,195.29,84,11765
11717,2023-03-04,83,15,604,401,381.32,60,5254
11718,2022-10-08,6,6,602,400,304.63,33,392
11719,2024-06-02,84,5,600,401,229.47,92,1575
11720,2023-09-27,77,3,600,400,264.04,13,4460
11721,2022-07-30,39,14,602,403,91.02,31,12470
11722,2024-08-02,71,12,600,402,249.87,34,6310
11723,2025-05-26,56,1,605,403,213.09,16,9468
11724,2023-01-28,46,2,604,402,412.32,87,5642
11725,2023-01-19,46,14,600,400,247.79,13,11607
11726,2024-03-15,68,9,602,400,418.8,90,494
11727,2022-07-23,55,8,601,401,262.01,35,8275
11728,2022-10-12,53,1,601,403,191.27,39,270
11729,2022-11-15,31,1,602,400,252.39,15,9822
11730,2023-04-07,5,8,604,403,132.86,83,8052
11731,2022-11-08,40,6,600,402,386.16,60,209
11732,2022-11-14,12,3,605,401,53.81,34,5684
11733,2022-08-17,16,6,603,402,315.66,32,2233
11734,2023-07-15,46,3,604,403,317.28,65,3184
11735,2023-01-02,68,11,600,401,388.0,24,6930
11736,2025-05-16,42,1,604,400,85.0,50,13485
11737,2024-01-13,27,1,600,402,266.85,86,9423
11738,2023-03-08,56,7,605,401,195.75,21,3192
11739,2023-08-04,78,5,604,402,264.36,9,5807
11740,2022-07-10,40,4,600,402,110.53,19,12408
11741,2025-02-05,24,13,600,403,257.66,71,2791
11742,2024-09-10,62,9,604,401,280.05,73,12260
11743,2024-09-15,24,1,604,402,84.0,57,4947
11744,2022-10-09,20,3,604,402,390.11,56,7739
11745,2025-04-03,54,6,604,402,238.84,35,11743
11746,2022-03-19,10,1,600,403,260.42,38,7099
11747,2024-05-05,65,9,603,401,306.24,69,196
11748,2024-06-06,82,15,605,402,472.2,18,12326
11749,2023-11-25,60,2,601,402,63.17,9,2478
11750,2025-01-09,100,10,600,400,198.46,48,13659
11751,2024-05-27,29,8,600,402,422.44,55,5400
11752,2022-06-08,25,11,601,401,62.96,35,6366
11753,2025-01-01,52,2,601,401,426.17,32,6086
11754,2024-01-18,66,13,601,403,318.48,16,728
11755,2025-02-18,73,4,601,403,189.8,18,815
11756,2024-09-19,9,14,601,400,166.08,91,9347
11757,2022-10-11,40,4,605,400,237.71,31,14643
11758,2024-02-19,10,8,605,400,273.36,91,4089
11759,2024-04-29,21,13,603,402,367.91,62,10653
11760,2023-04-28,72,6,601,403,87.59,30,7878
11761,2025-03-16,6,4,605,403,179.74,34,13037
11762,2022-06-02,19,11,603,401,184.68,79,1844
11763,2023-05-25,96,12,603,403,78.96,41,5208
11764,2023-12-16,20,14,605,403,264.03,98,4512
11765,2023-03-03,60,3,602,403,118.66,38,699
11766,2024-02-22,23,1,600,401,281.1,50,4192
11767,2023-06-08,88,5,601,400,204.45,98,11134
11768,2025-04-19,35,9,601,401,215.75,47,8865
11769,2023-02-28,48,15,604,400,269.14,64,5895
11770,2023-07-16,46,6,604,403,337.7,55,6945
11771,2025-04-09,24,1,604,403,193.62,75,5400
11772,2022-11-23,72,14,602,402,119.1,20,9363
11773,2024-10-19,28,10,604,400,413.82,18,443
11774,2023-08-30,82,5,603,402,269.35,56,13176
11775,2024-09-23,22,10,602,401,433.67,26,6737
11776,2023-07-04,73,5,604,401,385.98,21,6771
11777,2022-02-23,37,9,601,400,223.22,90,12594
11778,2024-03-25,100,6,602,403,327.97,20,748
11779,2025-06-29,38,12,604,400,209.68,96,4004
11780,2025-02-14,97,9,602,403,194.78,29,6342
11781,2022-08-03,15,4,600,401,92.63,89,3451
11782,2022-10-31,72,12,605,403,180.49,12,2554
11783,2024-05-17,20,12,601,401,308.07,74,2026
11784,2025-06-16,69,6,600,400,238.38,65,3742
11785,2022-02-24,45,6,605,401,326.45,16,2126
11786,2024-04-18,95,11,604,403,144.79,76,8644
11787,2024-02-16,86,14,603,403,327.13,62,9561
11788,2022-06-10,89,14,603,400,297.02,60,10501
11789,2023-09-19,91,13,600,402,198.35,91,7392
11790,2025-03-08,4,15,603,403,434.02,92,12427
11791,2024-05-18,47,9,604,400,61.94,50,12773
11792,2024-09-26,90,2,604,402,159.8,97,2202
11793,2022-08-25,81,8,601,401,268.72,21,11623
11794,2022-01-23,76,6,601,403,249.96,38,10826
11795,2023-10-28,49,8,605,403,390.79,69,14847
11796,2023-11-10,25,9,602,403,241.72,7,691
11797,2023-10-12,7,7,605,403,445.79,24,3014
11798,2022-08-24,64,2,601,400,130.9,93,7737
11799,2024-12-11,90,3,602,403,338.04,81,13093
11800,2023-04-20,14,15,602,403,125.35,92,1585
11801,2024-05-05,36,5,602,403,438.71,33,4269
11802,2022-01-12,89,15,601,402,168.36,50,10151
11803,2022-03-27,58,4,602,403,63.27,27,8728
11804,2024-05-06,31,12,602,403,286.52,64,10190
11805,2023-06-12,83,5,602,400,460.81,26,2104
11806,2022-02-17,71,1,605,403,275.78,53,7417
11807,2023-04-25,53,4,602,403,185.86,84,10532
11808,2024-03-19,8,1,602,403,257.98,23,3838
11809,2022-07-15,97,8,604,401,254.19,61,10622
11810,2023-11-05,43,11,600,403,166.26,85,8804
11811,2023-12-10,38,2,601,402,253.8,20,9518
11812,2025-01-19,46,1,603,402,198.9,84,6622
11813,2023-03-25,22,14,602,401,326.06,8,5678
11814,2022-01-20,20,9,602,400,191.57,9,5170
11815,2023-06-30,9,12,602,400,453.73,20,852
11816,2023-06-06,86,6,605,400,324.66,58,9909
11817,2025-05-27,65,6,605,403,260.22,17,2168
11818,2024-10-07,49,5,603,402,292.7,29,8456
11819,2022-12-03,89,5,602,401,340.02,82,2555
11820,2024-05-25,40,5,601,400,106.78,22,1702
11821,2022-05-04,55,10,604,403,265.56,75,14272
11822,2023-01-06,49,7,605,401,279.46,95,3548
11823,2023-09-13,90,11,604,401,324.24,9,10482
11824,2024-01-04,90,12,602,402,117.92,68,10576
11825,2023-10-24,15,5,605,403,213.99,70,14715
11826,2023-12-21,42,7,603,403,70.21,93,7878
11827,2024-02-15,15,14,600,403,135.93,30,5732
11828,2022-10-08,63,7,603,401,155.41,6,13818
11829,2024-08-03,40,9,602,402,104.5,80,6134
11830,2022-07-22,45,14,605,400,315.39,73,5395
11831,2024-03-27,81,7,603,403,224.25,52,5101
11832,2022-05-16,15,12,601,403,213.75,47,1676
11833,2024-09-07,5,10,604,402,53.75,35,1476
11834,2023-08-26,26,11,605,402,467.36,98,12843
11835,2022-01-31,1,6,601,403,83.86,66,6348
11836,2022-12-10,84,11,604,400,167.53,47,5385
11837,2022-07-24,56,7,605,402,493.28,98,9780
11838,2022-10-02,28,11,605,402,422.47,41,8964
11839,2023-03-04,94,1,601,401,208.15,59,12106
11840,2025-02-09,71,3,602,402,254.12,51,3582
11841,2024-11-21,33,8,603,402,418.74,20,4162
11842,2023-12-31,10,4,600,401,230.0,72,6664
11843,2023-07-05,33,11,602,401,73.69,80,1846
11844,2024-03-11,29,15,602,400,248.32,87,750
11845,2024-04-03,61,13,603,403,288.21,100,3194
11846,2024-03-01,37,2,602,400,326.5,31,3937
11847,2022-08-22,2,9,602,400,337.85,76,14876
11848,2022-07-21,7,5,602,402,222.02,98,8077
11849,2022-11-20,25,10,602,403,290.75,20,10554
11850,2025-05-04,75,11,601,401,433.29,22,573
11851,2022-12-21,92,9,603,403,175.37,27,1112
11852,2022-08-18,21,4,601,401,293.1,40,12245
11853,2023-01-19,70,12,605,401,219.52,24,12367
11854,2023-01-01,93,12,603,402,345.5,78,4169
11855,2025-02-22,4,3,601,401,282.22,16,1967
11856,2024-08-30,88,13,603,402,463.19,87,8634
11857,2023-09-08,36,1,605,402,110.02,61,2128
11858,2023-07-23,51,10,600,400,377.36,22,3179
11859,2022-09-26,92,1,600,400,445.53,83,2211
11860,2024-12-20,11,12,605,401,254.79,22,10962
11861,2023-02-27,58,14,604,400,425.93,47,1203
11862,2024-10-15,34,4,601,402,202.71,62,12444
11863,2023-12-26,19,13,600,401,468.04,54,14194
11864,2024-01-11,98,10,601,402,186.51,57,11171
11865,2022-12-05,86,13,605,400,70.99,100,9398
11866,2024-08-27,79,11,603,400,362.09,19,6434
11867,2024-08-18,59,8,601,402,230.79,68,3416
11868,2023-04-21,19,13,601,403,290.13,97,1080
11869,2025-05-14,88,6,604,403,480.85,10,13967
11870,2023-10-08,82,5,604,402,461.31,33,1096
11871,2023-12-07,79,8,603,401,155.98,37,10511
11872,2024-10-15,93,9,604,400,466.58,42,6119
11873,2022-04-29,30,10,602,402,400.65,57,14198
11874,2025-03-20,52,4,601,401,495.37,52,6570
11875,2024-08-26,81,9,601,402,192.58,21,9981
11876,2022-11-13,19,13,601,402,174.22,26,5176
11877,2024-11-06,43,10,600,401,434.72,35,4670
11878,2025-06-18,33,3,600,402,357.14,87,2971
11879,2022-06-06,32,2,600,401,420.07,95,9199
11880,2023-12-16,33,10,600,400,249.25,51,8751
11881,2022-02-24,86,6,602,401,118.47,70,2153
11882,2023-07-09,91,14,605,401,172.72,40,12892
11883,2024-01-16,96,6,601,402,60.53,31,12998
11884,2024-01-26,98,1,605,402,146.63,22,10999
11885,2022-07-07,36,10,600,403,282.54,32,1727
11886,2025-02-23,70,9,605,400,94.94,79,5332
11887,2024-09-15,93,3,602,401,349.21,39,5063
11888,2024-06-25,1,9,605,402,396.93,81,9440
11889,2024-01-09,51,13,604,401,65.25,52,4421
11890,2023-07-25,12,14,602,400,469.37,83,6473
11891,2024-06-16,87,10,603,401,366.86,86,11799
11892,2023-06-26,97,7,605,403,416.57,35,1889
11893,2024-04-01,29,14,603,403,276.9,81,14615
11894,2024-01-24,6,12,600,402,68.89,98,491
11895,2022-12-30,72,11,601,403,478.99,96,10577
11896,2024-08-10,61,10,603,402,349.84,44,8644
11897,2022-03-02,40,9,603,401,490.55,62,14619
11898,2024-05-13,36,6,600,400,124.86,38,14245
11899,2025-04-29,47,5,605,401,471.4,34,8187
11900,2024-08-16,88,11,603,400,230.42,83,6011
11901,2022-05-28,53,8,600,402,65.3,31,9550
11902,2024-01-24,27,6,601,403,310.23,20,14833
11903,2022-09-04,59,3,603,403,252.92,35,12330
11904,2024-05-03,89,13,600,403,444.86,7,9200
11905,2024-07-12,15,13,603,403,313.87,53,6412
11906,2022-06-30,69,14,603,402,493.58,67,8382
11907,2024-05-26,52,5,602,402,51.12,68,10843
11908,2023-07-09,86,15,600,402,375.75,46,5328
11909,2024-01-20,61,6,601,402,113.04,79,14992
11910,2025-05-26,98,4,602,400,399.19,5,4995
11911,2023-09-02,63,8,602,402,411.04,58,5795
11912,2023-05-31,67,5,600,403,451.76,7,1218
11913,2023-08-01,54,5,601,400,480.48,76,114
11914,2024-06-25,39,3,605,402,278.84,11,11870
11915,2024-03-26,33,13,602,403,315.35,40,2886
11916,2023-05-25,57,11,602,403,294.52,68,6638
11917,2024-05-26,56,12,602,402,426.35,37,10178
11918,2025-06-02,48,6,601,402,73.56,33,9561
11919,2025-05-21,27,13,604,402,382.52,84,2293
11920,2022-05-08,63,2,605,400,110.12,53,7891
11921,2022-09-07,59,7,601,400,400.94,30,10917
11922,2022-07-02,57,8,603,402,377.41,81,1329
11923,2022-02-22,47,6,601,400,101.45,37,3195
11924,2024-07-19,81,3,600,400,498.8,91,1696
11925,2022-04-07,29,5,604,400,88.26,22,5251
11926,2023-08-17,29,4,601,400,167.32,95,3895
11927,2024-05-01,53,2,601,400,221.16,28,7853
11928,2022-11-06,71,9,603,401,66.3,9,8740
11929,2022-07-20,7,4,602,403,371.8,60,10317
11930,2022-07-15,58,1,601,400,60.94,22,13769
11931,2024-12-02,16,13,605,403,193.32,44,11928
11932,2024-01-21,55,13,603,402,374.11,22,9634
11933,2025-03-13,80,12,605,402,257.47,34,14504
11934,2022-12-30,80,6,605,403,457.49,28,10773
11935,2022-04-03,57,7,602,401,348.89,40,618
11936,2023-04-03,4,5,605,401,134.31,54,344
11937,2025-03-22,48,6,600,400,108.77,33,4321
11938,2023-01-06,24,15,602,403,235.69,90,14864
11939,2023-06-30,42,1,602,400,346.44,53,10370
11940,2023-12-26,89,10,600,400,166.65,63,5509
11941,2022-03-22,14,3,601,401,254.62,23,10929
11942,2023-08-09,50,12,604,402,397.02,50,163
11943,2024-05-26,89,5,605,401,266.94,33,7763
11944,2025-05-04,80,1,605,402,491.69,24,10822
11945,2023-05-10,11,5,604,400,440.69,17,9080
11946,2022-09-29,48,14,602,400,132.63,85,1559
11947,2022-06-27,79,11,605,400,214.36,24,10528
11948,2025-05-31,6,7,603,400,364.89,18,10203
11949,2022-02-06,98,6,605,402,351.34,29,1423
11950,2024-11-14,54,12,603,402,59.26,65,9086
11951,2024-06-14,28,5,601,402,499.05,79,7385
11952,2023-03-01,80,8,605,403,371.38,6,10295
11953,2023-01-08,95,14,602,400,135.33,54,4226
11954,2023-12-03,67,1,603,400,393.45,17,13104
11955,2023-07-10,60,3,600,403,245.75,90,13162
11956,2025-01-11,38,9,605,401,300.89,93,1714
11957,2023-11-24,62,9,604,401,389.85,48,12450
11958,2022-09-27,61,3,601,401,68.54,19,1976
11959,2023-08-27,21,3,602,403,276.4,44,14572
11960,2025-03-13,4,4,605,403,178.52,53,8145
11961,2023-07-28,26,8,600,402,320.56,32,9112
11962,2024-01-21,35,10,601,401,363.02,92,13619
11963,2022-03-20,83,3,604,400,154.92,62,13950
11964,2024-08-24,58,13,603,403,149.1,52,4755
11965,2022-06-14,58,15,600,401,266.27,16,3431
11966,2023-02-21,35,6,600,400,91.1,87,13201
11967,2025-02-05,39,6,600,401,400.0,40,4927
11968,2025-06-03,36,5,602,400,270.91,74,6531
11969,2025-05-12,85,6,603,400,103.67,44,1287
11970,2024-03-19,39,4,604,402,470.96,10,619
11971,2022-10-07,3,2,601,401,371.68,28,309
11972,2024-03-25,49,10,600,402,392.37,18,4844
11973,2023-08-01,65,12,601,400,233.31,67,13987
11974,2023-05-03,53,3,604,403,458.39,100,4760
11975,2022-10-08,34,8,605,400,351.71,98,2987
11976,2024-08-03,26,8,605,401,340.65,34,6883
11977,2025-02-23,86,4,602,400,282.68,26,6039
11978,2022-02-02,51,12,605,400,365.29,31,10473
11979,2023-01-08,69,4,603,401,51.88,63,3246
11980,2022-07-11,66,9,605,402,255.46,10,14365
11981,2023-05-19,100,1,605,403,449.39,74,9612
11982,2022-09-25,46,10,604,402,122.87,59,1207
11983,2022-07-06,36,2,605,400,175.98,32,3563
11984,2024-04-29,17,6,601,402,372.87,48,4483
11985,2023-02-19,62,15,601,400,293.64,25,13699
11986,2024-03-28,44,7,600,401,222.16,88,426
11987,2023-09-03,77,15,603,402,421.12,13,4326
11988,2023-11-14,64,9,601,403,98.35,59,10076
11989,2023-04-17,100,4,604,402,311.3,92,12947
11990,2023-05-04,49,4,601,400,184.98,5,14698
11991,2023-09-23,14,3,601,402,316.11,20,12318
11992,2024-04-25,58,14,605,402,408.82,22,9602
11993,2024-05-31,22,13,602,403,94.11,68,2831
11994,2022-08-27,11,5,601,401,224.05,32,884
11995,2022-05-01,26,2,603,403,110.02,36,5772
11996,2025-06-09,91,5,602,400,179.66,68,1272
11997,2024-08-01,50,7,600,402,420.22,93,3241
11998,2022-02-04,52,15,600,400,499.64,100,7297
11999,2024-08-13,32,6,605,403,489.43,44,8829
12000,2023-11-06,3,15,601,402,459.91,15,11818
12001,2023-11-23,90,13,603,402,446.34,87,5778
12002,2024-12-22,92,15,604,401,354.23,43,12559
12003,2022-09-12,54,12,602,400,437.79,31,14294
12004,2022-01-12,25,14,601,400,229.76,99,13361
12005,2025-06-21,83,1,601,400,232.18,100,5718
12006,2025-05-28,27,10,603,401,381.11,40,630
12007,2023-05-13,67,4,603,402,394.17,33,11207
12008,2023-03-03,64,10,602,400,69.84,41,4224
12009,2024-08-08,44,11,605,400,279.4,44,639
12010,2025-06-12,70,5,602,401,113.72,30,13054
12011,2023-11-29,28,9,601,401,405.81,37,14785
12012,2023-08-10,86,8,604,403,132.81,100,11623
12013,2022-01-10,60,13,603,401,254.38,23,13042
12014,2023-01-08,12,11,603,400,56.46,78,866
12015,2025-03-21,99,5,600,401,335.8,45,4076
12016,2024-04-10,76,12,602,403,394.69,100,9541
12017,2024-08-27,19,7,600,402,146.1,27,14453
12018,2023-03-07,34,10,603,402,77.93,75,14757
12019,2023-09-21,39,10,601,402,294.87,77,9920
12020,2023-06-03,73,2,601,402,385.12,13,8342
12021,2023-02-11,91,8,603,403,461.52,12,10491
12022,2022-03-17,75,7,602,403,441.4,74,13470
12023,2024-01-31,31,6,601,403,448.05,89,12524
12024,2024-12-30,13,9,604,401,211.46,39,7390
12025,2023-12-31,80,7,603,402,277.77,93,13325
12026,2024-06-19,59,4,602,401,308.47,74,7486
12027,2024-04-06,23,14,605,403,162.42,51,9673
12028,2022-07-26,18,6,603,403,58.86,14,10336
12029,2025-04-22,27,1,600,402,188.54,50,5459
12030,2022-04-27,1,9,604,402,465.4,32,650
12031,2024-09-05,97,6,605,401,381.99,100,6820
12032,2024-09-06,55,6,600,402,309.88,95,6346
12033,2022-05-26,14,2,602,401,322.49,75,1711
12034,2025-04-28,90,3,602,401,205.85,23,11298
12035,2023-01-22,56,9,604,402,175.56,70,8914
12036,2024-04-30,22,12,604,401,323.74,67,8204
12037,2023-01-29,55,13,601,403,55.46,56,14125
12038,2024-08-01,19,5,603,403,116.26,32,13100
12039,2022-07-02,12,1,605,400,332.87,41,13067
12040,2023-08-20,83,7,602,402,306.61,23,1390
12041,2025-06-19,41,11,600,403,70.53,60,10002
12042,2022-02-06,27,7,602,401,394.39,84,5147
12043,2025-03-11,91,2,603,402,304.32,49,4917
12044,2023-05-31,67,9,600,402,467.13,29,12873
12045,2023-11-22,4,12,605,401,141.39,26,3843
12046,2023-01-07,77,3,602,403,288.62,36,9587
12047,2023-03-08,10,1,601,402,79.7,86,9044
12048,2024-10-14,25,13,602,401,336.86,15,2828
12049,2025-05-07,17,14,605,402,393.4,49,13938
12050,2022-04-22,38,2,605,402,261.85,40,915
12051,2024-12-09,97,14,601,403,220.68,38,1892
12052,2023-01-08,93,4,600,403,321.57,84,14463
12053,2022-03-27,80,14,602,400,76.82,17,9649
12054,2023-12-01,85,1,605,400,249.5,44,994
12055,2022-04-26,38,6,605,402,439.95,54,10292
12056,2024-04-15,57,8,603,401,396.74,51,14305
12057,2022-11-10,30,8,602,401,372.86,44,11361
12058,2024-09-08,85,8,603,400,67.27,55,4856
12059,2022-04-24,62,15,604,403,413.42,93,14109
12060,2022-05-13,8,13,602,400,215.92,94,6193
12061,2023-06-08,97,11,604,400,472.18,35,125
12062,2023-12-30,96,1,605,401,426.81,23,3463
12063,2024-03-25,44,13,605,403,173.63,7,379
12064,2023-06-06,43,10,605,400,153.41,65,8805
12065,2025-02-06,18,9,604,403,55.91,81,2807
12066,2022-12-07,87,2,603,402,413.58,41,5416
12067,2024-11-04,17,9,603,400,137.46,13,2647
12068,2025-03-16,46,4,603,402,188.81,47,5700
12069,2025-03-24,77,11,604,401,69.88,92,7881
12070,2023-12-14,17,2,602,402,433.19,96,2920
12071,2025-05-09,52,15,600,402,139.49,86,3287
12072,2022-02-15,59,1,601,403,410.44,99,3071
12073,2022-06-22,78,5,603,402,108.26,41,4510
12074,2024-09-07,91,8,603,401,432.49,10,12229
12075,2024-09-16,62,8,605,402,359.28,33,4196
12076,2023-12-15,50,2,605,400,311.6,43,14783
12077,2023-03-23,42,15,602,403,208.46,57,5258
12078,2024-06-12,79,12,601,403,417.92,79,6783
12079,2022-02-10,70,15,605,403,386.08,64,6701
12080,2022-01-16,82,4,602,402,191.78,49,9896
12081,2024-01-08,11,11,605,403,334.57,88,7335
12082,2024-01-31,18,8,603,402,124.32,32,5191
12083,2024-04-23,12,14,604,402,316.92,77,348
12084,2023-04-29,2,3,601,401,89.67,57,2557
12085,2023-06-05,51,9,604,403,130.46,42,5427
12086,2022-08-14,62,6,604,400,340.37,62,10170
12087,2024-06-19,51,12,605,402,245.87,97,7107
12088,2025-06-02,45,15,600,400,133.68,12,11498
12089,2023-06-02,92,13,602,403,225.16,44,1341
12090,2023-06-04,5,14,601,402,92.37,91,10760
12091,2023-11-06,58,14,601,401,387.85,34,901
12092,2024-10-20,15,6,604,402,189.71,72,2944
12093,2024-08-27,15,2,605,403,471.17,17,9635
12094,2023-08-10,41,1,605,401,116.68,13,12385
12095,2024-06-10,53,11,603,400,334.44,48,2335
12096,2024-02-17,44,12,602,402,222.8,100,7529
12097,2024-11-18,30,10,600,400,384.99,67,14395
12098,2023-10-10,43,1,605,402,67.32,57,8873
12099,2024-09-01,20,14,603,401,351.27,24,12014
12100,2024-04-09,64,13,601,401,312.97,29,6720
12101,2024-09-11,62,15,600,402,389.93,98,6356
12102,2023-12-10,7,4,601,402,79.55,81,12823
12103,2022-01-30,69,14,601,401,52.89,87,14118
12104,2025-02-03,52,12,600,400,315.95,11,7725
12105,2025-05-05,47,3,602,403,210.4,95,13635
12106,2025-03-08,79,11,602,403,151.62,76,13926
12107,2022-10-31,85,5,603,401,233.39,53,14946
12108,2023-09-08,100,8,604,402,161.34,52,8744
12109,2025-02-28,86,9,605,400,280.11,44,13722
12110,2024-11-23,51,7,600,403,92.14,23,3382
12111,2025-05-12,19,14,601,403,434.44,6,4570
12112,2023-06-25,99,10,602,403,151.91,60,8035
12113,2024-06-27,20,7,600,403,397.82,52,1164
12114,2023-02-15,53,3,602,400,417.05,62,5520
12115,2024-12-27,2,7,604,402,236.82,29,10725
12116,2024-08-17,74,14,600,401,164.14,11,5476
12117,2023-01-08,40,4,603,402,168.43,25,1096
12118,2024-05-09,57,15,601,401,367.03,46,10726
12119,2023-02-05,20,6,602,402,315.82,56,1040
12120,2023-11-12,86,6,601,400,363.67,45,14908
12121,2022-07-17,65,7,601,401,495.88,89,5000
12122,2024-04-23,50,6,602,401,466.47,63,3631
12123,2025-03-19,23,4,604,400,300.77,51,6278
12124,2024-08-31,26,10,604,403,431.59,84,7867
12125,2022-01-07,75,13,605,403,308.62,36,11377
12126,2022-04-13,24,9,602,402,243.08,58,2337
12127,2022-03-01,39,3,604,402,95.36,27,5095
12128,2023-09-01,73,2,603,400,446.79,14,8383
12129,2025-01-22,15,8,604,400,112.33,96,9518
12130,2024-11-24,39,7,603,401,352.79,56,8951
12131,2024-06-01,63,8,600,403,379.97,9,7631
12132,2022-07-05,98,9,605,402,432.07,58,12810
12133,2024-06-26,44,2,605,401,181.23,51,10315
12134,2022-09-02,84,5,602,402,206.09,28,7852
12135,2024-04-24,40,3,604,403,192.25,65,2509
12136,2023-03-01,13,8,600,401,181.5,18,9703
12137,2023-02-13,92,2,602,403,357.61,32,8037
12138,2023-02-19,84,15,603,402,442.8,22,14035
12139,2023-01-04,16,1,603,403,172.03,48,5411
12140,2024-08-21,51,7,600,400,76.96,13,12296
12141,2025-04-16,99,8,602,400,379.7,24,12617
12142,2024-08-16,86,12,603,401,295.5,82,12342
12143,2022-10-09,49,6,604,401,364.47,40,13230
12144,2023-12-09,93,13,605,402,295.25,85,7636
12145,2022-12-07,70,1,603,400,274.79,17,2048
12146,2024-04-08,16,11,604,402,281.18,96,11897
12147,2022-05-18,96,6,603,402,485.22,13,2053
12148,2022-04-07,77,5,602,403,289.91,100,3828
12149,2023-04-01,19,4,603,403,419.83,45,9914
12150,2023-02-18,66,5,602,400,197.87,42,12184
12151,2023-01-21,40,6,602,403,140.31,74,4577
12152,2023-06-17,73,14,605,400,336.19,12,14894
12153,2025-05-04,10,8,600,403,494.89,75,9337
12154,2024-11-07,73,2,601,400,445.98,35,8143
12155,2023-07-05,32,12,600,400,235.07,33,1398
12156,2024-05-20,11,1,600,400,410.55,28,13614
12157,2022-03-19,71,6,600,403,286.92,42,10825
12158,2025-04-20,60,5,603,400,384.97,36,8491
12159,2022-07-25,24,7,600,403,290.48,35,3287
12160,2022-02-12,2,6,605,400,384.78,95,12186
12161,2024-12-23,57,12,601,401,76.74,96,11824
12162,2023-09-10,100,6,604,402,316.04,36,8428
12163,2023-05-01,98,5,602,401,360.63,44,2254
12164,2024-08-25,97,14,600,403,487.17,35,8780
12165,2023-11-06,87,14,600,400,328.85,12,12251
12166,2022-03-20,86,14,604,400,88.1,86,486
12167,2024-02-17,73,7,605,401,78.87,40,13841
12168,2023-11-09,75,13,601,401,86.91,88,7132
12169,2024-01-03,54,13,600,401,438.94,60,12448
12170,2022-03-09,7,2,603,400,223.57,25,12204
12171,2023-12-04,99,11,601,403,337.71,59,14858
12172,2023-06-29,46,13,604,403,163.6,52,3524
12173,2022-09-20,33,5,602,400,426.22,83,1919
12174,2022-03-22,18,8,600,401,351.08,18,10015
12175,2022-05-13,99,13,600,402,491.72,62,1155
12176,2024-03-14,31,5,603,403,301.42,57,12928
12177,2024-10-15,39,4,602,402,285.44,59,1004
12178,2024-03-23,15,3,601,403,296.03,63,13099
12179,2023-10-08,8,2,603,403,491.25,5,12207
12180,2023-08-22,61,1,602,400,296.61,44,6750
12181,2024-03-29,86,8,601,402,421.89,65,9954
12182,2024-10-11,86,9,601,403,171.04,81,1909
12183,2023-01-21,38,11,601,401,347.32,80,2998
12184,2025-04-21,15,10,602,402,396.3,48,11921
12185,2025-03-20,93,3,602,400,323.17,54,5821
12186,2022-04-30,6,3,601,401,253.79,63,6154
12187,2024-10-04,11,15,605,400,446.24,56,4898
12188,2023-03-08,49,6,604,403,311.37,18,6007
12189,2024-08-16,42,1,602,401,111.16,28,4563
12190,2023-09-07,8,13,600,400,319.59,29,1475
12191,2022-02-07,71,11,603,401,288.2,50,12043
12192,2024-04-22,19,13,605,400,65.88,71,14347
12193,2025-06-20,24,8,605,401,430.67,79,5975
12194,2023-11-09,78,2,603,400,72.32,19,1558
12195,2024-05-04,65,11,600,401,386.03,56,7953
12196,2024-08-20,62,7,600,403,215.53,24,211
12197,2023-04-24,27,14,602,400,326.91,21,9136
12198,2024-04-18,89,6,601,400,243.46,23,2857
12199,2024-04-12,1,2,605,400,163.29,84,14410
12200,2022-08-19,28,5,603,402,58.29,15,14392
12201,2022-11-28,64,11,603,402,139.08,30,13699
12202,2024-06-24,15,12,604,401,398.62,91,11946
12203,2025-04-30,83,6,600,403,199.22,97,5769
12204,2024-03-05,27,14,605,400,270.09,23,2013
12205,2022-09-12,4,3,605,402,382.59,42,13726
12206,2022-04-13,74,14,603,403,96.79,21,1451
12207,2024-12-07,26,3,602,402,406.59,20,7976
12208,2024-01-15,59,1,603,401,65.9,37,6660
12209,2024-03-24,54,14,603,402,255.42,97,11528
12210,2024-09-05,43,1,605,400,213.84,36,6549
12211,2022-03-02,33,6,601,402,346.27,39,6866
12212,2024-05-19,52,3,605,403,158.18,31,9741
12213,2024-07-19,46,14,600,400,265.73,77,127
12214,2024-12-04,62,8,601,403,495.49,17,9602
12215,2023-12-04,91,14,600,403,486.46,47,3291
12216,2022-12-10,14,5,601,401,442.67,63,10521
12217,2024-04-11,55,1,602,402,353.63,51,7689
12218,2023-03-14,8,9,600,403,51.3,5,6020
12219,2022-10-14,19,14,602,400,242.4,96,9772
12220,2023-01-19,47,1,602,400,177.78,37,8555
12221,2023-03-17,23,11,603,400,355.25,82,262
12222,2023-06-11,33,8,600,402,331.69,83,8878
12223,2022-11-30,54,10,600,401,88.59,96,10441
12224,2024-10-30,15,15,600,401,302.71,87,7174
12225,2023-05-13,54,4,600,400,442.12,41,4060
12226,2024-04-19,58,6,603,400,453.59,42,9942
12227,2022-06-06,21,1,602,400,83.09,32,12261
12228,2023-07-17,8,6,605,401,380.52,29,1172
12229,2023-06-11,91,5,605,400,323.4,21,641
12230,2023-02-17,62,9,600,400,255.19,16,8996
12231,2022-08-30,38,6,603,400,398.16,8,11306
12232,2024-02-26,20,1,600,400,402.76,28,3667
12233,2024-07-14,83,3,603,402,224.69,12,5786
12234,2024-09-23,71,6,603,400,355.46,71,13874
12235,2024-11-17,2,3,602,402,267.63,79,12164
12236,2023-12-15,47,4,602,401,366.95,43,9301
12237,2022-06-24,81,9,603,401,487.22,30,4995
12238,2025-01-24,52,3,605,400,301.4,90,2862
12239,2022-04-10,82,13,603,400,450.78,45,5215
12240,2025-01-08,89,5,602,402,475.24,29,2678
12241,2024-07-08,47,13,602,403,270.33,64,421
12242,2023-01-15,59,6,604,401,368.15,8,2242
12243,2023-02-16,79,5,601,401,401.5,27,14273
12244,2022-12-01,26,4,605,400,58.83,23,6347
12245,2024-10-07,88,3,601,401,275.54,25,2383
12246,2022-01-25,65,7,601,402,338.88,9,4797
12247,2024-10-25,49,11,603,400,263.14,49,3133
12248,2022-09-09,43,4,604,401,377.57,74,1567
12249,2025-04-17,87,14,601,401,334.93,68,13210
12250,2023-10-04,65,4,604,401,350.96,27,6922
12251,2023-04-10,20,4,603,403,398.55,11,13054
12252,2023-06-11,77,10,605,403,166.36,75,9889
12253,2024-06-08,47,7,604,400,166.02,48,9764
12254,2024-12-14,55,8,604,401,454.59,81,8099
12255,2023-04-14,32,14,603,402,360.12,13,13341
12256,2023-12-10,67,9,604,402,435.62,30,12940
12257,2025-06-01,70,14,605,403,63.06,80,11601
12258,2022-10-29,67,3,604,401,364.91,13,2857
12259,2024-03-03,50,1,601,403,108.85,87,3849
12260,2023-09-22,77,11,602,400,209.6,73,11306
12261,2023-10-06,22,7,600,401,446.94,85,8917
12262,2022-02-15,56,8,600,400,426.68,27,851
12263,2022-10-10,15,8,600,400,456.76,57,9195
12264,2023-01-18,84,6,605,400,237.62,86,6620
12265,2025-04-05,43,2,602,401,93.8,91,9073
12266,2025-01-15,43,11,600,401,255.17,62,8194
12267,2024-01-07,57,15,600,400,468.78,25,14586
12268,2022-02-03,4,4,601,400,83.58,26,8381
12269,2022-04-04,38,13,600,401,353.51,23,12866
12270,2022-07-26,82,10,600,403,334.14,94,10734
12271,2024-07-17,63,15,604,400,239.34,50,9565
12272,2024-08-09,1,4,603,400,104.1,67,9221
12273,2022-08-13,24,14,604,400,53.5,49,6647
12274,2025-02-04,88,11,603,401,180.94,68,4005
12275,2023-01-21,38,2,605,403,290.38,56,9468
12276,2022-05-23,49,11,601,403,322.57,86,10945
12277,2023-02-19,25,3,604,403,417.5,40,13261
12278,2023-02-06,38,7,604,402,108.68,94,8737
12279,2024-09-24,49,13,605,401,374.85,18,6613
12280,2022-11-12,46,13,603,402,333.87,69,11259
12281,2022-02-11,56,14,604,401,448.17,29,7644
12282,2024-12-19,43,8,601,403,355.72,85,8474
12283,2022-09-14,20,7,602,400,102.57,67,6913
12284,2022-08-20,27,2,605,402,318.99,69,11869
12285,2023-08-11,56,3,603,403,323.15,56,2666
12286,2023-05-06,70,11,601,402,135.38,63,3985
12287,2024-08-26,39,14,605,403,101.0,73,9122
12288,2024-03-04,3,10,601,401,428.6,40,3330
12289,2023-10-18,38,3,604,403,236.93,80,9258
12290,2022-01-01,68,13,601,403,78.68,20,6112
12291,2023-03-02,79,12,601,401,167.63,49,1695
12292,2022-02-17,84,3,601,402,472.8,32,8555
12293,2025-03-31,39,4,602,403,130.6,65,14589
12294,2025-04-13,86,3,601,400,102.0,65,8035
12295,2024-10-02,64,3,604,400,179.65,88,7559
12296,2022-07-02,73,14,603,401,379.76,63,11297
12297,2025-05-21,57,10,600,400,223.62,20,4482
12298,2024-08-30,24,13,601,403,403.79,57,8509
12299,2024-11-25,3,12,605,403,453.07,5,1754
12300,2022-05-01,32,7,604,403,481.69,19,8252
12301,2022-10-04,83,9,604,403,93.17,6,14481
12302,2022-06-22,29,8,601,400,403.69,74,6395
12303,2023-06-18,85,9,604,402,435.55,14,5925
12304,2025-05-09,75,6,605,401,290.04,26,7666
12305,2024-05-31,60,4,605,400,267.16,86,10486
12306,2022-05-13,9,7,600,403,209.51,83,8764
12307,2022-03-17,100,9,603,403,395.71,92,2065
12308,2023-05-17,57,4,604,403,294.12,85,173
12309,2025-03-05,25,5,602,402,323.47,17,1482
12310,2023-01-29,52,3,601,402,435.95,90,8711
12311,2022-11-22,60,8,604,402,369.31,73,5298
12312,2024-04-27,19,11,600,402,460.8,42,11052
12313,2022-07-27,88,9,601,400,321.65,33,2839
12314,2024-01-17,8,14,601,402,409.34,97,6426
12315,2024-01-17,41,13,604,403,434.05,77,6208
12316,2022-02-18,36,14,602,403,379.28,60,2231
12317,2023-05-06,51,5,604,403,180.28,35,7305
12318,2025-02-27,25,3,605,401,404.26,83,7510
12319,2024-10-25,63,6,604,403,185.78,32,1232
12320,2022-10-27,86,10,604,401,479.36,99,10113
12321,2024-01-11,4,15,601,400,314.18,68,4726
12322,2022-04-10,26,7,601,400,428.01,79,5603
12323,2024-09-12,50,12,605,400,132.64,63,2510
12324,2024-02-19,39,8,601,400,372.7,18,10839
12325,2023-11-03,63,13,604,401,365.11,48,14034
12326,2022-10-10,83,11,605,402,403.21,84,3033
12327,2023-06-28,82,15,603,403,323.41,77,6516
12328,2023-01-18,11,1,605,402,70.38,40,14176
12329,2024-03-09,74,4,603,401,485.1,32,2758
12330,2023-07-13,85,12,602,401,355.77,39,3628
12331,2022-10-23,56,15,605,400,271.85,87,9007
12332,2022-01-30,34,1,604,402,213.68,37,1871
12333,2024-06-03,24,1,605,400,132.21,42,8520
12334,2025-03-15,66,9,603,400,331.42,47,11199
12335,2022-03-07,52,13,601,403,387.13,80,8085
12336,2025-05-07,52,2,602,402,421.22,66,6530
12337,2022-04-01,10,13,601,401,474.15,26,8325
12338,2024-10-25,77,11,605,402,239.73,10,4013
12339,2023-09-07,74,1,600,402,209.39,100,636
12340,2023-08-25,92,4,603,400,419.67,45,2132
12341,2023-03-15,43,6,602,400,310.11,57,3406
12342,2024-05-31,77,4,602,400,325.9,77,8666
12343,2022-12-05,82,6,601,400,165.09,100,12413
12344,2022-01-08,78,7,600,400,323.1,10,6594
12345,2022-01-28,67,2,605,401,195.87,81,6841
12346,2025-02-22,88,3,604,402,362.04,11,10937
12347,2023-10-06,81,15,600,403,486.56,71,6727
12348,2022-06-12,20,10,603,401,357.8,6,12882
12349,2022-04-18,79,8,605,403,192.5,68,13317
12350,2022-03-16,64,10,600,402,415.38,8,2760
12351,2025-03-13,19,12,605,402,446.79,64,11350
12352,2022-11-17,24,2,602,401,499.84,35,2793
12353,2024-12-17,15,1,605,403,320.49,25,1657
12354,2022-05-27,6,12,604,402,90.77,99,1155
12355,2023-11-06,74,3,603,400,487.73,30,12167
12356,2024-09-25,16,2,602,403,349.1,7,8282
12357,2023-07-22,12,2,600,401,239.06,78,8997
12358,2022-10-06,48,12,603,400,212.83,38,5775
12359,2023-04-07,90,11,603,402,233.46,28,10221
12360,2024-09-13,100,11,603,403,492.25,95,3624
12361,2023-08-19,60,2,603,403,496.8,96,12732
12362,2024-04-24,31,15,603,401,363.65,34,2636
12363,2023-05-19,76,9,605,403,54.96,76,3225
12364,2022-06-26,96,3,605,400,74.26,56,2154
12365,2024-08-01,44,6,603,400,207.7,68,14283
12366,2023-11-18,34,12,604,403,406.83,53,11950
12367,2022-06-07,10,15,601,401,281.17,45,14238
12368,2022-10-19,51,3,602,403,426.9,64,3005
12369,2023-10-11,8,6,600,401,64.51,82,10814
12370,2024-01-21,38,14,605,400,416.43,100,9819
12371,2022-07-08,76,10,602,401,294.22,80,10656
12372,2025-01-31,56,15,602,403,446.19,39,8931
12373,2025-02-17,22,12,603,402,385.61,71,11145
12374,2025-05-26,24,15,604,402,493.94,54,10256
12375,2023-02-25,66,15,603,402,418.01,81,4648
12376,2024-07-06,27,4,605,401,302.24,55,400
12377,2023-11-19,72,5,604,400,146.78,86,963
12378,2023-03-30,42,3,602,402,323.25,44,6974
12379,2024-05-17,34,11,600,403,251.97,52,2094
12380,2025-04-12,17,11,601,401,165.13,97,3001
12381,2022-05-22,100,8,603,403,440.35,64,901
12382,2023-07-02,81,4,602,402,249.88,64,5194
12383,2025-03-19,37,5,602,402,185.87,30,3572
12384,2022-11-04,82,14,601,403,394.32,22,10163
12385,2024-02-06,40,15,602,402,172.7,75,14214
12386,2023-12-20,75,3,605,403,456.79,49,922
12387,2023-06-05,100,7,605,400,397.46,61,14766
12388,2025-03-18,83,5,600,400,168.56,30,10377
12389,2022-08-30,56,14,604,402,491.99,71,8840
12390,2025-04-18,54,9,600,400,238.46,65,5290
12391,2022-11-14,1,4,603,402,154.16,18,3648
12392,2025-06-22,19,10,602,403,165.4,6,14904
12393,2023-04-29,66,5,603,400,155.01,30,12251
12394,2023-01-25,32,5,605,402,123.04,39,3051
12395,2023-05-09,26,7,603,403,337.27,20,812
12396,2024-07-24,66,7,600,403,115.63,47,618
12397,2022-11-08,18,7,600,400,157.81,85,1995
12398,2024-10-03,20,15,605,400,304.05,87,3422
12399,2023-01-19,65,14,603,403,371.44,58,14416
12400,2025-05-17,4,4,602,402,379.04,33,3109
12401,2023-10-19,11,2,603,403,291.98,35,11504
12402,2025-04-06,14,9,605,401,474.54,44,544
12403,2022-11-29,81,14,602,403,228.05,83,6652
12404,2023-11-27,5,8,602,403,483.72,58,13726
12405,2022-07-09,69,3,604,403,367.34,73,9803
12406,2022-11-05,56,5,601,403,317.22,90,12864
12407,2024-02-20,71,6,604,403,475.92,54,2013
12408,2023-07-24,36,9,605,401,133.99,6,13067
12409,2024-07-16,80,8,605,402,279.83,100,852
12410,2024-11-15,32,6,601,400,65.6,60,11723
12411,2023-08-29,25,12,603,403,112.33,41,8933
12412,2024-09-27,41,13,605,403,305.76,82,12070
12413,2025-03-04,20,3,603,402,420.24,85,4475
12414,2024-05-06,24,14,605,403,307.29,36,5213
12415,2024-09-21,72,3,605,400,487.81,71,4618
12416,2023-03-18,34,2,605,403,76.88,38,3942
12417,2022-11-08,6,13,601,401,50.32,77,3856
12418,2023-05-31,76,9,604,401,372.19,39,13300
12419,2024-07-21,70,5,601,402,113.4,36,9850
12420,2024-02-14,58,7,603,401,129.76,67,3609
12421,2023-11-15,62,9,602,400,234.98,95,3990
12422,2024-04-24,89,9,602,400,146.88,34,3595
12423,2023-04-20,21,10,605,402,320.53,43,1882
12424,2022-12-29,33,4,601,402,135.03,37,11134
12425,2025-04-29,76,5,604,401,215.73,82,10389
12426,2023-03-26,61,13,600,403,304.68,39,2230
12427,2023-03-13,6,10,603,401,246.49,27,4677
12428,2022-03-27,61,9,602,400,141.65,19,13159
12429,2025-01-09,80,4,604,401,271.26,50,8026
12430,2024-11-21,25,3,602,400,274.25,59,923
12431,2023-01-29,84,10,605,400,481.84,35,6791
12432,2025-06-01,77,14,605,403,319.4,84,5783
12433,2022-01-24,29,11,600,403,86.3,64,13043
12434,2023-10-18,8,15,600,400,301.54,17,14093
12435,2022-12-01,23,1,602,402,80.33,21,2143
12436,2022-07-26,88,9,604,402,494.54,43,4102
12437,2023-05-26,14,4,602,402,165.74,24,3175
12438,2023-02-24,43,10,603,401,316.05,76,1021
12439,2024-01-16,7,1,603,403,327.27,65,9517
12440,2025-03-10,13,7,604,401,418.64,74,7639
12441,2025-03-31,21,12,605,401,109.38,53,14668
12442,2022-08-24,42,12,600,403,195.09,75,6553
12443,2022-03-27,17,12,604,401,494.2,40,5314
12444,2022-08-04,92,14,600,400,466.13,89,3963
12445,2025-05-19,46,3,602,403,355.25,53,1333
12446,2025-02-07,66,9,604,403,73.89,61,9232
12447,2023-10-08,68,5,601,400,396.35,46,2084
12448,2024-07-18,37,5,602,402,278.53,8,8041
12449,2022-01-07,2,6,604,401,87.69,29,14929
12450,2022-10-01,96,2,604,401,496.85,93,13012
12451,2024-06-14,21,4,605,400,175.96,24,3973
12452,2025-02-17,70,10,602,403,456.97,26,2067
12453,2022-07-13,3,1,601,400,249.05,89,9820
12454,2022-06-16,31,4,600,403,231.98,46,8356
12455,2024-08-14,100,7,603,401,325.76,35,611
12456,2024-07-07,11,3,602,400,196.71,63,3073
12457,2023-11-20,30,12,605,403,177.76,88,6346
12458,2024-04-15,65,3,604,401,58.49,77,2126
12459,2024-01-16,18,9,603,401,288.49,8,6354
12460,2025-02-06,20,1,605,401,161.94,20,10325
12461,2024-12-02,19,3,603,400,90.97,55,4959
12462,2023-05-30,31,2,604,402,432.17,10,5924
12463,2024-01-24,41,12,604,401,307.58,63,4462
12464,2022-04-29,46,8,602,400,431.24,16,13471
12465,2023-10-29,83,11,600,402,74.58,97,7065
12466,2023-11-02,46,11,600,400,111.42,35,6306
12467,2025-05-19,99,12,600,401,189.57,71,14149
12468,2025-02-04,63,8,604,403,375.25,43,7006
12469,2024-02-28,38,12,600,401,497.62,77,4990
12470,2022-11-16,84,9,602,400,353.28,6,8219
12471,2023-05-02,24,4,604,403,95.46,96,14155
12472,2023-05-22,20,9,605,400,344.28,23,10512
12473,2025-02-06,49,7,601,400,73.27,83,1445
12474,2022-08-26,11,6,605,402,64.68,50,12852
12475,2022-11-16,25,11,604,400,236.41,76,1659
12476,2022-06-11,37,2,601,400,73.34,71,11474
12477,2022-07-23,68,6,601,402,454.39,86,692
12478,2025-06-14,63,7,605,402,460.07,95,2192
12479,2023-01-03,41,6,604,400,60.85,96,2256
12480,2022-03-14,15,9,602,400,57.71,79,2943
12481,2025-03-28,90,12,604,403,248.38,21,8875
12482,2024-06-13,42,8,604,400,89.54,81,8288
12483,2023-10-18,43,5,603,402,166.34,89,14545
12484,2025-01-26,41,11,604,401,436.09,80,8385
12485,2023-01-04,41,10,603,400,388.28,83,9874
12486,2022-11-27,50,12,600,403,362.75,23,5367
12487,2024-12-27,76,13,601,401,288.01,86,6105
12488,2024-04-06,80,1,604,402,412.57,95,10133
12489,2024-11-05,23,15,602,402,353.47,49,8529
12490,2022-07-07,61,15,603,403,219.56,40,11788
12491,2022-01-18,93,6,603,403,425.36,67,11948
12492,2022-08-04,97,9,602,402,417.75,48,8639
12493,2023-07-20,43,10,603,403,487.28,59,9517
12494,2024-12-03,4,8,604,403,266.55,23,9698
12495,2023-09-10,72,7,603,402,71.21,75,11026
12496,2022-11-29,40,11,602,403,94.81,31,12208
12497,2023-10-11,15,13,601,401,151.71,68,12115
12498,2025-01-20,8,15,604,401,405.08,87,6206
12499,2024-07-18,20,1,601,402,228.04,25,9544
12500,2025-06-17,31,15,600,401,109.14,88,12975
12501,2022-04-19,61,7,603,400,250.35,83,11250
12502,2022-01-29,100,6,604,400,300.16,62,14628
12503,2024-08-07,13,15,603,401,214.98,7,918
12504,2024-01-01,73,7,602,401,416.53,81,9778
12505,2023-11-23,51,15,601,403,276.41,88,12800
12506,2025-04-29,9,8,602,401,135.56,94,6087
12507,2022-08-21,4,1,600,401,395.76,88,4170
12508,2023-10-09,16,8,600,402,200.11,46,11398
12509,2024-12-12,82,9,602,402,409.16,86,1320
12510,2022-10-16,73,9,601,402,453.49,99,6281
12511,2022-07-27,89,7,605,403,308.36,12,2751
12512,2024-07-12,29,5,603,401,336.06,95,8665
12513,2022-03-10,80,3,602,402,52.99,37,8473
12514,2024-03-02,84,4,602,402,294.01,77,7361
12515,2024-04-23,93,11,601,402,466.88,70,5187
12516,2025-02-18,43,13,600,402,404.28,96,13510
12517,2024-08-21,11,1,601,403,230.4,63,14828
12518,2024-10-08,95,3,600,400,305.1,60,14251
12519,2025-02-27,76,15,601,403,102.9,77,10364
12520,2023-10-14,84,6,603,403,260.38,95,6955
12521,2022-10-24,32,9,605,402,332.35,46,1224
12522,2025-04-30,38,8,605,402,407.76,37,3269
12523,2023-04-14,40,14,603,401,269.95,12,10997
12524,2024-11-11,57,2,605,401,407.67,8,8637
12525,2024-05-29,92,10,602,403,229.2,69,2270
12526,2022-01-21,64,15,601,402,431.24,49,12929
12527,2023-12-25,57,3,604,403,389.61,23,6776
12528,2022-05-15,31,14,601,401,310.31,99,9414
12529,2024-02-24,86,15,603,401,371.62,65,11951
12530,2023-11-16,50,14,605,401,200.74,46,13938
12531,2024-12-15,12,15,602,401,243.24,27,1240
12532,2023-07-01,68,3,602,402,442.53,97,6308
12533,2023-12-18,90,6,603,400,180.35,45,11771
12534,2024-03-20,1,7,603,402,187.22,17,7425
12535,2022-03-13,19,9,600,400,59.55,71,8229
12536,2022-02-14,2,12,600,401,159.55,30,7929
12537,2023-11-13,90,15,602,403,139.55,80,12208
12538,2024-01-18,88,2,602,403,275.08,18,9969
12539,2024-08-15,94,1,601,403,392.7,28,10274
12540,2022-08-25,30,12,604,400,222.05,90,3820
12541,2024-02-19,2,6,605,402,125.0,47,11762
12542,2023-12-01,20,5,604,401,416.42,16,14535
12543,2022-08-19,20,7,605,402,136.2,55,10159
12544,2024-11-08,85,13,604,403,216.11,20,11429
12545,2022-03-31,100,12,605,401,435.21,23,7225
12546,2025-01-10,53,8,604,400,360.38,95,13778
12547,2023-03-12,69,11,601,402,444.57,77,13225
12548,2024-07-07,14,3,603,400,256.29,48,12741
12549,2023-07-24,38,9,600,401,71.93,47,9249
12550,2024-05-26,27,6,603,402,449.07,93,3674
12551,2025-05-05,87,1,604,401,363.52,61,7016
12552,2023-07-25,29,11,601,401,414.47,11,12492
12553,2023-03-21,56,10,603,401,417.22,19,6702
12554,2022-06-26,40,15,603,403,370.49,75,6716
12555,2022-10-06,43,1,602,400,299.64,7,12715
12556,2022-09-08,89,11,601,402,400.3,37,13213
12557,2025-05-19,49,6,602,402,468.58,65,10811
12558,2022-03-19,25,7,603,400,298.25,55,13082
12559,2022-01-24,6,13,605,401,162.7,67,2797
12560,2023-04-08,4,5,601,400,389.44,16,1091
12561,2025-01-17,100,5,604,400,326.39,52,6341
12562,2022-12-15,21,7,601,402,493.97,14,9079
12563,2025-02-16,4,2,603,403,335.3,27,9792
12564,2023-10-09,78,10,600,403,118.71,70,3193
12565,2023-02-15,20,1,604,401,346.21,53,3411
12566,2022-01-13,19,14,602,400,457.59,21,13942
12567,2024-07-04,27,5,605,402,88.12,53,2358
12568,2024-05-12,5,2,603,401,336.01,13,8465
12569,2022-03-16,74,13,604,403,323.31,65,14289
12570,2024-08-10,33,1,601,402,149.9,6,10647
12571,2022-12-22,88,7,605,400,376.36,51,2404
12572,2024-05-24,9,5,605,401,449.22,35,12336
12573,2022-07-28,93,6,601,401,321.22,77,7554
12574,2022-10-17,80,15,601,401,228.78,35,6762
12575,2023-06-07,5,14,605,401,209.79,72,14454
12576,2025-04-26,88,12,605,400,98.58,43,9586
12577,2025-01-11,36,7,602,403,359.14,10,3159
12578,2025-03-15,20,11,602,403,55.39,70,7035
12579,2022-10-27,97,12,603,402,137.67,64,5331
12580,2024-11-02,30,3,604,402,414.06,85,5949
12581,2025-06-08,92,15,603,401,442.83,70,1779
12582,2022-05-10,83,11,603,403,156.15,46,13431
12583,2023-10-14,22,6,603,403,161.14,47,5880
12584,2024-01-06,58,13,600,402,466.12,68,5887
12585,2022-12-15,52,4,603,400,189.9,14,11885
12586,2025-02-13,56,9,600,400,106.41,11,14348
12587,2023-01-29,78,9,604,403,321.16,23,14872
12588,2024-05-12,68,5,605,401,437.23,56,2738
12589,2025-06-04,45,3,601,401,214.93,26,9023
12590,2022-10-11,22,7,602,400,404.37,46,9657
12591,2023-11-11,14,5,602,400,407.9,38,6659
12592,2025-05-23,43,11,604,401,145.29,80,11230
12593,2024-10-14,22,3,604,403,70.44,67,11887
12594,2024-05-20,53,12,604,400,228.11,89,800
12595,2023-03-01,55,1,600,403,496.27,69,1693
12596,2023-05-10,22,7,603,402,427.12,54,11168
12597,2024-11-22,16,12,602,402,104.92,21,9409
12598,2022-09-20,33,4,602,401,97.43,92,7398
12599,2024-05-11,56,13,600,401,174.25,53,4212
12600,2024-02-14,95,13,601,400,441.56,46,5396
12601,2025-05-22,78,7,600,401,263.66,42,7008
12602,2024-03-09,94,3,600,400,138.13,26,10687
12603,2023-10-29,67,9,605,401,140.26,91,11819
12604,2023-02-22,55,12,601,400,106.79,14,1548
12605,2022-09-24,37,2,604,401,265.5,90,4116
12606,2023-07-01,63,9,603,400,285.8,93,12792
12607,2023-06-09,30,11,605,401,372.68,28,2990
12608,2022-11-16,5,3,602,401,301.12,31,1923
12609,2023-05-04,9,6,604,402,437.14,73,13914
12610,2023-01-10,67,9,602,401,177.85,85,154
12611,2023-02-27,17,14,602,402,253.61,59,4285
12612,2023-04-13,72,10,600,403,420.15,15,3651
12613,2025-01-21,18,12,603,402,141.16,57,924
12614,2024-10-13,98,1,604,401,361.5,73,688
12615,2024-10-17,93,6,601,402,483.19,96,11458
12616,2024-12-26,8,1,601,403,368.62,70,4286
12617,2024-05-21,50,3,604,400,167.4,69,11575
12618,2022-02-05,17,12,601,402,443.75,88,10595
12619,2025-02-07,11,13,601,401,58.96,99,1362
12620,2022-10-21,1,1,602,401,299.87,77,11298
12621,2025-03-19,31,7,601,403,159.24,61,3099
12622,2024-02-19,45,15,605,402,285.29,98,238
12623,2024-11-10,85,15,605,403,205.01,69,7467
12624,2024-04-10,17,7,604,401,276.62,18,11754
12625,2023-07-19,23,13,602,403,188.71,36,10611
12626,2024-01-19,27,11,604,400,251.51,77,11617
12627,2025-06-05,22,11,603,403,305.59,10,6701
12628,2025-05-06,41,14,603,403,303.72,47,11686
12629,2022-11-12,87,13,604,401,254.05,12,8223
12630,2024-08-20,71,14,600,403,139.4,65,4203
12631,2024-08-28,17,14,604,402,364.86,83,7556
12632,2024-03-28,31,12,600,400,473.25,86,12997
12633,2023-08-30,46,1,601,401,351.2,40,11622
12634,2025-01-02,64,6,605,403,403.5,73,9188
12635,2024-11-17,9,15,602,400,485.74,52,9983
12636,2024-07-16,48,12,604,403,248.71,8,13136
12637,2022-01-04,82,15,603,401,211.83,21,13009
12638,2024-12-22,46,6,604,402,105.74,54,3090
12639,2024-11-21,48,1,600,400,219.64,9,12486
12640,2023-08-24,33,13,605,403,454.82,39,4596
12641,2024-02-03,15,8,602,403,357.11,37,4005
12642,2023-04-17,31,3,600,402,182.45,27,10783
12643,2023-12-10,10,8,605,400,136.48,83,8178
12644,2022-07-04,58,11,605,402,492.69,41,6718
12645,2025-05-25,63,11,605,400,413.46,8,13016
12646,2023-12-15,96,2,600,402,382.28,95,9830
12647,2024-07-29,40,9,604,402,338.27,90,5636
12648,2023-10-09,30,1,600,402,421.49,86,13074
12649,2024-01-21,21,14,602,401,77.65,93,9040
12650,2022-11-28,41,9,602,401,161.0,98,3208
12651,2023-01-20,25,13,605,403,422.64,39,9323
12652,2022-12-15,49,12,604,403,113.37,58,6209
12653,2025-01-09,14,9,604,400,311.13,9,6358
12654,2024-12-18,49,11,602,401,401.99,69,2993
12655,2022-02-28,68,5,602,401,377.41,39,868
12656,2023-09-13,77,7,604,400,498.19,85,4073
12657,2024-07-11,19,11,605,403,68.67,23,11148
12658,2023-06-04,85,2,603,402,221.08,16,7148
12659,2022-05-17,89,3,602,403,225.26,86,1136
12660,2023-04-20,48,8,600,401,205.57,84,12478
12661,2025-05-01,68,12,602,402,239.59,26,13542
12662,2024-04-16,41,5,605,403,74.47,18,1316
12663,2024-09-23,84,6,604,402,339.86,84,9351
12664,2022-05-11,49,14,602,400,51.35,38,5172
12665,2025-05-04,65,5,601,401,450.56,38,12227
12666,2025-01-04,46,6,600,401,280.34,84,3877
12667,2023-07-22,31,14,605,402,414.65,42,10400
12668,2023-09-02,18,13,602,401,185.68,47,1580
12669,2025-04-24,40,15,605,402,66.5,59,1078
12670,2022-03-29,10,10,601,401,290.34,53,6539
12671,2023-09-16,73,9,604,403,332.12,30,14528
12672,2023-02-14,32,8,601,401,260.6,80,10426
12673,2022-10-16,78,13,603,400,136.17,29,4262
12674,2023-04-30,51,3,602,400,456.46,65,7452
12675,2023-03-06,15,10,604,402,55.58,87,14979
12676,2024-03-16,10,14,604,400,323.63,13,12726
12677,2025-04-13,12,1,601,400,321.57,13,11152
12678,2023-10-20,67,3,603,400,192.0,95,12646
12679,2024-06-25,29,15,604,402,161.72,22,5453
12680,2022-06-23,30,4,600,400,481.17,34,2986
12681,2023-06-12,13,15,600,403,211.76,98,1733
12682,2025-03-27,49,11,605,400,369.66,24,6890
12683,2022-07-23,85,3,601,402,484.41,77,12667
12684,2024-12-18,87,15,601,401,293.43,68,3590
12685,2022-06-22,7,3,603,402,369.83,38,616
12686,2023-04-01,27,14,601,402,192.54,24,655
12687,2023-05-22,76,2,600,400,441.64,26,3770
12688,2023-07-30,67,3,602,400,381.89,82,2607
12689,2022-03-28,84,5,600,401,319.83,27,4646
12690,2022-01-01,71,10,601,400,405.52,62,11838
12691,2023-04-03,5,2,601,400,134.35,78,9883
12692,2023-03-07,75,12,604,401,155.29,70,11073
12693,2022-11-01,56,11,602,402,308.78,73,14797
12694,2023-04-30,83,8,600,403,498.54,89,7154
12695,2024-03-05,77,3,605,400,393.04,19,7562
12696,2024-09-03,72,5,605,401,312.85,85,2078
12697,2024-08-26,99,5,600,402,399.07,20,8121
12698,2022-03-28,10,8,604,403,118.99,21,4186
12699,2024-12-21,17,14,605,403,135.87,51,13286
12700,2023-03-04,14,15,603,401,199.93,72,8543
12701,2023-12-03,66,15,600,402,207.64,77,6200
12702,2022-09-26,5,3,600,403,122.58,23,11375
12703,2024-02-18,41,12,602,403,399.31,51,7811
12704,2023-06-30,49,8,600,403,346.56,30,7536
12705,2023-10-15,41,3,605,401,347.01,52,10500
12706,2024-01-21,76,9,603,401,162.75,51,1179
12707,2022-01-18,51,10,605,402,339.97,48,7533
12708,2022-09-29,2,13,603,401,219.24,84,12120
12709,2022-02-14,4,7,604,400,405.0,85,695
12710,2022-11-26,83,15,600,400,189.48,30,8844
12711,2024-03-19,66,11,600,402,389.92,14,1011
12712,2023-01-10,57,9,602,401,66.47,65,6253
12713,2024-07-25,28,2,600,402,129.35,7,348
12714,2025-02-15,77,3,605,402,89.28,50,7412
12715,2022-06-04,78,9,603,402,378.8,79,9574
12716,2023-11-10,15,12,604,403,383.66,95,3470
12717,2024-10-28,53,5,602,400,298.38,71,536
12718,2024-09-08,40,9,601,400,175.62,98,2738
12719,2024-06-02,9,2,602,401,248.76,88,8897
12720,2022-10-23,48,2,600,403,178.4,32,14045
12721,2024-07-30,90,9,600,402,120.81,30,3905
12722,2023-07-19,74,13,604,402,212.01,82,1494
12723,2023-11-17,54,1,603,400,339.77,71,4570
12724,2022-05-17,72,3,604,402,364.16,36,191
12725,2022-10-19,82,2,603,402,267.3,91,3049
12726,2023-08-27,25,5,605,401,189.6,80,4775
12727,2024-11-20,39,5,603,400,88.1,20,11990
12728,2025-04-20,51,5,602,400,123.46,86,12620
12729,2024-10-14,86,11,603,400,308.36,91,2913
12730,2023-12-14,72,3,603,400,413.64,38,11902
12731,2023-12-30,61,3,604,400,202.61,50,664
12732,2025-05-06,39,4,604,400,318.75,29,14437
12733,2022-03-10,49,14,605,400,54.13,7,6201
12734,2022-02-04,67,2,604,400,65.85,58,6310
12735,2022-04-20,39,14,603,403,306.42,71,4237
12736,2023-11-21,47,6,603,400,489.75,87,9681
12737,2024-01-22,56,12,603,401,73.0,11,13971
12738,2024-05-28,87,15,600,402,465.1,87,1340
12739,2022-05-25,71,11,602,402,416.93,27,4695
12740,2022-07-20,42,3,604,403,88.32,25,3159
12741,2023-09-04,81,4,603,403,52.46,95,7394
12742,2024-06-26,73,4,600,401,418.96,80,13842
12743,2024-06-29,29,2,603,401,195.87,77,14788
12744,2024-04-06,26,7,601,402,344.87,14,3846
12745,2024-03-02,100,15,600,403,208.15,62,12387
12746,2023-01-23,53,15,602,402,378.76,13,7819
12747,2024-01-24,82,13,603,400,486.01,6,9257
12748,2022-04-11,66,15,605,401,377.41,43,6954
12749,2022-03-30,64,15,604,401,50.83,58,4267
12750,2022-10-26,52,4,601,400,98.18,56,494
12751,2022-11-04,22,12,605,403,444.73,86,12136
12752,2025-04-22,93,15,600,401,275.78,33,4557
12753,2022-02-21,18,4,600,400,298.89,100,3012
12754,2024-10-01,90,14,604,401,271.17,75,9666
12755,2024-12-13,57,1,604,400,243.44,88,3874
12756,2025-03-23,34,9,605,401,110.56,5,5833
12757,2023-11-17,3,11,602,402,487.32,100,1607
12758,2023-08-08,96,10,603,402,296.95,62,11854
12759,2023-11-18,46,2,601,402,422.24,75,10954
12760,2025-04-25,24,11,600,400,406.82,35,4260
12761,2024-02-23,5,14,600,401,162.26,69,4012
12762,2025-05-18,8,6,600,400,389.06,33,12719
12763,2022-01-10,26,7,604,402,148.6,60,12579
12764,2023-07-27,95,12,602,400,488.67,53,8225
12765,2023-09-09,12,1,600,402,288.92,7,4503
12766,2022-02-04,28,10,600,403,251.34,31,9975
12767,2022-08-06,44,3,601,400,336.51,12,359
12768,2023-05-06,86,3,604,401,131.3,49,7982
12769,2025-04-18,92,13,603,402,147.18,51,11376
12770,2025-06-10,92,12,605,401,287.47,31,3454
12771,2023-03-02,69,8,601,403,335.75,54,13617
12772,2022-05-17,3,2,601,403,286.92,6,10208
12773,2024-12-10,57,9,604,401,332.33,96,7897
12774,2025-04-08,37,5,605,401,256.38,21,7158
12775,2022-03-26,99,4,605,402,214.92,32,13754
12776,2023-12-10,94,2,600,402,114.74,38,350
12777,2024-07-08,54,4,603,401,136.19,100,3557
12778,2023-02-02,85,4,602,400,185.55,94,13744
12779,2023-01-11,15,2,602,402,216.81,16,10040
12780,2023-08-02,10,6,603,400,238.29,41,3039
12781,2023-08-28,12,5,605,403,165.32,14,11324
12782,2022-12-04,82,6,601,403,424.29,49,8862
12783,2022-05-18,42,4,600,403,396.77,86,6832
12784,2023-10-23,18,12,602,403,361.22,31,7033
12785,2024-12-16,31,4,602,402,140.1,31,817
12786,2022-12-02,78,3,601,400,470.43,49,10134
12787,2023-09-10,24,8,604,403,331.43,22,6426
12788,2023-01-24,65,14,605,401,319.47,20,8300
12789,2024-11-18,96,6,604,403,360.18,63,8736
12790,2024-10-07,62,4,604,400,406.79,46,958
12791,2024-10-23,73,3,605,401,73.2,57,4943
12792,2023-12-02,49,6,603,400,478.13,28,1893
12793,2024-07-26,71,11,600,402,427.45,10,8250
12794,2024-11-19,60,14,600,400,464.0,78,5238
12795,2025-04-21,87,1,604,401,144.43,8,8032
12796,2024-09-24,15,6,600,401,146.81,72,10417
12797,2025-04-09,57,9,600,400,481.16,17,11692
12798,2023-12-04,48,12,605,401,337.23,54,7273
12799,2022-06-24,70,1,603,403,274.42,94,14108
12800,2023-07-19,83,5,603,400,307.17,47,281
12801,2023-05-04,68,8,603,400,317.63,78,14405
12802,2022-09-12,96,1,602,402,313.44,81,7832
12803,2024-08-03,57,15,604,403,355.38,72,7068
12804,2022-10-07,6,5,601,403,350.71,50,5391
12805,2022-04-06,22,5,600,402,475.86,59,484
12806,2023-05-05,31,13,605,401,216.64,8,11568
12807,2024-12-06,79,9,605,402,73.64,11,13012
12808,2025-03-26,69,8,600,403,102.7,73,5820
12809,2022-10-20,6,12,602,401,396.79,79,4487
12810,2022-01-20,37,14,605,403,217.18,19,13993
12811,2022-05-19,64,11,604,402,314.26,94,12263
12812,2022-02-01,12,14,601,403,415.58,36,5090
12813,2024-12-07,11,2,603,400,248.18,56,3911
12814,2024-05-13,43,2,605,402,268.64,85,6043
12815,2024-06-21,6,4,603,403,167.73,58,13445
12816,2024-05-10,2,12,603,401,225.88,71,11826
12817,2022-10-31,91,14,604,402,153.4,63,1725
12818,2024-02-02,92,3,600,400,169.82,80,8552
12819,2022-07-12,8,3,602,401,425.2,14,12602
12820,2022-06-05,45,10,603,400,421.57,28,14829
12821,2025-06-29,9,10,603,403,204.76,79,4218
12822,2023-06-21,74,14,604,400,460.33,78,14741
12823,2024-05-16,49,7,601,400,263.77,48,14403
12824,2022-10-19,50,7,603,400,282.08,72,12039
12825,2024-07-04,28,12,602,402,196.43,22,443
12826,2022-07-31,97,6,602,402,396.68,43,12359
12827,2023-06-24,13,2,600,402,390.76,26,2937
12828,2025-02-08,37,8,605,403,278.54,82,3244
12829,2022-12-14,32,10,602,400,494.15,31,10163
12830,2023-04-10,38,9,604,403,158.98,9,6834
12831,2022-07-21,31,14,601,400,207.16,21,5383
12832,2025-01-11,25,10,600,403,155.39,16,8115
12833,2024-11-20,15,2,602,402,365.08,35,6868
12834,2025-05-21,24,11,605,401,99.76,55,12911
12835,2022-08-05,5,9,601,400,458.55,66,6764
12836,2024-03-18,48,7,603,402,196.63,67,10299
12837,2023-02-20,21,2,602,403,176.72,92,4896
12838,2023-01-05,31,1,605,400,61.72,37,4739
12839,2024-10-07,69,14,602,403,190.3,20,4800
12840,2023-05-23,8,10,604,403,200.28,26,4588
12841,2024-09-09,71,8,601,401,140.07,40,12800
12842,2024-11-11,84,1,605,400,386.8,95,12570
12843,2022-05-18,93,13,601,402,280.37,13,1807
12844,2024-07-01,53,13,601,402,397.3,95,339
12845,2024-02-02,66,5,605,402,160.79,5,9580
12846,2022-06-22,33,2,605,400,310.33,100,2062
12847,2024-02-20,43,8,600,403,355.28,36,9443
12848,2024-12-13,50,12,602,402,394.85,87,1182
12849,2025-04-03,46,1,604,400,378.34,87,10137
12850,2024-05-20,99,8,601,403,122.27,23,2890
12851,2023-05-15,5,10,600,402,122.68,75,14763
12852,2022-12-05,8,9,600,402,325.61,53,2069
12853,2024-01-25,43,15,601,401,292.59,76,12343
12854,2023-04-13,80,1,601,403,124.79,78,3019
12855,2025-05-08,58,4,605,403,486.02,66,10032
12856,2024-12-18,13,15,600,401,86.36,25,11258
12857,2022-08-01,62,6,602,401,384.07,46,10947
12858,2025-02-21,45,9,602,402,115.94,20,5447
12859,2023-09-05,74,8,601,400,230.99,31,9960
12860,2024-07-27,21,7,602,403,130.74,60,10826
12861,2023-02-27,30,12,604,403,53.7,54,7677
12862,2022-03-16,67,7,600,400,183.93,25,10742
12863,2023-10-03,34,9,600,402,292.22,53,1463
12864,2022-09-20,20,13,602,401,122.67,90,10450
12865,2023-05-08,63,8,602,402,272.48,40,2386
12866,2023-08-17,46,9,601,400,171.64,14,5942
12867,2022-05-12,83,14,601,401,252.31,82,7861
12868,2023-03-20,89,9,601,401,249.01,25,7724
12869,2024-04-11,80,8,602,401,290.89,67,1233
12870,2023-08-12,18,13,604,403,288.17,27,7290
12871,2023-07-01,53,8,605,402,498.22,95,6034
12872,2023-07-12,100,4,600,401,336.52,52,2378
12873,2023-02-21,37,7,605,401,219.67,99,2299
12874,2025-03-25,67,8,602,402,297.28,24,9744
12875,2023-02-19,16,3,603,402,426.71,22,5044
12876,2022-11-15,84,11,600,402,153.93,55,13269
12877,2023-03-28,18,3,602,402,88.08,70,1423
12878,2022-10-25,47,11,601,401,357.64,88,4267
12879,2025-06-18,33,15,605,400,454.93,99,7981
12880,2022-11-06,82,11,605,400,84.57,11,14825
12881,2023-03-03,35,10,600,400,285.2,11,872
12882,2024-03-20,72,6,604,401,205.6,9,2059
12883,2025-03-27,94,10,603,403,437.59,59,14587
12884,2024-08-28,90,8,600,403,271.09,27,7104
12885,2023-12-08,19,2,604,400,417.21,84,14579
12886,2022-03-04,78,14,604,401,52.05,37,4186
12887,2024-03-02,20,15,602,403,64.48,45,1044
12888,2023-07-03,64,7,601,403,487.12,85,8658
12889,2025-06-04,94,2,602,403,323.38,20,10284
12890,2024-07-18,19,11,603,403,341.21,29,13846
12891,2023-06-04,71,1,601,401,203.24,12,4836
12892,2023-12-01,19,6,601,401,167.72,57,6162
12893,2025-03-18,18,12,604,401,75.46,61,3395
12894,2023-12-30,77,8,604,401,121.89,28,3155
12895,2022-09-15,58,10,603,402,461.78,47,11658
12896,2023-06-28,100,3,605,401,454.5,13,807
12897,2024-09-01,52,5,605,402,306.28,9,14900
12898,2025-04-20,37,9,602,403,69.34,84,3817
12899,2023-08-07,13,7,603,402,491.24,75,8847
12900,2022-10-28,65,14,600,402,63.41,6,1023
12901,2022-06-30,17,8,600,401,343.73,48,1442
12902,2023-12-07,63,12,600,401,246.43,74,12672
12903,2025-04-18,9,7,604,400,156.52,56,1847
12904,2023-03-08,67,2,604,401,127.0,40,10323
12905,2022-09-08,56,10,605,403,486.56,6,3896
12906,2022-03-09,6,15,603,403,449.41,71,4894
12907,2023-01-15,70,14,604,403,340.21,39,11234
12908,2022-08-27,10,13,600,401,433.92,35,3690
12909,2023-11-14,75,5,601,402,129.9,51,13102
12910,2024-08-28,70,10,601,402,106.65,9,14436
12911,2023-10-02,30,4,600,400,99.94,91,9680
12912,2025-03-19,30,3,604,400,246.57,68,408
12913,2025-02-15,25,4,600,400,130.77,43,6983
12914,2022-08-18,83,8,602,401,360.89,40,4894
12915,2024-04-04,30,9,601,403,240.86,59,5500
12916,2024-03-22,93,10,605,402,489.37,89,14793
12917,2022-08-12,92,6,603,403,375.23,86,13452
12918,2023-10-24,39,7,603,401,221.46,71,13811
12919,2024-11-12,50,4,603,403,341.49,13,11871
12920,2025-05-18,39,13,602,400,63.68,58,14510
12921,2022-11-06,14,12,603,403,173.99,44,8117
12922,2022-06-06,47,5,605,403,258.59,76,13348
12923,2023-01-05,81,1,603,403,471.46,95,8347
12924,2023-11-03,68,15,605,403,278.01,79,10281
12925,2025-02-09,61,8,602,403,253.61,53,1754
12926,2025-06-23,82,5,603,400,215.62,44,12154
12927,2025-04-20,38,11,603,400,119.47,40,10699
12928,2023-12-24,18,8,602,400,492.1,5,2385
12929,2025-02-27,76,3,605,401,150.68,25,2976
12930,2024-10-21,39,8,601,401,137.87,66,8379
12931,2023-04-21,5,10,601,400,374.99,89,10635
12932,2025-05-14,39,12,605,402,280.46,12,7609
12933,2024-05-03,93,4,604,402,186.91,6,7865
12934,2022-05-03,4,10,603,403,189.98,79,11263
12935,2024-02-14,2,12,600,403,90.32,20,13528
12936,2023-09-15,91,6,603,401,305.38,42,7241
12937,2025-06-03,14,12,602,402,87.3,90,4239
12938,2025-04-08,70,14,605,403,220.37,21,6045
12939,2023-02-14,45,8,604,403,127.43,74,13720
12940,2023-10-09,42,12,603,403,143.77,54,10747
12941,2022-12-03,26,7,603,401,289.83,39,5402
12942,2025-04-29,1,10,603,403,251.43,57,8645
12943,2023-01-17,87,11,601,400,403.75,45,13647
12944,2025-05-10,11,14,603,401,192.08,12,8872
12945,2022-10-13,37,8,600,403,437.0,67,3380
12946,2022-09-14,53,13,604,401,286.53,39,10265
12947,2025-01-31,2,7,605,402,292.17,19,12345
12948,2022-04-21,16,3,601,403,420.65,72,6338
12949,2022-05-20,52,3,605,403,281.6,82,12619
12950,2023-07-14,99,8,605,401,125.23,95,2901
12951,2023-07-28,45,13,602,400,449.46,66,8335
12952,2024-04-05,47,2,604,400,386.13,34,6275
12953,2024-10-05,93,13,605,401,422.23,30,13130
12954,2022-03-14,38,7,605,401,316.35,66,1772
12955,2025-06-15,71,15,602,401,426.95,6,2210
12956,2022-03-23,90,8,605,402,340.88,39,1615
12957,2022-11-26,22,6,602,400,328.87,23,9903
12958,2025-01-13,80,12,604,400,364.86,6,7727
12959,2022-11-22,95,6,602,400,134.12,97,4661
12960,2025-05-28,17,1,601,400,415.2,52,6837
12961,2024-05-10,76,14,601,403,188.74,29,5115
12962,2024-07-19,48,6,600,401,295.75,77,3119
12963,2023-10-15,46,9,602,400,435.32,8,14982
12964,2022-06-12,4,3,600,401,227.67,78,8856
12965,2022-09-07,30,8,603,401,280.35,26,4819
12966,2024-05-12,88,3,601,401,194.52,30,7984
12967,2022-07-16,18,1,603,401,329.27,35,2340
12968,2024-12-28,59,9,605,402,448.09,31,14283
12969,2022-06-06,89,5,603,401,367.86,70,5515
12970,2022-08-01,99,3,602,403,463.62,30,6270
12971,2025-03-27,76,1,602,402,58.23,13,6286
12972,2023-03-29,88,15,601,401,382.69,20,14047
12973,2022-12-29,41,15,602,400,240.09,23,390
12974,2022-01-07,40,11,600,402,227.02,74,5373
12975,2023-12-17,34,7,603,402,358.45,86,5994
12976,2022-12-12,45,14,600,400,486.98,29,3222
12977,2024-02-25,81,11,604,401,72.11,92,13065
12978,2023-02-28,50,10,602,402,490.36,85,4354
12979,2024-10-02,6,1,603,400,70.67,33,561
12980,2022-03-13,73,5,600,401,291.84,71,12696
12981,2024-06-21,63,14,603,403,480.97,70,1978
12982,2023-05-31,16,15,602,403,149.37,9,9078
12983,2022-02-07,11,2,604,403,463.74,92,8484
12984,2023-11-01,33,2,605,401,73.58,98,6288
12985,2024-01-31,91,2,602,402,159.27,76,13417
12986,2024-09-23,83,6,601,402,218.56,11,2734
12987,2024-07-19,30,14,602,400,57.13,29,9046
12988,2023-08-15,11,2,600,400,336.79,94,2179
12989,2024-01-24,5,6,601,401,216.51,84,12799
12990,2024-07-07,92,1,603,401,393.53,8,8687
12991,2022-08-02,5,9,601,401,138.36,32,3232
12992,2024-02-19,5,9,600,401,473.07,94,13841
12993,2023-08-20,71,8,604,402,275.44,36,7176
12994,2022-04-04,55,14,602,401,401.13,84,5863
12995,2025-01-14,38,2,605,402,382.28,73,11502
12996,2022-07-15,34,15,602,402,461.29,97,8539
12997,2024-07-28,35,5,605,403,88.49,61,11119
12998,2023-08-18,76,8,602,401,180.03,59,3786
12999,2024-04-14,20,14,604,402,417.96,79,8343
13000,2024-10-06,46,4,603,402,293.76,33,12764
13001,2024-12-19,72,2,605,400,301.81,18,9661
13002,2023-09-23,55,12,602,400,405.3,11,3487
13003,2022-08-13,33,9,600,400,186.02,18,12372
13004,2024-08-10,19,14,604,403,429.9,71,7221
13005,2024-09-06,80,8,600,402,452.1,74,656
13006,2023-01-28,37,7,600,401,147.86,14,12150
13007,2023-10-19,28,13,603,401,470.08,49,10497
13008,2025-05-21,48,2,605,401,353.86,53,2109
13009,2024-11-23,65,7,602,403,358.75,37,744
13010,2025-01-02,67,2,600,403,109.84,59,6825
13011,2023-03-16,48,3,604,403,211.94,20,10886
13012,2022-08-05,64,2,602,401,92.07,91,2628
13013,2024-12-13,7,2,603,403,227.98,83,12829
13014,2024-04-20,39,1,602,403,264.65,78,2706
13015,2022-05-12,35,13,600,403,167.1,24,10108
13016,2024-12-09,95,5,603,403,481.15,36,4269
13017,2023-05-26,76,2,603,402,101.07,60,5166
13018,2025-01-30,22,14,605,402,383.28,27,14765
13019,2024-04-04,36,1,605,403,370.97,83,6096
13020,2024-01-22,48,8,603,400,334.93,25,6797
13021,2024-04-30,14,2,602,403,53.47,97,9762
13022,2024-08-08,63,3,605,402,486.53,93,6425
13023,2022-11-28,9,7,600,400,189.91,27,11038
13024,2025-01-20,17,11,604,403,491.51,65,14855
13025,2024-04-08,54,15,601,401,170.66,11,9412
13026,2023-12-16,82,13,605,401,200.74,20,10298
13027,2022-01-11,16,4,600,402,122.41,30,2314
13028,2024-09-27,32,1,603,403,292.1,57,9076
13029,2022-06-07,59,10,601,403,327.23,70,8931
13030,2024-07-25,31,13,603,402,407.97,45,1622
13031,2025-01-01,53,10,602,403,185.87,56,3706
13032,2024-04-22,10,13,603,400,115.65,49,12296
13033,2023-05-04,89,12,601,403,402.94,53,12500
13034,2024-03-06,75,4,605,402,72.01,67,5895
13035,2022-08-23,56,11,602,401,150.67,53,2776
13036,2023-04-13,99,2,605,401,436.6,87,5786
13037,2024-09-10,37,11,603,403,119.54,30,4046
13038,2024-10-28,80,15,603,402,151.01,92,544
13039,2023-05-03,35,13,601,402,244.77,40,9759
13040,2022-07-16,61,1,601,402,102.92,18,11499
13041,2024-08-24,39,10,604,400,298.73,14,10383
13042,2023-06-12,16,15,602,401,361.36,61,12597
13043,2022-08-03,64,8,604,403,222.16,16,5070
13044,2023-02-03,75,3,601,401,353.24,99,7542
13045,2023-05-18,24,11,603,402,121.03,42,10854
13046,2024-01-16,27,7,605,400,478.25,24,5369
13047,2022-12-09,84,4,601,401,238.96,56,9452
13048,2024-12-30,89,10,604,402,312.7,5,13077
13049,2024-04-04,81,11,604,401,387.54,71,11998
13050,2024-08-22,64,6,603,400,172.17,54,5051
13051,2025-03-10,2,10,604,403,454.97,84,2320
13052,2022-11-04,74,1,603,403,352.85,85,13553
13053,2023-03-30,93,1,600,400,419.19,69,6522
13054,2023-03-07,43,1,601,402,124.1,8,5196
13055,2024-06-18,5,5,603,403,120.1,52,7675
13056,2025-03-10,35,9,600,401,253.95,8,1938
13057,2022-08-02,98,12,605,400,247.93,54,478
13058,2025-05-13,51,11,603,400,412.12,5,11583
13059,2022-03-26,91,12,600,403,75.46,94,4681
13060,2025-02-28,46,2,604,402,236.52,86,3025
13061,2024-05-30,82,7,605,401,410.73,21,775
13062,2023-06-26,2,5,603,403,261.62,15,9619
13063,2023-01-13,44,14,602,402,211.53,28,7124
13064,2024-04-06,64,8,602,402,103.97,49,3822
13065,2023-11-23,48,15,601,401,56.85,44,5289
13066,2023-02-10,57,9,601,400,300.41,100,12812
13067,2023-09-05,35,6,602,403,82.19,57,7330
13068,2025-04-25,39,5,604,401,212.86,32,7436
13069,2025-01-16,49,1,601,402,485.64,45,2952
13070,2024-06-23,4,15,605,401,99.69,12,7215
13071,2025-06-14,63,1,602,402,200.34,46,10646
13072,2022-12-03,10,1,603,400,453.31,68,8097
13073,2025-06-08,64,4,600,401,354.15,42,7409
13074,2022-05-30,19,13,603,403,486.47,63,6659
13075,2025-01-19,21,8,604,401,137.27,55,13138
13076,2023-12-08,13,6,603,403,348.99,61,2105
13077,2025-03-31,76,11,602,403,84.88,14,11373
13078,2025-05-11,58,6,602,403,75.71,93,9060
13079,2023-01-28,3,11,603,400,470.99,45,12155
13080,2023-12-25,36,4,602,403,370.91,81,10432
13081,2022-05-10,57,9,600,400,71.41,62,5353
13082,2023-10-21,32,5,601,401,132.05,5,12371
13083,2025-01-22,18,6,604,400,382.2,26,10982
13084,2022-05-03,99,10,605,403,134.46,58,9035
13085,2022-03-13,32,11,601,403,71.18,67,8831
13086,2024-05-09,5,10,603,400,315.95,6,6259
13087,2023-04-16,46,7,604,403,373.12,49,4619
13088,2024-05-23,68,12,603,402,331.33,81,2171
13089,2022-11-24,25,6,601,400,203.41,89,1889
13090,2022-03-14,4,5,601,401,381.13,44,11569
13091,2022-01-15,71,5,602,402,451.66,51,14218
13092,2022-03-13,72,11,604,401,253.76,35,9068
13093,2023-11-21,52,3,603,400,250.37,67,1961
13094,2022-09-20,66,12,602,403,269.62,11,7308
13095,2022-06-14,30,6,602,403,268.49,65,7277
13096,2022-09-06,63,13,602,403,142.75,55,2717
13097,2022-12-05,70,6,605,400,109.42,38,5060
13098,2025-05-07,2,3,605,401,240.66,39,14024
13099,2023-04-24,39,5,600,400,355.78,100,9799
13100,2023-02-21,90,11,605,403,499.26,6,1149
13101,2023-08-09,94,14,603,400,247.59,68,1010
13102,2024-01-27,58,6,603,401,484.59,32,10630
13103,2022-05-29,30,2,602,401,333.24,37,1122
13104,2023-01-03,78,15,603,402,285.42,17,8907
13105,2023-12-26,45,3,602,403,71.3,37,4102
13106,2023-08-26,46,7,601,402,472.07,70,12286
13107,2023-12-22,61,4,600,400,388.4,77,650
13108,2024-10-14,76,11,605,403,188.19,81,9637
13109,2023-07-28,25,12,602,401,396.63,36,7153
13110,2022-01-30,92,2,605,401,160.24,31,1371
13111,2023-12-12,90,15,602,402,277.96,34,4445
13112,2023-09-16,53,8,604,400,261.12,52,3130
13113,2025-01-03,66,4,604,400,491.22,17,8607
13114,2024-07-07,37,14,602,400,336.16,36,6186
13115,2022-03-30,36,12,601,400,259.31,36,5671
13116,2023-11-30,29,13,603,401,412.2,41,14365
13117,2024-07-29,19,5,605,400,203.54,18,554
13118,2023-11-19,33,13,601,403,345.44,59,7867
13119,2024-06-25,11,11,605,403,216.32,9,9333
13120,2025-05-01,96,9,604,403,461.84,8,4823
13121,2024-05-03,65,13,600,402,118.18,87,6465
13122,2022-04-20,80,2,601,402,236.87,100,14398
13123,2024-11-05,85,12,602,401,142.58,99,6439
13124,2022-11-12,56,4,604,401,390.67,100,6697
13125,2024-07-02,61,9,602,402,60.84,24,9008
13126,2022-03-16,10,6,601,400,95.34,21,8183
13127,2024-08-07,12,3,603,403,160.72,80,625
13128,2025-05-16,22,10,605,402,281.8,24,7857
13129,2025-02-07,20,5,605,401,435.68,69,5507
13130,2025-04-16,19,11,602,400,80.5,69,3627
13131,2022-09-22,19,15,600,400,106.83,72,2830
13132,2022-05-02,64,9,601,401,380.6,54,3213
13133,2022-06-15,50,14,601,402,248.72,21,9618
13134,2024-08-02,62,15,602,402,476.7,43,7256
13135,2023-08-04,100,1,601,403,178.69,62,14518
13136,2023-07-03,49,6,605,401,227.1,18,10197
13137,2022-02-11,80,3,605,402,282.35,70,2621
13138,2025-05-04,55,11,600,403,111.54,60,12327
13139,2025-02-02,14,12,605,400,221.37,57,12465
13140,2022-02-07,53,9,600,402,423.4,75,9524
13141,2022-08-01,100,12,604,401,166.99,83,2946
13142,2023-06-05,95,9,604,402,483.62,97,770
13143,2023-01-07,37,7,602,400,483.34,53,14260
13144,2022-04-07,73,6,600,403,249.42,35,471
13145,2022-01-23,34,3,604,403,71.02,49,5152
13146,2022-11-29,18,14,600,400,115.92,83,1443
13147,2024-01-20,43,6,602,400,468.28,30,3735
13148,2023-08-31,91,3,602,400,92.52,33,14325
13149,2022-02-09,62,15,605,402,174.48,54,1984
13150,2024-07-17,19,6,600,401,468.4,20,9229
13151,2023-10-28,81,13,600,403,202.44,90,12314
13152,2022-11-04,64,6,600,400,440.13,30,6645
13153,2024-11-25,23,7,604,400,396.24,8,9841
13154,2023-05-29,80,13,600,401,399.91,83,5232
13155,2022-07-17,32,3,601,403,208.93,95,8383
13156,2023-06-26,8,10,603,402,353.41,90,4773
13157,2025-01-27,96,14,603,400,291.03,25,3786
13158,2022-03-03,20,12,601,401,380.47,90,12934
13159,2025-04-11,49,8,604,403,345.77,85,10618
13160,2024-07-05,1,10,605,402,472.27,99,14754
13161,2022-03-07,96,5,600,401,198.79,58,4552
13162,2023-01-19,6,15,600,400,297.57,54,1515
13163,2025-01-30,34,2,601,403,130.67,80,14214
13164,2025-01-13,21,11,605,403,233.61,93,1891
13165,2022-01-09,91,10,605,400,459.33,57,4079
13166,2022-03-04,78,14,602,402,493.77,5,2566
13167,2024-12-16,16,15,603,403,270.82,48,11449
13168,2022-12-25,69,6,604,403,243.81,23,12266
13169,2024-10-12,49,8,602,403,336.92,8,8627
13170,2022-11-23,83,12,603,402,337.12,92,7076
13171,2025-05-23,61,9,600,400,446.53,33,14357
13172,2024-10-12,31,9,600,400,175.71,96,14731
13173,2025-04-29,97,5,600,400,78.7,52,4189
13174,2024-10-28,25,13,605,400,282.66,49,3207
13175,2025-03-27,60,2,601,401,227.78,43,13055
13176,2022-04-12,29,6,604,401,356.51,78,2045
13177,2022-08-09,27,15,605,401,252.72,35,6824
13178,2023-11-05,4,9,603,400,54.05,40,699
13179,2022-11-12,45,9,600,402,389.46,53,4541
13180,2022-06-12,66,4,600,402,115.76,59,5185
13181,2025-01-10,32,8,602,402,145.24,78,3356
13182,2025-04-04,80,10,601,401,420.7,11,5217
13183,2025-06-03,92,11,605,401,239.86,38,9363
13184,2023-12-28,68,3,602,400,55.97,94,14012
13185,2022-06-26,95,5,601,403,51.28,89,6720
13186,2023-02-03,65,4,600,401,395.99,83,3509
13187,2025-05-08,35,3,605,402,341.86,45,619
13188,2025-03-20,93,10,601,402,258.97,12,5947
13189,2023-05-12,24,10,601,402,120.39,10,8333
13190,2022-09-28,26,3,605,403,307.57,39,3351
13191,2022-02-20,57,4,605,403,447.43,59,11631
13192,2023-06-14,74,10,600,401,50.28,84,11041
13193,2023-09-30,82,15,604,401,160.54,71,5729
13194,2025-04-24,9,2,604,400,422.63,90,9973
13195,2025-02-26,10,12,604,401,452.92,11,11143
13196,2022-08-28,88,4,604,402,256.46,83,13674
13197,2023-03-02,41,13,600,402,198.82,28,7423
13198,2024-12-16,87,12,605,403,189.18,92,4640
13199,2025-01-28,82,11,600,401,398.68,10,5178
13200,2023-11-07,100,15,604,401,220.94,54,11915
13201,2023-08-21,79,15,602,401,470.45,49,10203
13202,2025-04-27,83,4,603,403,415.04,85,11463
13203,2024-04-13,13,11,602,402,263.28,92,9590
13204,2023-12-05,75,12,601,403,150.83,12,6606
13205,2024-05-01,30,9,605,403,331.87,84,381
13206,2023-06-02,82,1,600,401,441.98,100,1709
13207,2025-03-27,22,6,603,403,280.25,43,231
13208,2025-03-17,28,6,602,400,419.67,23,13496
13209,2024-11-29,77,8,601,400,101.24,63,14685
13210,2025-04-18,29,14,604,402,82.15,95,14284
13211,2022-07-08,79,6,600,402,336.33,23,3139
13212,2022-03-30,85,5,603,403,294.4,10,987
13213,2022-05-18,88,6,605,401,246.47,32,3012
13214,2022-12-12,68,7,603,403,459.34,79,7757
13215,2025-02-10,64,6,600,400,349.78,10,12080
13216,2022-10-31,92,6,602,403,293.46,13,2768
13217,2025-04-08,48,10,603,403,56.27,97,12604
13218,2023-03-15,42,5,604,402,391.09,20,10113
13219,2023-09-27,25,6,600,400,310.4,81,11176
13220,2022-05-14,92,2,603,400,348.05,35,1233
13221,2023-11-24,61,10,605,402,232.37,25,11230
13222,2024-11-24,52,2,601,403,437.77,76,5005
13223,2024-03-19,66,6,602,402,394.67,63,3591
13224,2024-01-11,4,10,601,400,251.34,41,3423
13225,2022-05-08,91,11,602,402,337.6,33,3801
13226,2022-01-21,20,2,602,400,109.08,56,11276
13227,2023-08-31,25,12,603,403,468.9,72,9201
13228,2025-01-10,26,2,605,401,476.69,42,1576
13229,2022-02-17,70,5,604,403,135.36,20,14929
13230,2025-02-05,44,12,602,400,114.06,22,12608
13231,2023-04-16,47,7,601,402,152.45,99,3581
13232,2025-03-13,12,9,604,403,51.08,98,11502
13233,2025-05-12,31,15,600,403,342.18,99,7682
13234,2022-08-10,12,2,600,401,205.0,52,12687
13235,2024-12-25,73,8,603,400,360.67,68,9148
13236,2022-11-15,32,8,600,403,445.29,26,10439
13237,2023-09-17,25,3,602,402,496.89,96,13925
13238,2024-05-04,56,15,603,401,134.72,98,9440
13239,2023-05-02,54,9,604,403,141.58,10,3962
13240,2023-07-18,70,2,603,403,319.21,80,13657
13241,2024-12-05,7,8,605,403,436.08,44,9847
13242,2024-12-30,67,10,600,401,352.15,96,13687
13243,2022-08-12,2,2,603,403,340.48,88,5479
13244,2025-05-30,81,12,604,402,494.62,78,2085
13245,2025-02-28,94,1,603,403,200.7,83,10546
13246,2022-10-01,8,10,601,403,331.74,25,10662
13247,2024-03-06,17,15,601,403,173.52,16,1356
13248,2022-04-23,39,9,602,403,299.24,14,5523
13249,2025-01-18,68,3,605,400,221.24,74,2501
13250,2022-08-29,17,9,605,400,335.58,98,431
13251,2024-01-04,86,12,605,400,425.2,57,1318
13252,2022-09-12,39,3,602,402,241.83,30,14753
13253,2022-11-17,45,13,602,401,265.36,87,13311
13254,2022-06-25,78,2,602,400,53.69,82,12390
13255,2023-05-23,84,3,602,403,76.11,31,5004
13256,2022-05-02,79,7,600,403,413.09,68,13220
13257,2024-07-31,94,5,603,403,470.82,22,4485
13258,2023-10-28,22,1,604,401,222.07,15,4151
13259,2025-02-22,5,2,604,402,320.53,64,14373
13260,2023-12-10,29,14,601,403,142.48,38,11316
13261,2023-10-31,99,8,601,402,401.71,94,14908
13262,2024-03-28,12,8,604,400,404.25,19,6417
13263,2023-01-31,47,11,605,400,421.15,40,8832
13264,2024-09-19,73,4,602,402,286.75,6,14472
13265,2024-06-05,3,9,600,400,180.82,57,1526
13266,2022-11-06,19,12,600,401,288.19,46,7369
13267,2024-05-26,67,10,605,401,56.02,64,777
13268,2023-09-28,37,11,603,400,233.18,20,1615
13269,2022-05-15,36,4,605,400,292.0,23,12548
13270,2022-09-08,79,5,602,402,484.32,9,6763
13271,2025-06-12,85,1,604,402,289.45,78,8143
13272,2023-06-18,93,6,600,401,333.89,73,5103
13273,2022-02-09,7,14,604,400,346.18,85,2521
13274,2024-10-07,75,12,604,400,212.95,96,9561
13275,2023-11-30,22,13,602,401,158.15,40,2648
13276,2023-06-06,46,13,603,402,302.17,88,13957
13277,2024-09-21,36,8,601,402,121.91,52,441
13278,2022-12-22,60,8,604,401,268.44,31,10001
13279,2022-02-12,31,12,605,401,470.35,9,3992
13280,2023-11-06,10,14,603,401,168.66,97,11876
13281,2022-03-18,98,12,604,402,273.41,53,6299
13282,2024-06-30,18,4,604,403,321.95,71,9272
13283,2022-04-07,24,12,604,402,427.74,76,8194
13284,2024-09-11,14,10,601,400,116.3,40,8482
13285,2025-01-29,59,5,605,400,398.15,83,7591
13286,2025-05-21,69,10,603,402,126.82,82,2751
13287,2024-09-24,32,12,605,403,167.22,89,812
13288,2024-04-23,28,11,604,402,364.0,76,14738
13289,2022-01-14,16,13,605,403,317.12,28,12381
13290,2023-12-20,91,1,605,403,493.98,55,6866
13291,2024-05-31,64,15,605,400,192.34,46,6541
13292,2022-01-15,70,14,605,400,455.36,7,11055
13293,2025-06-01,73,3,602,400,348.97,86,13512
13294,2023-10-17,5,9,605,402,383.5,25,13256
13295,2022-03-15,98,1,603,402,394.98,97,11366
13296,2024-06-25,69,6,603,400,188.08,74,7457
13297,2022-07-02,71,2,604,401,418.61,14,12006
13298,2022-04-29,37,4,604,402,431.57,93,13173
13299,2022-10-02,30,9,602,402,495.66,37,6324
13300,2024-06-25,71,3,600,403,259.5,18,12762
13301,2023-09-30,5,11,605,402,441.89,94,3218
13302,2025-05-19,52,3,600,403,106.54,51,7113
13303,2023-01-22,85,3,600,400,220.58,26,10921
13304,2025-04-18,37,13,605,400,320.08,94,9678
13305,2023-02-22,13,15,604,403,88.16,80,8985
13306,2024-12-06,43,12,603,403,341.63,69,2625
13307,2025-05-22,46,15,603,401,443.86,27,6276
13308,2022-09-22,59,15,601,400,112.41,86,10678
13309,2022-11-20,49,6,604,403,107.49,43,9152
13310,2024-12-24,93,5,601,402,439.37,25,14753
13311,2024-10-10,90,9,602,401,229.28,75,3119
13312,2024-02-05,96,1,602,403,447.73,47,1353
13313,2023-04-11,85,3,600,401,58.21,8,490
13314,2024-02-12,30,5,602,400,317.12,88,7342
13315,2022-08-10,79,6,601,400,136.26,86,3809
13316,2025-03-19,47,1,605,400,295.29,38,1845
13317,2024-06-23,100,4,604,402,76.14,32,11133
13318,2024-01-11,20,8,602,401,130.71,73,13877
13319,2024-07-21,68,8,603,402,157.64,35,8758
13320,2024-01-26,98,8,602,401,209.1,55,3256
13321,2024-07-23,88,3,604,403,308.81,52,6273
13322,2023-05-04,54,12,605,402,144.82,74,10270
13323,2022-12-27,65,8,600,402,407.45,40,10667
13324,2022-12-18,51,9,603,400,141.63,98,4053
13325,2023-07-28,54,7,604,401,84.75,48,6835
13326,2025-05-01,33,14,603,403,394.36,6,13158
13327,2024-04-03,80,8,603,402,241.17,24,14986
13328,2022-02-11,66,3,600,402,451.36,85,11586
13329,2022-10-19,48,10,601,400,163.37,41,4014
13330,2024-02-17,65,15,605,401,92.33,33,1448
13331,2024-12-23,54,6,602,402,76.23,37,5334
13332,2024-08-06,31,4,602,400,431.69,37,5067
13333,2025-03-18,52,12,604,403,453.21,18,9093
13334,2022-05-05,39,6,600,403,206.92,56,1621
13335,2023-11-08,54,7,603,400,136.08,57,2281
13336,2024-11-13,50,4,600,400,181.48,39,8422
13337,2024-11-13,21,11,603,403,306.38,50,3087
13338,2022-04-03,3,14,605,401,357.12,33,3629
13339,2024-09-05,49,6,604,403,232.03,40,8749
13340,2024-04-05,82,15,603,400,401.3,35,3034
13341,2022-11-13,7,12,603,403,173.01,73,809
13342,2022-05-17,19,8,603,403,422.47,65,6437
13343,2024-12-03,24,10,604,402,177.6,16,1657
13344,2022-11-21,45,7,600,401,217.74,92,1014
13345,2022-02-25,82,2,600,402,166.5,83,7662
13346,2023-08-05,2,1,603,402,135.63,22,7422
13347,2023-07-10,16,1,603,403,177.89,88,1429
13348,2025-03-06,56,14,601,403,366.27,95,9216
13349,2022-05-09,55,1,601,401,446.84,97,4224
13350,2023-04-09,81,14,605,402,488.16,61,860
13351,2023-02-25,32,2,604,402,317.12,25,8029
13352,2022-10-13,44,8,602,403,241.83,6,4543
13353,2023-02-05,8,4,601,401,321.31,66,7272
13354,2022-09-03,7,7,605,400,94.72,7,5443
13355,2024-09-20,83,10,603,402,439.11,71,1599
13356,2024-10-22,52,14,600,401,390.24,14,2744
13357,2023-06-27,53,5,600,402,128.11,59,8267
13358,2022-04-14,26,2,600,403,375.38,76,2899
13359,2022-01-17,66,13,600,403,55.51,66,6290
13360,2022-11-22,8,3,605,403,413.71,50,6277
13361,2025-03-13,35,10,603,403,484.17,11,3101
13362,2023-05-10,11,11,600,400,447.27,69,11880
13363,2025-05-21,50,6,600,403,141.57,9,231
13364,2022-04-26,100,9,601,401,235.47,77,3527
13365,2022-06-20,13,9,605,401,497.01,10,7882
13366,2023-03-19,44,11,602,402,381.43,74,13124
13367,2024-09-29,27,2,604,401,419.71,43,152
13368,2024-08-01,80,14,603,403,231.73,70,6562
13369,2022-08-19,48,8,601,403,486.0,16,6624
13370,2025-03-27,9,11,602,400,319.13,44,13008
13371,2023-01-28,16,15,601,401,158.06,73,13240
13372,2023-12-03,41,10,605,400,353.15,95,14590
13373,2024-10-28,30,3,604,400,81.29,22,11726
13374,2025-01-11,94,3,604,400,296.93,40,7689
13375,2022-05-29,55,2,605,403,396.68,66,13507
13376,2024-04-02,39,15,605,402,282.4,7,3188
13377,2023-03-13,100,1,604,402,227.44,30,7116
13378,2023-05-05,86,5,604,402,103.81,24,5868
13379,2023-04-24,76,15,601,403,264.01,44,11147
13380,2022-12-02,78,11,603,402,155.82,48,8064
13381,2022-05-01,14,2,605,401,297.5,96,5257
13382,2024-03-16,72,6,600,400,336.11,64,10777
13383,2022-03-01,30,15,602,400,184.69,57,823
13384,2023-03-05,100,15,603,401,303.89,48,14173
13385,2022-10-07,15,15,604,401,367.36,38,9243
13386,2025-04-10,1,13,604,403,368.88,53,3902
13387,2023-02-08,68,1,602,403,229.97,40,9590
13388,2024-06-15,99,13,604,403,179.6,56,6761
13389,2022-03-23,86,1,602,401,445.58,21,8094
13390,2022-10-25,4,15,602,402,102.43,46,6800
13391,2022-12-11,78,10,600,400,70.32,10,4619
13392,2025-02-25,98,10,603,401,463.5,72,9821
13393,2023-04-21,43,11,600,401,246.93,47,13858
13394,2023-06-26,57,4,604,400,420.19,56,4883
13395,2023-03-26,62,1,600,403,98.75,85,12213
13396,2022-07-04,89,13,602,401,122.52,75,2907
13397,2023-06-26,48,9,604,400,272.15,27,3710
13398,2024-06-29,62,8,605,401,246.16,38,398
13399,2023-10-21,75,12,601,402,405.26,58,9895
13400,2023-01-28,91,2,601,403,77.32,25,12380
13401,2025-03-31,88,12,600,403,196.51,59,13603
13402,2022-03-12,83,12,600,403,293.61,12,11025
13403,2022-10-28,82,15,604,403,359.58,83,303
13404,2025-06-03,30,4,600,402,322.03,24,2679
13405,2022-09-15,22,2,605,403,371.84,56,6465
13406,2022-07-18,25,10,601,403,146.77,60,7247
13407,2022-03-30,37,2,601,403,490.16,38,13583
13408,2023-09-16,26,14,601,400,454.76,6,7597
13409,2022-11-01,84,13,603,403,459.43,72,8621
13410,2022-01-03,39,1,604,402,209.4,12,6353
13411,2024-08-30,93,6,602,401,111.52,54,2148
13412,2024-11-13,80,6,604,403,135.54,89,4921
13413,2024-05-16,47,10,604,400,321.88,68,9685
13414,2022-02-12,69,1,602,400,286.83,27,13489
13415,2025-06-05,60,11,605,400,151.47,73,4910
13416,2023-07-10,47,1,604,400,66.96,9,11504
13417,2022-11-04,50,13,604,403,61.4,94,9294
13418,2024-09-03,81,8,605,403,307.08,54,8266
13419,2022-08-20,38,10,600,403,396.44,33,9687
13420,2022-11-08,50,11,604,403,374.6,14,13364
13421,2022-03-27,5,14,603,403,226.89,72,14819
13422,2024-12-11,21,7,605,401,440.13,44,10784
13423,2023-01-26,61,3,600,400,244.18,92,3504
13424,2022-10-08,84,3,603,400,410.31,82,9177
13425,2022-05-01,56,14,603,401,489.75,81,2339
13426,2022-04-10,83,5,603,401,441.32,16,12648
13427,2022-05-16,51,8,601,403,400.64,97,8679
13428,2024-08-04,43,13,600,400,92.92,10,4966
13429,2023-05-12,10,6,601,403,164.42,80,14451
13430,2022-06-07,56,3,605,403,122.14,13,7470
13431,2024-04-30,10,8,601,401,60.03,56,7921
13432,2022-08-28,18,11,604,403,421.78,52,877
13433,2025-06-29,85,2,603,403,383.21,34,7099
13434,2024-06-11,3,8,601,401,371.35,48,9718
13435,2023-06-21,39,8,601,401,291.97,38,6208
13436,2024-07-26,62,6,601,401,352.38,21,4909
13437,2023-02-15,33,14,601,402,494.04,51,12980
13438,2023-06-01,74,3,602,401,440.65,55,730
13439,2025-04-23,72,5,602,400,184.33,49,8030
13440,2022-12-13,14,4,603,402,123.25,7,7745
13441,2022-05-18,21,12,605,401,462.22,72,3515
13442,2023-12-24,17,15,605,403,212.56,25,3309
13443,2022-07-22,23,1,600,402,104.78,74,10974
13444,2022-07-16,75,4,604,400,476.19,76,4769
13445,2024-04-27,79,8,603,401,373.54,48,3228
13446,2023-12-05,31,2,600,400,354.81,59,6740
13447,2023-05-03,68,9,601,401,173.16,35,5046
13448,2023-02-28,50,14,603,402,368.49,58,6866
13449,2025-04-14,86,7,600,403,290.51,7,1201
13450,2022-03-11,69,2,600,401,375.95,89,8259
13451,2022-09-23,77,6,601,400,218.87,73,5447
13452,2023-05-20,87,7,600,402,446.41,97,14133
13453,2025-06-12,98,6,603,400,177.19,57,7593
13454,2023-01-27,84,11,600,403,483.54,14,14034
13455,2024-01-26,70,8,600,401,323.39,10,6756
13456,2023-04-11,98,5,604,402,465.73,10,651
13457,2023-05-10,65,5,600,401,193.21,52,12927
13458,2023-12-22,74,7,601,401,120.1,85,11769
13459,2022-07-15,22,13,603,403,216.72,47,13409
13460,2025-04-22,91,2,605,401,226.76,79,2878
13461,2023-07-19,21,10,602,401,411.79,46,12861
13462,2022-09-16,46,9,604,400,78.98,70,7108
13463,2022-09-06,31,4,602,402,108.86,7,14972
13464,2024-07-02,20,4,605,400,80.24,67,1679
13465,2022-03-09,56,5,605,401,87.81,42,7113
13466,2023-01-18,84,1,604,400,252.93,19,3179
13467,2022-01-31,73,15,605,403,131.97,94,3248
13468,2023-05-18,42,1,605,400,69.0,38,7344
13469,2024-06-19,27,3,601,401,165.32,41,3097
13470,2022-01-30,18,11,603,401,161.86,52,6692
13471,2024-01-23,32,7,604,401,341.6,92,14216
13472,2023-08-01,58,14,604,403,448.18,41,5921
13473,2024-06-12,58,4,601,400,236.93,23,1676
13474,2023-02-14,66,15,602,401,224.15,9,13136
13475,2025-01-08,35,1,604,400,224.99,67,4376
13476,2024-09-07,80,5,603,400,68.87,17,11658
13477,2023-08-02,39,2,602,402,98.44,92,1063
13478,2025-05-27,45,4,601,403,457.69,27,8185
13479,2022-03-10,77,6,603,400,329.63,27,11668
13480,2022-11-25,16,1,601,402,407.73,65,839
13481,2022-07-24,24,12,600,402,307.36,43,8789
13482,2025-01-25,45,1,603,402,124.07,99,2772
13483,2022-06-12,46,10,600,400,70.17,11,11241
13484,2024-04-04,5,13,601,403,453.88,7,8462
13485,2023-12-06,58,3,602,403,162.22,85,7158
13486,2022-04-11,15,3,604,401,400.65,20,241
13487,2025-02-16,18,9,601,403,150.66,41,1881
13488,2023-06-09,40,9,601,400,54.28,36,3531
13489,2022-03-28,3,15,602,401,318.53,8,2794
13490,2023-08-08,39,9,601,400,190.21,92,5185
13491,2024-11-18,15,14,602,400,222.13,100,9405
13492,2023-07-04,55,11,602,400,383.34,88,6098
13493,2024-12-06,34,3,603,400,480.12,43,13691
13494,2022-02-09,91,13,602,400,105.03,17,11001
13495,2022-02-04,63,14,604,400,433.78,70,11566
13496,2023-05-19,93,1,602,400,389.57,99,6256
13497,2024-05-22,99,7,605,402,274.98,34,1055
13498,2022-03-11,100,7,602,401,286.89,33,3577
13499,2022-09-28,53,8,605,400,229.34,82,421
13500,2022-09-26,62,9,605,400,267.63,60,519
13501,2023-11-13,87,11,605,402,367.56,75,10157
13502,2022-06-11,60,12,603,403,285.64,48,1048
13503,2022-12-12,75,12,603,402,116.79,35,6123
13504,2023-03-04,98,6,600,403,51.26,29,10346
13505,2023-07-11,22,13,605,401,325.86,69,7933
13506,2023-09-03,54,6,603,401,235.08,62,8595
13507,2022-03-06,1,14,603,403,164.8,13,866
13508,2022-11-21,99,11,604,400,296.15,82,11262
13509,2022-08-12,40,13,602,403,416.18,96,10682
13510,2024-04-11,70,1,604,402,429.74,41,5940
13511,2024-08-11,59,8,601,403,385.65,37,1768
13512,2022-01-26,91,6,600,402,201.71,25,9036
13513,2022-01-03,54,5,604,401,183.81,67,10235
13514,2022-04-01,50,1,602,401,103.79,7,5979
13515,2024-07-18,47,1,601,401,91.9,46,13380
13516,2024-01-08,93,10,603,401,441.54,26,13097
13517,2023-11-18,34,2,605,403,356.73,83,12175
13518,2025-05-19,46,6,600,403,282.92,6,8359
13519,2025-02-22,23,13,602,400,230.13,53,9305
13520,2022-06-15,60,14,603,401,302.0,78,11001
13521,2024-05-29,62,13,603,403,241.3,56,4378
13522,2023-09-03,96,9,600,403,254.86,80,4120
13523,2024-05-27,12,6,603,402,417.43,68,3616
13524,2023-04-11,1,7,600,401,229.65,7,14312
13525,2024-07-06,38,1,605,401,284.62,16,13229
13526,2024-08-02,62,5,601,403,308.72,69,8533
13527,2022-12-03,20,8,605,402,386.53,33,1037
13528,2024-09-12,14,4,600,402,157.76,54,10183
13529,2024-04-24,19,2,601,401,271.96,80,12487
13530,2023-01-01,4,13,604,401,482.82,72,9372
13531,2024-06-14,90,9,600,400,490.82,5,2818
13532,2025-05-09,21,7,604,400,105.94,47,6885
13533,2022-01-03,82,11,605,401,219.3,61,14358
13534,2022-02-27,70,10,603,402,441.21,50,14141
13535,2025-06-26,76,11,605,402,422.44,44,2676
13536,2023-11-27,60,8,604,403,347.71,72,11764
13537,2023-10-04,65,12,604,400,224.96,22,6662
13538,2022-05-09,82,13,605,402,116.04,6,2408
13539,2022-07-05,70,13,602,403,208.96,24,7344
13540,2023-11-21,67,6,603,403,130.62,33,11456
13541,2023-11-01,79,11,603,402,62.46,46,13705
13542,2024-03-26,38,12,603,402,220.73,25,747
13543,2022-09-29,14,14,601,403,275.93,97,5425
13544,2024-05-22,44,9,604,400,359.95,93,10164
13545,2022-10-24,68,15,603,401,494.66,79,11298
13546,2022-12-28,47,7,604,400,331.17,40,14522
13547,2025-05-25,95,11,604,401,302.56,57,3357
13548,2023-09-03,53,12,600,402,194.78,26,9417
13549,2024-11-23,47,8,600,402,282.56,72,12410
13550,2024-11-07,27,14,605,400,480.65,96,11218
13551,2022-10-15,32,8,605,403,312.61,51,1395
13552,2023-09-02,55,15,603,401,123.53,24,4457
13553,2022-12-10,63,11,603,400,116.51,43,10111
13554,2023-07-13,44,4,602,400,400.87,16,6486
13555,2022-04-17,60,1,604,400,197.83,78,14294
13556,2022-12-01,42,5,605,400,334.52,77,6707
13557,2022-02-15,32,3,602,400,88.76,25,8213
13558,2023-07-18,4,3,603,402,131.21,55,10238
13559,2023-08-01,94,9,603,400,134.56,25,650
13560,2024-11-29,90,15,603,402,298.18,64,6078
13561,2023-12-09,60,1,605,400,67.0,97,7649
13562,2024-09-04,26,12,600,402,260.12,87,5677
13563,2022-01-31,38,5,602,402,242.73,48,10777
13564,2025-02-17,30,3,604,402,299.18,41,14446
13565,2022-07-31,79,9,605,402,148.83,84,7188
13566,2023-03-15,87,6,601,403,252.83,47,13932
13567,2022-03-05,79,9,604,401,289.19,31,4168
13568,2024-06-02,67,14,603,400,286.01,60,6911
13569,2023-01-25,19,12,602,402,150.47,90,8449
13570,2025-04-02,11,11,600,400,157.96,100,11563
13571,2023-06-19,49,11,603,400,325.62,23,8800
13572,2023-01-15,88,5,605,401,444.15,21,2601
13573,2023-12-07,74,14,605,400,149.22,19,4302
13574,2023-04-18,28,11,605,402,493.89,51,245
13575,2023-01-17,100,2,605,401,118.72,92,4834
13576,2023-07-27,24,15,604,403,486.94,21,13623
13577,2023-02-23,55,5,605,403,402.15,95,14577
13578,2023-08-26,13,9,602,403,499.53,18,6332
13579,2024-07-26,3,7,602,402,229.67,29,1653
13580,2024-08-23,2,1,600,403,161.11,45,12511
13581,2023-01-16,2,15,600,403,267.37,100,4936
13582,2023-06-29,25,3,603,400,239.04,62,6036
13583,2023-12-02,28,5,604,403,403.4,38,12138
13584,2023-09-07,17,2,601,403,75.85,67,2189
13585,2024-03-05,98,11,605,400,448.42,85,3361
13586,2025-03-13,61,13,603,401,146.13,41,13931
13587,2022-11-04,94,5,601,400,287.51,79,10298
13588,2022-10-22,79,4,601,401,263.2,85,2232
13589,2024-07-13,5,3,605,400,104.12,64,5505
13590,2023-04-04,79,5,600,400,453.51,86,13040
13591,2025-05-17,60,5,602,403,427.63,59,4938
13592,2022-01-27,7,11,603,403,234.62,28,2856
13593,2023-09-14,93,1,600,401,280.82,34,3432
13594,2023-04-27,55,9,601,402,461.03,25,255
13595,2025-04-12,71,10,603,403,161.4,64,6826
13596,2023-05-24,3,13,602,402,365.11,71,11965
13597,2024-07-16,34,6,604,401,495.87,97,2474
13598,2024-10-09,42,15,603,403,464.51,21,6247
13599,2023-01-19,41,11,603,401,391.77,58,6223
13600,2023-09-26,59,12,600,403,157.93,90,11284
13601,2022-03-26,74,9,601,401,185.82,14,3294
13602,2024-08-20,81,2,604,400,357.68,70,6948
13603,2022-12-06,71,13,601,403,299.99,92,13340
13604,2022-04-03,44,3,604,402,381.82,55,12005
13605,2023-02-07,73,8,602,400,188.83,91,8654
13606,2022-05-27,8,6,605,400,398.17,45,5659
13607,2023-01-26,89,6,600,401,446.08,15,2854
13608,2022-05-06,13,5,604,400,475.95,24,1568
13609,2023-02-19,35,15,603,402,169.83,69,8629
13610,2023-04-19,48,1,602,402,81.74,81,12760
13611,2023-11-17,6,8,603,403,394.42,72,6753
13612,2025-01-02,33,11,602,402,309.43,28,1973
13613,2022-03-31,2,10,602,403,63.06,93,5697
13614,2022-12-18,42,5,605,402,412.37,15,7828
13615,2024-01-29,64,7,604,401,409.85,85,291
13616,2025-02-03,75,15,601,403,61.32,37,14080
13617,2024-12-26,39,1,604,402,239.21,86,1123
13618,2023-07-03,100,1,605,401,422.13,20,12053
13619,2023-08-15,53,1,603,402,277.8,49,2499
13620,2023-03-02,18,4,605,400,451.1,89,2486
13621,2025-02-05,10,11,600,401,424.78,82,780
13622,2025-02-04,87,12,600,402,444.91,63,9563
13623,2024-03-08,69,10,604,402,197.77,87,3200
13624,2024-08-17,44,11,602,400,240.59,82,4471
13625,2024-05-28,64,6,601,403,376.1,82,1763
13626,2023-08-20,43,6,605,402,152.72,72,14167
13627,2023-11-20,82,8,601,401,314.62,93,2996
13628,2024-12-24,77,8,604,403,369.1,41,10995
13629,2022-06-11,63,7,600,400,361.93,42,3938
13630,2023-07-22,39,11,603,400,427.32,76,2915
13631,2024-05-15,48,2,603,400,109.25,58,649
13632,2025-02-06,51,5,603,400,214.09,90,3663
13633,2023-05-29,71,4,602,401,85.92,14,11791
13634,2025-03-14,10,5,603,403,301.76,84,13711
13635,2024-10-09,39,10,605,400,314.36,73,2395
13636,2023-09-02,78,14,603,401,326.63,54,13287
13637,2024-01-24,94,15,605,403,471.4,100,13733
13638,2025-06-21,79,3,605,400,197.3,44,5281
13639,2023-11-04,81,8,601,403,110.93,38,3010
13640,2022-01-07,68,5,602,403,166.11,23,729
13641,2023-11-03,68,15,602,402,198.81,76,2736
13642,2025-01-06,17,6,604,400,457.79,93,6322
13643,2024-09-18,26,13,600,402,186.55,33,7440
13644,2024-09-05,93,13,600,400,295.68,62,8823
13645,2022-05-13,6,7,604,400,225.94,39,3793
13646,2025-01-29,44,3,605,403,339.62,80,6333
13647,2023-12-05,73,5,605,400,105.49,78,10588
13648,2023-08-18,25,4,604,402,58.79,31,14001
13649,2024-05-03,73,8,603,400,95.14,65,11624
13650,2024-02-03,36,12,605,403,156.61,94,3023
13651,2022-07-12,94,2,604,403,299.17,95,14615
13652,2022-08-16,14,12,604,402,384.08,31,10018
13653,2022-06-13,17,15,600,402,155.21,98,5710
13654,2023-08-08,76,7,603,401,208.25,23,2411
13655,2025-06-06,18,3,604,403,169.13,44,6335
13656,2023-10-06,10,12,605,402,267.52,78,5563
13657,2023-10-05,83,7,602,402,409.27,87,11492
13658,2025-02-05,3,3,602,402,66.52,99,12822
13659,2022-04-02,47,9,605,402,64.23,13,3149
13660,2022-07-27,16,6,600,402,357.47,61,7699
13661,2023-01-21,72,8,600,402,154.1,78,9480
13662,2024-02-18,47,11,602,403,356.04,56,6841
13663,2023-02-19,100,3,601,400,167.85,71,4984
13664,2023-02-18,20,8,600,403,138.87,44,11879
13665,2022-05-09,19,12,604,400,380.0,97,13576
13666,2023-05-13,33,1,603,402,206.32,49,11763
13667,2022-07-02,48,12,602,402,349.67,11,13134
13668,2023-02-20,98,14,605,402,305.83,56,9879
13669,2022-04-30,69,4,605,402,401.98,5,3323
13670,2024-11-07,92,12,605,402,247.56,15,9642
13671,2022-04-15,64,13,605,402,297.56,72,2518
13672,2022-03-06,44,8,605,403,60.86,89,14902
13673,2024-05-06,74,11,605,402,283.86,23,3797
13674,2023-12-29,72,6,604,400,378.6,77,6046
13675,2022-11-15,20,6,600,400,141.62,85,6306
13676,2022-09-17,40,7,602,403,86.51,89,3646
13677,2022-02-25,97,5,601,402,429.89,13,7536
13678,2023-01-01,43,10,600,400,420.21,70,8455
13679,2023-09-25,1,14,603,403,302.05,13,13795
13680,2023-03-02,88,3,603,400,183.08,78,11859
13681,2022-01-02,3,12,600,402,245.2,76,9459
13682,2022-01-07,59,12,603,402,110.58,23,5521
13683,2024-02-06,64,12,603,402,361.54,93,3687
13684,2024-01-30,66,14,604,401,271.42,7,4202
13685,2024-12-21,61,9,605,403,58.97,34,8275
13686,2022-04-09,50,11,601,402,495.67,52,1841
13687,2024-11-10,97,3,603,402,219.67,22,12344
13688,2024-10-15,44,13,602,402,159.6,45,9812
13689,2024-01-11,97,5,602,402,107.49,16,6443
13690,2022-11-21,14,3,600,402,269.66,50,5883
13691,2022-07-29,86,2,601,400,162.13,47,6215
13692,2022-02-13,50,15,604,402,463.42,43,9867
13693,2025-05-11,41,8,602,401,95.63,8,10943
13694,2023-02-02,15,6,600,403,197.37,6,894
13695,2024-08-05,2,12,602,403,59.7,13,1729
13696,2023-06-17,84,12,600,402,205.73,22,2246
13697,2023-11-08,99,8,605,402,298.89,56,7038
13698,2022-02-20,17,14,605,403,80.22,38,8945
13699,2023-10-11,17,13,602,403,213.74,59,1474
13700,2022-10-27,80,12,605,403,272.8,53,6857
13701,2024-04-01,50,5,601,402,203.54,61,7449
13702,2024-07-17,81,5,605,402,442.67,25,11944
13703,2023-06-03,64,13,605,403,223.78,69,4900
13704,2022-11-12,44,7,602,403,168.69,97,5885
13705,2022-11-07,18,11,605,402,140.07,24,10163
13706,2022-10-14,2,12,601,400,80.68,53,2034
13707,2024-12-10,100,9,602,400,242.86,45,12419
13708,2024-07-07,60,5,604,401,139.13,6,2115
13709,2024-07-22,35,13,601,401,398.25,100,9057
13710,2022-10-01,18,8,601,400,215.72,17,14154
13711,2022-12-15,74,15,602,401,488.48,25,6112
13712,2025-04-09,80,1,603,402,389.73,12,12310
13713,2022-01-23,85,5,600,401,471.98,46,9265
13714,2025-01-19,83,15,603,400,314.2,31,14279
13715,2022-04-26,77,5,600,402,89.31,64,6036
13716,2025-03-20,99,13,600,403,360.19,51,12132
13717,2023-02-04,85,15,600,402,124.81,75,3680
13718,2022-02-01,81,6,602,402,316.1,84,9793
13719,2024-03-11,17,1,600,403,494.26,75,12306
13720,2024-05-13,3,12,600,403,249.65,96,12803
13721,2024-03-08,24,13,601,403,440.65,29,1320
13722,2022-01-13,77,14,605,402,427.84,9,10986
13723,2025-04-02,30,5,601,403,464.66,51,14397
13724,2024-09-14,98,8,604,400,267.77,14,12520
13725,2024-01-20,8,4,602,403,288.99,96,4581
13726,2024-06-16,22,12,605,402,220.11,88,9896
13727,2024-05-26,70,7,605,402,359.85,62,9650
13728,2022-04-21,39,9,605,402,344.51,6,7293
13729,2022-03-27,18,12,602,402,363.61,82,2279
13730,2023-05-25,84,15,605,402,267.77,20,12741
13731,2024-07-13,75,1,604,403,235.85,72,1761
13732,2023-03-01,65,15,604,402,158.68,55,3978
13733,2023-04-16,30,10,601,403,204.54,39,8559
13734,2023-03-21,11,9,603,400,375.47,62,9968
13735,2023-12-07,50,11,604,403,106.61,31,6815
13736,2024-06-16,70,4,600,402,360.1,42,135
13737,2023-09-21,47,12,604,403,140.67,86,1842
13738,2022-11-15,61,13,604,400,223.26,33,14994
13739,2023-12-02,43,2,605,402,195.2,87,6957
13740,2023-04-13,93,2,600,403,225.97,43,6278
13741,2025-06-11,44,1,605,401,308.89,41,802
13742,2023-08-19,33,12,601,401,392.41,70,5177
13743,2025-03-06,7,5,603,403,393.06,77,12686
13744,2022-04-05,46,9,602,400,117.84,97,3909
13745,2024-12-12,73,8,600,403,366.42,82,1929
13746,2024-02-29,43,8,604,401,280.57,42,12466
13747,2023-03-07,86,6,600,401,486.74,74,9825
13748,2024-04-17,83,5,601,402,474.55,77,12438
13749,2024-09-19,12,10,602,400,391.12,73,14010
13750,2023-10-28,34,14,605,401,203.28,40,7710
13751,2024-03-12,86,7,603,402,150.36,67,2375
13752,2022-08-31,69,7,600,400,382.23,26,11963
13753,2025-05-15,4,4,603,402,402.91,8,13861
13754,2022-08-26,74,2,600,401,385.92,35,2298
13755,2024-04-01,9,10,602,403,59.52,6,302
13756,2024-11-16,15,13,605,401,285.97,75,12689
13757,2022-09-24,84,6,600,400,248.66,93,9110
13758,2022-03-19,98,9,602,402,267.15,36,7389
13759,2024-10-05,44,14,602,401,355.64,42,14516
13760,2024-10-20,65,10,605,401,271.14,37,302
13761,2023-10-22,61,4,605,401,337.45,93,4556
13762,2025-05-16,83,15,602,403,105.33,37,14595
13763,2023-03-22,96,2,600,402,294.66,92,4213
13764,2022-11-03,20,10,602,401,67.86,21,14437
13765,2024-08-19,3,11,602,400,284.94,76,6636
13766,2023-10-06,63,11,601,401,266.54,29,7632
13767,2023-04-27,52,9,602,402,164.84,24,8822
13768,2024-08-26,44,6,603,402,113.61,97,356
13769,2023-10-06,49,4,605,401,52.5,31,14543
13770,2023-02-18,78,10,600,401,184.69,47,9450
13771,2024-09-08,87,4,600,403,359.26,34,5210
13772,2025-03-22,83,6,603,401,76.58,16,5547
13773,2024-05-16,60,8,605,401,280.22,46,8541
13774,2023-08-21,80,3,602,403,423.94,10,11164
13775,2022-01-23,70,12,603,402,249.11,29,13988
13776,2023-05-06,74,4,604,400,109.09,30,13896
13777,2022-02-01,97,7,600,401,208.23,57,101
13778,2022-06-12,76,9,605,402,251.14,57,5187
13779,2023-12-24,16,8,601,403,488.54,52,2897
13780,2023-05-22,27,7,605,401,484.51,75,8204
13781,2025-04-15,27,1,602,403,267.3,62,9415
13782,2025-05-10,94,8,600,403,479.41,19,12548
13783,2023-12-22,42,13,602,402,171.1,7,6262
13784,2024-05-17,39,10,602,403,237.66,14,1381
13785,2024-06-12,64,5,602,401,147.1,12,3028
13786,2023-04-28,90,11,604,401,220.61,31,8923
13787,2023-11-04,98,6,604,401,94.63,41,2688
13788,2023-12-07,18,1,602,400,361.91,67,7152
13789,2024-10-23,93,1,600,401,94.96,85,9472
13790,2022-08-27,5,9,604,403,118.74,42,4146
13791,2023-07-16,65,9,605,401,348.79,89,14487
13792,2025-01-19,42,12,602,403,312.09,28,1066
13793,2024-05-05,16,14,604,400,483.21,100,2868
13794,2024-04-23,23,7,603,403,325.35,67,1229
13795,2024-09-26,35,12,603,402,285.63,83,12610
13796,2023-10-24,67,2,602,400,280.28,25,2107
13797,2022-10-02,75,1,600,400,180.18,45,6652
13798,2022-09-24,55,4,605,402,442.92,44,3993
13799,2023-06-08,3,9,601,402,226.33,68,5827
13800,2023-05-08,39,8,604,400,129.99,82,10355
13801,2025-06-14,61,15,604,400,355.52,30,12094
13802,2025-04-13,57,5,600,400,266.6,100,5091
13803,2023-05-30,21,7,602,403,232.64,10,6990
13804,2022-04-20,23,6,605,403,107.69,78,10674
13805,2024-12-16,87,1,600,402,353.12,72,11670
13806,2023-09-13,21,8,601,401,147.59,29,13144
13807,2023-09-16,16,12,601,400,113.97,18,13801
13808,2023-01-25,90,4,601,401,91.33,28,11305
13809,2023-10-29,4,1,603,401,291.92,73,13709
13810,2024-08-15,14,1,603,403,105.46,17,7946
13811,2025-05-23,11,14,601,403,265.28,13,4297
13812,2022-07-19,49,5,600,401,217.73,38,3401
13813,2023-11-03,82,3,601,401,312.85,73,1792
13814,2023-09-22,99,13,600,400,221.06,23,10462
13815,2022-08-13,38,9,602,403,392.9,78,4128
13816,2022-07-09,96,7,600,400,336.27,88,1627
13817,2024-12-01,26,2,604,402,71.65,6,8574
13818,2025-04-21,26,12,603,401,117.28,26,5608
13819,2023-01-13,8,12,600,400,67.47,11,3723
13820,2022-06-14,19,3,605,400,349.93,54,2261
13821,2024-12-23,93,3,604,402,149.0,8,7594
13822,2025-01-06,65,14,600,401,157.37,59,9745
13823,2025-03-22,56,12,601,402,67.37,30,13905
13824,2022-10-23,83,15,604,401,295.94,15,13046
13825,2024-05-25,34,2,605,401,127.15,59,598
13826,2025-03-29,77,9,603,402,336.12,32,5066
13827,2024-03-27,100,6,604,403,335.81,61,1932
13828,2024-09-07,56,12,604,403,201.05,81,5644
13829,2023-03-30,61,15,600,402,353.07,49,11319
13830,2025-06-17,63,14,603,401,206.14,94,13830
13831,2024-10-20,78,3,604,401,184.41,17,10431
13832,2023-03-09,68,12,600,403,117.38,9,4504
13833,2022-09-04,31,6,602,401,490.34,8,5973
13834,2023-01-07,29,1,602,401,445.04,82,9046
13835,2023-01-27,40,4,601,401,333.48,33,7200
13836,2022-03-26,61,6,601,402,164.19,40,7472
13837,2022-12-05,37,12,600,402,371.82,64,6050
13838,2024-03-08,61,15,603,402,285.32,6,14199
13839,2023-03-06,84,13,603,403,392.26,14,7194
13840,2022-08-31,57,13,602,402,348.84,36,6275
13841,2023-08-05,13,14,600,401,236.32,51,14756
13842,2024-09-21,92,14,600,402,427.05,71,3987
13843,2022-05-29,79,11,602,400,332.05,79,11185
13844,2025-01-29,98,10,603,403,185.19,64,4005
13845,2022-06-25,39,12,603,403,449.5,50,5859
13846,2025-02-20,71,5,604,403,197.49,97,3587
13847,2022-01-22,58,1,604,402,130.57,38,3090
13848,2022-09-19,18,1,601,402,399.48,17,1490
13849,2023-07-21,37,6,605,401,345.19,14,13986
13850,2023-09-24,4,13,601,400,497.4,55,3190
13851,2022-01-23,1,8,601,403,335.99,35,5602
13852,2024-07-20,56,12,603,403,283.33,39,2824
13853,2023-01-22,79,15,605,402,482.09,85,4329
13854,2024-03-31,94,15,601,402,287.12,58,8689
13855,2023-04-27,28,12,603,401,383.33,37,9654
13856,2022-02-28,98,9,605,403,374.21,58,10672
13857,2024-07-13,85,14,600,402,98.16,15,13798
13858,2023-06-08,81,12,603,403,179.32,61,3214
13859,2024-03-22,20,11,600,400,355.43,78,7188
13860,2022-07-30,35,7,605,400,345.48,70,10981
13861,2023-07-17,44,3,604,400,60.09,71,3131
13862,2024-08-25,82,4,601,402,70.17,17,6454
13863,2023-12-24,81,10,601,403,84.15,62,6471
13864,2023-05-07,92,7,600,401,72.33,86,5902
13865,2023-05-21,93,3,600,402,277.78,46,13726
13866,2024-03-13,99,10,602,403,163.62,77,3442
13867,2023-10-09,24,10,602,402,264.84,79,4930
13868,2024-01-08,71,4,601,400,327.64,80,10624
13869,2022-08-04,56,6,605,403,145.28,7,13311
13870,2022-12-25,46,3,602,401,384.25,71,1075
13871,2022-12-12,36,7,600,400,67.9,65,10661
13872,2024-03-23,46,9,600,403,185.97,19,10099
13873,2023-07-23,65,2,601,401,402.1,52,8427
13874,2024-01-03,79,5,602,400,196.67,100,11600
13875,2025-02-19,72,13,604,402,94.61,16,2002
13876,2025-04-24,42,14,600,400,215.55,63,1929
13877,2023-01-15,94,6,600,400,273.77,92,14886
13878,2022-11-19,64,7,603,401,290.48,66,13021
13879,2023-02-18,92,7,605,403,446.4,95,4814
13880,2022-07-13,90,8,604,403,370.3,94,3713
13881,2022-02-01,1,3,605,400,362.54,86,10092
13882,2024-02-09,30,15,604,402,320.45,15,1337
13883,2022-02-26,55,7,602,402,353.66,78,2003
13884,2023-12-24,39,9,600,402,244.31,76,11404
13885,2024-08-08,23,6,601,400,165.05,74,4060
13886,2022-05-19,49,11,605,403,264.59,92,4956
13887,2023-08-15,87,13,604,400,357.79,53,9274
13888,2024-09-08,27,11,605,400,197.96,83,7823
13889,2022-05-11,36,2,601,403,130.25,76,512
13890,2024-12-26,22,6,603,401,272.07,16,10386
13891,2024-11-22,93,5,601,403,338.58,12,10888
13892,2024-08-02,38,14,601,400,324.68,38,267
13893,2024-02-15,58,3,600,403,481.1,25,5531
13894,2024-06-21,46,4,605,401,340.04,15,763
13895,2025-03-17,67,6,603,401,483.28,23,2971
13896,2023-09-23,16,15,603,402,81.31,8,4357
13897,2023-06-26,91,4,605,401,82.44,94,6753
13898,2022-07-03,53,2,601,403,496.36,94,12868
13899,2024-06-03,43,13,603,400,475.27,66,11260
13900,2025-03-20,44,5,604,400,97.9,11,843
13901,2022-12-26,68,10,601,403,152.76,42,11680
13902,2022-03-17,29,2,601,403,110.32,47,9570
13903,2023-09-05,66,12,601,402,279.88,35,8826
13904,2025-02-24,16,4,602,400,301.98,41,2892
13905,2023-10-22,64,5,602,401,171.63,82,7726
13906,2023-07-02,87,4,602,400,335.9,29,3738
13907,2023-07-29,4,14,601,400,436.17,55,11486
13908,2022-12-01,46,4,605,402,339.92,6,14232
13909,2024-04-09,22,5,600,400,126.36,82,11498
13910,2025-04-08,18,12,600,402,130.54,18,5261
13911,2024-12-07,53,10,605,403,79.26,31,7861
13912,2025-02-02,98,4,601,400,441.04,13,8160
13913,2022-03-21,70,7,600,402,123.14,69,13481
13914,2024-04-06,87,4,603,402,475.03,23,2836
13915,2024-11-19,62,3,603,403,219.24,62,13849
13916,2024-01-17,8,5,603,400,238.21,62,10816
13917,2022-03-14,4,9,600,403,126.33,7,13623
13918,2023-02-01,30,14,600,401,100.06,34,14743
13919,2025-04-03,34,5,605,402,162.66,97,4765
13920,2022-07-27,79,14,604,402,302.53,96,6139
13921,2024-12-22,36,5,602,400,147.15,35,2023
13922,2024-01-28,20,5,605,403,53.9,30,10963
13923,2023-03-08,98,3,600,401,386.35,31,11236
13924,2023-02-10,75,10,601,401,349.38,60,1888
13925,2023-08-26,34,8,600,401,107.3,15,350
13926,2025-03-25,87,15,604,400,241.81,94,5300
13927,2023-04-21,57,12,605,401,124.53,90,11146
13928,2023-04-14,74,11,602,400,134.6,39,13207
13929,2022-05-03,18,12,601,401,332.35,57,7119
13930,2024-05-29,11,3,602,400,166.1,39,1351
13931,2024-08-18,11,9,600,400,157.97,54,583
13932,2023-12-19,35,2,604,402,405.56,58,4482
13933,2022-01-06,13,10,605,400,266.15,71,14249
13934,2022-11-09,37,12,603,400,89.94,87,6444
13935,2023-02-05,4,12,603,402,266.86,41,6830
13936,2023-02-28,98,5,601,400,452.58,22,8007
13937,2022-12-03,82,13,600,400,150.3,6,10921
13938,2022-12-29,41,10,604,401,346.51,30,12055
13939,2024-06-15,3,1,602,401,219.87,100,4226
13940,2023-07-13,44,13,602,401,345.42,92,13904
13941,2023-04-17,10,5,601,403,199.75,57,545
13942,2025-06-18,78,4,602,403,370.92,46,5159
13943,2024-07-10,35,3,604,401,129.59,98,9038
13944,2024-03-04,84,14,602,400,187.34,45,14640
13945,2024-04-17,88,5,605,401,183.23,81,3797
13946,2022-12-25,83,6,604,401,275.39,34,11280
13947,2024-08-13,55,8,604,401,217.34,64,2318
13948,2025-03-06,28,13,603,402,465.12,48,816
13949,2023-03-14,35,9,600,400,188.26,5,3490
13950,2023-09-29,72,3,600,401,313.33,18,13428
13951,2022-01-20,75,5,605,403,171.11,59,14684
13952,2024-09-25,2,15,601,400,291.76,57,12661
13953,2024-03-01,82,1,600,403,115.36,93,7923
13954,2024-09-06,3,9,600,400,217.09,5,12218
13955,2025-02-14,3,13,604,400,315.08,30,2821
13956,2022-07-22,18,6,601,402,259.38,9,13926
13957,2022-02-23,39,4,604,402,251.42,19,7690
13958,2024-02-08,2,14,601,403,140.69,59,10212
13959,2022-05-29,31,10,603,402,358.03,16,5326
13960,2023-12-01,54,10,600,400,155.41,59,8777
13961,2023-04-19,81,3,604,401,197.15,22,11442
13962,2025-04-06,94,15,603,400,270.26,26,9961
13963,2022-04-06,6,7,602,402,199.14,55,10057
13964,2025-03-30,28,4,604,403,192.56,18,2508
13965,2024-01-08,11,7,605,401,442.69,95,12840
13966,2022-05-26,54,9,604,403,301.44,8,898
13967,2024-07-07,62,10,600,403,426.61,87,12287
13968,2024-10-20,47,8,600,403,277.64,19,3129
13969,2025-06-20,91,9,600,402,304.55,77,8100
13970,2024-03-22,84,3,604,403,115.58,12,1052
13971,2023-05-03,64,3,604,401,331.51,25,7804
13972,2024-12-31,37,5,601,400,411.6,23,4371
13973,2024-02-26,69,2,604,403,105.93,34,3661
13974,2022-07-18,48,15,603,402,486.57,84,5079
13975,2024-07-08,97,10,604,402,104.86,90,10040
13976,2025-02-12,83,5,600,402,133.71,13,3632
13977,2023-01-07,23,5,602,401,124.08,16,11821
13978,2022-10-30,45,5,604,402,256.15,91,14809
13979,2023-01-12,4,15,602,401,154.32,46,4154
13980,2024-02-26,62,9,601,401,307.42,29,14380
13981,2023-09-26,97,14,601,400,373.92,31,4116
13982,2024-12-13,32,6,600,403,270.73,31,1810
13983,2025-02-07,21,5,604,402,265.68,60,3202
13984,2022-09-03,13,11,605,402,232.67,80,11503
13985,2024-09-12,24,6,602,401,71.7,79,2316
13986,2023-08-30,20,13,602,400,84.39,60,3134
13987,2022-05-29,67,2,604,402,255.72,85,194
13988,2022-03-14,24,11,604,400,266.77,52,14011
13989,2025-04-07,21,15,604,402,263.45,87,12528
13990,2023-02-12,52,7,602,402,290.71,22,14809
13991,2022-03-02,72,10,601,401,244.72,81,7628
13992,2022-07-25,77,5,602,401,124.23,58,680
13993,2022-07-16,30,4,603,402,149.01,28,730
13994,2024-04-07,55,9,605,400,145.67,14,10831
13995,2024-11-14,46,9,603,401,94.56,100,801
13996,2024-06-06,43,11,603,403,165.09,85,10636
13997,2025-04-03,41,15,601,402,173.3,30,12536
13998,2023-02-14,40,2,604,401,89.61,49,13748
13999,2024-08-12,95,4,605,402,274.55,59,6699
14000,2024-11-26,100,14,605,402,128.83,97,5275
14001,2025-03-12,69,5,600,401,149.75,66,5961
14002,2022-02-25,97,9,604,401,331.53,56,900
14003,2025-02-07,92,4,605,402,344.3,68,10021
14004,2022-04-05,93,8,602,403,157.51,76,10087
14005,2023-06-03,52,14,602,402,286.32,67,1493
14006,2025-01-05,87,9,604,400,386.34,63,7950
14007,2022-11-28,59,11,601,403,279.38,58,7264
14008,2022-05-18,10,12,601,402,280.51,62,13422
14009,2022-08-20,26,2,604,403,91.31,5,12670
14010,2025-04-07,63,14,605,401,464.75,10,11555
14011,2024-06-24,88,8,604,402,126.69,51,3786
14012,2022-03-09,16,11,602,402,283.44,69,8272
14013,2022-03-07,52,8,600,401,136.38,33,2091
14014,2025-05-13,76,9,601,401,196.43,46,12741
14015,2022-03-03,20,1,604,403,52.98,81,12679
14016,2024-08-12,66,4,603,403,272.7,43,11272
14017,2025-02-02,8,1,604,400,468.3,26,4515
14018,2023-04-29,3,14,601,401,457.85,66,13811
14019,2024-04-16,27,5,605,401,157.16,88,11321
14020,2023-12-16,64,14,603,400,193.67,86,7826
14021,2025-05-20,90,11,603,402,183.56,23,2781
14022,2025-06-11,98,5,600,400,493.89,53,9750
14023,2024-04-01,58,13,601,400,455.04,7,9017
14024,2024-04-18,81,2,602,403,435.94,65,4064
14025,2022-05-07,47,1,603,402,457.11,33,10138
14026,2023-11-25,11,10,604,401,362.31,43,5775
14027,2022-09-21,92,10,605,401,458.79,39,13559
14028,2024-03-03,8,1,602,403,236.08,92,8745
14029,2023-07-21,61,7,602,400,394.04,29,9052
14030,2025-03-20,100,9,600,403,399.64,5,7859
14031,2024-06-04,42,6,602,403,229.09,9,940
14032,2025-04-20,73,5,600,400,102.6,24,12154
14033,2025-03-27,38,3,602,403,114.59,51,3091
14034,2023-10-08,87,9,600,400,85.47,39,4513
14035,2023-09-19,9,14,600,403,231.16,21,4980
14036,2022-03-26,54,13,603,400,127.83,67,5745
14037,2023-02-18,97,9,602,402,358.67,17,13493
14038,2022-05-05,1,3,600,401,93.84,54,1848
14039,2024-04-10,3,6,602,402,285.1,24,7605
14040,2024-08-19,94,9,603,402,87.98,36,11686
14041,2022-09-01,81,13,604,402,91.98,35,5959
14042,2024-06-10,91,7,600,400,241.45,14,5247
14043,2022-01-15,73,9,603,401,289.17,14,1070
14044,2022-05-09,48,13,600,402,307.66,53,8136
14045,2022-03-11,28,12,600,400,424.44,23,1064
14046,2024-05-01,97,13,605,400,258.27,83,5774
14047,2022-12-11,13,4,600,402,275.16,39,11210
14048,2023-04-21,63,7,604,402,353.46,97,10848
14049,2025-04-27,66,5,601,403,60.84,26,14543
14050,2023-09-13,33,5,601,401,101.74,74,1327
14051,2024-07-25,28,12,601,402,109.86,85,12921
14052,2025-02-23,11,14,601,401,303.22,95,11472
14053,2023-04-24,80,12,601,402,199.18,7,5620
14054,2023-01-03,62,8,600,401,234.26,82,9397
14055,2022-12-21,3,15,602,403,244.12,86,4174
14056,2025-01-10,42,12,601,403,236.8,100,14445
14057,2022-10-12,7,4,602,402,283.37,84,7795
14058,2024-02-27,63,12,600,400,186.19,94,1688
14059,2023-11-05,19,8,605,401,338.97,9,10549
14060,2023-11-29,4,9,604,403,400.61,40,11722
14061,2024-01-28,91,13,602,401,64.42,75,2481
14062,2024-08-03,24,12,602,403,113.84,34,3330
14063,2023-09-26,80,12,600,400,412.85,82,566
14064,2024-10-20,39,4,603,403,413.9,94,11727
14065,2024-01-08,59,2,600,400,320.92,20,11280
14066,2022-10-25,67,6,601,402,333.94,92,10315
14067,2025-06-07,22,9,604,402,67.46,7,13724
14068,2025-03-25,97,4,602,403,97.56,29,13042
14069,2023-04-13,70,6,603,403,288.82,70,2249
14070,2025-03-28,73,6,605,403,228.06,85,11341
14071,2024-05-24,48,6,604,400,478.97,50,12845
14072,2022-04-18,63,13,605,402,454.84,49,13452
14073,2023-06-15,88,9,602,402,58.33,32,13786
14074,2022-09-06,60,12,602,402,463.43,37,10813
14075,2023-03-05,53,15,603,400,161.46,14,9848
14076,2023-10-31,13,11,601,401,54.05,21,6030
14077,2024-12-19,78,6,601,403,342.56,40,5701
14078,2022-07-22,67,1,605,402,419.1,74,7098
14079,2023-04-23,82,10,603,400,419.24,75,14418
14080,2025-05-19,53,10,601,401,245.16,10,14691
14081,2023-07-10,58,7,604,403,182.43,9,3303
14082,2023-06-04,50,5,605,403,345.14,97,13234
14083,2022-06-22,14,8,603,400,136.73,17,7850
14084,2025-03-03,49,8,600,401,307.98,30,6589
14085,2024-04-23,26,13,604,400,147.47,84,11257
14086,2024-09-27,69,4,600,402,292.55,57,10101
14087,2024-02-13,1,12,601,401,82.74,90,14311
14088,2022-12-29,93,11,604,402,290.87,16,13939
14089,2023-04-25,38,9,604,401,240.3,70,2460
14090,2024-05-01,61,13,601,402,230.15,68,9474
14091,2022-12-06,30,7,605,400,54.62,79,2449
14092,2024-06-03,22,12,602,402,472.63,59,1515
14093,2024-11-01,13,3,603,401,68.71,89,5262
14094,2023-12-23,74,8,605,403,75.04,92,8034
14095,2024-04-13,37,12,603,400,65.03,88,10810
14096,2025-01-29,60,3,605,401,424.61,65,5341
14097,2023-09-06,44,9,605,403,314.07,98,1526
14098,2024-03-16,23,11,601,403,314.87,26,3460
14099,2024-12-31,32,14,603,400,429.51,85,3173
14100,2023-07-17,55,8,601,403,186.51,56,3013
14101,2023-01-10,46,12,600,401,446.76,29,5304
14102,2025-04-24,97,6,605,400,142.82,26,12234
14103,2023-08-23,8,1,601,403,339.92,62,8109
14104,2022-01-27,73,12,601,402,423.27,59,14476
14105,2024-01-30,7,13,603,403,477.52,73,7455
14106,2022-02-27,14,10,605,402,255.1,48,14685
14107,2022-09-09,20,1,602,403,411.54,80,2285
14108,2023-10-08,44,4,602,400,115.32,20,7465
14109,2024-01-04,98,9,604,400,153.75,73,11248
14110,2024-05-29,98,1,602,401,353.62,68,2711
14111,2023-07-18,94,9,602,402,221.75,41,9197
14112,2022-09-10,5,5,603,400,333.63,31,9316
14113,2024-08-12,42,4,604,400,159.0,50,8235
14114,2022-04-16,54,15,601,401,363.77,50,4098
14115,2024-06-20,97,10,602,400,172.07,61,7459
14116,2023-10-26,97,9,600,400,490.15,96,7114
14117,2022-03-23,35,8,601,403,282.22,55,9508
14118,2023-06-24,99,14,605,401,301.0,95,5078
14119,2024-04-14,41,9,603,403,159.55,19,10528
14120,2023-02-20,77,4,602,402,454.54,64,5758
14121,2023-07-08,21,11,600,402,126.09,25,8258
14122,2024-06-16,22,10,603,402,342.08,73,3843
14123,2022-08-25,27,13,605,400,283.27,46,11894
14124,2025-04-07,16,5,601,403,160.57,26,5320
14125,2023-11-25,9,1,600,400,406.96,70,8854
14126,2022-05-16,46,10,600,402,326.7,48,3862
14127,2024-02-02,49,2,601,403,148.24,96,9007
14128,2023-03-28,54,2,604,403,207.99,19,7694
14129,2023-08-18,78,2,604,401,189.87,89,11393
14130,2023-10-29,48,13,601,402,377.0,57,13982
14131,2024-04-23,7,13,600,403,234.43,79,11628
14132,2023-05-06,12,3,604,402,311.54,86,11595
14133,2024-05-18,83,14,604,402,197.97,22,11620
14134,2023-04-30,16,3,601,402,482.31,51,11300
14135,2022-04-29,74,14,605,401,341.69,48,6348
14136,2024-01-28,69,5,603,403,382.39,95,9655
14137,2022-08-06,96,13,605,402,297.38,9,4076
14138,2023-05-17,91,7,604,401,431.86,84,14660
14139,2024-11-26,50,15,603,402,251.26,59,6435
14140,2022-01-19,60,12,603,403,297.5,75,5272
14141,2025-03-12,57,12,600,402,277.48,49,10435
14142,2022-02-03,69,4,600,400,81.4,49,7279
14143,2022-07-16,69,7,601,400,145.78,76,12548
14144,2025-02-14,56,12,603,403,160.99,9,12357
14145,2024-11-03,99,5,604,402,214.42,12,3193
14146,2023-06-26,61,2,603,401,238.54,62,3116
14147,2024-01-01,96,12,603,403,210.63,58,11118
14148,2025-01-22,96,7,600,403,220.9,7,5895
14149,2023-08-20,64,15,600,401,467.96,7,7128
14150,2022-04-07,7,8,603,403,81.05,17,12815
14151,2023-10-01,27,11,603,402,135.44,81,9461
14152,2023-01-09,92,8,600,401,209.81,49,11994
14153,2023-07-11,79,1,602,400,368.97,25,4727
14154,2025-06-24,15,9,602,402,396.78,38,6726
14155,2024-06-30,79,13,603,403,74.64,34,4254
14156,2022-07-22,91,3,605,401,177.96,39,2774
14157,2023-07-31,34,5,602,403,184.49,56,455
14158,2023-06-26,39,3,604,400,51.78,82,1401
14159,2024-10-30,72,14,604,403,337.37,82,1725
14160,2024-06-24,53,14,602,401,388.79,26,11611
14161,2025-02-25,44,11,605,402,211.64,27,3758
14162,2023-09-06,23,14,602,402,323.77,32,921
14163,2024-09-10,43,7,601,400,264.26,58,14448
14164,2023-04-02,37,6,601,402,81.35,58,2843
14165,2025-05-27,32,3,605,400,454.57,43,759
14166,2024-06-05,85,6,603,403,210.23,90,10316
14167,2022-10-16,71,3,602,401,428.66,99,12822
14168,2024-01-28,86,13,604,403,180.18,57,11084
14169,2022-10-27,19,4,601,401,89.43,77,14826
14170,2023-10-26,45,12,601,401,144.57,73,13496
14171,2024-10-16,60,6,603,401,428.39,28,1066
14172,2022-03-18,83,11,605,402,81.2,42,3835
14173,2023-10-28,25,15,600,401,323.07,24,10997
14174,2022-05-03,17,2,604,402,101.66,62,2626
14175,2023-08-02,35,6,604,400,277.13,77,11032
14176,2024-03-31,84,5,603,401,494.07,11,14156
14177,2024-06-03,3,12,605,400,167.09,30,742
14178,2022-03-01,85,4,603,403,108.55,75,11154
14179,2024-10-20,65,3,603,402,307.1,39,11820
14180,2025-06-23,99,6,600,402,280.35,88,14682
14181,2024-05-16,67,12,603,402,231.26,27,2704
14182,2022-05-30,80,2,604,402,479.25,34,11620
14183,2022-11-04,97,7,600,403,170.61,20,14488
14184,2022-12-23,96,15,602,403,184.76,90,862
14185,2023-11-20,95,2,604,400,147.22,100,8912
14186,2022-09-02,55,15,605,400,317.53,55,11364
14187,2022-08-18,82,2,603,402,159.04,83,953
14188,2022-02-15,10,2,604,402,71.27,97,14234
14189,2025-03-18,19,9,602,402,176.71,61,8832
14190,2023-05-14,89,7,600,401,239.3,83,3551
14191,2023-10-14,70,13,603,403,58.05,98,5716
14192,2024-09-14,68,9,602,402,162.22,8,5158
14193,2023-12-15,40,12,600,402,410.48,83,562
14194,2023-02-04,39,5,603,403,163.8,6,11391
14195,2023-07-14,76,5,604,402,396.37,84,13858
14196,2023-02-05,55,13,602,401,438.47,94,9636
14197,2022-03-29,78,3,605,400,449.14,54,3260
14198,2024-12-01,66,10,602,400,473.78,5,14351
14199,2023-06-21,13,6,602,402,305.04,27,2733
14200,2022-09-06,30,9,602,400,363.33,63,14444
14201,2024-10-03,62,13,601,401,141.93,37,14565
14202,2024-06-20,59,4,602,401,104.33,6,12320
14203,2022-09-01,11,12,600,401,361.75,65,2674
14204,2025-04-12,53,7,601,402,284.98,9,1699
14205,2022-06-13,34,15,602,403,67.12,87,13086
14206,2022-12-07,89,2,604,402,263.63,73,14598
14207,2024-03-13,13,5,602,402,355.69,72,6545
14208,2024-11-22,94,13,601,400,410.41,37,14094
14209,2025-06-27,69,1,601,403,142.48,46,8463
14210,2024-05-01,93,13,600,403,257.0,39,11989
14211,2024-06-11,81,8,603,403,349.27,98,3768
14212,2023-03-20,67,2,600,402,491.76,18,3116
14213,2023-09-29,79,2,602,401,372.65,17,5766
14214,2022-01-06,1,2,600,401,233.83,72,14715
14215,2023-09-06,26,2,604,400,449.84,13,3462
14216,2023-08-03,16,11,601,400,222.22,78,13832
14217,2023-10-09,23,15,603,401,177.45,32,9764
14218,2024-06-02,41,11,601,403,125.48,6,1858
14219,2022-07-16,51,6,604,402,330.94,59,1018
14220,2024-09-12,94,15,604,400,479.33,34,10393
14221,2023-02-19,44,3,602,401,271.63,8,8947
14222,2023-01-27,100,9,605,401,355.18,99,7368
14223,2025-06-15,27,9,602,400,244.72,74,14744
14224,2023-03-30,4,2,602,402,296.28,20,14071
14225,2024-12-18,98,13,605,402,473.98,21,3039
14226,2024-02-15,85,3,605,401,185.83,92,3976
14227,2025-05-08,94,9,601,402,318.52,29,2902
14228,2022-05-28,100,1,605,400,58.47,46,12267
14229,2024-08-21,32,4,604,403,208.72,25,10328
14230,2023-03-18,47,15,603,403,291.88,62,13796
14231,2023-11-05,95,1,604,401,128.19,18,12416
14232,2023-04-15,70,8,604,402,111.65,74,3489
14233,2022-08-19,40,12,605,400,96.07,60,13653
14234,2023-08-03,91,2,602,401,489.82,87,13342
14235,2024-02-27,39,2,601,402,379.53,8,12103
14236,2024-05-09,71,14,605,403,430.96,92,11661
14237,2023-02-03,65,12,601,401,301.96,55,13143
14238,2025-04-02,79,9,600,403,308.19,51,8221
14239,2022-01-07,83,2,603,403,494.35,82,5408
14240,2023-09-09,45,10,603,403,477.39,56,7439
14241,2022-05-12,100,12,605,403,184.7,68,1072
14242,2025-05-10,29,14,605,400,214.78,8,6283
14243,2024-06-18,83,10,601,402,253.22,60,2816
14244,2024-10-11,28,2,603,402,227.11,40,7738
14245,2024-11-06,49,13,603,402,431.97,95,14471
14246,2024-03-08,47,11,604,400,356.4,13,2682
14247,2025-05-03,3,15,602,400,478.65,42,10789
14248,2022-08-14,57,7,605,403,336.93,17,2885
14249,2024-03-13,48,11,601,403,168.94,42,8822
14250,2023-05-29,44,15,605,403,128.05,65,3169
14251,2024-06-28,72,4,600,401,309.44,61,7132
14252,2022-05-24,5,2,602,400,400.63,26,7566
14253,2023-05-13,28,4,602,402,325.9,75,8828
14254,2024-10-27,48,12,605,400,238.12,48,14884
14255,2025-01-24,27,11,603,400,197.82,78,3941
14256,2024-01-23,99,2,600,401,333.3,55,11204
14257,2023-03-07,4,4,601,400,279.57,43,3130
14258,2025-03-15,69,5,602,403,59.18,20,3694
14259,2022-01-23,12,13,602,401,186.21,33,13294
14260,2022-03-17,29,3,603,401,309.48,48,6671
14261,2025-04-30,57,13,601,401,190.31,46,802
14262,2024-10-19,23,7,605,401,71.99,14,2608
14263,2024-11-24,81,6,601,402,372.33,70,6818
14264,2022-06-23,30,1,601,401,430.94,5,5468
14265,2022-08-21,24,1,601,400,223.75,65,5938
14266,2023-11-13,22,5,600,403,345.03,98,8854
14267,2024-05-05,39,9,601,400,208.78,18,8331
14268,2023-04-15,58,1,605,401,115.59,70,13507
14269,2025-02-17,41,12,601,403,182.45,88,8847
14270,2023-03-12,61,9,601,402,166.74,72,708
14271,2022-09-20,1,13,602,403,407.04,96,8687
14272,2022-11-17,29,2,603,403,218.55,98,5643
14273,2024-09-17,96,9,603,400,77.94,81,6195
14274,2023-09-30,71,7,601,403,275.42,84,14100
14275,2022-11-11,23,13,604,402,324.29,23,12377
14276,2025-04-09,95,1,601,403,103.35,42,11982
14277,2023-03-25,42,10,600,400,168.0,72,5341
14278,2024-12-23,11,13,603,400,206.74,38,11484
14279,2023-12-15,32,11,603,402,101.16,98,2263
14280,2022-05-23,36,6,602,402,404.74,87,11554
14281,2023-10-20,86,10,605,403,72.49,36,14392
14282,2024-08-16,68,10,601,402,52.69,91,9043
14283,2023-04-23,77,8,600,402,439.36,79,3629
14284,2022-08-02,57,6,602,401,335.69,48,6317
14285,2022-10-01,46,14,600,403,175.44,46,4966
14286,2023-07-09,40,9,602,402,463.64,88,12416
14287,2022-03-13,38,9,603,403,318.25,86,6242
14288,2023-03-12,75,10,600,401,70.13,23,4323
14289,2023-09-05,3,7,604,400,240.06,6,14058
14290,2025-04-09,10,14,601,400,470.28,8,4662
14291,2023-01-26,84,6,603,401,374.43,68,4425
14292,2023-08-09,98,12,604,403,219.97,26,13174
14293,2022-06-12,91,3,601,403,285.5,32,5607
14294,2024-07-06,40,3,600,400,293.97,45,7460
14295,2023-02-10,73,13,601,402,361.35,7,14792
14296,2022-09-27,73,14,603,403,190.71,47,11033
14297,2024-03-29,26,5,603,400,294.93,94,12533
14298,2025-03-26,28,4,603,402,224.57,24,7181
14299,2024-04-02,72,2,600,401,299.35,45,4943
14300,2022-11-10,35,14,604,400,332.98,48,10143
14301,2024-11-06,96,14,602,400,82.92,53,4963
14302,2025-01-25,40,13,604,401,115.94,61,3980
14303,2025-06-17,75,1,604,403,207.21,12,8060
14304,2022-12-28,11,15,602,402,375.57,13,8991
14305,2025-02-04,85,5,603,402,107.95,33,8879
14306,2025-06-06,38,13,603,403,318.06,93,884
14307,2025-02-26,3,15,605,403,124.1,20,592
14308,2024-10-07,55,13,603,403,391.3,15,5316
14309,2022-07-14,44,10,601,401,232.96,67,7091
14310,2023-01-05,87,11,604,402,332.46,15,14946
14311,2024-04-27,17,6,605,400,306.18,43,6689
14312,2024-09-30,31,12,605,402,426.62,75,5229
14313,2023-09-25,95,9,602,401,181.51,90,2577
14314,2023-08-24,19,2,602,401,342.03,62,2315
14315,2023-03-19,64,5,600,401,234.72,29,6487
14316,2023-07-27,26,11,604,400,274.45,89,14558
14317,2022-12-23,3,13,603,401,398.71,78,1568
14318,2025-01-08,89,10,600,401,290.98,44,11278
14319,2023-05-16,100,2,605,402,53.61,100,6367
14320,2023-02-01,56,5,601,403,112.19,82,5425
14321,2024-08-12,85,9,600,403,55.64,67,10658
14322,2023-08-12,41,1,600,401,407.57,5,5077
14323,2024-02-19,67,11,601,402,371.49,50,12436
14324,2024-08-01,22,8,601,403,350.27,68,9865
14325,2024-07-10,46,13,605,403,265.97,96,7134
14326,2023-01-02,35,5,603,403,87.63,51,11335
14327,2022-02-14,86,4,603,400,463.06,53,14338
14328,2024-10-29,86,7,600,400,436.8,31,14405
14329,2023-06-02,83,5,601,402,141.43,65,13945
14330,2022-05-29,68,8,604,403,305.95,80,13328
14331,2025-04-23,21,6,604,403,352.65,77,11204
14332,2022-05-30,15,10,602,402,62.26,35,1116
14333,2025-02-09,18,15,603,402,428.63,16,7524
14334,2025-06-06,29,5,603,403,144.36,97,13501
14335,2023-02-25,32,1,603,403,498.13,50,6452
14336,2022-01-05,89,6,605,403,225.1,73,688
14337,2025-05-20,32,13,600,400,54.4,51,5612
14338,2024-08-23,78,2,602,400,133.09,30,815
14339,2024-09-14,7,5,600,403,234.64,74,13735
14340,2022-02-16,79,3,604,400,70.15,98,13289
14341,2022-11-11,1,11,605,400,146.7,62,8350
14342,2024-10-29,2,4,601,400,416.85,42,5966
14343,2023-07-16,29,12,605,401,400.87,30,5402
14344,2023-08-20,97,15,600,402,59.16,58,4166
14345,2023-02-07,40,13,600,402,62.66,99,4636
14346,2023-11-14,29,9,605,403,57.75,7,10831
14347,2024-02-03,3,13,600,403,372.42,39,8507
14348,2023-08-29,53,14,605,400,324.69,33,697
14349,2023-03-06,55,6,603,403,241.52,96,11423
14350,2024-05-19,6,12,603,403,146.62,95,6944
14351,2023-10-30,42,6,603,401,69.55,41,2242
14352,2022-09-06,58,7,603,403,285.64,62,14764
14353,2025-05-25,88,12,605,402,210.03,34,14021
14354,2024-03-17,8,15,600,400,87.38,94,10402
14355,2022-03-18,6,13,604,400,379.55,38,689
14356,2024-04-17,93,3,601,401,297.74,72,6264
14357,2025-03-25,86,15,603,401,475.15,96,4047
14358,2024-02-27,97,6,605,400,480.88,69,3331
14359,2024-08-06,19,15,602,400,283.15,66,10408
14360,2022-02-11,25,3,602,400,206.64,22,3441
14361,2025-05-01,88,1,605,402,400.89,9,1763
14362,2023-07-07,66,1,603,403,169.88,11,10321
14363,2025-01-05,58,9,605,403,157.73,30,825
14364,2024-05-05,69,11,604,400,115.3,70,14506
14365,2022-11-14,37,12,600,400,402.34,11,7737
14366,2023-12-12,73,7,605,403,470.19,87,2906
14367,2023-02-10,49,7,604,400,401.2,97,3480
14368,2022-09-03,78,14,600,400,332.97,15,5350
14369,2022-02-12,46,7,604,400,284.84,15,3792
14370,2024-12-24,86,5,604,401,56.86,71,5854
14371,2022-10-24,38,15,600,401,178.78,40,8463
14372,2023-01-08,89,8,604,403,415.35,10,2663
14373,2024-11-02,55,11,604,401,308.75,83,1359
14374,2023-03-03,67,1,604,401,300.5,32,5050
14375,2024-05-26,8,4,600,402,398.49,45,485
14376,2025-01-15,67,15,600,403,280.28,92,6988
14377,2023-10-20,9,8,603,401,71.09,45,13178
14378,2024-07-04,3,15,601,402,234.42,65,8661
14379,2025-02-27,81,13,603,400,498.04,32,9838
14380,2024-02-16,61,5,604,402,273.27,22,5292
14381,2023-09-25,91,2,604,401,130.09,67,1680
14382,2024-10-20,7,15,600,403,94.43,60,6767
14383,2024-12-17,98,12,602,401,429.68,96,9046
14384,2023-01-23,94,3,600,400,280.31,16,7786
14385,2023-07-19,71,8,601,401,231.24,19,8380
14386,2023-04-30,22,1,605,402,175.08,66,593
14387,2022-08-29,9,10,600,400,259.78,92,13289
14388,2025-06-10,94,3,603,401,307.71,98,11173
14389,2025-06-07,32,14,602,403,243.86,72,6193
14390,2024-11-30,41,7,600,401,141.44,60,12755
14391,2025-05-22,82,15,601,400,462.82,76,6527
14392,2024-07-16,68,2,602,400,89.04,96,2926
14393,2023-12-26,64,2,601,400,447.44,8,8961
14394,2022-09-13,60,5,605,402,459.63,40,1617
14395,2023-08-02,62,3,601,403,424.4,27,2545
14396,2022-08-15,19,8,602,401,103.67,25,11724
14397,2022-08-27,30,5,605,403,89.16,62,12724
14398,2022-04-20,95,13,600,402,217.5,80,10249
14399,2022-04-10,92,2,600,400,297.2,84,11669
14400,2024-12-30,30,1,605,401,448.41,24,8362
14401,2022-05-21,42,5,601,402,492.5,40,13199
14402,2023-08-30,61,6,603,403,186.41,44,10221
14403,2023-02-15,10,9,605,403,273.98,91,6199
14404,2023-01-15,15,7,600,400,113.91,77,495
14405,2024-10-28,87,2,603,400,161.22,46,9835
14406,2023-12-06,26,2,603,401,349.27,47,10695
14407,2024-03-11,27,1,604,402,80.35,34,10699
14408,2023-07-24,70,7,602,402,381.98,72,7096
14409,2022-02-20,62,6,601,403,492.73,50,11172
14410,2022-06-14,82,9,602,400,341.7,10,8647
14411,2022-08-29,68,6,603,400,441.26,58,2692
14412,2022-06-27,28,14,600,401,55.38,8,2839
14413,2024-05-22,34,12,602,400,289.96,31,13151
14414,2023-11-24,37,4,602,402,459.92,91,3052
14415,2023-12-23,91,12,604,402,484.59,83,702
14416,2023-10-23,1,15,605,402,364.84,18,4375
14417,2023-01-20,42,5,600,401,345.56,86,709
14418,2024-04-11,80,7,605,400,141.92,15,8600
14419,2024-11-21,27,4,605,401,234.95,96,13320
14420,2024-09-15,52,11,604,401,430.29,85,3022
14421,2023-02-24,39,3,601,402,268.47,14,3436
14422,2024-05-26,42,15,600,403,86.11,65,10836
14423,2024-12-18,63,3,600,402,102.7,41,7460
14424,2024-06-09,16,12,601,401,435.56,95,698
14425,2022-10-04,45,10,602,401,57.57,47,13234
14426,2024-03-29,98,2,603,401,71.87,57,4010
14427,2025-04-29,34,10,605,401,266.33,9,4359
14428,2022-02-27,30,1,601,400,180.96,43,13053
14429,2023-02-24,50,4,603,402,327.35,14,159
14430,2022-02-21,64,13,605,402,347.94,41,13608
14431,2022-02-14,79,7,605,402,302.11,52,3480
14432,2025-03-25,34,1,602,403,427.11,86,1788
14433,2024-06-15,99,15,605,400,481.41,93,12838
14434,2022-04-05,6,1,603,401,484.54,15,7508
14435,2024-07-17,86,15,600,402,267.25,82,8560
14436,2022-03-07,59,10,600,403,337.69,46,3981
14437,2022-12-11,10,14,601,403,362.14,33,4838
14438,2024-12-01,73,15,602,401,226.31,68,3302
14439,2025-05-08,44,3,602,403,245.77,61,3985
14440,2025-01-16,59,1,603,403,384.96,95,8973
14441,2024-11-07,6,8,605,400,430.35,77,6877
14442,2023-06-26,40,8,602,401,144.01,12,12105
14443,2024-10-20,7,11,604,403,167.19,15,4863
14444,2024-10-16,27,3,604,401,54.08,94,11412
14445,2024-04-21,1,13,600,401,436.36,75,579
14446,2023-05-02,50,5,603,402,484.62,65,13783
14447,2022-11-04,90,13,605,403,203.7,97,10383
14448,2024-04-08,68,3,605,402,438.02,7,6248
14449,2024-08-08,11,4,602,402,118.54,60,12116
14450,2024-10-31,74,6,604,403,290.35,67,9960
14451,2023-01-10,19,8,601,402,294.79,89,4544
14452,2025-02-04,41,7,601,402,113.14,37,512
14453,2024-08-23,18,13,603,402,392.98,34,13512
14454,2023-04-28,36,10,605,400,390.81,62,3877
14455,2023-01-11,38,12,605,403,452.83,59,14783
14456,2023-04-30,45,3,603,402,83.55,72,5788
14457,2024-07-30,75,8,605,403,139.45,13,11525
14458,2022-07-15,4,5,604,400,247.43,52,1627
14459,2023-12-18,47,6,601,400,465.92,9,1127
14460,2023-07-12,97,11,600,402,117.91,73,7972
14461,2023-08-19,17,6,600,400,370.64,80,5792
14462,2023-01-31,11,14,602,401,495.38,40,10128
14463,2022-03-06,67,2,605,400,341.68,63,8395
14464,2024-05-19,89,8,605,400,454.5,86,10297
14465,2024-06-06,17,8,604,402,324.48,94,2629
14466,2022-11-03,11,2,601,400,168.05,95,13845
14467,2024-04-08,10,14,600,400,351.46,85,344
14468,2023-05-04,31,15,604,401,56.88,34,10084
14469,2025-01-11,99,8,601,402,64.84,77,5822
14470,2025-01-04,79,2,604,403,449.54,66,9836
14471,2025-05-27,44,12,604,402,485.2,86,12845
14472,2022-02-11,37,1,604,401,405.09,29,5578
14473,2022-11-30,78,14,602,403,240.05,62,5551
14474,2023-01-10,90,2,601,402,145.53,26,7776
14475,2024-11-04,27,7,604,402,79.02,78,4776
14476,2024-01-11,10,12,600,400,339.57,8,2308
14477,2023-11-08,51,6,604,401,76.4,41,12093
14478,2023-07-19,69,9,602,403,278.5,23,10379
14479,2024-03-02,23,2,605,402,152.32,93,6220
14480,2024-06-17,54,8,603,400,68.18,22,3447
14481,2025-04-11,16,6,600,403,401.34,8,9815
14482,2022-03-29,91,8,600,400,150.25,27,13421
14483,2024-11-19,65,11,601,403,59.48,42,10031
14484,2023-09-18,77,2,605,400,157.4,20,5887
14485,2023-09-02,23,11,605,402,198.05,98,4715
14486,2024-05-17,2,13,603,403,104.21,14,3734
14487,2023-05-06,28,12,602,400,130.04,29,3465
14488,2022-02-24,53,12,602,400,442.91,74,8951
14489,2022-08-01,100,5,602,402,137.52,22,7732
14490,2024-10-28,2,7,601,400,352.63,62,8453
14491,2024-08-25,98,10,605,402,195.33,51,2405
14492,2024-03-27,58,14,601,403,251.37,87,5231
14493,2022-08-01,4,14,604,403,498.55,88,13563
14494,2023-05-01,31,13,605,400,435.14,80,9352
14495,2025-02-06,51,6,603,403,433.37,47,9059
14496,2022-09-24,86,4,602,401,285.27,20,14387
14497,2024-10-31,59,11,604,402,437.96,10,3994
14498,2023-10-17,57,8,605,400,72.34,14,9283
14499,2025-05-28,88,8,603,402,59.18,24,13350
14500,2024-10-15,62,13,601,402,196.47,93,2669
14501,2024-04-24,80,3,603,401,140.48,90,948
14502,2022-07-18,74,1,602,401,388.31,75,7829
14503,2024-05-31,79,15,600,401,158.47,19,5277
14504,2022-08-14,10,8,603,402,51.48,10,6825
14505,2024-08-24,84,6,603,400,193.0,36,737
14506,2022-10-23,27,2,602,403,51.27,58,11651
14507,2022-02-16,67,12,600,403,418.19,96,14295
14508,2025-01-23,64,15,600,402,55.24,51,5930
14509,2025-03-11,75,3,604,402,138.15,40,3982
14510,2022-09-01,72,2,604,403,323.69,12,552
14511,2024-06-09,92,2,604,400,216.3,45,13369
14512,2022-08-28,32,12,605,400,409.61,23,6304
14513,2022-12-08,66,14,605,401,231.31,82,6011
14514,2022-04-17,31,11,601,402,101.01,37,14385
14515,2022-12-24,43,6,605,403,451.0,81,11123
14516,2023-11-30,77,10,603,402,302.66,77,11596
14517,2023-09-12,48,12,601,402,283.17,7,5321
14518,2022-11-29,3,14,602,403,321.41,87,2056
14519,2023-09-03,13,9,601,403,340.28,68,7163
14520,2023-11-23,21,11,601,400,134.97,62,4982
14521,2024-04-03,66,15,603,400,208.28,18,10247
14522,2024-12-11,25,12,602,400,341.2,99,14368
14523,2025-02-26,24,13,604,403,213.8,53,5811
14524,2025-02-24,85,15,602,400,133.95,41,14656
14525,2024-06-22,15,15,603,400,366.72,37,1022
14526,2023-04-29,2,8,604,401,417.74,73,1142
14527,2025-04-21,57,4,603,403,77.07,76,14867
14528,2022-09-07,97,14,605,401,407.19,18,1340
14529,2022-03-14,49,4,600,402,230.04,68,7823
14530,2023-03-18,24,8,601,401,362.4,39,7317
14531,2022-06-05,11,9,603,403,280.1,81,8087
14532,2024-04-10,61,4,600,401,163.06,89,14825
14533,2023-03-08,37,12,601,402,481.32,29,13758
14534,2023-06-19,49,3,603,400,391.21,33,2414
14535,2024-12-20,73,6,603,401,285.19,57,10384
14536,2025-06-04,24,8,605,403,195.43,29,13968
14537,2024-04-09,53,8,601,401,494.81,10,13442
14538,2023-04-07,67,15,601,402,125.08,42,2310
14539,2023-04-06,81,13,605,401,385.17,22,13502
14540,2024-11-08,49,15,601,400,117.47,58,9581
14541,2024-05-16,84,1,603,403,191.27,100,2994
14542,2024-06-26,33,6,605,401,123.74,97,8920
14543,2024-01-08,78,15,602,402,131.26,69,5990
14544,2023-10-19,32,4,602,402,481.62,37,12509
14545,2022-02-05,39,4,602,403,298.37,47,10045
14546,2024-02-20,80,6,601,401,231.33,49,10771
14547,2022-07-01,47,3,605,400,62.65,48,835
14548,2022-05-05,29,8,603,403,360.91,46,11980
14549,2023-10-11,23,3,601,402,83.05,62,9885
14550,2025-01-19,36,3,601,402,227.49,85,489
14551,2023-07-10,81,11,604,403,157.17,28,14399
14552,2022-11-12,94,2,604,401,97.29,7,640
14553,2022-03-24,76,1,605,402,351.7,24,11295
14554,2023-09-14,48,5,603,400,327.57,97,1920
14555,2024-01-30,74,8,604,401,318.61,52,7616
14556,2023-05-01,79,2,600,402,80.55,30,11610
14557,2023-06-11,67,10,601,402,466.06,40,13184
14558,2022-04-12,45,11,603,400,223.96,72,13143
14559,2022-04-09,84,12,605,403,435.22,11,4829
14560,2024-05-26,7,15,605,403,488.7,47,8798
14561,2022-10-05,37,1,602,402,382.83,15,12996
14562,2023-11-16,53,8,600,401,238.53,69,14233
14563,2025-01-13,52,8,603,403,325.73,26,11312
14564,2022-11-21,97,12,605,402,302.57,25,6435
14565,2024-08-02,30,2,604,401,164.96,55,6356
14566,2022-06-28,6,1,601,401,408.41,54,706
14567,2024-06-15,92,12,603,401,222.7,56,10678
14568,2023-11-18,25,7,605,401,201.98,44,9804
14569,2022-05-12,83,9,602,402,388.28,87,9915
14570,2024-04-10,78,14,604,402,252.94,18,3670
14571,2025-06-12,74,13,602,400,103.4,19,14933
14572,2023-08-25,18,10,600,400,174.86,45,9501
14573,2022-02-07,55,9,605,402,194.0,66,14285
14574,2023-05-14,92,14,600,401,434.52,88,759
14575,2024-05-22,25,10,601,402,342.52,95,2215
14576,2023-07-24,98,11,602,402,89.58,46,11401
14577,2023-09-19,77,9,600,403,108.24,71,2101
14578,2024-10-11,10,4,603,401,345.13,29,4070
14579,2023-12-10,16,5,604,402,69.36,86,14693
14580,2023-03-02,80,10,602,402,498.36,39,7900
14581,2025-03-02,2,11,601,400,490.26,31,7444
14582,2022-11-16,65,2,605,402,329.96,34,6673
14583,2024-06-09,94,13,600,402,59.72,81,4671
14584,2024-03-19,77,6,600,401,158.78,75,3946
14585,2023-05-21,78,11,602,400,389.86,75,13546
14586,2023-12-05,74,12,602,401,469.95,19,14422
14587,2024-05-22,62,11,601,400,437.89,25,3248
14588,2023-02-11,17,15,600,403,474.55,57,2789
14589,2024-10-10,9,6,601,403,106.05,76,13853
14590,2024-09-27,74,14,600,400,58.51,65,8044
14591,2023-01-21,3,5,603,403,89.0,51,2335
14592,2022-12-19,19,3,602,401,158.82,15,12532
14593,2024-07-04,81,12,603,400,339.83,23,2576
14594,2022-10-24,67,13,600,400,171.27,100,4427
14595,2024-06-25,87,8,602,403,129.76,38,13712
14596,2023-10-19,30,4,602,402,446.69,8,13472
14597,2025-02-09,94,9,604,401,85.44,7,14470
14598,2023-07-03,91,11,600,401,166.09,99,14302
14599,2024-03-18,22,4,605,401,357.02,48,7678
14600,2025-02-05,95,4,603,403,409.31,44,12502
14601,2023-11-17,87,10,604,402,444.43,92,4507
14602,2023-05-02,2,1,603,400,423.7,51,5527
14603,2025-02-01,72,1,601,402,92.45,95,4145
14604,2025-03-16,39,15,601,402,158.49,89,1814
14605,2023-11-07,54,11,600,402,244.73,85,1734
14606,2024-06-05,53,2,600,403,307.33,21,125
14607,2024-03-18,6,11,601,400,159.71,65,11158
14608,2022-11-18,86,8,600,402,173.89,97,11199
14609,2022-04-07,84,2,605,401,383.37,83,4370
14610,2023-01-07,82,14,601,401,301.28,17,4177
14611,2023-11-08,48,7,601,403,148.99,16,9726
14612,2024-08-29,57,6,600,401,374.14,24,3077
14613,2022-05-06,9,11,605,401,188.33,92,7697
14614,2023-03-29,74,6,605,402,322.92,94,3670
14615,2025-01-31,88,11,603,402,189.92,49,5667
14616,2022-06-02,76,5,604,402,130.78,59,14797
14617,2025-04-14,67,7,600,400,69.92,94,11717
14618,2023-06-10,90,9,603,403,181.64,89,12291
14619,2023-01-29,56,2,603,401,165.87,76,7782
14620,2024-07-08,48,14,603,401,382.88,49,1194
14621,2023-11-29,33,13,600,403,185.82,8,11510
14622,2023-05-26,78,1,601,400,443.77,13,14242
14623,2022-05-11,1,12,604,401,383.71,28,5525
14624,2022-08-21,84,2,605,402,346.9,23,13050
14625,2023-06-19,42,7,604,401,84.21,7,3827
14626,2022-10-18,13,1,604,401,409.74,98,14117
14627,2024-07-01,25,10,603,401,472.29,91,10839
14628,2023-01-02,43,4,602,402,302.29,57,8589
14629,2024-11-11,46,10,602,402,103.44,39,5479
14630,2023-09-07,77,15,605,400,122.85,70,6795
14631,2023-03-23,48,2,602,403,211.56,7,12302
14632,2024-06-30,1,3,604,402,263.58,30,14189
14633,2023-03-31,80,4,601,401,348.52,44,10550
14634,2024-09-30,46,7,604,401,313.49,40,6010
14635,2023-11-18,42,8,601,401,399.82,71,11445
14636,2024-02-06,89,3,600,402,456.73,88,8890
14637,2022-08-07,12,8,601,403,80.39,75,8800
14638,2023-08-18,31,13,602,403,151.48,7,1442
14639,2023-08-29,90,3,600,403,420.36,10,13179
14640,2024-08-19,63,10,600,401,101.49,77,11487
14641,2024-07-21,39,12,603,400,149.66,34,1131
14642,2025-04-11,10,2,605,402,163.56,15,9067
14643,2022-11-22,29,8,605,400,195.76,77,8708
14644,2023-08-13,96,10,604,403,435.99,33,13191
14645,2023-05-07,94,9,601,403,162.63,55,6908
14646,2024-05-15,57,2,600,401,65.64,50,9802
14647,2024-01-20,66,7,602,402,439.34,100,10501
14648,2024-04-18,88,1,603,402,302.47,21,2305
14649,2022-04-08,91,10,605,401,254.83,80,9241
14650,2023-10-14,82,6,604,400,373.48,93,2050
14651,2025-02-12,33,6,601,401,55.57,67,7617
14652,2025-05-31,66,13,603,403,491.02,17,5630
14653,2024-07-14,41,14,602,403,114.1,57,6590
14654,2022-02-06,89,4,602,400,232.56,27,4841
14655,2024-10-16,57,9,605,403,71.71,65,9674
14656,2022-05-09,90,4,601,402,126.41,66,4267
14657,2022-07-24,30,10,601,401,205.27,23,13034
14658,2022-10-09,100,2,603,400,138.75,63,11733
14659,2024-03-16,66,8,602,402,162.37,61,1428
14660,2022-04-03,42,14,605,400,295.59,8,6289
14661,2024-09-21,56,2,602,400,219.72,19,14787
14662,2022-04-03,27,13,601,400,222.47,90,14497
14663,2023-02-06,35,15,602,402,477.29,20,12501
14664,2023-02-10,26,11,603,400,218.2,100,13322
14665,2023-07-14,16,3,601,402,93.75,76,7392
14666,2022-08-29,96,14,601,403,471.19,77,13828
14667,2024-03-17,97,8,602,402,89.35,91,13699
14668,2022-05-18,27,9,604,400,319.18,47,12660
14669,2023-08-21,92,1,601,401,468.03,28,9240
14670,2025-05-08,55,7,605,402,444.19,25,7595
14671,2023-04-25,76,8,603,403,229.0,26,10953
14672,2024-09-30,50,14,605,403,211.35,67,9425
14673,2022-06-20,5,7,604,402,293.24,62,1724
14674,2024-04-07,47,4,604,401,157.9,50,14624
14675,2024-03-22,12,15,600,401,263.73,72,5191
14676,2022-02-01,8,15,603,403,436.16,71,6850
14677,2023-07-12,55,5,605,400,483.17,46,3351
14678,2022-12-21,86,5,604,401,247.26,89,5278
14679,2022-03-19,87,9,605,402,92.56,19,14217
14680,2023-05-10,9,13,601,403,320.88,65,11055
14681,2023-12-26,82,14,603,402,145.84,82,8622
14682,2022-10-02,57,4,601,400,440.72,31,13806
14683,2023-12-27,87,15,603,403,316.65,14,259
14684,2023-11-08,93,3,600,400,153.71,72,10114
14685,2022-12-21,31,14,603,402,197.02,87,7721
14686,2022-07-25,71,15,600,400,356.88,13,6533
14687,2023-04-26,80,3,601,403,71.55,22,2170
14688,2022-02-17,25,12,601,401,238.81,8,5473
14689,2023-01-26,71,13,601,402,304.66,79,4345
14690,2023-08-31,8,15,601,403,405.62,14,12414
14691,2024-10-28,100,15,600,401,440.3,82,4894
14692,2023-02-08,62,10,603,400,229.75,32,12048
14693,2023-01-26,89,2,605,400,166.98,66,4344
14694,2022-11-02,41,15,602,400,210.12,29,7815
14695,2023-08-01,63,8,603,403,66.02,7,5479
14696,2023-05-07,55,14,601,402,424.85,65,10810
14697,2024-01-04,16,1,603,403,444.94,13,7615
14698,2025-02-27,35,6,602,402,230.73,83,4405
14699,2024-07-20,41,10,604,402,312.59,96,14137
14700,2023-03-05,13,15,605,401,77.68,96,2464
14701,2024-10-12,10,2,602,402,368.05,75,10881
14702,2023-06-23,25,14,603,400,228.11,42,6130
14703,2024-09-27,12,12,603,402,199.23,34,11752
14704,2024-05-20,68,10,600,401,67.19,76,1145
14705,2024-04-16,46,6,601,401,332.31,72,12346
14706,2022-01-30,13,15,600,403,389.11,7,9787
14707,2022-01-25,86,3,602,402,194.28,72,9946
14708,2025-06-29,78,6,600,400,470.1,16,11395
14709,2024-08-23,60,2,603,400,429.46,40,5773
14710,2025-02-28,19,7,605,401,273.77,29,8860
14711,2023-03-24,13,2,605,402,404.25,13,9526
14712,2022-02-20,84,1,601,403,57.0,25,578
14713,2024-08-03,24,1,603,402,469.6,45,10700
14714,2024-01-25,28,1,605,401,430.35,12,3673
14715,2022-03-31,50,4,600,403,166.39,64,12978
14716,2024-10-12,94,2,602,402,395.33,11,13835
14717,2024-07-16,12,1,604,400,75.7,38,3331
14718,2022-09-03,58,11,605,403,436.92,65,14687
14719,2024-05-04,53,6,602,400,156.86,12,10238
14720,2025-06-20,63,12,600,403,352.91,68,12535
14721,2023-05-15,38,6,605,401,464.59,93,4633
14722,2024-11-11,9,5,605,400,476.61,42,1749
14723,2023-05-29,55,10,602,401,106.21,81,12202
14724,2022-02-04,71,2,600,403,328.51,64,575
14725,2025-03-11,10,12,602,401,83.98,86,9226
14726,2022-03-22,80,4,600,403,92.21,84,9707
14727,2024-10-10,14,13,605,402,370.17,79,11412
14728,2022-12-29,76,3,601,403,367.41,64,1341
14729,2022-03-18,44,13,603,400,288.58,45,8267
14730,2024-07-14,87,15,603,403,259.98,23,8362
14731,2022-04-17,93,11,601,402,427.26,88,4476
14732,2024-01-11,9,13,602,402,393.94,75,817
14733,2022-02-08,5,8,605,400,475.75,79,12592
14734,2024-01-24,34,12,602,402,394.62,35,10473
14735,2023-03-04,45,8,601,400,379.06,9,11275
14736,2022-08-08,37,10,600,400,194.78,91,5516
14737,2024-09-14,86,1,603,400,415.85,22,5828
14738,2023-12-06,44,4,602,402,166.46,9,3578
14739,2024-01-01,63,6,601,403,414.33,67,2326
14740,2024-09-02,93,10,600,402,392.41,8,8420
14741,2024-01-19,82,7,600,403,396.31,65,925
14742,2025-03-08,90,12,602,400,495.31,31,7051
14743,2023-11-10,65,3,601,401,441.15,66,3461
14744,2024-01-07,19,11,602,402,477.38,91,4246
14745,2023-06-03,90,8,603,400,95.7,19,6666
14746,2023-03-23,80,10,601,400,131.75,31,9524
14747,2024-12-27,59,12,605,403,360.1,61,7214
14748,2022-03-20,34,9,604,401,131.65,72,14492
14749,2024-07-03,64,12,603,400,383.57,34,5983
14750,2022-09-21,64,9,601,403,246.96,51,13801
14751,2025-04-09,36,3,603,400,483.5,46,867
14752,2024-04-24,24,5,603,402,423.83,25,3297
14753,2024-06-27,67,14,600,403,361.96,8,4595
14754,2025-03-02,35,7,601,403,404.91,49,12730
14755,2022-04-08,26,14,601,400,215.75,78,12244
14756,2022-03-19,79,5,604,401,320.8,61,6343
14757,2022-12-26,17,10,603,401,154.32,91,14973
14758,2022-02-17,52,2,601,401,270.69,5,4146
14759,2025-02-18,93,8,604,402,384.71,83,2091
14760,2022-12-19,99,12,601,400,439.24,95,6658
14761,2022-04-06,89,14,601,403,256.37,21,3414
14762,2023-11-03,76,5,603,400,222.68,74,14054
14763,2025-01-27,65,5,600,402,330.65,37,10598
14764,2022-07-08,12,12,601,401,168.55,54,3961
14765,2025-05-28,35,8,602,401,101.1,86,1236
14766,2025-05-06,45,8,605,403,393.14,35,11525
14767,2023-10-26,26,12,604,402,383.57,61,8710
14768,2022-05-29,52,7,605,403,302.53,33,1375
14769,2024-08-25,99,9,600,400,461.34,71,4299
14770,2025-03-01,95,10,604,403,458.18,80,12814
14771,2023-11-04,76,4,605,401,383.2,27,8367
14772,2025-02-01,93,14,601,402,109.98,48,10469
14773,2024-03-30,22,3,601,401,280.25,7,9580
14774,2022-02-14,11,9,601,401,60.83,55,572
14775,2023-08-30,63,3,602,400,167.09,53,10128
14776,2025-03-06,39,2,601,403,95.18,85,5581
14777,2023-07-26,55,11,600,403,176.11,37,2741
14778,2022-11-13,4,2,602,401,454.62,30,10363
14779,2025-03-27,94,12,603,400,467.54,65,585
14780,2023-03-23,53,12,602,403,75.78,46,4625
14781,2024-03-03,44,8,602,401,192.28,99,4557
14782,2023-02-09,84,2,601,402,188.86,65,7731
14783,2023-09-02,35,14,605,402,495.05,44,14013
14784,2024-01-26,36,4,603,401,112.9,37,2505
14785,2023-03-23,67,10,600,403,304.91,23,3005
14786,2023-02-08,31,13,605,403,114.04,94,11396
14787,2024-02-28,1,3,600,403,62.43,62,3998
14788,2022-03-11,27,6,604,403,481.1,47,2217
14789,2024-05-13,53,9,605,400,420.21,43,1426
14790,2023-11-03,20,15,604,402,228.39,96,10334
14791,2022-05-27,42,3,601,400,479.61,43,2998
14792,2023-07-06,73,8,603,401,407.43,48,14312
14793,2022-06-02,22,13,604,401,70.29,97,4716
14794,2023-12-09,38,8,603,400,302.64,27,3211
14795,2025-01-13,71,2,600,401,84.69,61,5117
14796,2023-09-29,81,10,602,403,373.69,10,6549
14797,2023-12-27,68,8,602,403,150.98,75,11128
14798,2024-01-22,78,6,604,401,366.69,65,14295
14799,2022-02-01,61,14,601,403,316.18,35,1329
14800,2024-04-03,85,10,600,400,321.2,74,4159
14801,2025-03-11,26,12,600,403,176.3,16,14305
14802,2022-03-17,95,8,602,400,385.35,58,8848
14803,2022-08-26,100,15,605,402,313.64,70,6042
14804,2022-07-01,17,5,605,402,391.25,72,12092
14805,2023-12-15,40,2,605,403,272.66,97,5921
14806,2022-01-13,71,9,604,403,241.6,65,13586
14807,2022-10-25,27,4,602,403,153.18,60,2540
14808,2023-10-07,72,6,604,400,167.49,48,14114
14809,2024-02-04,28,3,600,401,210.55,6,3091
14810,2023-01-08,48,3,600,401,145.66,41,6682
14811,2025-06-24,49,11,600,403,262.91,58,3790
14812,2023-11-18,66,3,605,401,292.58,65,12960
14813,2023-04-04,66,5,603,400,365.92,48,4611
14814,2022-03-11,27,3,604,401,155.89,64,9870
14815,2022-09-27,43,10,604,403,468.25,65,12156
14816,2022-04-26,16,11,605,400,113.4,61,6171
14817,2022-02-22,38,11,602,401,382.18,28,12442
14818,2024-12-23,91,4,600,401,170.43,61,10192
14819,2024-04-17,30,5,604,403,242.63,36,3167
14820,2023-10-10,27,15,602,401,459.67,21,4456
14821,2025-04-12,92,8,600,400,142.74,85,13941
14822,2025-01-01,53,15,605,403,184.75,7,13225
14823,2022-06-10,49,11,605,402,342.95,11,12750
14824,2024-05-23,76,8,604,400,164.03,25,2008
14825,2024-03-06,57,13,604,400,292.54,60,5994
14826,2022-08-21,24,2,605,400,240.89,11,8093
14827,2024-09-15,1,12,601,401,341.25,91,12402
14828,2022-05-27,34,15,605,403,414.08,54,13862
14829,2024-01-30,45,10,604,402,121.18,23,8639
14830,2023-08-08,73,1,602,401,375.66,59,10686
14831,2023-03-09,43,14,601,402,188.97,94,1625
14832,2023-05-31,82,13,604,401,291.92,53,7697
14833,2024-10-02,2,14,604,401,93.49,27,12369
14834,2023-09-02,69,8,600,401,147.34,24,14849
14835,2024-05-13,8,7,600,402,458.2,19,5148
14836,2022-10-21,100,11,602,402,317.78,92,8866
14837,2022-08-18,99,1,605,402,303.43,42,3108
14838,2022-10-18,64,1,600,400,225.01,21,3667
14839,2024-03-27,66,7,603,402,419.0,49,393
14840,2025-06-14,87,8,600,401,274.39,79,3934
14841,2022-01-03,45,14,601,403,393.22,96,5350
14842,2022-06-01,75,13,602,401,387.55,44,12950
14843,2023-04-11,70,15,602,400,433.73,13,2682
14844,2022-07-10,27,11,603,403,364.49,5,8082
14845,2023-03-30,52,8,604,402,158.44,59,9550
14846,2024-06-24,60,11,601,403,391.33,51,5704
14847,2024-07-31,39,6,601,402,256.35,80,669
14848,2022-03-27,82,15,603,400,305.4,46,7563
14849,2023-05-23,4,1,600,401,372.78,17,12709
14850,2022-04-12,9,1,603,401,94.48,25,8823
14851,2023-03-12,32,15,601,401,177.57,18,5837
14852,2022-08-11,92,4,604,402,422.2,90,13464
14853,2024-07-03,55,8,600,402,389.06,33,3640
14854,2022-12-10,7,6,601,401,457.03,90,838
14855,2023-01-18,28,2,602,400,305.17,13,531
14856,2023-08-14,74,14,605,402,222.09,7,11919
14857,2022-04-28,99,13,604,403,365.3,24,5979
14858,2024-06-17,1,3,604,400,187.11,73,659
14859,2022-04-15,51,5,602,403,213.05,7,2464
14860,2024-09-14,17,2,604,402,491.8,79,9689
14861,2023-06-27,80,5,603,401,292.91,59,6452
14862,2024-04-29,55,15,603,403,352.52,32,13391
14863,2024-10-29,93,15,602,403,109.61,85,14821
14864,2022-03-15,75,7,603,402,323.21,11,3661
14865,2023-01-01,13,12,602,402,177.54,78,11198
14866,2023-01-19,33,12,601,400,320.83,11,7424
14867,2025-05-07,38,4,602,401,439.5,68,4831
14868,2022-04-27,72,5,605,400,222.72,86,10059
14869,2023-12-18,16,5,601,402,369.89,96,6245
14870,2023-06-28,8,3,601,400,431.76,23,10747
14871,2022-12-27,28,12,605,403,361.17,61,980
14872,2024-03-15,19,10,601,401,194.88,21,14929
14873,2022-01-18,82,10,602,400,443.15,7,14456
14874,2024-08-30,68,3,600,403,391.94,24,1224
14875,2024-12-03,38,5,602,400,224.03,77,6405
14876,2022-09-05,17,3,601,403,254.75,26,2222
14877,2022-12-14,72,11,601,402,319.56,99,2273
14878,2023-04-27,18,8,601,401,188.59,72,12774
14879,2024-02-19,45,5,605,400,387.58,55,8354
14880,2023-12-26,41,6,601,403,389.28,45,5325
14881,2023-04-27,25,6,602,403,457.42,90,2490
14882,2022-08-30,13,3,600,402,419.15,14,11558
14883,2024-02-19,35,5,602,403,334.58,46,4812
14884,2024-02-29,25,4,605,401,172.94,63,12367
14885,2023-11-12,57,7,601,401,291.95,45,14228
14886,2024-11-21,90,14,601,400,383.94,76,9103
14887,2024-06-25,81,1,602,400,215.78,99,4052
14888,2023-03-01,86,8,602,400,106.44,86,10838
14889,2025-01-23,92,5,602,400,412.7,63,8199
14890,2022-10-24,59,11,604,401,278.24,72,12609
14891,2024-10-03,20,13,604,401,443.28,63,8059
14892,2022-01-10,14,1,605,400,163.67,11,13098
14893,2024-09-17,8,12,600,403,269.47,53,14939
14894,2022-08-08,15,3,605,403,72.91,36,8317
14895,2022-11-21,66,13,601,402,205.96,30,698
14896,2023-07-19,9,11,603,401,171.12,45,7336
14897,2023-05-01,91,13,603,402,366.45,38,1906
14898,2022-03-27,42,2,600,402,402.22,72,3188
14899,2025-01-24,95,12,600,401,236.36,49,9607
14900,2023-01-20,10,15,603,402,458.77,70,311
14901,2023-07-08,62,3,605,401,461.43,23,9831
14902,2022-12-15,97,4,604,400,367.23,41,3809
14903,2024-11-22,11,15,600,400,255.35,52,9568
14904,2022-06-18,68,8,600,403,300.84,69,6883
14905,2024-09-30,39,12,605,403,183.58,52,5686
14906,2024-06-13,94,12,600,403,309.92,15,1819
14907,2025-01-15,81,5,604,400,268.09,68,10972
14908,2024-10-17,74,13,605,402,309.53,27,10779
14909,2024-10-16,11,7,600,400,50.5,32,7738
14910,2022-12-08,61,10,602,403,197.68,72,2163
14911,2025-05-20,60,10,603,402,291.93,10,7176
14912,2022-07-10,86,13,604,403,92.99,48,11937
14913,2022-04-19,64,9,603,400,109.42,77,9075
14914,2024-09-15,58,13,602,403,290.18,67,3376
14915,2024-01-13,45,11,605,400,473.08,77,10248
14916,2024-10-28,95,12,600,401,162.32,90,1089
14917,2024-01-19,94,6,603,403,493.74,83,8269
14918,2025-06-24,70,5,601,400,203.55,57,1509
14919,2024-04-15,53,3,605,401,237.81,99,4391
14920,2023-01-12,13,2,602,402,156.91,15,3855
14921,2022-06-10,25,14,603,400,349.57,54,13911
14922,2025-02-01,37,8,600,403,56.54,83,9766
14923,2024-03-04,73,4,601,400,294.56,30,1286
14924,2025-01-24,36,3,603,402,161.59,7,2061
14925,2022-07-21,36,8,604,403,192.71,74,8911
14926,2024-02-26,66,1,605,403,494.26,67,2811
14927,2022-09-11,22,2,603,400,309.66,58,194
14928,2023-03-17,8,8,600,401,273.38,61,4887
14929,2025-05-30,13,13,605,400,409.14,95,2178
14930,2024-06-27,27,13,600,403,234.55,41,1348
14931,2024-07-03,11,10,600,403,217.5,51,10367
14932,2025-01-08,53,7,605,400,472.28,28,2450
14933,2025-04-14,65,3,603,403,169.0,32,2768
14934,2025-03-22,10,14,604,403,273.28,77,10223
14935,2025-04-06,77,8,600,402,260.13,85,14673
14936,2024-01-03,44,14,605,400,359.19,33,1784
14937,2022-07-01,94,8,605,401,414.54,59,1929
14938,2023-11-07,7,7,602,400,391.25,44,14108
14939,2023-06-11,17,6,604,402,285.53,49,14229
14940,2024-10-19,50,6,604,402,129.11,29,9107
14941,2024-03-14,52,8,603,402,244.55,16,4967
14942,2022-04-11,43,7,603,403,73.01,19,1590
14943,2025-01-20,66,2,602,400,63.35,14,9774
14944,2023-12-13,78,3,602,401,419.1,45,4938
14945,2022-05-15,5,5,600,403,257.95,49,8766
14946,2024-05-31,28,11,600,400,442.46,65,8461
14947,2022-03-28,7,12,601,401,497.86,58,5252
14948,2024-11-29,84,13,603,403,388.28,44,9083
14949,2023-06-15,90,5,604,400,154.37,51,7160
14950,2023-10-15,16,6,605,402,172.84,54,10900
14951,2022-08-11,15,2,603,401,222.58,36,12112
14952,2022-03-19,31,1,600,403,118.19,82,9834
14953,2023-04-24,62,7,603,401,476.5,39,12829
14954,2023-12-19,79,11,605,402,475.94,97,14282
14955,2025-05-08,22,7,602,402,96.43,71,9534
14956,2023-04-17,25,2,601,400,246.7,39,1792
14957,2022-06-06,50,9,600,401,85.91,26,8729
14958,2024-05-20,92,3,602,403,143.64,87,7556
14959,2025-04-10,41,9,601,402,71.09,8,7011
14960,2024-10-10,75,3,605,400,124.6,38,6066
14961,2022-06-11,47,13,602,403,471.16,48,4248
14962,2025-02-16,79,10,601,401,398.21,21,10948
14963,2024-08-11,75,1,600,402,166.76,83,6329
14964,2023-07-02,71,3,602,402,270.93,91,306
14965,2024-08-21,71,5,605,403,495.78,42,5193
14966,2025-05-21,70,7,602,401,475.74,65,1565
14967,2024-08-05,97,2,605,400,408.37,11,6629
14968,2022-05-12,73,2,604,403,259.47,48,7802
14969,2022-10-10,50,13,605,400,293.97,93,13242
14970,2022-04-10,89,6,601,402,201.33,40,1134
14971,2024-07-20,14,13,603,401,412.36,83,11233
14972,2025-05-27,77,9,600,400,468.05,56,4724
14973,2023-12-18,85,13,600,401,426.17,14,7610
14974,2022-07-17,4,2,605,403,243.8,97,8163
14975,2024-04-01,47,10,601,401,260.97,80,10359
14976,2024-11-01,37,5,604,400,271.86,100,6017
14977,2025-06-03,12,11,601,401,477.86,80,4975
14978,2025-03-18,19,13,603,400,82.03,84,7734
14979,2022-08-05,43,10,600,400,258.26,64,12483
14980,2022-07-26,51,6,600,400,487.5,15,4699
14981,2024-11-05,42,7,604,401,63.06,25,11183
14982,2022-10-31,34,3,602,401,284.58,62,9894
14983,2023-06-22,34,9,603,402,55.76,73,3294
14984,2022-10-24,97,10,605,403,297.74,48,14107
14985,2024-10-07,69,8,603,402,101.56,32,5398
14986,2023-07-09,21,11,603,400,418.87,50,12239
14987,2023-08-08,58,2,603,401,274.9,26,14653
14988,2024-12-18,66,5,602,400,303.68,46,7501
14989,2022-03-27,28,15,601,403,139.41,19,1785
14990,2023-04-21,16,15,604,400,476.36,82,10126
14991,2022-09-17,54,14,605,401,144.27,99,12730
14992,2023-08-18,87,15,603,402,484.41,79,6279
14993,2022-09-06,60,10,600,402,320.07,27,5697
14994,2023-03-14,64,7,601,401,133.26,42,8953
14995,2025-04-03,61,10,602,402,177.48,20,1429
14996,2024-06-02,85,10,604,402,459.34,39,2274
14997,2024-02-21,60,12,602,403,77.65,85,1223
14998,2024-05-05,12,8,602,400,274.03,8,10399
14999,2025-06-24,63,12,604,402,441.13,30,1496
15000,2023-10-17,83,1,601,402,368.45,57,11089
15001,2024-02-19,61,6,602,401,113.39,73,12250
15002,2023-02-27,32,10,600,402,382.04,18,9345
15003,2024-08-25,55,8,602,403,223.31,45,8681
15004,2022-03-18,13,13,602,402,353.03,64,775
15005,2024-04-02,22,10,603,403,282.04,44,1808
15006,2022-09-10,25,6,604,400,351.49,98,2339
15007,2023-04-06,15,8,601,403,350.87,7,4146
15008,2023-09-06,84,8,604,402,323.06,12,754
15009,2023-01-10,28,4,601,401,451.54,91,1624
15010,2023-05-14,86,14,602,402,119.78,36,1874
15011,2025-04-28,54,1,602,401,397.91,70,905
15012,2025-04-19,10,3,605,401,401.52,98,2715
15013,2022-12-31,33,10,605,401,383.14,77,9194
15014,2023-06-23,51,3,602,402,404.32,10,5299
15015,2025-04-03,75,7,600,400,432.0,21,4878
15016,2025-01-18,46,6,603,400,114.85,76,13443
15017,2023-08-03,97,6,605,402,317.92,31,1093
15018,2022-03-14,39,1,605,401,450.91,6,3017
15019,2023-04-06,39,15,605,401,109.93,8,5023
15020,2022-05-22,67,8,601,400,430.46,64,10473
15021,2023-05-23,40,14,601,403,54.02,49,1157
15022,2022-10-17,39,9,604,400,388.91,90,8400
15023,2023-08-04,83,13,602,403,457.49,36,6198
15024,2023-09-22,56,12,603,401,357.81,37,3470
15025,2022-04-25,68,7,601,401,81.44,40,13284
15026,2022-12-24,15,8,603,400,250.13,94,14285
15027,2023-07-25,3,12,602,402,432.7,5,3249
15028,2024-03-22,62,15,601,402,124.16,73,9936
15029,2022-07-17,57,1,600,403,267.32,31,3380
15030,2025-06-29,99,14,602,403,245.62,33,1860
15031,2024-12-09,12,10,601,402,330.29,14,7467
15032,2023-08-16,75,9,602,403,309.59,13,1142
15033,2024-02-07,9,12,604,401,83.4,58,12343
15034,2023-12-20,73,4,603,402,150.75,49,14256
15035,2025-05-13,61,10,601,401,391.56,20,1186
15036,2023-12-28,8,11,600,401,350.69,26,1616
15037,2022-01-03,48,11,605,400,353.63,95,9067
15038,2022-05-26,59,8,600,403,184.88,54,12313
15039,2022-02-09,33,5,604,400,149.81,100,8256
15040,2022-08-04,96,6,603,401,167.49,62,1300
15041,2024-10-15,95,13,603,402,400.79,87,11425
15042,2022-10-04,1,2,601,403,278.99,43,7043
15043,2022-08-26,36,14,603,402,350.72,40,2140
15044,2024-12-06,84,4,604,400,349.8,8,2520
15045,2024-05-28,4,9,603,401,334.76,32,6679
15046,2022-02-21,32,9,605,403,422.92,24,3011
15047,2025-01-08,79,7,604,401,125.01,32,12584
15048,2023-11-24,77,1,603,400,457.39,9,1436
15049,2022-11-13,35,8,605,401,224.82,24,3767
15050,2024-02-07,21,8,605,401,199.28,43,13522
15051,2022-08-29,25,8,603,400,362.72,37,11421
15052,2022-11-02,33,6,602,401,221.04,28,2415
15053,2023-03-12,100,5,600,402,330.5,67,10100
15054,2023-02-06,82,12,604,400,451.08,50,3892
15055,2023-09-18,28,2,604,402,286.93,9,14383
15056,2024-03-25,32,13,601,403,424.28,97,3494
15057,2024-04-04,40,12,603,403,365.86,46,11991
15058,2024-02-08,9,9,603,400,319.3,97,9963
15059,2024-01-06,15,11,602,402,386.83,9,9283
15060,2024-06-18,83,8,605,403,169.83,42,12149
15061,2024-05-10,26,11,602,402,284.49,97,7328
15062,2022-07-28,78,2,603,403,475.41,25,5784
15063,2025-03-11,86,11,600,401,384.47,37,3011
15064,2025-06-19,38,10,604,401,460.55,98,10888
15065,2023-03-30,51,8,601,402,74.09,26,12819
15066,2023-05-03,84,3,600,402,388.46,39,4220
15067,2024-05-30,19,7,604,400,85.58,21,12661
15068,2022-04-21,86,8,605,403,256.73,12,3698
15069,2025-02-27,95,9,604,402,108.72,20,10530
15070,2024-06-06,20,7,602,400,314.28,27,1161
15071,2025-02-12,36,12,605,400,116.43,28,13663
15072,2023-10-26,69,8,600,403,463.72,84,5825
15073,2022-09-16,60,3,604,400,465.9,20,11727
15074,2025-02-02,78,14,600,400,478.1,52,3810
15075,2024-07-17,69,12,600,400,283.47,18,3995
15076,2024-09-22,36,12,604,402,486.45,56,13877
15077,2025-03-17,62,8,604,402,387.6,80,5409
15078,2023-06-29,59,15,601,402,407.69,27,11016
15079,2025-04-22,53,2,602,401,239.18,28,6296
15080,2022-05-06,97,8,605,400,64.29,73,13881
15081,2022-07-25,30,5,603,403,391.7,57,2455
15082,2024-01-17,2,6,604,403,201.21,72,3687
15083,2023-12-19,42,1,603,400,317.71,29,2102
15084,2023-04-27,52,3,602,403,59.55,48,3283
15085,2024-06-17,3,11,603,400,395.45,90,3858
15086,2024-08-08,48,4,601,401,421.34,16,10841
15087,2022-03-06,50,7,604,403,90.69,72,1139
15088,2023-06-19,95,13,603,400,398.5,52,10852
15089,2025-05-19,50,8,603,403,340.4,22,13149
15090,2022-11-22,4,7,605,402,79.67,16,14436
15091,2024-04-08,54,12,600,402,430.82,38,6646
15092,2023-10-12,59,9,604,400,359.74,43,9702
15093,2024-12-25,24,2,600,403,461.47,37,9562
15094,2025-01-02,79,13,601,403,379.1,76,2725
15095,2022-05-11,57,13,600,402,355.78,20,4926
15096,2024-01-06,33,12,600,403,473.84,74,7185
15097,2022-02-01,4,2,604,403,371.41,92,5380
15098,2024-03-07,98,1,602,401,146.26,13,12746
15099,2024-07-06,32,3,601,402,291.19,65,6589
15100,2023-05-27,73,14,601,400,129.24,24,343
15101,2024-03-16,46,15,601,400,376.71,71,1533
15102,2023-09-05,3,15,605,401,399.29,88,13042
15103,2024-10-07,80,5,602,400,162.32,59,9882
15104,2024-09-16,76,14,603,402,479.61,74,5265
15105,2024-03-17,30,6,600,402,382.19,75,13081
15106,2024-10-06,86,12,602,401,239.91,45,7392
15107,2023-06-13,92,6,604,402,342.34,56,6464
15108,2022-09-05,94,1,600,402,148.06,70,4035
15109,2023-05-02,45,14,600,400,203.95,28,14304
15110,2023-07-22,78,12,602,402,136.96,51,3118
15111,2023-09-09,72,6,604,402,64.23,9,9142
15112,2023-06-04,62,14,605,402,302.54,26,4167
15113,2022-11-01,81,8,601,403,212.72,92,4001
15114,2023-12-03,43,12,600,403,80.73,34,6718
15115,2022-02-12,88,11,603,401,59.6,85,7079
15116,2023-01-03,57,15,602,403,222.06,42,6080
15117,2023-10-08,63,3,601,400,222.82,42,5282
15118,2025-05-18,39,1,602,403,235.37,48,4724
15119,2024-07-25,61,14,602,403,386.83,46,7317
15120,2022-11-21,48,15,600,401,88.78,47,13316
15121,2023-04-26,89,7,605,400,227.33,51,4011
15122,2022-10-31,65,9,603,402,293.54,82,9486
15123,2023-11-14,61,4,604,400,74.09,21,12331
15124,2023-03-12,88,3,602,400,318.25,49,6733
15125,2022-01-11,81,3,605,402,384.99,60,5358
15126,2025-01-23,37,14,602,402,293.02,61,9041
15127,2025-01-07,43,15,600,403,335.66,83,2668
15128,2022-01-17,33,9,604,403,156.37,7,10761
15129,2025-06-11,54,4,602,401,231.41,86,2045
15130,2024-01-13,39,1,605,401,245.93,42,1895
15131,2022-11-12,20,11,601,400,397.99,58,9487
15132,2024-11-24,24,4,604,402,77.41,66,7278
15133,2022-09-09,45,3,600,403,381.28,67,6683
15134,2024-01-20,67,11,601,401,421.03,82,13776
15135,2025-01-06,21,10,601,401,381.69,11,13191
15136,2024-05-21,93,4,604,400,245.72,59,7010
15137,2024-10-30,83,9,605,403,75.19,43,1819
15138,2023-07-07,40,8,604,403,88.84,56,10231
15139,2023-03-13,30,13,602,400,419.33,99,7518
15140,2023-09-16,62,8,604,402,61.23,99,3190
15141,2023-01-04,90,15,605,403,118.79,64,13102
15142,2025-04-10,65,13,604,400,451.18,50,14492
15143,2024-03-04,25,4,605,400,111.55,53,3921
15144,2022-09-02,46,2,600,401,327.84,85,1728
15145,2022-08-17,40,2,603,400,330.85,19,2168
15146,2024-07-16,94,3,601,402,213.82,10,3572
15147,2025-04-12,3,9,603,400,325.48,56,7678
15148,2024-10-05,11,13,605,403,332.15,84,9137
15149,2024-11-06,71,9,602,400,450.32,92,13681
15150,2022-01-25,90,10,600,400,246.59,82,10385
15151,2022-12-05,70,10,600,401,222.14,80,6654
15152,2023-08-02,8,3,603,401,172.99,85,9327
15153,2024-03-08,64,15,603,403,130.58,84,712
15154,2025-03-18,55,2,600,402,112.68,17,2722
15155,2022-07-27,32,2,604,402,342.02,42,1548
15156,2025-06-06,54,10,604,401,105.53,79,8554
15157,2024-02-27,99,8,603,402,393.23,10,4665
15158,2023-02-15,96,12,604,402,387.72,77,8892
15159,2024-11-10,72,8,603,403,365.39,41,11151
15160,2022-08-21,74,13,603,401,195.38,34,14487
15161,2022-10-24,30,1,600,402,294.77,59,8822
15162,2025-05-27,22,12,605,400,195.24,89,11110
15163,2024-08-08,19,14,603,402,292.02,35,3860
15164,2023-06-06,50,1,600,401,421.57,84,1563
15165,2022-06-20,53,1,600,402,320.42,58,2981
15166,2024-12-21,87,12,601,402,51.69,23,7157
15167,2022-03-01,76,9,602,401,448.8,21,3033
15168,2024-03-12,38,9,604,401,456.32,44,305
15169,2023-12-14,86,2,604,400,247.97,97,13159
15170,2024-09-08,33,2,601,400,257.26,14,11085
15171,2024-11-14,43,8,601,401,407.25,73,7923
15172,2022-06-12,53,1,601,400,228.06,53,6867
15173,2024-11-24,54,7,600,400,54.68,57,1574
15174,2022-04-27,100,6,603,401,486.57,60,3455
15175,2023-01-29,85,1,605,403,101.28,70,7942
15176,2022-08-05,8,6,604,402,380.37,43,8303
15177,2025-03-15,37,13,604,401,357.22,47,12613
15178,2022-01-06,85,8,604,401,330.56,30,454
15179,2023-07-15,55,9,605,402,409.47,26,3001
15180,2025-01-05,86,2,601,402,476.99,94,5008
15181,2023-06-21,63,13,602,403,359.46,89,8794
15182,2024-01-24,47,4,602,400,456.95,84,1452
15183,2022-01-22,38,12,603,402,169.76,91,10124
15184,2023-01-09,4,9,605,403,462.66,82,12115
15185,2022-05-18,35,3,600,400,134.96,74,14039
15186,2022-10-20,99,10,603,403,51.77,77,4054
15187,2022-01-15,77,5,600,402,284.86,79,11369
15188,2022-07-17,32,2,602,402,102.5,38,13529
15189,2024-07-17,85,7,605,402,207.76,30,9684
15190,2024-10-09,91,5,601,400,269.35,26,14058
15191,2022-12-26,77,5,605,403,392.69,16,11733
15192,2023-01-25,40,12,605,401,69.86,48,6066
15193,2023-04-18,7,5,603,403,165.05,66,14711
15194,2023-07-05,74,10,603,400,339.48,53,11664
15195,2024-07-09,50,11,601,403,298.38,17,12949
15196,2022-12-15,53,8,602,401,470.08,94,5773
15197,2024-08-05,22,14,604,400,421.6,100,5565
15198,2022-12-17,35,15,602,402,334.06,100,8436
15199,2024-07-22,94,12,600,402,317.74,23,2531
15200,2023-04-18,46,10,605,402,353.29,44,4582
15201,2024-08-08,30,4,602,402,409.41,57,6089
15202,2022-09-08,66,10,601,402,493.34,67,3715
15203,2022-03-04,25,9,601,401,302.53,94,11685
15204,2025-04-29,86,11,603,402,369.01,100,9399
15205,2024-04-05,96,7,602,400,91.31,67,6633
15206,2022-02-11,18,2,601,403,308.66,49,3665
15207,2022-03-20,35,3,600,401,367.39,11,3561
15208,2024-09-26,33,3,605,400,410.79,97,5082
15209,2022-11-20,36,15,602,402,408.91,55,2412
15210,2024-09-13,2,6,602,400,404.77,69,2701
15211,2023-06-29,5,9,601,403,313.07,97,6494
15212,2024-08-08,81,14,603,402,305.03,39,6894
15213,2023-01-22,8,5,605,403,458.94,73,180
15214,2023-04-28,81,9,601,400,382.23,59,5167
15215,2023-02-01,68,10,602,401,414.48,39,8559
15216,2022-04-16,5,6,604,403,89.5,87,2229
15217,2023-05-05,26,7,600,403,284.92,96,6850
15218,2024-11-27,5,1,601,402,458.24,32,2865
15219,2024-04-16,55,8,602,403,111.93,55,3445
15220,2024-08-11,9,1,600,402,200.68,99,320
15221,2024-06-08,47,1,604,401,219.16,6,12787
15222,2024-10-06,69,6,604,400,240.0,49,6749
15223,2023-09-21,89,8,601,403,364.4,19,6842
15224,2022-01-15,83,2,601,400,414.74,98,5667
15225,2022-03-04,23,8,605,401,55.22,71,1899
15226,2024-05-04,70,1,602,402,362.69,69,12208
15227,2024-12-12,44,4,603,403,479.77,78,8790
15228,2022-12-30,89,14,600,400,381.37,51,11870
15229,2024-05-09,20,15,604,400,263.16,63,10951
15230,2025-02-26,1,3,602,403,304.73,55,11950
15231,2023-03-26,84,12,603,401,406.71,20,13249
15232,2022-08-23,86,8,600,401,484.35,69,5693
15233,2022-02-10,23,10,602,402,495.57,80,7808
15234,2024-10-14,28,6,605,400,303.14,96,12419
15235,2025-01-01,84,14,603,403,225.33,83,3572
15236,2025-02-24,72,4,601,400,152.17,31,10475
15237,2024-01-01,12,10,602,400,491.46,35,5731
15238,2023-11-17,55,9,605,400,154.18,62,6964
15239,2024-10-24,39,1,603,403,223.32,9,539
15240,2023-11-05,79,11,604,403,331.41,35,1384
15241,2022-06-29,12,11,602,400,202.77,39,13035
15242,2023-04-24,74,3,603,402,188.45,32,11203
15243,2022-03-31,79,12,604,402,427.16,33,8116
15244,2024-10-31,81,15,605,400,260.06,88,2977
15245,2022-04-04,1,9,602,402,423.89,22,4233
15246,2023-09-10,69,3,602,402,214.61,74,6007
15247,2024-04-25,29,11,604,402,184.55,71,5043
15248,2024-03-19,36,13,601,402,274.24,7,12709
15249,2023-05-12,82,11,602,403,97.92,62,1607
15250,2022-01-09,58,11,605,403,420.49,6,13969
15251,2024-11-17,64,9,601,401,59.92,64,12373
15252,2023-08-26,79,1,600,403,192.39,35,1211
15253,2025-03-24,46,2,603,400,460.33,8,10725
15254,2025-05-03,63,9,605,401,102.19,17,11965
15255,2025-03-17,63,15,604,403,381.77,57,4624
15256,2022-05-12,42,7,600,401,123.58,57,10337
15257,2025-06-22,72,2,601,401,233.37,73,11603
15258,2025-06-29,69,14,603,403,153.48,40,11545
15259,2022-01-14,78,14,602,400,485.0,98,13079
15260,2023-09-04,53,2,600,402,421.88,21,6507
15261,2024-01-06,35,15,605,401,268.31,61,8584
15262,2023-11-09,24,11,601,402,227.11,53,4643
15263,2024-06-04,97,7,605,400,229.67,60,7309
15264,2022-02-09,22,15,604,400,75.75,7,859
15265,2025-01-24,64,1,602,402,252.86,65,13263
15266,2024-11-12,64,8,605,402,405.54,83,12358
15267,2023-12-03,47,9,604,400,59.41,100,11265
15268,2025-03-10,9,15,604,401,301.32,40,9896
15269,2024-10-04,64,3,605,400,95.85,6,4472
15270,2022-06-17,11,3,601,403,232.31,34,6434
15271,2022-07-16,91,4,602,400,400.22,32,11350
15272,2022-01-31,56,12,605,403,362.95,54,10132
15273,2022-12-20,70,3,600,402,315.49,7,8364
15274,2022-08-29,28,6,600,403,366.52,6,6248
15275,2024-07-08,67,10,601,403,110.07,39,6465
15276,2022-03-29,93,13,600,401,353.12,82,12064
15277,2023-11-02,59,4,601,400,209.27,82,14269
15278,2024-07-18,84,5,601,401,117.0,39,10826
15279,2025-01-22,70,6,602,400,238.0,55,6468
15280,2024-07-08,47,14,601,403,331.5,21,12686
15281,2024-02-28,97,14,603,403,261.4,60,4727
15282,2024-08-06,41,14,603,400,354.84,80,12472
15283,2023-04-29,25,10,604,402,135.43,84,9226
15284,2023-10-05,29,4,601,402,112.12,83,4742
15285,2023-10-15,99,8,603,403,439.77,100,13261
15286,2024-12-01,80,10,604,402,290.77,87,3545
15287,2024-03-29,80,14,601,402,102.62,22,14383
15288,2025-06-28,80,2,603,402,352.13,77,11516
15289,2022-12-15,22,7,601,400,387.3,100,12839
15290,2022-08-11,27,13,602,400,432.01,97,1771
15291,2022-01-11,82,8,601,401,72.02,72,11102
15292,2024-10-03,71,1,600,401,108.44,64,4473
15293,2025-05-13,78,7,605,400,306.96,11,8343
15294,2022-06-11,29,14,600,402,163.56,71,13054
15295,2022-09-17,19,5,603,402,204.7,51,3026
15296,2025-04-04,40,8,603,400,442.57,66,2825
15297,2023-04-26,36,2,602,403,217.42,82,4273
15298,2025-06-09,2,14,605,400,485.14,45,2128
15299,2025-04-07,9,12,604,402,136.43,47,5118
15300,2025-01-06,4,5,602,401,400.02,30,6115
15301,2024-04-25,69,12,605,402,209.8,19,11129
15302,2023-09-07,1,9,602,403,138.51,14,4935
15303,2023-10-08,21,5,605,401,258.11,97,9899
15304,2024-08-14,100,12,602,402,368.17,86,10869
15305,2023-04-29,68,3,604,403,95.04,18,14704
15306,2024-12-09,11,14,605,400,460.3,77,1661
15307,2023-12-09,7,1,605,403,326.87,22,8585
15308,2022-08-16,16,1,600,401,229.61,89,12818
15309,2025-05-09,92,10,603,400,111.76,72,1243
15310,2024-06-13,94,9,604,403,356.23,85,11679
15311,2022-04-14,32,4,601,401,50.23,98,14811
15312,2024-12-16,57,6,600,401,444.73,77,14405
15313,2022-03-01,97,7,602,401,308.55,36,7470
15314,2022-03-26,26,14,604,402,474.15,68,3839
15315,2022-05-12,12,8,603,402,198.8,85,11021
15316,2023-05-24,8,1,601,403,229.16,88,6327
15317,2023-02-16,43,13,603,403,390.77,85,223
15318,2022-03-27,24,8,605,403,443.72,34,12675
15319,2023-10-07,70,10,600,400,230.4,46,4420
15320,2022-07-24,66,8,603,403,240.5,87,8947
15321,2022-08-29,37,5,603,403,75.56,30,6526
15322,2023-11-19,69,3,605,400,346.3,56,6538
15323,2025-01-02,36,5,601,403,483.36,8,1131
15324,2024-06-26,11,10,600,402,435.64,59,10365
15325,2022-11-05,18,15,600,402,213.08,28,11522
15326,2024-04-09,79,2,602,401,386.3,48,13962
15327,2022-06-14,40,1,601,400,409.5,72,3478
15328,2024-10-30,19,1,602,401,381.16,51,1368
15329,2023-04-23,76,7,603,401,142.51,61,9197
15330,2024-08-14,54,3,605,400,155.16,73,8854
15331,2024-08-10,69,2,601,400,94.74,73,4287
15332,2022-09-30,24,9,603,402,302.99,77,1625
15333,2023-06-23,69,6,602,402,285.8,32,6074
15334,2023-01-17,46,14,601,400,281.31,19,6780
15335,2022-04-24,11,3,601,403,432.2,51,3280
15336,2022-03-08,63,10,604,402,315.02,98,12557
15337,2022-02-04,89,11,604,402,339.02,90,4150
15338,2024-11-08,30,1,603,403,222.37,64,5173
15339,2025-01-29,96,14,604,403,280.78,55,3777
15340,2024-08-29,71,8,605,401,84.06,100,12022
15341,2024-01-26,9,8,604,400,194.23,33,14468
15342,2024-11-09,40,15,604,403,171.75,91,7418
15343,2022-11-29,100,4,604,403,262.69,55,12057
15344,2024-06-15,29,9,600,400,479.04,52,8806
15345,2022-12-26,70,15,600,400,94.04,64,7277
15346,2022-02-14,35,11,605,401,342.09,90,1912
15347,2022-10-01,31,12,603,403,485.1,88,5032
15348,2024-06-24,61,11,603,403,264.12,12,10413
15349,2022-11-19,74,14,602,402,281.87,8,5313
15350,2024-11-03,54,14,601,402,73.98,48,12548
15351,2022-03-28,99,6,602,400,336.98,81,8389
15352,2025-03-31,72,12,605,401,457.59,34,9119
15353,2024-09-30,34,12,600,400,212.09,32,960
15354,2022-09-15,5,9,600,401,225.97,73,2992
15355,2022-12-25,41,4,603,400,149.9,84,4920
15356,2024-08-15,12,14,603,400,125.21,13,4631
15357,2023-12-19,71,15,605,401,64.82,61,14969
15358,2022-10-28,32,12,604,401,301.97,90,5617
15359,2023-11-24,95,2,600,400,265.34,42,5356
15360,2023-05-21,81,9,603,403,169.81,79,13604
15361,2023-04-24,58,6,600,403,372.98,77,2325
15362,2023-10-18,83,3,604,400,414.06,100,4514
15363,2025-04-02,38,14,602,403,202.09,5,6508
15364,2024-02-14,83,6,600,403,461.72,40,6135
15365,2024-06-03,98,10,601,403,291.82,5,14482
15366,2024-07-17,93,2,605,402,159.12,5,4510
15367,2024-05-02,86,6,604,401,398.37,22,5679
15368,2024-01-12,45,13,601,402,159.27,63,6132
15369,2023-09-13,67,7,603,401,426.87,47,10164
15370,2024-10-22,10,2,605,400,362.07,20,2818
15371,2024-07-10,63,12,604,401,55.74,85,8634
15372,2022-03-21,57,6,603,403,53.28,90,3064
15373,2024-10-20,20,6,600,403,113.17,11,4938
15374,2022-06-25,40,15,603,403,353.33,50,273
15375,2024-09-15,95,8,604,403,385.66,71,3434
15376,2024-09-12,6,6,600,401,220.99,27,10783
15377,2022-03-15,19,11,600,400,97.24,41,10243
15378,2024-08-20,84,12,601,400,431.87,99,2873
15379,2025-04-17,92,2,601,401,429.81,81,13409
15380,2023-10-16,87,12,600,401,289.22,27,6879
15381,2025-04-08,31,11,605,403,337.86,43,1923
15382,2023-11-28,40,13,602,401,240.0,18,11871
15383,2022-05-08,2,11,601,403,259.67,80,8061
15384,2023-05-10,85,4,602,403,411.62,48,2903
15385,2023-08-12,42,1,605,402,188.2,54,277
15386,2024-08-31,88,8,604,400,483.24,56,1501
15387,2023-05-16,72,8,601,403,98.4,72,6165
15388,2022-03-14,71,11,601,402,254.98,60,4267
15389,2023-07-16,36,5,601,400,463.8,64,5429
15390,2024-10-13,75,1,603,403,386.08,75,9660
15391,2022-05-22,83,9,605,402,377.22,78,4289
15392,2022-04-09,80,3,603,401,144.83,26,8272
15393,2024-02-04,97,9,600,402,243.4,54,194
15394,2024-07-16,29,10,602,401,74.22,46,9766
15395,2024-09-13,20,11,600,403,180.51,39,11889
15396,2023-06-07,51,4,600,401,364.59,12,13495
15397,2022-08-24,39,6,601,400,358.68,84,12839
15398,2022-09-03,10,15,600,402,299.5,80,1460
15399,2023-07-24,25,10,604,403,268.53,90,13759
15400,2025-06-19,35,2,601,401,76.15,31,9099
15401,2025-06-20,89,13,602,400,59.93,29,10977
15402,2023-09-03,39,3,601,401,448.55,6,3823
15403,2023-08-21,23,12,602,403,210.53,60,9579
15404,2022-09-02,22,11,602,403,481.21,27,8245
15405,2024-12-29,92,7,604,401,82.67,53,4231
15406,2022-06-08,14,12,602,403,450.99,11,496
15407,2022-09-09,95,10,601,402,129.25,5,2561
15408,2022-05-02,79,4,605,400,105.36,26,7899
15409,2022-12-03,88,14,600,403,191.21,34,9705
15410,2022-10-29,74,12,601,403,238.9,89,4862
15411,2023-05-12,32,14,600,401,155.0,54,4773
15412,2024-05-09,99,10,600,401,247.63,88,4975
15413,2024-11-04,37,9,601,400,393.58,81,5279
15414,2022-04-29,80,2,603,402,305.23,79,2147
15415,2022-08-01,3,8,605,401,377.44,29,5953
15416,2025-06-05,42,5,601,403,432.38,76,14557
15417,2022-06-13,67,7,604,401,428.3,36,11200
15418,2023-08-01,19,13,603,400,71.97,47,7388
15419,2023-08-02,80,15,602,400,143.67,96,4842
15420,2024-01-15,83,14,600,403,431.08,82,1042
15421,2022-05-12,13,10,603,401,318.43,52,11391
15422,2024-07-12,19,9,605,402,490.68,51,8075
15423,2024-01-26,74,11,604,402,157.08,6,4737
15424,2023-10-24,17,1,605,400,81.75,52,10916
15425,2024-08-06,19,6,601,400,324.07,25,13995
15426,2022-05-09,32,12,603,402,387.94,19,10793
15427,2024-03-05,83,2,604,402,82.41,35,10348
15428,2022-01-09,90,12,602,402,497.32,100,12591
15429,2022-12-26,48,4,602,403,342.31,51,14621
15430,2022-09-22,20,15,600,403,203.14,84,7320
15431,2024-03-27,78,9,603,400,69.65,58,13107
15432,2024-08-02,62,8,602,403,298.12,100,4276
15433,2025-02-17,63,7,603,401,108.05,38,3731
15434,2025-02-07,60,2,604,400,130.34,69,13058
15435,2024-04-18,33,10,600,402,352.79,38,12507
15436,2024-11-04,82,15,602,401,498.29,95,14408
15437,2022-04-19,93,15,603,402,431.58,28,13566
15438,2023-09-20,91,2,601,401,347.54,19,11053
15439,2023-11-09,90,6,601,403,491.48,47,2278
15440,2022-09-20,68,8,604,401,160.67,21,3448
15441,2024-12-20,96,1,601,403,129.74,24,6533
15442,2022-01-14,44,15,602,401,435.5,12,1473
15443,2025-05-19,52,6,605,403,411.74,95,6490
15444,2024-01-05,94,9,602,401,389.99,73,13752
15445,2022-04-11,30,10,604,401,475.51,9,6224
15446,2023-10-26,24,7,602,402,368.14,62,4861
15447,2023-09-04,77,6,601,402,212.58,91,7705
15448,2022-06-28,14,1,600,400,424.51,37,8747
15449,2023-06-25,46,13,600,402,375.72,37,2447
15450,2024-04-06,44,6,601,400,172.73,61,1738
15451,2024-05-01,9,2,600,402,400.2,56,10884
15452,2023-04-03,53,2,601,400,55.85,82,14039
15453,2022-04-10,25,9,605,402,78.91,18,12311
15454,2024-09-19,90,2,603,403,189.13,34,3230
15455,2022-05-02,78,15,600,403,354.83,9,10124
15456,2024-02-09,17,12,605,403,60.05,9,2348
15457,2022-09-15,29,1,605,403,265.57,90,709
15458,2023-03-19,88,14,601,400,362.58,79,236
15459,2022-01-17,29,3,601,401,301.43,76,11874
15460,2024-01-24,63,11,605,402,440.91,42,480
15461,2025-03-26,48,3,602,401,157.77,83,1625
15462,2023-06-15,62,4,600,403,154.18,9,2793
15463,2022-10-03,93,5,601,401,179.8,30,3522
15464,2023-12-13,64,10,600,403,228.95,58,12979
15465,2023-06-10,18,12,603,403,96.78,25,3327
15466,2022-07-05,86,14,603,400,188.12,76,13597
15467,2022-09-24,88,4,605,400,308.63,85,5914
15468,2024-08-13,80,6,605,403,358.55,86,13198
15469,2022-03-24,71,7,601,403,368.19,94,12317
15470,2022-07-28,9,10,602,403,395.76,29,3925
15471,2024-03-10,42,2,602,402,201.75,97,1841
15472,2022-11-08,51,3,604,401,430.07,73,3050
15473,2023-05-15,85,5,601,401,433.56,12,7194
15474,2022-11-27,11,11,604,403,70.78,91,6034
15475,2024-06-04,74,1,605,402,54.31,40,7035
15476,2023-05-05,51,3,602,401,337.06,73,12966
15477,2025-05-09,64,7,605,400,235.57,42,5972
15478,2024-04-03,27,12,600,400,138.26,23,13239
15479,2022-08-23,21,1,600,401,159.23,36,9801
15480,2022-07-07,9,9,604,403,132.23,26,8230
15481,2022-12-06,21,11,604,400,377.25,61,8504
15482,2025-01-30,84,10,600,402,54.54,90,6494
15483,2025-06-05,70,7,603,400,226.9,65,8149
15484,2022-08-30,38,13,604,402,190.5,33,12476
15485,2024-01-23,97,12,604,401,237.94,39,9447
15486,2025-04-06,47,7,603,403,265.77,58,14297
15487,2025-02-15,55,3,603,401,291.31,70,12787
15488,2024-07-18,17,11,604,402,219.71,32,13340
15489,2023-03-01,43,2,601,400,459.84,17,12833
15490,2024-05-04,75,1,601,403,367.54,24,12941
15491,2022-03-04,7,8,600,403,421.55,37,14887
15492,2025-02-08,84,4,600,401,324.07,57,11306
15493,2022-11-27,47,15,603,401,449.37,90,5317
15494,2023-09-07,92,5,601,402,292.4,91,363
15495,2025-03-29,52,7,604,402,252.39,90,6257
15496,2025-01-28,35,7,604,400,153.54,29,12695
15497,2025-04-21,79,12,604,402,420.11,65,8404
15498,2023-09-11,36,7,602,402,248.6,51,5077
15499,2023-01-20,86,11,603,403,175.88,55,9774
15500,2024-09-02,8,9,601,403,206.46,7,12445
15501,2025-04-07,2,3,603,403,85.56,41,9872
15502,2023-03-25,50,8,605,402,478.74,40,6036
15503,2023-03-05,34,8,601,400,225.55,84,12859
15504,2024-11-18,99,15,600,400,374.72,52,12913
15505,2022-02-16,65,1,605,400,210.28,44,11803
15506,2024-10-17,46,12,602,401,388.39,46,8434
15507,2022-10-16,4,6,603,403,489.78,93,4973
15508,2022-04-20,86,11,601,401,242.19,37,14416
15509,2022-01-09,99,1,601,402,332.47,32,13678
15510,2024-01-26,4,14,603,401,231.99,49,2033
15511,2022-12-16,77,7,600,401,429.49,93,5933
15512,2023-10-17,94,3,600,402,160.41,10,4922
15513,2025-01-05,33,1,604,402,198.78,41,6587
15514,2023-10-22,56,3,600,401,401.21,8,3143
15515,2022-09-02,22,4,603,403,367.93,15,119
15516,2022-07-30,38,7,600,400,317.76,73,13521
15517,2025-04-11,95,8,603,401,440.21,13,10930
15518,2024-08-17,5,6,602,401,364.85,93,10820
15519,2022-07-30,96,11,604,402,231.23,56,10239
15520,2022-10-31,6,13,602,403,310.39,79,10034
15521,2023-03-25,51,10,601,400,431.87,74,13833
15522,2024-02-14,55,6,604,402,295.66,92,14951
15523,2023-02-06,82,5,603,403,435.76,32,2761
15524,2023-04-05,20,12,604,400,257.42,59,1029
15525,2024-01-16,94,15,605,401,294.89,81,301
15526,2024-06-16,65,3,604,401,83.71,81,8309
15527,2022-05-07,91,11,600,403,311.45,61,10726
15528,2024-09-12,64,3,602,401,128.51,80,12727
15529,2024-08-05,60,15,600,400,441.28,47,10101
15530,2022-06-03,69,2,603,402,58.53,57,6564
15531,2023-11-08,8,3,600,401,261.22,67,121
15532,2023-01-29,45,4,603,403,127.48,70,1561
15533,2025-04-07,93,9,601,402,186.75,64,7376
15534,2022-10-10,10,11,603,403,185.72,58,14515
15535,2024-03-01,21,10,605,400,148.42,70,6175
15536,2024-06-07,77,12,600,402,367.37,71,11258
15537,2023-03-08,23,9,604,400,183.42,85,4987
15538,2023-10-26,36,11,604,403,253.45,76,2441
15539,2022-06-23,40,15,605,400,228.75,95,7784
15540,2024-04-04,43,15,603,400,329.44,44,10885
15541,2022-07-31,13,3,603,402,269.36,92,6898
15542,2025-06-27,77,2,603,402,164.01,100,12689
15543,2024-11-24,20,5,602,400,477.53,6,7717
15544,2022-05-08,64,9,602,403,303.12,78,8257
15545,2023-01-01,33,6,605,402,161.49,49,13053
15546,2025-01-10,16,2,603,400,59.9,14,10320
15547,2025-01-25,23,13,601,401,69.84,59,998
15548,2024-06-03,11,5,600,400,246.87,23,7542
15549,2025-05-21,41,6,603,401,453.14,39,8577
15550,2022-01-15,92,12,605,402,109.05,53,13101
15551,2023-01-12,30,3,600,403,160.34,98,8651
15552,2025-01-05,75,7,605,400,289.15,21,9667
15553,2022-12-05,71,2,600,400,177.63,83,10875
15554,2023-09-25,82,2,605,400,445.32,23,10670
15555,2025-01-16,99,3,601,402,417.45,69,10254
15556,2023-09-14,78,12,601,402,85.75,6,4941
15557,2024-11-03,28,13,602,400,498.08,83,14645
15558,2025-05-27,49,3,605,400,152.78,98,2032
15559,2024-07-01,41,8,603,400,70.51,82,1486
15560,2023-12-24,59,15,601,403,54.08,100,3221
15561,2025-02-01,12,2,605,401,351.37,15,13556
15562,2023-05-07,16,3,600,401,392.68,59,472
15563,2024-01-27,59,1,602,400,423.51,46,6750
15564,2024-01-16,79,14,600,401,137.35,34,6586
15565,2024-08-13,24,4,605,401,304.17,21,12938
15566,2022-11-12,76,3,603,401,487.05,72,13828
15567,2025-02-19,93,3,603,402,235.37,91,9264
15568,2025-02-27,41,12,602,403,453.71,64,11816
15569,2022-03-20,89,3,600,402,324.81,12,8456
15570,2023-12-28,90,1,604,403,490.37,10,2866
15571,2024-06-02,44,6,605,400,494.79,57,6358
15572,2025-01-26,6,10,601,401,103.68,73,3010
15573,2023-10-07,24,3,605,403,436.37,46,6249
15574,2023-08-25,52,2,600,401,455.7,73,7677
15575,2024-11-20,75,13,605,402,352.51,46,6844
15576,2024-06-29,93,11,603,403,419.35,84,13182
15577,2023-04-06,2,4,600,403,342.97,35,8696
15578,2023-04-26,51,8,602,400,141.13,21,6240
15579,2023-10-05,40,4,605,403,334.72,89,11736
15580,2024-01-24,94,5,600,401,310.11,83,7154
15581,2022-05-08,17,15,600,403,86.67,94,11453
15582,2022-02-01,85,1,604,400,477.42,90,2231
15583,2022-12-02,44,5,600,402,322.57,69,11602
15584,2022-06-26,37,7,603,401,71.92,50,5456
15585,2025-01-10,96,15,602,400,465.08,13,10142
15586,2023-06-26,57,15,602,403,231.44,38,3020
15587,2024-11-28,14,4,600,400,84.81,21,12747
15588,2023-10-21,33,14,603,401,442.27,52,460
15589,2025-02-20,76,10,605,402,445.57,29,4839
15590,2024-11-24,69,3,601,401,390.79,67,5271
15591,2024-11-10,73,15,602,402,313.06,28,14398
15592,2025-06-14,72,6,603,403,169.98,46,13652
15593,2022-04-28,56,4,604,402,86.22,95,14864
15594,2024-08-11,76,15,605,403,204.85,58,7945
15595,2023-03-23,87,2,601,403,213.38,81,8977
15596,2022-01-03,58,2,600,403,320.23,68,311
15597,2022-03-26,28,6,605,400,214.52,63,5494
15598,2025-03-21,65,11,603,401,194.29,20,12263
15599,2023-12-06,27,9,605,402,162.4,70,6854
15600,2023-09-12,64,1,604,401,466.72,40,12814
15601,2023-07-22,12,5,600,402,365.03,49,14376
15602,2023-05-26,74,8,604,401,303.06,61,10974
15603,2022-10-06,57,4,602,401,311.13,7,1850
15604,2024-10-27,81,11,603,402,87.97,22,9960
15605,2024-05-09,73,12,605,401,93.2,60,8569
15606,2024-02-28,93,10,601,400,410.09,97,9750
15607,2024-07-16,3,3,602,400,447.41,54,3043
15608,2023-10-06,39,5,605,402,437.73,22,3157
15609,2023-04-10,41,5,600,403,362.66,49,4508
15610,2024-04-02,6,2,602,402,417.63,90,14992
15611,2024-08-12,1,2,605,403,448.81,93,204
15612,2025-06-14,37,3,604,401,267.77,66,7198
15613,2022-05-22,45,8,604,400,126.73,35,3522
15614,2022-07-15,86,15,605,403,487.02,18,8470
15615,2024-12-30,77,14,603,401,96.74,10,11858
15616,2024-01-29,22,14,602,401,90.94,58,9492
15617,2023-06-15,97,10,601,402,407.8,90,13032
15618,2023-01-09,16,2,600,400,384.33,43,1739
15619,2023-08-21,12,15,600,401,149.93,35,14791
15620,2024-01-28,33,13,600,401,160.54,24,9037
15621,2024-11-04,87,8,605,402,210.18,97,2260
15622,2023-01-14,44,7,601,402,169.5,90,14058
15623,2022-07-25,6,5,601,403,259.72,7,9439
15624,2024-05-12,21,8,602,402,425.69,61,9517
15625,2024-05-24,61,4,604,400,102.84,93,13728
15626,2022-02-11,10,12,602,403,351.32,95,7968
15627,2023-02-04,20,9,605,403,216.29,70,11443
15628,2022-01-06,40,3,600,403,113.01,96,7695
15629,2023-08-19,13,3,604,402,438.82,80,2988
15630,2025-02-18,57,8,604,400,350.32,95,386
15631,2024-02-17,63,8,600,400,119.5,43,620
15632,2024-06-21,4,15,602,401,227.37,5,10827
15633,2024-05-12,21,14,605,402,328.07,71,9598
15634,2022-01-28,97,3,604,400,281.79,32,12849
15635,2023-10-07,42,11,600,402,196.16,21,11964
15636,2024-01-11,79,2,601,402,158.59,20,6466
15637,2023-12-26,16,6,602,401,159.19,69,13321
15638,2022-09-14,100,4,600,402,216.5,79,8161
15639,2024-10-11,45,2,603,401,223.01,21,8498
15640,2024-02-03,38,8,603,400,450.86,70,13362
15641,2023-07-05,9,3,605,400,255.89,73,2816
15642,2022-09-30,81,9,601,401,424.29,8,951
15643,2025-01-21,50,10,600,401,290.89,94,11690
15644,2023-06-28,89,13,603,402,184.06,26,8434
15645,2024-08-08,68,13,601,401,413.38,47,7676
15646,2022-09-30,79,5,600,400,404.38,27,5216
15647,2025-05-28,64,14,603,402,89.29,62,5378
15648,2024-03-31,73,6,604,402,392.04,14,10572
15649,2024-08-01,46,14,603,401,58.09,88,445
15650,2023-09-29,57,7,605,403,65.46,68,14331
15651,2022-03-06,48,12,604,400,388.3,94,8058
15652,2022-03-03,70,14,603,400,162.83,67,9200
15653,2022-05-22,53,5,605,402,188.85,83,1286
15654,2024-08-27,88,13,600,401,218.04,65,8795
15655,2024-02-05,97,14,605,403,403.3,17,3462
15656,2025-06-21,24,10,602,400,349.07,48,969
15657,2024-12-06,9,7,600,400,470.2,54,12203
15658,2024-05-12,58,12,600,402,287.06,61,256
15659,2025-03-27,40,13,601,403,127.4,94,9193
15660,2024-04-22,74,8,605,402,207.58,26,12171
15661,2024-10-21,52,12,604,401,144.02,27,14426
15662,2025-06-14,64,15,604,400,366.84,45,8708
15663,2024-07-27,17,10,601,400,125.72,52,13073
15664,2024-02-28,58,2,603,403,146.44,96,3529
15665,2022-01-11,54,10,601,402,346.76,28,1369
15666,2024-04-09,25,12,600,401,175.79,35,3808
15667,2025-05-22,19,2,601,402,218.77,11,8918
15668,2025-02-17,77,8,603,402,290.84,65,9887
15669,2024-12-18,78,1,605,402,441.11,81,14530
15670,2024-02-06,60,9,605,401,328.12,45,10501
15671,2022-03-26,72,13,602,400,469.18,69,375
15672,2022-12-12,39,5,602,403,140.73,75,13227
15673,2022-07-24,70,6,603,403,324.43,74,3891
15674,2025-06-16,30,7,604,403,315.43,5,10194
15675,2024-12-30,71,9,605,401,446.22,90,6150
15676,2024-04-15,19,8,605,402,469.11,64,14361
15677,2025-06-22,41,10,603,401,78.21,98,3735
15678,2024-12-08,77,9,604,400,139.11,7,2745
15679,2025-01-02,87,5,602,401,291.58,47,8296
15680,2024-10-24,52,5,605,401,357.86,100,4294
15681,2024-06-06,39,3,605,401,366.69,95,5017
15682,2024-08-11,19,11,605,401,402.25,68,2872
15683,2024-01-02,24,13,600,401,458.7,97,5118
15684,2024-09-08,79,3,604,403,153.56,16,1089
15685,2025-02-17,27,4,601,401,373.84,13,2757
15686,2024-01-04,80,12,604,400,317.84,98,7394
15687,2024-10-21,36,14,601,403,78.89,12,13983
15688,2022-02-25,90,2,603,402,497.58,91,12370
15689,2024-07-05,34,8,603,403,218.99,90,8132
15690,2023-07-23,56,14,603,400,195.57,11,14085
15691,2023-10-29,2,5,602,403,452.17,33,9718
15692,2023-11-20,29,14,601,400,253.89,93,3595
15693,2022-04-27,33,6,605,401,307.97,20,3739
15694,2024-08-18,52,6,605,402,496.56,84,2707
15695,2022-04-07,81,9,604,400,469.38,87,8383
15696,2024-05-19,28,12,601,400,395.95,8,1607
15697,2022-11-30,38,8,605,401,319.8,92,14952
15698,2023-01-30,58,14,605,403,314.9,18,5270
15699,2024-08-26,1,15,604,402,77.48,18,5359
15700,2022-05-20,23,4,601,403,307.72,10,12640
15701,2025-03-28,55,4,602,402,146.64,67,10695
15702,2024-10-04,14,14,605,402,362.81,83,11645
15703,2023-12-06,1,8,602,402,119.27,36,13281
15704,2025-03-26,5,10,601,401,187.64,62,9547
15705,2022-11-04,28,3,601,400,488.68,93,12125
15706,2023-02-28,58,8,604,400,357.91,53,7239
15707,2023-07-01,47,9,604,402,237.26,60,7373
15708,2024-08-01,65,4,600,402,235.87,83,12617
15709,2022-05-24,49,7,605,402,234.53,7,11125
15710,2025-02-19,37,1,600,401,462.24,52,1548
15711,2022-04-24,43,15,601,400,52.2,13,13320
15712,2022-10-31,92,6,602,401,486.88,90,13423
15713,2024-01-22,66,5,605,401,117.52,37,1054
15714,2024-02-17,99,14,602,403,327.97,95,7796
15715,2023-05-23,25,12,600,401,77.76,39,2856
15716,2024-09-22,60,14,605,402,484.78,89,13124
15717,2023-04-14,30,6,602,402,461.62,15,9747
15718,2022-01-16,92,14,604,400,139.19,19,14590
15719,2023-10-04,3,13,601,400,52.73,39,11705
15720,2022-01-01,51,12,602,402,258.02,17,3720
15721,2023-09-18,80,8,603,400,151.87,75,13697
15722,2024-04-22,40,4,603,402,351.56,8,3336
15723,2024-06-17,27,1,602,402,454.62,35,12128
15724,2022-07-24,19,4,602,401,366.6,32,9739
15725,2022-10-27,90,7,601,401,104.12,64,14231
15726,2022-07-20,95,14,600,402,72.8,15,9793
15727,2023-01-30,26,12,605,403,88.24,24,8108
15728,2022-09-26,19,4,602,400,142.49,12,1713
15729,2024-09-15,68,3,600,400,183.66,29,10656
15730,2024-02-04,70,11,600,401,387.55,61,3080
15731,2024-07-28,52,6,602,402,196.77,34,12910
15732,2024-09-30,20,2,601,400,114.87,11,482
15733,2022-09-03,12,11,604,401,441.67,51,8321
15734,2024-11-14,24,7,601,403,140.78,28,8085
15735,2024-11-17,85,7,600,401,248.5,45,9458
15736,2024-12-28,20,5,602,401,238.2,64,10464
15737,2022-05-27,94,13,601,400,484.71,97,4566
15738,2022-12-26,34,14,602,400,181.37,49,9484
15739,2023-07-19,73,2,602,401,229.31,69,1092
15740,2023-07-31,97,14,601,401,479.0,68,13058
15741,2024-04-17,65,2,601,400,132.87,16,6340
15742,2025-04-29,100,4,600,402,469.74,77,13856
15743,2022-06-02,56,12,604,402,247.15,57,1419
15744,2024-01-05,23,14,602,403,456.46,51,11239
15745,2022-09-13,21,3,602,401,150.1,46,10891
15746,2025-06-22,25,1,605,400,114.61,91,3113
15747,2025-05-04,76,5,600,402,495.49,80,7786
15748,2024-01-01,64,14,601,400,374.79,33,4227
15749,2023-03-27,67,12,603,402,70.33,16,5759
15750,2024-02-09,71,6,602,400,56.43,67,3042
15751,2024-10-22,32,9,602,400,234.73,53,4730
15752,2024-04-02,4,8,601,402,365.07,19,2714
15753,2024-12-28,31,1,603,401,186.19,58,3155
15754,2023-08-19,3,1,601,402,357.97,34,8582
15755,2023-07-28,24,4,600,403,335.25,29,11682
15756,2024-10-03,61,4,604,402,96.87,31,14892
15757,2022-07-06,48,9,604,402,238.59,32,6458
15758,2023-11-06,33,4,602,400,318.98,45,6842
15759,2024-02-22,43,13,600,400,258.1,88,12665
15760,2022-08-11,56,14,600,401,331.76,78,4454
15761,2023-03-03,24,1,600,402,181.26,99,11560
15762,2024-04-06,45,10,605,401,139.59,82,14353
15763,2023-12-12,36,3,600,400,356.03,41,4329
15764,2023-11-16,92,3,601,402,112.55,46,7072
15765,2023-07-29,37,15,602,403,68.11,67,316
15766,2024-12-24,23,3,604,402,398.79,45,14171
15767,2025-04-15,51,5,600,402,269.0,18,1140
15768,2023-06-29,88,15,605,402,391.34,95,10676
15769,2023-03-17,66,2,602,402,83.4,67,10153
15770,2023-05-06,91,7,604,400,343.06,34,5997
15771,2022-11-17,9,14,601,401,107.98,74,8915
15772,2022-07-17,30,10,602,401,241.62,14,3205
15773,2025-01-04,60,6,604,403,293.25,28,2724
15774,2025-04-24,65,13,604,402,208.58,81,9389
15775,2022-06-23,54,7,603,400,283.47,10,4314
15776,2024-04-18,33,4,605,400,499.73,11,14283
15777,2024-09-16,73,4,604,400,470.74,66,11980
15778,2024-04-23,82,6,602,402,419.69,92,13064
15779,2024-02-08,94,6,603,401,61.9,34,9941
15780,2023-03-19,9,1,601,402,440.93,88,9717
15781,2022-06-10,37,9,600,403,409.58,16,14878
15782,2024-01-30,35,11,604,401,289.5,85,7706
15783,2022-06-11,30,4,601,402,333.62,69,5829
15784,2022-02-10,83,4,605,403,274.8,21,12839
15785,2025-02-04,32,1,600,401,197.79,14,9487
15786,2023-07-11,46,7,605,400,143.43,12,13364
15787,2022-10-10,27,13,603,402,97.61,45,7120
15788,2024-09-06,83,5,603,402,397.6,16,8436
15789,2022-08-08,78,3,604,400,111.06,46,364
15790,2024-09-23,67,5,601,403,160.67,27,6438
15791,2023-08-15,14,4,600,401,177.35,80,1280
15792,2023-05-05,36,3,601,403,164.23,33,1241
15793,2023-05-04,89,2,603,403,338.3,91,6869
15794,2024-10-28,40,8,604,400,375.29,15,14501
15795,2025-01-16,76,9,602,401,289.46,88,5515
15796,2022-03-04,1,14,601,400,195.65,96,8805
15797,2022-05-23,6,3,604,400,149.82,43,6058
15798,2023-09-14,68,8,604,402,455.12,100,12924
15799,2025-02-08,4,6,604,402,454.17,55,3481
15800,2023-11-01,20,11,604,403,314.68,77,4996
15801,2023-11-24,83,1,604,401,182.44,68,4522
15802,2023-04-23,32,2,601,402,138.05,98,5630
15803,2024-03-29,64,3,602,401,153.77,34,11398
15804,2024-05-14,80,1,603,403,275.75,6,3891
15805,2023-09-06,19,3,605,403,403.55,11,8775
15806,2024-04-19,95,2,603,400,237.53,22,2790
15807,2025-04-11,32,9,601,402,491.23,18,5634
15808,2022-09-19,90,12,603,402,464.47,95,7088
15809,2024-10-23,61,15,600,403,101.33,45,4634
15810,2025-06-03,7,7,600,400,195.65,76,13158
15811,2025-06-16,78,12,605,403,92.78,46,11637
15812,2023-01-16,17,10,603,403,314.71,85,13943
15813,2022-06-04,44,8,603,400,286.79,88,7742
15814,2024-01-09,63,12,604,401,206.45,79,6195
15815,2024-04-03,100,15,603,400,80.71,87,13306
15816,2025-06-11,18,10,603,400,146.31,25,3576
15817,2024-10-07,22,13,603,402,330.93,29,14105
15818,2025-01-11,92,3,600,402,165.3,59,3142
15819,2023-05-01,8,9,601,402,450.15,45,7710
15820,2022-08-23,31,15,600,403,423.93,19,14864
15821,2023-01-08,47,9,600,400,238.19,79,1752
15822,2023-07-27,2,7,601,403,258.08,9,1445
15823,2022-04-04,52,8,603,402,370.87,34,984
15824,2024-10-02,34,10,604,402,450.9,31,10240
15825,2024-10-16,33,6,604,401,231.12,34,3710
15826,2025-02-09,5,7,604,403,172.59,58,1024
15827,2023-06-26,67,14,604,402,209.04,38,12524
15828,2023-12-06,13,11,603,401,143.81,71,14843
15829,2023-11-26,13,5,602,403,255.39,51,9102
15830,2022-04-01,15,4,600,403,463.71,26,9844
15831,2023-03-09,96,15,603,400,322.78,76,5218
15832,2023-02-07,54,11,600,403,355.99,42,14634
15833,2023-12-30,65,13,602,402,317.94,88,1706
15834,2024-08-21,25,10,603,401,400.65,63,4855
15835,2023-03-31,10,14,605,400,277.51,53,11250
15836,2023-08-21,61,13,605,401,316.39,30,1427
15837,2022-05-11,58,15,604,402,292.88,48,14407
15838,2024-04-15,13,15,604,402,230.95,15,380
15839,2023-10-15,45,4,601,401,281.37,62,12476
15840,2023-08-29,94,10,600,402,209.6,70,2533
15841,2024-12-09,91,4,604,400,328.11,51,12994
15842,2024-07-08,11,15,602,402,79.85,99,6581
15843,2025-06-19,35,11,600,401,250.47,26,9200
15844,2022-06-16,49,7,605,400,255.13,43,13789
15845,2023-06-30,93,6,603,403,392.72,62,822
15846,2022-04-01,79,2,600,401,144.01,21,1466
15847,2024-12-31,53,3,602,402,381.1,10,8969
15848,2022-12-19,28,14,602,401,436.55,79,4810
15849,2023-04-19,25,12,602,401,230.19,24,2172
15850,2023-07-16,69,11,600,401,464.53,46,5791
15851,2024-08-04,13,12,603,401,153.57,43,10226
15852,2023-03-17,97,10,604,401,490.34,97,14503
15853,2022-05-17,30,5,600,402,99.42,22,331
15854,2022-04-14,6,8,605,401,384.93,45,2816
15855,2024-12-31,84,5,605,401,56.94,8,7392
15856,2023-03-08,60,12,602,400,210.57,42,7671
15857,2023-09-10,5,4,600,402,381.59,70,13565
15858,2023-10-02,65,7,604,403,489.92,64,10221
15859,2025-02-22,22,10,600,401,335.41,63,7454
15860,2025-03-23,7,6,604,400,349.38,68,2876
15861,2022-09-09,37,12,601,400,219.41,28,4578
15862,2023-05-04,82,5,603,400,135.17,51,12556
15863,2023-04-15,48,14,602,402,210.09,21,7366
15864,2022-02-18,97,9,601,400,98.81,81,2781
15865,2025-03-29,37,5,600,402,234.21,8,7921
15866,2023-10-31,51,9,601,403,342.36,100,3056
15867,2023-04-12,42,15,603,400,413.0,86,13090
15868,2022-03-19,44,14,604,403,457.93,20,13731
15869,2023-07-09,38,4,605,400,56.44,72,8846
15870,2022-10-16,59,5,604,402,441.01,76,10180
15871,2025-02-13,70,14,604,401,307.12,52,12248
15872,2025-03-04,24,6,601,401,98.88,80,13754
15873,2023-04-09,34,15,601,403,447.51,27,11782
15874,2023-08-31,5,5,600,402,337.36,12,4850
15875,2024-03-10,81,12,602,403,180.72,13,3103
15876,2022-12-25,75,15,604,401,59.95,73,13743
15877,2024-01-31,95,11,604,400,207.26,92,1462
15878,2023-05-23,92,9,604,400,307.31,20,438
15879,2022-11-05,16,5,600,403,310.96,21,3587
15880,2022-02-02,44,14,605,400,304.32,93,1757
15881,2025-03-29,10,14,601,402,473.77,44,3832
15882,2025-06-02,56,12,605,401,212.97,20,3956
15883,2024-02-27,82,7,600,403,394.13,54,12270
15884,2022-04-22,49,9,602,403,261.76,31,10788
15885,2024-02-06,23,7,604,400,167.78,71,8757
15886,2024-11-26,36,15,603,402,136.12,15,11459
15887,2023-10-26,8,1,604,401,148.94,97,3410
15888,2022-10-04,42,5,605,401,55.99,46,7142
15889,2022-04-02,40,12,600,401,466.44,10,5748
15890,2023-05-21,80,6,600,402,128.93,90,4877
15891,2025-02-22,65,5,603,401,376.65,43,229
15892,2024-12-09,12,4,600,401,61.56,50,10275
15893,2023-09-07,99,4,601,400,201.16,64,8643
15894,2025-05-07,7,11,605,400,471.58,74,4974
15895,2022-03-16,75,12,603,402,211.21,7,6425
15896,2024-04-11,18,7,604,400,458.88,5,1059
15897,2023-03-06,68,1,602,400,100.89,80,2184
15898,2024-12-29,39,6,601,401,273.48,88,12645
15899,2022-06-28,31,11,602,400,296.27,73,7698
15900,2024-02-05,38,10,605,400,360.52,46,8934
15901,2024-06-30,31,11,601,403,111.7,39,9803
15902,2025-04-12,65,6,603,400,234.26,67,12213
15903,2024-09-03,28,6,600,400,458.62,47,5457
15904,2022-02-10,14,5,602,400,406.93,58,8917
15905,2025-01-15,9,9,602,403,386.09,68,4412
15906,2023-03-14,55,2,600,403,322.22,88,11656
15907,2023-01-10,94,10,600,400,420.94,35,8928
15908,2025-01-05,79,14,600,403,209.68,43,4872
15909,2024-01-25,15,7,600,403,133.73,84,4328
15910,2025-06-21,47,4,601,400,251.05,92,11250
15911,2022-03-07,51,3,604,401,359.46,39,3172
15912,2023-05-04,51,1,603,403,443.86,19,14883
15913,2024-01-25,69,11,601,401,234.07,63,14461
15914,2024-10-12,69,12,600,400,299.26,62,13449
15915,2023-10-17,76,3,602,400,335.64,28,4215
15916,2023-05-22,58,8,603,403,489.69,86,5345
15917,2025-03-02,47,12,604,402,210.45,32,3585
15918,2022-05-15,38,11,602,402,259.62,28,12121
15919,2024-01-12,80,15,601,400,305.87,75,6373
15920,2024-09-26,58,14,601,401,107.74,31,10813
15921,2023-07-26,19,6,600,400,126.27,85,14557
15922,2023-05-25,80,10,605,402,119.46,50,1060
15923,2025-03-28,29,14,604,400,79.0,75,119
15924,2024-10-09,38,13,603,402,368.79,65,1149
15925,2022-09-09,4,12,602,403,331.23,69,5510
15926,2022-04-13,24,4,603,401,305.43,8,11241
15927,2022-05-22,67,5,604,400,480.3,79,6547
15928,2023-05-07,11,1,604,403,451.7,44,4173
15929,2022-09-16,27,3,602,401,233.51,30,2901
15930,2022-11-14,18,1,601,400,65.99,73,13147
15931,2022-12-22,93,6,603,402,402.67,95,6959
15932,2022-09-09,40,13,604,402,70.79,98,9665
15933,2024-12-13,5,13,601,402,144.01,15,8871
15934,2023-09-11,35,13,601,403,188.32,9,6194
15935,2024-05-24,88,11,600,403,218.62,68,155
15936,2023-12-31,88,11,601,400,167.24,73,13552
15937,2023-03-20,73,1,602,402,260.86,79,3525
15938,2023-06-02,69,9,600,400,371.12,76,2456
15939,2023-12-16,89,10,602,402,125.5,39,542
15940,2023-09-15,16,15,602,401,134.23,84,1017
15941,2022-11-10,54,1,604,402,401.05,82,10434
15942,2024-12-18,68,4,602,402,386.27,74,2793
15943,2022-07-01,41,7,601,402,390.96,65,11768
15944,2025-01-29,20,1,601,401,141.27,99,12616
15945,2022-09-05,60,2,601,400,394.53,39,3407
15946,2022-04-14,14,4,605,403,134.78,39,12866
15947,2024-10-27,73,14,603,401,380.53,72,14258
15948,2025-06-29,73,1,600,403,230.62,23,7428
15949,2023-04-09,88,2,602,400,412.53,41,11858
15950,2023-04-29,33,12,605,400,155.09,6,3184
15951,2024-05-25,50,2,602,401,358.22,80,1289
15952,2023-09-18,89,7,604,402,80.28,16,1228
15953,2022-07-21,65,7,602,403,449.57,67,13569
15954,2023-11-14,81,13,603,401,499.65,26,11322
15955,2025-01-20,55,8,604,401,221.61,33,5693
15956,2023-08-19,62,14,601,402,133.39,59,6958
15957,2023-01-04,18,8,601,403,164.66,33,11081
15958,2023-09-01,50,13,605,403,310.13,99,1495
15959,2022-08-19,100,8,602,403,485.99,50,14305
15960,2023-09-13,65,12,605,401,326.43,91,3504
15961,2023-12-19,13,12,600,400,50.84,53,2329
15962,2022-10-10,16,5,600,402,255.87,55,14543
15963,2023-08-07,76,11,603,400,424.4,85,8089
15964,2022-04-02,77,8,603,402,483.71,38,6867
15965,2024-02-09,87,15,605,400,385.74,52,2826
15966,2023-04-21,95,11,601,403,112.48,42,14001
15967,2022-12-08,31,5,600,401,326.46,68,1495
15968,2024-11-08,46,15,601,403,65.85,82,5133
15969,2025-02-12,57,3,603,401,360.96,98,1479
15970,2024-05-09,29,15,602,403,85.46,5,9930
15971,2022-03-06,11,14,600,403,83.68,56,2140
15972,2022-11-11,14,10,601,402,491.23,16,6112
15973,2022-09-03,90,8,601,402,218.44,100,976
15974,2024-07-29,35,5,600,401,484.07,41,10097
15975,2023-06-22,61,14,602,401,352.13,8,5072
15976,2022-06-02,46,10,603,400,412.39,48,13071
15977,2025-06-07,33,3,602,403,318.73,73,12921
15978,2024-04-21,38,14,600,400,167.35,62,5647
15979,2024-05-29,22,1,600,403,457.9,60,959
15980,2024-08-10,98,8,605,401,364.51,41,3543
15981,2025-03-14,59,14,600,400,296.2,100,13424
15982,2022-06-09,5,6,602,401,463.83,70,14106
15983,2022-12-26,72,2,600,400,423.1,89,14323
15984,2024-03-22,29,13,601,401,275.67,87,3033
15985,2022-05-08,50,14,602,400,350.3,89,11117
15986,2024-02-29,75,12,605,402,186.31,99,4883
15987,2024-08-11,37,12,603,402,156.64,79,7288
15988,2022-10-25,47,4,601,403,209.52,93,3555
15989,2025-06-05,7,5,603,403,240.52,30,3374
15990,2024-07-01,69,15,600,402,492.98,30,10353
15991,2025-04-03,66,14,602,401,446.14,66,1842
15992,2025-06-04,5,2,601,401,130.29,10,4716
15993,2023-07-21,27,11,600,400,179.29,60,12927
15994,2023-12-01,6,2,603,403,84.18,92,12297
15995,2024-09-24,49,11,602,400,226.5,98,179
15996,2024-03-10,49,12,603,402,476.04,65,14472
15997,2024-03-26,66,12,602,403,70.3,13,5209
15998,2022-09-10,69,15,601,400,50.12,33,436
15999,2023-10-17,61,7,602,402,244.83,58,11917
16000,2024-09-24,28,3,602,401,440.52,54,4385
