log_id,customer_key,log_date,topic,category,description,sentiment,channel,priority,resolution_date,agent_key
1,1812,2024-04-25,Wärmepumpe,Technisch,Wärmepumpe Störung,Negativ,Telefon,Mittel,2024-05-04,170
2,7645,2024-03-21,Speicher,Technisch,Kapazität gesunken,Neutral,Chat,Mittel,2024-03-23,84
3,16828,2024-09-11,Tarif,Vertrag,Preisgarantie Frage,Neutral,App,Mittel,2024-09-24,135
4,12719,2023-04-15,Wärmepumpe,Technisch,Wärmepumpe Störung,Negativ,Email,Hoch,2023-04-20,87
5,3399,2024-03-27,Rechnung,Abrechnung,Gutschrift angefragt,Neutral,Chat,Hoch,2024-04-02,82
6,18728,2024-11-28,Speicher,Technisch,Batteriespeicher Störung,Negativ,App,Hoch,2024-12-05,131
7,4325,2023-05-09,Wärmepumpe,Technisch,Wärmepumpe Störung,Negativ,Telefon,Hoch,2023-05-11,126
8,18045,2023-09-30,Speicher,Technisch,Kapazität gesunken,Neutral,Email,Mittel,2023-10-11,82
9,13995,2025-05-28,Allgemein,Service,Kontaktdaten ändern,Neutral,Telefon,Mittel,2025-06-08,41
10,66,2023-01-06,Rechnung,Abrechnung,Zahlungsplan angefragt,Negativ,Email,Hoch,2023-01-08,192
11,14638,2023-07-05,Wärmepumpe,Technisch,Wärmepumpe läuft nicht,Negativ,Email,Hoch,2023-07-10,136
12,1457,2025-06-12,Wärmepumpe,Technisch,Geräuschentwicklung zu hoch,Neutral,Email,Hoch,2025-06-14,95
13,10447,2023-04-16,Speicher,Technisch,Batteriespeicher Störung,Negativ,Chat,Hoch,2023-04-23,191
14,944,2023-03-16,Wallbox,E-Mobility,Wallbox lädt nicht,Negativ,Telefon,Hoch,2023-03-18,71
15,247,2024-12-22,Rechnung,Abrechnung,Unstimmigkeit in Rechnung,Neutral,Email,Niedrig,2024-12-27,74
16,3700,2023-06-08,Wärmepumpe,Technisch,Wärmepumpe läuft nicht,Negativ,Email,Niedrig,2023-06-15,95
17,17802,2024-05-23,Tarif,Vertrag,Vertragsverlängerung,Negativ,Chat,Mittel,2024-05-31,30
18,11223,2023-10-13,Rechnung,Abrechnung,Rechnungsfrage,Neutral,Telefon,Niedrig,2023-10-14,16
19,2719,2025-06-19,Wallbox,E-Mobility,Wallbox Installation angefragt,Neutral,Telefon,Niedrig,2025-06-23,60
20,16632,2023-04-28,Smart Meter,Installation,Smart Meter defekt,Negativ,Chat,Hoch,2023-04-28,111
21,14483,2024-09-24,Smart Meter,Installation,Smart Meter Ablesung fehlerhaft,Neutral,Email,Hoch,2024-09-27,66
22,7781,2025-01-08,Tarif,Vertrag,Tarifwechsel angefragt,Neutral,Chat,Mittel,2025-01-18,77
23,10428,2025-03-26,Solar,Technisch,Wechselrichter Fehler,Neutral,Email,Mittel,2025-03-31,129
24,16469,2023-05-05,Wärmepumpe,Technisch,Geräuschentwicklung zu hoch,Neutral,Chat,Kritisch,2023-05-05,109
25,3965,2024-01-22,Rechnung,Abrechnung,Zahlungsplan angefragt,Neutral,App,Mittel,2024-01-30,27
26,6538,2024-12-28,Rechnung,Abrechnung,Abschlag anpassen,Neutral,Email,Niedrig,2025-01-04,40
27,32,2024-03-22,Allgemein,Service,Informationsanfrage,Neutral,App,Mittel,2024-04-01,173
28,12465,2025-06-18,Wärmepumpe,Technisch,Effizienz zu niedrig,Neutral,Telefon,Hoch,2025-06-22,157
29,16701,2024-12-05,Allgemein,Service,Allgemeine Anfrage,Neutral,Chat,Niedrig,2024-12-11,24
30,12591,2023-12-07,Smart Meter,Installation,Smart Meter Installation angefragt,Neutral,Email,Hoch,2023-12-07,17
31,10512,2025-03-09,Allgemein,Service,Lob,Positiv,App,Niedrig,2025-03-14,169
32,17900,2023-05-07,Speicher,Technisch,Batteriespeicher Störung,Negativ,Email,Hoch,2023-05-08,143
33,16295,2024-02-06,Speicher,Technisch,Batteriespeicher Störung,Negativ,Email,Kritisch,2024-02-06,198
34,11014,2023-08-05,Allgemein,Service,Kontaktdaten ändern,Neutral,Telefon,Mittel,2023-08-17,114
35,6896,2023-12-04,Wallbox,E-Mobility,Ladekarte Probleme,Negativ,Email,Niedrig,2023-12-09,83
36,9344,2025-01-07,Tarif,Vertrag,Umzug melden,Neutral,Email,Mittel,2025-01-11,81
37,11168,2023-12-26,Solar,Technisch,Einspeisevergütung Frage,Negativ,App,Hoch,2023-12-29,1
38,6259,2023-05-11,Solar,Technisch,Solaranlage Ertrag niedrig,Neutral,Chat,Niedrig,2023-05-23,25
39,723,2024-03-31,Smart Meter,Installation,Smart Meter App funktioniert nicht,Negativ,Email,Kritisch,2024-04-04,133
40,15964,2025-04-12,Wallbox,E-Mobility,App-Verbindung unterbrochen,Neutral,Email,Niedrig,2025-04-21,82
41,11807,2023-04-22,Smart Meter,Installation,Smart Meter Installation angefragt,Neutral,Telefon,Kritisch,2023-04-28,117
42,11740,2025-04-24,Solar,Technisch,Solaranlage Ertrag niedrig,Neutral,Email,Mittel,2025-04-25,44
43,14077,2023-02-27,Allgemein,Service,Kontaktdaten ändern,Neutral,Chat,Hoch,2023-03-05,101
44,3386,2024-11-18,Smart Meter,Installation,Smart Meter Ablesung fehlerhaft,Neutral,App,Mittel,2024-11-27,134
45,14701,2025-05-20,Tarif,Vertrag,Vertragsverlängerung,Positiv,Chat,Niedrig,2025-05-24,3
46,18566,2023-03-22,Tarif,Vertrag,Preisgarantie Frage,Neutral,Chat,Niedrig,2023-04-03,164
47,10918,2024-02-25,Allgemein,Service,Kontaktdaten ändern,Positiv,App,Mittel,2024-03-03,179
48,12950,2025-03-10,Allgemein,Service,Allgemeine Anfrage,Neutral,Email,Mittel,2025-03-16,156
49,630,2024-04-07,Solar,Technisch,Monitoring nicht verfügbar,Negativ,Telefon,Hoch,2024-04-09,52
50,767,2024-09-06,Tarif,Vertrag,Kündigung,Neutral,Email,Hoch,2024-09-08,3
51,3796,2023-04-09,Solar,Technisch,Solaranlage Ertrag niedrig,Neutral,Telefon,Hoch,2023-04-11,144
52,16583,2023-12-06,Smart Meter,Installation,Smart Meter Ablesung fehlerhaft,Neutral,Telefon,Kritisch,2023-12-13,97
53,1511,2025-04-22,Tarif,Vertrag,Kündigung,Neutral,Email,Mittel,2025-04-22,177
54,7845,2023-11-04,Speicher,Technisch,Batteriespeicher Störung,Negativ,App,Mittel,2023-11-12,12
55,8421,2023-03-12,Tarif,Vertrag,Vertragsverlängerung,Negativ,App,Niedrig,2023-03-14,1
56,18890,2025-01-09,Rechnung,Abrechnung,Zahlungsplan angefragt,Neutral,Email,Mittel,2025-01-23,110
57,2824,2024-01-01,Wallbox,E-Mobility,Wallbox lädt nicht,Negativ,App,Hoch,2024-01-02,143
58,320,2023-04-02,Rechnung,Abrechnung,Unstimmigkeit in Rechnung,Negativ,Chat,Mittel,2023-04-03,43
59,11591,2023-01-08,Rechnung,Abrechnung,Gutschrift angefragt,Neutral,Telefon,Mittel,2023-01-15,158
60,17654,2024-07-05,Wallbox,E-Mobility,App-Verbindung unterbrochen,Neutral,Chat,Hoch,2024-07-10,23
61,18591,2023-03-18,Tarif,Vertrag,Umzug melden,Neutral,Chat,Mittel,2023-03-29,106
62,13888,2024-03-26,Wärmepumpe,Technisch,Wärmepumpe Störung,Negativ,App,Hoch,2024-03-28,187
63,11933,2023-11-02,Tarif,Vertrag,Preisgarantie Frage,Negativ,App,Mittel,2023-11-02,132
64,5225,2024-02-16,Wallbox,E-Mobility,Wallbox defekt,Negativ,Telefon,Hoch,2024-02-17,147
65,655,2024-06-01,Speicher,Technisch,Kapazität gesunken,Positiv,Chat,Niedrig,2024-06-13,154
66,6626,2023-02-03,Allgemein,Service,Beschwerde,Negativ,Chat,Niedrig,2023-02-11,18
67,11532,2024-06-18,Speicher,Technisch,Batteriespeicher Störung,Negativ,App,Hoch,2024-06-19,12
68,12688,2023-11-24,Tarif,Vertrag,Ökostrom Umstellung,Neutral,Email,Niedrig,2023-12-05,137
69,3054,2023-10-06,Tarif,Vertrag,Kündigung,Negativ,Email,Mittel,2023-10-09,123
70,3313,2024-09-14,Allgemein,Service,Beschwerde,Negativ,Email,Hoch,2024-09-16,183
71,14162,2025-01-11,Smart Meter,Installation,Smart Meter Ablesung fehlerhaft,Neutral,Email,Mittel,2025-01-20,74
72,8738,2023-09-26,Tarif,Vertrag,Preisgarantie Frage,Neutral,Telefon,Mittel,2023-09-28,34
73,11342,2025-01-18,Tarif,Vertrag,Tarifwechsel angefragt,Negativ,Chat,Mittel,2025-01-26,81
74,4081,2024-05-17,Smart Meter,Installation,Smart Meter zeigt keine Daten,Neutral,App,Mittel,2024-05-20,155
75,19317,2025-06-11,Rechnung,Abrechnung,Zahlungsplan angefragt,Positiv,Telefon,Kritisch,2025-06-11,141
76,13879,2024-07-21,Allgemein,Service,Kontaktdaten ändern,Negativ,Email,Mittel,2024-08-02,165
77,9291,2023-01-07,Wärmepumpe,Technisch,Effizienz zu niedrig,Neutral,Telefon,Mittel,2023-01-09,105
78,19192,2024-06-24,Wallbox,E-Mobility,Wallbox Installation angefragt,Negativ,Email,Mittel,2024-06-27,150
79,5162,2023-06-18,Rechnung,Abrechnung,Abschlag zu hoch,Neutral,Chat,Mittel,2023-06-20,103
80,17407,2023-01-16,Smart Meter,Installation,Smart Meter zeigt keine Daten,Negativ,App,Niedrig,2023-01-27,180
81,15720,2023-03-12,Rechnung,Abrechnung,Unstimmigkeit in Rechnung,Neutral,App,Hoch,2023-03-18,151
82,11525,2024-01-18,Allgemein,Service,Informationsanfrage,Positiv,Telefon,Niedrig,2024-01-30,123
83,6589,2025-05-10,Tarif,Vertrag,Tarifwechsel angefragt,Neutral,Chat,Niedrig,2025-05-23,76
84,15031,2025-02-28,Allgemein,Service,Lob,Positiv,Email,Niedrig,2025-03-04,51
85,10604,2024-10-22,Rechnung,Abrechnung,Unstimmigkeit in Rechnung,Neutral,App,Kritisch,2024-10-23,179
86,545,2024-03-28,Rechnung,Abrechnung,Gutschrift angefragt,Positiv,Telefon,Mittel,2024-03-30,93
87,16240,2023-08-12,Tarif,Vertrag,Kündigung,Positiv,Telefon,Hoch,2023-08-13,142
88,13268,2025-03-30,Smart Meter,Installation,Smart Meter defekt,Negativ,Telefon,Niedrig,2025-03-30,7
89,14485,2023-09-25,Solar,Technisch,Solaranlage produziert nicht,Negativ,App,Hoch,2023-09-27,36
90,13972,2024-12-25,Wärmepumpe,Technisch,Fehlercode E01 angezeigt,Neutral,Chat,Mittel,2025-01-02,45
91,10039,2024-05-26,Speicher,Technisch,Kapazität gesunken,Neutral,Chat,Hoch,2024-05-31,7
92,12997,2025-02-13,Wärmepumpe,Technisch,Wärmepumpe läuft nicht,Negativ,Chat,Hoch,2025-02-19,193
93,15801,2023-12-16,Rechnung,Abrechnung,Abschlag zu hoch,Neutral,App,Mittel,2023-12-22,17
94,16886,2023-08-27,Solar,Technisch,Solaranlage Ertrag niedrig,Negativ,Chat,Mittel,2023-09-05,53
95,16791,2024-12-16,Wallbox,E-Mobility,App-Verbindung unterbrochen,Positiv,Chat,Niedrig,2024-12-26,172
96,11446,2024-10-22,Solar,Technisch,Solaranlage Ertrag niedrig,Neutral,Telefon,Kritisch,2024-10-27,107
97,17788,2024-11-01,Wallbox,E-Mobility,Wallbox Installation angefragt,Neutral,Email,Hoch,2024-11-03,107
98,1448,2024-04-03,Allgemein,Service,Kontaktdaten ändern,Neutral,Email,Kritisch,2024-04-09,167
99,16227,2024-08-23,Wallbox,E-Mobility,App-Verbindung unterbrochen,Neutral,Email,Niedrig,2024-09-06,102
100,19449,2024-11-15,Allgemein,Service,Kontaktdaten ändern,Neutral,App,Niedrig,2024-11-15,135
101,19758,2025-01-02,Wärmepumpe,Technisch,Geräuschentwicklung zu hoch,Neutral,Email,Mittel,2025-01-02,133
102,15044,2023-08-14,Allgemein,Service,Informationsanfrage,Neutral,App,Hoch,2023-08-21,48
103,18538,2024-12-15,Speicher,Technisch,Kapazität gesunken,Neutral,App,Niedrig,2024-12-21,179
104,5672,2024-08-26,Solar,Technisch,Wechselrichter Fehler,Negativ,Email,Niedrig,2024-08-30,76
105,17246,2024-08-01,Speicher,Technisch,Speicher lädt nicht,Negativ,Email,Niedrig,2024-08-05,53
106,5901,2024-12-05,Speicher,Technisch,Kapazität gesunken,Positiv,Telefon,Hoch,2024-12-05,65
107,6709,2024-10-05,Smart Meter,Installation,Smart Meter Installation angefragt,Negativ,Email,Niedrig,2024-10-13,15
108,14403,2025-03-07,Wallbox,E-Mobility,Ladekarte Probleme,Positiv,App,Mittel,2025-03-10,75
109,16768,2024-05-18,Rechnung,Abrechnung,Unstimmigkeit in Rechnung,Positiv,Chat,Hoch,2024-05-22,191
110,4531,2024-03-25,Rechnung,Abrechnung,Abschlag zu hoch,Neutral,Chat,Mittel,2024-04-07,125
111,19625,2024-02-26,Speicher,Technisch,Speicher lädt nicht,Negativ,Telefon,Kritisch,2024-03-03,163
112,2748,2023-01-11,Wallbox,E-Mobility,Ladekarte Probleme,Neutral,Telefon,Niedrig,2023-01-16,128
113,9779,2025-04-10,Wärmepumpe,Technisch,Wartung angefragt,Neutral,Telefon,Mittel,2025-04-11,158
114,18352,2024-11-10,Wallbox,E-Mobility,App-Verbindung unterbrochen,Neutral,Chat,Niedrig,2024-11-17,1
115,10242,2024-10-07,Wärmepumpe,Technisch,Wartung angefragt,Neutral,App,Niedrig,2024-10-10,87
116,4804,2023-03-27,Tarif,Vertrag,Preisgarantie Frage,Neutral,Telefon,Mittel,2023-04-01,167
117,5886,2024-07-14,Allgemein,Service,Kontaktdaten ändern,Neutral,Email,Niedrig,2024-07-16,38
118,10884,2023-12-29,Wallbox,E-Mobility,Ladekarte Probleme,Positiv,Email,Hoch,2024-01-01,199
119,5850,2023-09-15,Speicher,Technisch,Kapazität gesunken,Neutral,App,Hoch,2023-09-17,31
120,19165,2024-09-13,Smart Meter,Installation,Smart Meter App funktioniert nicht,Negativ,Telefon,Hoch,2024-09-13,101
121,15526,2023-09-24,Solar,Technisch,Monitoring nicht verfügbar,Negativ,Telefon,Niedrig,2023-09-26,155
122,3951,2023-05-19,Speicher,Technisch,Batteriespeicher Störung,Negativ,Telefon,Hoch,2023-05-21,66
123,13164,2025-02-13,Speicher,Technisch,Speicher lädt nicht,Negativ,Email,Hoch,2025-02-18,3
124,11809,2024-09-09,Solar,Technisch,Einspeisevergütung Frage,Neutral,Telefon,Niedrig,2024-09-10,136
125,1445,2025-01-26,Smart Meter,Installation,Smart Meter Installation angefragt,Neutral,Chat,Niedrig,2025-02-03,83
126,4551,2023-02-14,Rechnung,Abrechnung,Unstimmigkeit in Rechnung,Neutral,App,Mittel,2023-02-18,14
127,11095,2023-11-20,Wärmepumpe,Technisch,Fehlercode E01 angezeigt,Neutral,Chat,Niedrig,2023-11-27,70
128,6846,2024-09-23,Rechnung,Abrechnung,Unstimmigkeit in Rechnung,Positiv,Chat,Mittel,2024-10-01,13
129,14110,2025-06-17,Solar,Technisch,Wechselrichter Fehler,Neutral,App,Hoch,2025-06-20,49
130,8051,2023-03-30,Rechnung,Abrechnung,Gutschrift angefragt,Neutral,Telefon,Niedrig,2023-04-12,100
131,2426,2024-07-02,Tarif,Vertrag,Kündigung,Neutral,Telefon,Niedrig,2024-07-04,196
132,13096,2023-04-20,Wärmepumpe,Technisch,Wärmepumpe Störung,Negativ,Telefon,Mittel,2023-04-25,94
133,4081,2024-02-29,Tarif,Vertrag,Umzug melden,Negativ,Chat,Niedrig,2024-03-14,50
134,319,2023-05-28,Smart Meter,Installation,Smart Meter Installation angefragt,Neutral,Telefon,Kritisch,2023-06-04,191
135,2910,2024-10-30,Solar,Technisch,Monitoring nicht verfügbar,Negativ,Telefon,Hoch,2024-10-30,151
136,10843,2024-02-13,Allgemein,Service,Kontaktdaten ändern,Positiv,Telefon,Niedrig,2024-02-25,133
137,19326,2024-09-30,Solar,Technisch,Monitoring nicht verfügbar,Negativ,Telefon,Hoch,2024-10-02,60
138,10990,2024-11-25,Speicher,Technisch,Batteriespeicher Störung,Negativ,Email,Kritisch,2024-11-30,143
139,19815,2025-05-03,Rechnung,Abrechnung,Abschlag zu hoch,Neutral,Chat,Mittel,2025-05-13,195
140,11862,2023-02-04,Speicher,Technisch,Kapazität gesunken,Neutral,App,Kritisch,2023-02-05,148
141,2171,2024-06-22,Smart Meter,Installation,Smart Meter zeigt keine Daten,Neutral,App,Mittel,2024-06-27,32
142,478,2024-10-12,Smart Meter,Installation,Smart Meter Installation angefragt,Negativ,Telefon,Mittel,2024-10-13,190
143,14106,2023-01-20,Allgemein,Service,Lob,Positiv,Email,Niedrig,2023-01-23,27
144,17857,2024-08-05,Wallbox,E-Mobility,Wallbox Installation angefragt,Neutral,Chat,Mittel,2024-08-19,108
145,10168,2024-02-01,Solar,Technisch,Wechselrichter Fehler,Neutral,App,Mittel,2024-02-02,86
146,18831,2024-05-25,Solar,Technisch,Solaranlage produziert nicht,Negativ,Email,Hoch,2024-05-26,173
147,15562,2024-03-04,Smart Meter,Installation,Smart Meter Installation angefragt,Neutral,Telefon,Mittel,2024-03-08,16
148,2760,2024-08-01,Tarif,Vertrag,Preisgarantie Frage,Negativ,Email,Mittel,2024-08-06,13
149,8785,2023-07-16,Smart Meter,Installation,Smart Meter defekt,Negativ,Telefon,Niedrig,2023-07-28,12
150,17421,2024-08-08,Wallbox,E-Mobility,App-Verbindung unterbrochen,Neutral,App,Hoch,2024-08-12,123
151,15042,2023-02-06,Wallbox,E-Mobility,Wallbox Installation angefragt,Negativ,Chat,Hoch,2023-02-08,16
152,19143,2023-05-21,Wallbox,E-Mobility,Wallbox defekt,Negativ,App,Kritisch,2023-05-21,21
153,1636,2023-04-15,Allgemein,Service,Informationsanfrage,Positiv,Telefon,Hoch,2023-04-19,67
154,7315,2024-01-17,Wärmepumpe,Technisch,Wärmepumpe Störung,Negativ,Telefon,Mittel,2024-01-18,46
155,7650,2025-04-19,Solar,Technisch,Monitoring nicht verfügbar,Negativ,Chat,Kritisch,2025-04-24,14
156,16609,2023-06-11,Allgemein,Service,Lob,Positiv,Chat,Niedrig,2023-06-21,200
157,2683,2025-01-07,Rechnung,Abrechnung,Unstimmigkeit in Rechnung,Neutral,App,Niedrig,2025-01-14,20
158,3172,2023-03-16,Tarif,Vertrag,Vertragsverlängerung,Neutral,Email,Niedrig,2023-03-27,46
159,9718,2023-08-24,Smart Meter,Installation,Smart Meter Ablesung fehlerhaft,Positiv,Telefon,Mittel,2023-08-27,168
160,12251,2024-06-15,Speicher,Technisch,Speicher lädt nicht,Negativ,Email,Hoch,2024-06-16,159
161,9545,2023-04-28,Tarif,Vertrag,Ökostrom Umstellung,Positiv,Email,Niedrig,2023-05-08,57
162,10370,2024-05-05,Smart Meter,Installation,Smart Meter Ablesung fehlerhaft,Neutral,Email,Kritisch,2024-05-10,149
163,8285,2024-01-05,Wallbox,E-Mobility,Ladekarte Probleme,Neutral,Email,Niedrig,2024-01-09,169
164,16910,2025-02-08,Smart Meter,Installation,Smart Meter defekt,Negativ,Email,Hoch,2025-02-13,125
165,4205,2024-03-31,Tarif,Vertrag,Tarifwechsel angefragt,Neutral,Telefon,Mittel,2024-04-13,57
166,18425,2024-06-22,Allgemein,Service,Beschwerde,Negativ,Email,Mittel,2024-06-22,90
167,18847,2024-08-01,Smart Meter,Installation,Smart Meter Installation angefragt,Negativ,Telefon,Mittel,2024-08-15,126
168,3836,2025-02-14,Solar,Technisch,Monitoring nicht verfügbar,Negativ,Chat,Mittel,2025-02-27,16
169,18013,2025-03-27,Rechnung,Abrechnung,Rechnungsfrage,Neutral,Telefon,Mittel,2025-03-30,115
170,13709,2023-07-07,Solar,Technisch,Solaranlage Ertrag niedrig,Neutral,App,Mittel,2023-07-20,14
171,18082,2024-08-26,Wallbox,E-Mobility,Wallbox lädt nicht,Negativ,Telefon,Kritisch,2024-09-02,54
172,14050,2024-05-23,Tarif,Vertrag,Kündigung,Neutral,Telefon,Hoch,2024-05-23,74
173,15087,2024-06-14,Smart Meter,Installation,Smart Meter zeigt keine Daten,Neutral,Email,Mittel,2024-06-23,7
174,198,2025-03-05,Speicher,Technisch,Kapazität gesunken,Positiv,Email,Mittel,2025-03-16,60
175,7504,2023-04-02,Solar,Technisch,Solaranlage produziert nicht,Negativ,Chat,Mittel,2023-04-05,133
176,2661,2024-04-21,Rechnung,Abrechnung,Unstimmigkeit in Rechnung,Positiv,Chat,Niedrig,2024-05-04,66
177,18884,2023-03-01,Rechnung,Abrechnung,Unstimmigkeit in Rechnung,Neutral,Telefon,Mittel,2023-03-06,193
178,16012,2024-12-11,Rechnung,Abrechnung,Unstimmigkeit in Rechnung,Neutral,Chat,Mittel,2024-12-25,171
179,1544,2025-04-24,Tarif,Vertrag,Kündigung,Positiv,Telefon,Hoch,2025-05-01,152
180,12465,2023-04-24,Allgemein,Service,Informationsanfrage,Positiv,Email,Mittel,2023-04-29,151
181,15545,2024-01-30,Tarif,Vertrag,Kündigung,Negativ,Telefon,Niedrig,2024-02-13,178
182,2805,2024-05-07,Smart Meter,Installation,Smart Meter App funktioniert nicht,Negativ,Telefon,Mittel,2024-05-13,52
183,9851,2023-03-14,Smart Meter,Installation,Smart Meter Installation angefragt,Negativ,Chat,Hoch,2023-03-19,177
184,4339,2024-07-12,Rechnung,Abrechnung,Abschlag anpassen,Neutral,Chat,Hoch,2024-07-16,112
185,5683,2023-05-15,Solar,Technisch,Monitoring nicht verfügbar,Negativ,App,Kritisch,2023-05-21,99
186,10135,2024-09-07,Tarif,Vertrag,Vertragsverlängerung,Neutral,Email,Hoch,2024-09-09,109
187,397,2024-09-10,Speicher,Technisch,Batteriespeicher Störung,Negativ,Chat,Mittel,2024-09-19,113
188,9090,2025-04-30,Tarif,Vertrag,Tarifwechsel angefragt,Neutral,Telefon,Niedrig,2025-05-01,146
189,4237,2024-10-10,Solar,Technisch,Solaranlage Ertrag niedrig,Neutral,App,Hoch,2024-10-14,171
190,8534,2023-08-25,Speicher,Technisch,Batteriespeicher Störung,Negativ,Chat,Kritisch,2023-08-31,132
191,7495,2023-06-13,Wärmepumpe,Technisch,Wartung angefragt,Negativ,Email,Mittel,2023-06-26,50
192,4593,2024-03-15,Rechnung,Abrechnung,Rechnungsfrage,Negativ,Email,Mittel,2024-03-27,73
193,17959,2025-06-25,Solar,Technisch,Solaranlage Ertrag niedrig,Negativ,Chat,Mittel,2025-07-09,153
194,690,2024-07-29,Allgemein,Service,Allgemeine Anfrage,Neutral,Email,Mittel,2024-08-08,11
195,6439,2024-04-19,Smart Meter,Installation,Smart Meter defekt,Negativ,App,Mittel,2024-04-28,102
196,5940,2025-06-19,Wallbox,E-Mobility,App-Verbindung unterbrochen,Positiv,Email,Niedrig,2025-07-01,159
197,8468,2024-12-15,Speicher,Technisch,Speicher lädt nicht,Negativ,Chat,Hoch,2024-12-18,165
198,8101,2024-04-24,Allgemein,Service,Allgemeine Anfrage,Neutral,Email,Hoch,2024-04-30,140
199,1849,2025-04-24,Smart Meter,Installation,Smart Meter defekt,Negativ,Telefon,Hoch,2025-04-28,72
200,17828,2024-05-10,Rechnung,Abrechnung,Zahlungsplan angefragt,Neutral,Email,Niedrig,2024-05-20,55
201,14925,2024-10-10,Allgemein,Service,Allgemeine Anfrage,Neutral,Email,Niedrig,2024-10-10,199
202,19484,2024-09-10,Smart Meter,Installation,Smart Meter defekt,Negativ,App,Mittel,2024-09-18,7
203,17445,2024-04-15,Tarif,Vertrag,Vertragsverlängerung,Neutral,Chat,Niedrig,2024-04-25,153
204,19575,2025-05-07,Tarif,Vertrag,Tarifwechsel angefragt,Neutral,Chat,Mittel,2025-05-18,51
205,7831,2023-07-16,Rechnung,Abrechnung,Rechnungsfrage,Neutral,Chat,Niedrig,2023-07-27,179
206,15056,2023-12-25,Solar,Technisch,Solaranlage produziert nicht,Negativ,App,Mittel,2024-01-08,56
207,10630,2025-03-22,Tarif,Vertrag,Tarifwechsel angefragt,Neutral,Chat,Niedrig,2025-03-28,166
208,6047,2024-03-26,Wärmepumpe,Technisch,Geräuschentwicklung zu hoch,Negativ,Telefon,Mittel,2024-04-04,10
209,6583,2024-03-26,Allgemein,Service,Kontaktdaten ändern,Neutral,Email,Mittel,2024-04-01,102
210,13189,2024-03-31,Tarif,Vertrag,Tarifwechsel angefragt,Neutral,Email,Hoch,2024-04-07,142
211,7551,2023-08-23,Speicher,Technisch,Kapazität gesunken,Neutral,Telefon,Mittel,2023-08-30,31
212,14481,2024-06-28,Rechnung,Abrechnung,Gutschrift angefragt,Negativ,Email,Mittel,2024-07-05,154
213,11343,2024-12-20,Wärmepumpe,Technisch,Wärmepumpe Störung,Negativ,Email,Niedrig,2024-12-20,24
214,17270,2023-02-12,Tarif,Vertrag,Kündigung,Neutral,App,Hoch,2023-02-16,26
215,10957,2025-06-23,Tarif,Vertrag,Ökostrom Umstellung,Neutral,App,Mittel,2025-07-02,169
216,8226,2023-09-15,Rechnung,Abrechnung,Unstimmigkeit in Rechnung,Neutral,Chat,Niedrig,2023-09-16,21
217,8130,2025-03-13,Wallbox,E-Mobility,Wallbox Installation angefragt,Negativ,Telefon,Niedrig,2025-03-15,3
218,15501,2023-05-12,Solar,Technisch,Monitoring nicht verfügbar,Negativ,Telefon,Kritisch,2023-05-16,160
219,9126,2023-06-21,Wärmepumpe,Technisch,Fehlercode E01 angezeigt,Positiv,Email,Mittel,2023-06-28,128
220,15480,2024-12-02,Tarif,Vertrag,Tarifwechsel angefragt,Negativ,Telefon,Mittel,2024-12-06,154
221,8377,2023-07-28,Allgemein,Service,Lob,Positiv,Chat,Niedrig,2023-08-11,165
222,6740,2023-10-08,Speicher,Technisch,Kapazität gesunken,Neutral,Chat,Mittel,2023-10-10,34
223,6272,2024-06-04,Smart Meter,Installation,Smart Meter defekt,Negativ,Chat,Mittel,2024-06-12,190
224,18414,2023-12-18,Wärmepumpe,Technisch,Wärmepumpe läuft nicht,Negativ,Chat,Kritisch,2023-12-19,2
225,13985,2023-01-28,Allgemein,Service,Allgemeine Anfrage,Neutral,App,Hoch,2023-01-28,105
226,17928,2023-11-12,Wallbox,E-Mobility,App-Verbindung unterbrochen,Neutral,App,Niedrig,2023-11-23,108
227,19190,2024-01-16,Speicher,Technisch,Speicher lädt nicht,Negativ,Email,Hoch,2024-01-21,141
228,11593,2024-10-13,Wallbox,E-Mobility,Wallbox lädt nicht,Negativ,Chat,Hoch,2024-10-18,15
229,16900,2025-04-23,Smart Meter,Installation,Smart Meter App funktioniert nicht,Negativ,Telefon,Hoch,2025-04-25,152
230,18313,2023-02-20,Smart Meter,Installation,Smart Meter Ablesung fehlerhaft,Neutral,Chat,Mittel,2023-03-02,129
231,17980,2025-02-26,Smart Meter,Installation,Smart Meter zeigt keine Daten,Neutral,Email,Niedrig,2025-03-05,77
232,16086,2023-04-05,Solar,Technisch,Solaranlage produziert nicht,Negativ,App,Mittel,2023-04-05,71
233,15437,2024-10-17,Allgemein,Service,Kontaktdaten ändern,Neutral,Email,Mittel,2024-10-31,77
234,11035,2023-07-18,Speicher,Technisch,Kapazität gesunken,Neutral,App,Niedrig,2023-07-31,154
235,5834,2025-06-10,Tarif,Vertrag,Preisgarantie Frage,Neutral,App,Niedrig,2025-06-23,186
236,4676,2023-03-31,Wallbox,E-Mobility,Wallbox lädt nicht,Negativ,Chat,Mittel,2023-04-07,28
237,13489,2024-03-29,Smart Meter,Installation,Smart Meter Installation angefragt,Neutral,App,Mittel,2024-03-31,38
238,4278,2023-10-20,Allgemein,Service,Kontaktdaten ändern,Neutral,Email,Hoch,2023-10-20,112
239,7672,2024-05-26,Smart Meter,Installation,Smart Meter Installation angefragt,Positiv,Email,Niedrig,2024-05-26,105
240,15612,2025-06-03,Solar,Technisch,Einspeisevergütung Frage,Neutral,Chat,Mittel,2025-06-07,181
241,3258,2023-02-16,Solar,Technisch,Einspeisevergütung Frage,Negativ,App,Niedrig,2023-02-20,67
242,8490,2024-03-07,Speicher,Technisch,Batteriespeicher Störung,Negativ,Telefon,Mittel,2024-03-10,162
243,3253,2023-12-26,Speicher,Technisch,Kapazität gesunken,Neutral,App,Hoch,2023-12-28,142
244,2297,2023-04-30,Rechnung,Abrechnung,Gutschrift angefragt,Neutral,Email,Mittel,2023-05-01,188
245,13156,2023-12-31,Allgemein,Service,Lob,Positiv,App,Niedrig,2024-01-14,85
246,15295,2025-03-17,Speicher,Technisch,Speicher lädt nicht,Negativ,Email,Hoch,2025-03-19,69
247,7943,2025-04-28,Wallbox,E-Mobility,Ladekarte Probleme,Neutral,Telefon,Niedrig,2025-05-04,1
248,2183,2025-01-08,Allgemein,Service,Informationsanfrage,Neutral,Chat,Niedrig,2025-01-13,77
249,2472,2025-06-10,Solar,Technisch,Wechselrichter Fehler,Neutral,App,Mittel,2025-06-11,149
250,8435,2024-05-06,Smart Meter,Installation,Smart Meter zeigt keine Daten,Neutral,Chat,Mittel,2024-05-16,124
251,5473,2023-06-17,Wärmepumpe,Technisch,Fehlercode E01 angezeigt,Positiv,App,Hoch,2023-06-17,200
252,5897,2023-02-13,Tarif,Vertrag,Tarifwechsel angefragt,Neutral,Telefon,Mittel,2023-02-24,88
253,8844,2024-03-09,Rechnung,Abrechnung,Rechnungsfrage,Neutral,App,Niedrig,2024-03-16,167
254,7429,2023-12-23,Speicher,Technisch,Kapazität gesunken,Neutral,App,Hoch,2023-12-28,193
255,2113,2024-10-26,Smart Meter,Installation,Smart Meter App funktioniert nicht,Negativ,App,Niedrig,2024-11-03,197
256,12398,2024-06-03,Tarif,Vertrag,Vertragsverlängerung,Neutral,Email,Mittel,2024-06-15,199
257,3493,2023-04-14,Wärmepumpe,Technisch,Fehlercode E01 angezeigt,Neutral,Chat,Niedrig,2023-04-21,158
258,2173,2023-09-30,Smart Meter,Installation,Smart Meter zeigt keine Daten,Neutral,Telefon,Mittel,2023-10-13,20
259,8015,2024-09-19,Rechnung,Abrechnung,Abschlag anpassen,Neutral,Email,Niedrig,2024-09-22,146
260,17662,2023-07-23,Allgemein,Service,Beschwerde,Negativ,Telefon,Hoch,2023-07-28,15
261,13943,2023-11-10,Smart Meter,Installation,Smart Meter Installation angefragt,Neutral,Chat,Mittel,2023-11-16,17
262,10019,2023-07-28,Solar,Technisch,Einspeisevergütung Frage,Negativ,Chat,Mittel,2023-07-30,157
263,14854,2025-05-17,Rechnung,Abrechnung,Rechnungsfrage,Neutral,Chat,Hoch,2025-05-24,95
264,12197,2024-12-15,Wallbox,E-Mobility,Wallbox Installation angefragt,Negativ,Email,Niedrig,2024-12-18,52
265,4165,2025-02-14,Tarif,Vertrag,Preisgarantie Frage,Neutral,Telefon,Hoch,2025-02-16,105
266,5522,2025-04-12,Solar,Technisch,Monitoring nicht verfügbar,Negativ,Email,Hoch,2025-04-17,35
267,7401,2024-12-12,Speicher,Technisch,Batteriespeicher Störung,Negativ,Chat,Hoch,2024-12-16,10
268,18991,2025-06-18,Allgemein,Service,Kontaktdaten ändern,Neutral,Telefon,Hoch,2025-06-19,21
269,9159,2023-03-19,Speicher,Technisch,Speicher lädt nicht,Negativ,App,Mittel,2023-03-21,87
270,9770,2023-07-16,Allgemein,Service,Informationsanfrage,Neutral,Chat,Mittel,2023-07-24,52
271,8771,2025-05-02,Allgemein,Service,Kontaktdaten ändern,Neutral,Chat,Mittel,2025-05-12,178
272,224,2023-02-09,Speicher,Technisch,Speicher lädt nicht,Negativ,Email,Mittel,2023-02-21,148
273,14609,2024-12-14,Rechnung,Abrechnung,Abschlag zu hoch,Neutral,Telefon,Niedrig,2024-12-22,166
274,5044,2023-07-06,Allgemein,Service,Allgemeine Anfrage,Neutral,Chat,Niedrig,2023-07-07,77
275,15558,2025-03-07,Tarif,Vertrag,Umzug melden,Neutral,Chat,Mittel,2025-03-08,16
276,3018,2023-02-10,Tarif,Vertrag,Preisgarantie Frage,Positiv,App,Niedrig,2023-02-23,59
277,2954,2024-11-02,Wallbox,E-Mobility,Wallbox defekt,Negativ,Email,Kritisch,2024-11-09,191
278,7814,2024-03-06,Wallbox,E-Mobility,Wallbox lädt nicht,Negativ,Email,Hoch,2024-03-08,63
279,16040,2023-07-06,Tarif,Vertrag,Ökostrom Umstellung,Neutral,Email,Niedrig,2023-07-11,94
280,16241,2025-04-07,Tarif,Vertrag,Kündigung,Neutral,App,Niedrig,2025-04-15,65
281,8809,2023-10-28,Solar,Technisch,Einspeisevergütung Frage,Positiv,App,Niedrig,2023-10-29,108
282,9738,2024-05-08,Tarif,Vertrag,Umzug melden,Neutral,Telefon,Mittel,2024-05-18,84
283,2410,2025-04-06,Speicher,Technisch,Kapazität gesunken,Neutral,Email,Mittel,2025-04-16,27
284,9503,2024-07-17,Allgemein,Service,Lob,Positiv,Email,Niedrig,2024-07-25,133
285,10999,2023-02-16,Wallbox,E-Mobility,App-Verbindung unterbrochen,Neutral,Email,Mittel,2023-02-20,24
286,5467,2024-07-24,Rechnung,Abrechnung,Unstimmigkeit in Rechnung,Neutral,Email,Niedrig,2024-07-28,9
287,611,2025-02-09,Smart Meter,Installation,Smart Meter defekt,Negativ,Chat,Mittel,2025-02-10,81
288,12536,2025-02-15,Wallbox,E-Mobility,Wallbox Installation angefragt,Negativ,App,Kritisch,2025-02-18,58
289,16552,2023-04-28,Solar,Technisch,Solaranlage Ertrag niedrig,Negativ,Telefon,Mittel,2023-05-01,84
290,9599,2025-06-01,Rechnung,Abrechnung,Abschlag zu hoch,Neutral,App,Mittel,2025-06-12,66
291,18956,2024-03-08,Solar,Technisch,Solaranlage Ertrag niedrig,Neutral,Telefon,Mittel,2024-03-12,200
292,4147,2023-02-15,Wallbox,E-Mobility,Wallbox lädt nicht,Negativ,Email,Kritisch,2023-02-20,82
293,2017,2023-07-17,Smart Meter,Installation,Smart Meter Ablesung fehlerhaft,Neutral,Telefon,Mittel,2023-07-18,85
294,5381,2023-09-11,Speicher,Technisch,Speicher lädt nicht,Negativ,Chat,Hoch,2023-09-14,16
295,11477,2024-11-08,Solar,Technisch,Wechselrichter Fehler,Positiv,App,Mittel,2024-11-18,23
296,7628,2025-02-04,Speicher,Technisch,Kapazität gesunken,Neutral,Chat,Hoch,2025-02-07,177
297,15665,2023-07-08,Tarif,Vertrag,Ökostrom Umstellung,Neutral,Email,Niedrig,2023-07-17,64
298,9933,2025-04-21,Allgemein,Service,Kontaktdaten ändern,Positiv,Email,Niedrig,2025-05-04,114
299,11164,2024-01-09,Speicher,Technisch,Batteriespeicher Störung,Negativ,App,Mittel,2024-01-14,50
300,3068,2025-06-07,Smart Meter,Installation,Smart Meter Installation angefragt,Positiv,Chat,Mittel,2025-06-07,110
301,16268,2024-12-08,Allgemein,Service,Kontaktdaten ändern,Positiv,Chat,Niedrig,2024-12-13,96
302,7976,2024-10-23,Rechnung,Abrechnung,Abschlag anpassen,Negativ,Chat,Mittel,2024-11-04,73
303,15942,2024-02-13,Speicher,Technisch,Batteriespeicher Störung,Negativ,Email,Kritisch,2024-02-13,143
304,11311,2023-10-03,Tarif,Vertrag,Ökostrom Umstellung,Positiv,Chat,Mittel,2023-10-16,72
305,7165,2025-04-04,Wärmepumpe,Technisch,Wärmepumpe läuft nicht,Negativ,Email,Mittel,2025-04-06,160
306,2677,2023-07-20,Smart Meter,Installation,Smart Meter defekt,Negativ,Chat,Hoch,2023-07-27,190
307,13397,2023-12-20,Wärmepumpe,Technisch,Wartung angefragt,Positiv,Telefon,Mittel,2023-12-21,2
308,1747,2023-03-22,Rechnung,Abrechnung,Gutschrift angefragt,Positiv,Email,Hoch,2023-03-29,146
309,10030,2024-02-09,Solar,Technisch,Solaranlage Ertrag niedrig,Neutral,App,Niedrig,2024-02-13,8
310,9357,2023-07-21,Tarif,Vertrag,Ökostrom Umstellung,Neutral,Email,Mittel,2023-08-01,133
311,11277,2025-03-25,Solar,Technisch,Wechselrichter Fehler,Positiv,Email,Mittel,2025-04-01,142
312,908,2023-10-07,Tarif,Vertrag,Vertragsverlängerung,Neutral,Telefon,Niedrig,2023-10-18,122
313,5840,2023-02-04,Wärmepumpe,Technisch,Fehlercode E01 angezeigt,Positiv,Telefon,Niedrig,2023-02-13,196
314,4891,2023-03-05,Tarif,Vertrag,Vertragsverlängerung,Neutral,Chat,Mittel,2023-03-07,87
315,19903,2025-02-27,Tarif,Vertrag,Preisgarantie Frage,Neutral,Chat,Niedrig,2025-03-04,192
316,4224,2025-02-16,Allgemein,Service,Beschwerde,Negativ,Email,Mittel,2025-02-19,88
317,13797,2024-09-14,Rechnung,Abrechnung,Rechnungsfrage,Neutral,Chat,Mittel,2024-09-24,29
318,3332,2024-01-10,Speicher,Technisch,Batteriespeicher Störung,Negativ,Email,Hoch,2024-01-17,198
319,14044,2024-08-22,Wallbox,E-Mobility,Wallbox defekt,Negativ,Chat,Kritisch,2024-08-25,24
320,15620,2025-06-14,Solar,Technisch,Wechselrichter Fehler,Neutral,App,Mittel,2025-06-25,186
321,180,2023-02-07,Speicher,Technisch,Kapazität gesunken,Neutral,Email,Hoch,2023-02-11,68
322,8460,2024-02-09,Allgemein,Service,Lob,Positiv,Email,Niedrig,2024-02-11,158
323,18819,2023-10-12,Speicher,Technisch,Kapazität gesunken,Neutral,Telefon,Niedrig,2023-10-23,5
324,19068,2024-03-12,Rechnung,Abrechnung,Gutschrift angefragt,Neutral,Chat,Niedrig,2024-03-19,192
325,17058,2025-03-14,Wallbox,E-Mobility,Ladekarte Probleme,Neutral,Telefon,Niedrig,2025-03-24,149
326,15552,2024-06-30,Wallbox,E-Mobility,App-Verbindung unterbrochen,Neutral,Chat,Hoch,2024-07-03,108
327,15787,2023-02-15,Speicher,Technisch,Batteriespeicher Störung,Negativ,Chat,Hoch,2023-02-16,63
328,158,2023-06-16,Smart Meter,Installation,Smart Meter App funktioniert nicht,Negativ,Chat,Hoch,2023-06-17,105
329,11661,2024-04-12,Wärmepumpe,Technisch,Fehlercode E01 angezeigt,Neutral,Email,Mittel,2024-04-25,32
330,2396,2023-06-22,Wärmepumpe,Technisch,Effizienz zu niedrig,Negativ,Email,Niedrig,2023-06-30,144
331,18831,2023-10-11,Tarif,Vertrag,Vertragsverlängerung,Neutral,App,Niedrig,2023-10-24,182
332,15966,2023-10-30,Speicher,Technisch,Batteriespeicher Störung,Negativ,Email,Kritisch,2023-11-01,59
333,11215,2023-04-23,Wärmepumpe,Technisch,Wartung angefragt,Neutral,Email,Hoch,2023-04-27,40
334,1206,2023-06-07,Solar,Technisch,Solaranlage produziert nicht,Negativ,Telefon,Niedrig,2023-06-11,86
335,1969,2024-08-24,Wärmepumpe,Technisch,Effizienz zu niedrig,Positiv,App,Niedrig,2024-09-01,103
336,11344,2025-02-07,Smart Meter,Installation,Smart Meter defekt,Negativ,Email,Hoch,2025-02-09,66
337,19803,2025-04-01,Rechnung,Abrechnung,Zahlungsplan angefragt,Positiv,Chat,Mittel,2025-04-10,19
338,2288,2024-03-02,Solar,Technisch,Wechselrichter Fehler,Neutral,Email,Hoch,2024-03-03,56
339,16291,2023-05-15,Speicher,Technisch,Kapazität gesunken,Positiv,App,Mittel,2023-05-20,116
340,15852,2023-12-05,Speicher,Technisch,Kapazität gesunken,Neutral,Chat,Mittel,2023-12-14,137
341,13838,2024-05-17,Smart Meter,Installation,Smart Meter App funktioniert nicht,Negativ,App,Mittel,2024-05-25,16
342,4114,2023-12-29,Smart Meter,Installation,Smart Meter zeigt keine Daten,Neutral,App,Niedrig,2024-01-02,32
343,12526,2024-08-23,Wallbox,E-Mobility,Ladekarte Probleme,Neutral,Telefon,Mittel,2024-08-24,90
344,4619,2023-02-23,Wallbox,E-Mobility,Wallbox defekt,Negativ,Chat,Kritisch,2023-02-28,96
345,11858,2024-01-13,Rechnung,Abrechnung,Zahlungsplan angefragt,Neutral,Telefon,Mittel,2024-01-26,152
346,8932,2024-01-16,Allgemein,Service,Kontaktdaten ändern,Negativ,Telefon,Hoch,2024-01-19,42
347,1771,2024-05-25,Wärmepumpe,Technisch,Wärmepumpe Störung,Negativ,Chat,Mittel,2024-06-01,166
348,913,2024-12-15,Rechnung,Abrechnung,Abschlag zu hoch,Neutral,Email,Mittel,2024-12-27,155
349,10330,2023-07-12,Wallbox,E-Mobility,Wallbox Installation angefragt,Neutral,App,Mittel,2023-07-12,184
350,16832,2024-03-23,Solar,Technisch,Wechselrichter Fehler,Neutral,Email,Mittel,2024-04-03,3
351,12607,2025-06-20,Rechnung,Abrechnung,Unstimmigkeit in Rechnung,Neutral,Chat,Hoch,2025-06-25,79
352,13892,2023-08-15,Speicher,Technisch,Kapazität gesunken,Neutral,Chat,Niedrig,2023-08-19,71
353,19738,2024-12-25,Smart Meter,Installation,Smart Meter Ablesung fehlerhaft,Neutral,Telefon,Niedrig,2024-12-26,108
354,15848,2023-03-13,Tarif,Vertrag,Ökostrom Umstellung,Neutral,Telefon,Hoch,2023-03-13,6
355,10678,2024-12-09,Wallbox,E-Mobility,Ladekarte Probleme,Neutral,App,Mittel,2024-12-09,120
356,19087,2023-10-11,Tarif,Vertrag,Umzug melden,Neutral,Chat,Hoch,2023-10-11,195
357,4419,2023-11-29,Rechnung,Abrechnung,Abschlag anpassen,Neutral,App,Hoch,2023-12-01,84
358,6315,2023-03-29,Wärmepumpe,Technisch,Wärmepumpe läuft nicht,Negativ,Telefon,Mittel,2023-03-30,154
359,16029,2024-07-07,Wärmepumpe,Technisch,Fehlercode E01 angezeigt,Neutral,Email,Niedrig,2024-07-15,36
360,17745,2023-06-18,Wärmepumpe,Technisch,Effizienz zu niedrig,Neutral,Chat,Mittel,2023-06-18,91
361,10452,2023-11-26,Wallbox,E-Mobility,App-Verbindung unterbrochen,Neutral,Email,Hoch,2023-11-28,20
362,18918,2023-08-05,Wallbox,E-Mobility,Wallbox defekt,Negativ,Chat,Mittel,2023-08-07,113
363,17123,2023-02-27,Wärmepumpe,Technisch,Wärmepumpe Störung,Negativ,App,Hoch,2023-03-04,46
364,16166,2025-03-25,Wallbox,E-Mobility,Ladekarte Probleme,Neutral,Email,Mittel,2025-03-28,117
365,4751,2024-12-19,Solar,Technisch,Wechselrichter Fehler,Positiv,Chat,Hoch,2024-12-21,153
366,2478,2024-01-20,Solar,Technisch,Wechselrichter Fehler,Neutral,Email,Niedrig,2024-01-31,34
367,7064,2024-10-24,Speicher,Technisch,Speicher lädt nicht,Negativ,Telefon,Hoch,2024-10-29,109
368,3739,2025-03-29,Smart Meter,Installation,Smart Meter Installation angefragt,Neutral,Chat,Niedrig,2025-04-09,178
369,14003,2023-06-26,Rechnung,Abrechnung,Abschlag zu hoch,Neutral,Telefon,Mittel,2023-06-27,68
370,422,2024-02-07,Tarif,Vertrag,Ökostrom Umstellung,Neutral,App,Kritisch,2024-02-11,89
371,5964,2023-04-06,Wallbox,E-Mobility,Wallbox lädt nicht,Negativ,App,Hoch,2023-04-11,118
372,12868,2024-07-29,Speicher,Technisch,Kapazität gesunken,Neutral,Email,Mittel,2024-08-09,11
373,12299,2024-04-27,Tarif,Vertrag,Tarifwechsel angefragt,Negativ,Telefon,Kritisch,2024-04-28,45
374,16434,2023-10-04,Rechnung,Abrechnung,Abschlag anpassen,Neutral,Email,Hoch,2023-10-05,65
375,10190,2024-04-20,Wallbox,E-Mobility,Ladekarte Probleme,Neutral,Chat,Niedrig,2024-04-26,25
376,3772,2023-09-28,Allgemein,Service,Allgemeine Anfrage,Neutral,Chat,Hoch,2023-09-30,93
377,876,2023-12-02,Speicher,Technisch,Speicher lädt nicht,Negativ,App,Mittel,2023-12-06,166
378,18034,2024-07-25,Tarif,Vertrag,Tarifwechsel angefragt,Positiv,Chat,Hoch,2024-07-29,40
379,11230,2025-04-20,Wallbox,E-Mobility,Ladekarte Probleme,Negativ,Chat,Mittel,2025-04-30,140
380,44,2025-05-22,Speicher,Technisch,Kapazität gesunken,Positiv,Chat,Niedrig,2025-05-31,98
381,15896,2025-01-02,Solar,Technisch,Solaranlage produziert nicht,Negativ,Telefon,Niedrig,2025-01-10,44
382,5788,2023-01-10,Wallbox,E-Mobility,App-Verbindung unterbrochen,Neutral,Chat,Niedrig,2023-01-11,48
383,9959,2024-10-30,Wallbox,E-Mobility,Wallbox defekt,Negativ,Email,Hoch,2024-11-02,189
384,19769,2024-11-02,Wärmepumpe,Technisch,Wärmepumpe Störung,Negativ,Email,Hoch,2024-11-02,31
385,18686,2023-03-29,Tarif,Vertrag,Preisgarantie Frage,Neutral,Chat,Hoch,2023-04-05,198
386,13957,2024-08-17,Wallbox,E-Mobility,Wallbox lädt nicht,Negativ,Chat,Kritisch,2024-08-24,93
387,7040,2023-01-22,Wärmepumpe,Technisch,Wärmepumpe läuft nicht,Negativ,Telefon,Hoch,2023-01-29,86
388,11510,2025-03-07,Solar,Technisch,Solaranlage Ertrag niedrig,Neutral,Telefon,Mittel,2025-03-16,16
389,17862,2024-05-28,Rechnung,Abrechnung,Rechnungsfrage,Neutral,Telefon,Mittel,2024-06-11,47
390,15525,2024-01-08,Wallbox,E-Mobility,Ladekarte Probleme,Negativ,Chat,Niedrig,2024-01-17,31
391,4765,2023-05-27,Tarif,Vertrag,Tarifwechsel angefragt,Positiv,Email,Mittel,2023-06-05,115
392,819,2025-03-15,Rechnung,Abrechnung,Zahlungsplan angefragt,Neutral,Email,Mittel,2025-03-15,63
393,12960,2025-04-16,Wallbox,E-Mobility,Wallbox Installation angefragt,Neutral,App,Mittel,2025-04-22,8
394,5474,2024-02-20,Wallbox,E-Mobility,Wallbox lädt nicht,Negativ,Email,Kritisch,2024-02-24,72
395,12136,2024-12-13,Rechnung,Abrechnung,Abschlag zu hoch,Neutral,App,Mittel,2024-12-18,22
396,7934,2023-12-13,Wallbox,E-Mobility,Wallbox Installation angefragt,Neutral,App,Hoch,2023-12-15,23
397,11373,2025-04-14,Rechnung,Abrechnung,Abschlag zu hoch,Positiv,Telefon,Hoch,2025-04-15,147
398,9373,2023-07-16,Allgemein,Service,Allgemeine Anfrage,Neutral,Telefon,Niedrig,2023-07-22,166
399,5556,2025-01-30,Solar,Technisch,Monitoring nicht verfügbar,Negativ,Chat,Mittel,2025-02-04,46
400,17909,2024-09-08,Speicher,Technisch,Speicher lädt nicht,Negativ,Chat,Hoch,2024-09-14,44
401,6477,2023-05-25,Wärmepumpe,Technisch,Wärmepumpe Störung,Negativ,Chat,Mittel,2023-05-31,35
402,15488,2024-07-06,Wärmepumpe,Technisch,Wärmepumpe Störung,Negativ,Chat,Mittel,2024-07-20,109
403,17417,2024-10-25,Tarif,Vertrag,Kündigung,Negativ,App,Mittel,2024-10-31,144
404,19087,2023-06-27,Wärmepumpe,Technisch,Effizienz zu niedrig,Neutral,App,Niedrig,2023-07-06,16
405,6260,2024-10-02,Solar,Technisch,Einspeisevergütung Frage,Negativ,Chat,Mittel,2024-10-16,169
406,9738,2024-05-23,Solar,Technisch,Einspeisevergütung Frage,Negativ,Telefon,Niedrig,2024-05-29,12
407,14309,2025-05-15,Solar,Technisch,Wechselrichter Fehler,Negativ,Email,Kritisch,2025-05-18,57
408,10664,2023-04-15,Allgemein,Service,Informationsanfrage,Neutral,Chat,Mittel,2023-04-20,71
409,11153,2024-08-28,Solar,Technisch,Wechselrichter Fehler,Neutral,Telefon,Mittel,2024-09-06,197
410,466,2024-06-09,Tarif,Vertrag,Umzug melden,Neutral,Chat,Hoch,2024-06-13,167
411,8521,2024-10-18,Speicher,Technisch,Kapazität gesunken,Neutral,Email,Mittel,2024-10-19,191
412,18004,2024-07-09,Tarif,Vertrag,Tarifwechsel angefragt,Neutral,Telefon,Niedrig,2024-07-11,137
413,2791,2023-04-21,Wallbox,E-Mobility,Wallbox defekt,Negativ,App,Kritisch,2023-04-25,122
414,11894,2024-04-27,Smart Meter,Installation,Smart Meter Ablesung fehlerhaft,Positiv,App,Hoch,2024-05-04,54
415,7420,2024-09-04,Tarif,Vertrag,Vertragsverlängerung,Neutral,App,Hoch,2024-09-05,91
416,11024,2024-05-15,Smart Meter,Installation,Smart Meter App funktioniert nicht,Negativ,Chat,Niedrig,2024-05-29,6
417,2048,2023-11-23,Speicher,Technisch,Batteriespeicher Störung,Negativ,App,Mittel,2023-11-23,115
418,8238,2023-09-05,Allgemein,Service,Beschwerde,Negativ,Telefon,Kritisch,2023-09-11,142
419,13987,2023-10-10,Allgemein,Service,Informationsanfrage,Positiv,Email,Mittel,2023-10-19,163
420,8174,2023-02-17,Solar,Technisch,Solaranlage produziert nicht,Negativ,Telefon,Hoch,2023-02-22,57
421,10918,2024-03-01,Wallbox,E-Mobility,Ladekarte Probleme,Neutral,App,Kritisch,2024-03-06,182
422,7079,2023-03-09,Wallbox,E-Mobility,Wallbox lädt nicht,Negativ,Telefon,Kritisch,2023-03-09,128
423,9677,2024-11-26,Solar,Technisch,Einspeisevergütung Frage,Neutral,Telefon,Mittel,2024-11-26,141
424,19540,2024-10-25,Solar,Technisch,Einspeisevergütung Frage,Positiv,Chat,Mittel,2024-10-27,197
425,11953,2024-05-24,Wärmepumpe,Technisch,Wärmepumpe läuft nicht,Negativ,Email,Hoch,2024-05-25,192
426,17325,2024-07-07,Smart Meter,Installation,Smart Meter Installation angefragt,Neutral,Chat,Niedrig,2024-07-16,39
427,8260,2025-06-24,Speicher,Technisch,Batteriespeicher Störung,Negativ,Telefon,Mittel,2025-07-01,58
428,19976,2024-09-13,Solar,Technisch,Solaranlage produziert nicht,Negativ,Email,Kritisch,2024-09-15,189
429,16843,2024-08-09,Tarif,Vertrag,Kündigung,Neutral,Email,Mittel,2024-08-14,119
430,5820,2025-05-08,Tarif,Vertrag,Kündigung,Negativ,App,Niedrig,2025-05-12,18
431,19067,2024-10-15,Smart Meter,Installation,Smart Meter App funktioniert nicht,Negativ,Email,Hoch,2024-10-18,187
432,17325,2024-08-16,Speicher,Technisch,Speicher lädt nicht,Negativ,App,Hoch,2024-08-20,80
433,11624,2024-01-11,Speicher,Technisch,Speicher lädt nicht,Negativ,Email,Mittel,2024-01-12,19
434,8302,2024-12-24,Allgemein,Service,Beschwerde,Negativ,Telefon,Mittel,2025-01-04,180
435,6567,2023-11-05,Wallbox,E-Mobility,App-Verbindung unterbrochen,Neutral,Chat,Mittel,2023-11-12,77
436,16664,2025-01-05,Wärmepumpe,Technisch,Geräuschentwicklung zu hoch,Negativ,Telefon,Hoch,2025-01-06,28
437,15238,2024-12-04,Tarif,Vertrag,Umzug melden,Neutral,Telefon,Hoch,2024-12-04,134
438,2326,2025-06-28,Speicher,Technisch,Speicher lädt nicht,Negativ,App,Mittel,2025-07-05,174
439,14708,2024-06-13,Solar,Technisch,Wechselrichter Fehler,Negativ,Telefon,Niedrig,2024-06-21,34
440,17508,2023-07-09,Wallbox,E-Mobility,Wallbox lädt nicht,Negativ,Email,Mittel,2023-07-20,169
441,9680,2023-04-20,Wallbox,E-Mobility,Wallbox defekt,Negativ,Telefon,Niedrig,2023-05-01,108
442,3025,2023-10-03,Speicher,Technisch,Kapazität gesunken,Neutral,Telefon,Mittel,2023-10-03,70
443,449,2023-07-26,Smart Meter,Installation,Smart Meter Ablesung fehlerhaft,Negativ,Telefon,Niedrig,2023-08-08,65
444,3363,2024-01-23,Rechnung,Abrechnung,Rechnungsfrage,Neutral,App,Niedrig,2024-01-30,7
445,5463,2024-03-23,Wärmepumpe,Technisch,Geräuschentwicklung zu hoch,Neutral,Telefon,Niedrig,2024-04-05,138
446,4407,2023-05-10,Wärmepumpe,Technisch,Geräuschentwicklung zu hoch,Negativ,Telefon,Mittel,2023-05-22,86
447,1208,2024-01-26,Wallbox,E-Mobility,Wallbox lädt nicht,Negativ,Telefon,Mittel,2024-02-04,85
448,4791,2024-07-27,Speicher,Technisch,Kapazität gesunken,Positiv,App,Kritisch,2024-07-27,117
449,8278,2024-02-09,Wallbox,E-Mobility,Wallbox lädt nicht,Negativ,Chat,Kritisch,2024-02-16,185
450,18289,2023-06-14,Wärmepumpe,Technisch,Wartung angefragt,Neutral,Email,Mittel,2023-06-21,117
451,5758,2024-11-20,Solar,Technisch,Monitoring nicht verfügbar,Negativ,Telefon,Kritisch,2024-11-20,43
452,858,2024-10-04,Wärmepumpe,Technisch,Geräuschentwicklung zu hoch,Neutral,App,Mittel,2024-10-15,157
453,4154,2023-10-12,Wärmepumpe,Technisch,Wartung angefragt,Neutral,Chat,Niedrig,2023-10-17,173
454,6280,2025-01-14,Wärmepumpe,Technisch,Wärmepumpe Störung,Negativ,Chat,Niedrig,2025-01-23,53
455,14532,2024-02-05,Smart Meter,Installation,Smart Meter App funktioniert nicht,Negativ,Email,Mittel,2024-02-09,28
456,11474,2024-06-11,Smart Meter,Installation,Smart Meter zeigt keine Daten,Neutral,Telefon,Mittel,2024-06-13,75
457,9779,2023-09-04,Smart Meter,Installation,Smart Meter zeigt keine Daten,Negativ,App,Mittel,2023-09-11,105
458,7681,2024-01-16,Allgemein,Service,Beschwerde,Negativ,Telefon,Hoch,2024-01-22,162
459,4068,2024-11-06,Wärmepumpe,Technisch,Wartung angefragt,Neutral,Email,Mittel,2024-11-08,136
460,6993,2025-06-06,Allgemein,Service,Lob,Positiv,Email,Niedrig,2025-06-06,20
461,9199,2024-06-02,Allgemein,Service,Informationsanfrage,Positiv,App,Niedrig,2024-06-03,97
462,3892,2025-05-05,Allgemein,Service,Informationsanfrage,Neutral,Chat,Mittel,2025-05-10,178
463,7757,2024-01-28,Solar,Technisch,Einspeisevergütung Frage,Negativ,Chat,Niedrig,2024-02-07,123
464,14095,2023-07-19,Wärmepumpe,Technisch,Wärmepumpe läuft nicht,Negativ,Telefon,Hoch,2023-07-24,1
465,18315,2023-05-20,Solar,Technisch,Einspeisevergütung Frage,Neutral,App,Mittel,2023-05-22,35
466,13447,2024-01-07,Tarif,Vertrag,Ökostrom Umstellung,Negativ,Chat,Hoch,2024-01-07,78
467,3747,2023-03-06,Wallbox,E-Mobility,Wallbox lädt nicht,Negativ,Email,Hoch,2023-03-10,33
468,6869,2024-04-07,Tarif,Vertrag,Preisgarantie Frage,Negativ,Telefon,Mittel,2024-04-11,32
469,15790,2023-08-27,Speicher,Technisch,Kapazität gesunken,Positiv,Chat,Mittel,2023-09-10,113
470,7420,2023-10-19,Rechnung,Abrechnung,Zahlungsplan angefragt,Neutral,App,Hoch,2023-10-19,111
471,10127,2024-11-22,Wärmepumpe,Technisch,Wartung angefragt,Neutral,App,Hoch,2024-11-23,27
472,5855,2024-12-20,Wallbox,E-Mobility,Wallbox Installation angefragt,Neutral,Telefon,Mittel,2024-12-29,118
473,16543,2023-01-16,Rechnung,Abrechnung,Gutschrift angefragt,Neutral,App,Mittel,2023-01-16,154
474,6368,2024-10-08,Allgemein,Service,Lob,Positiv,Email,Niedrig,2024-10-13,73
475,17814,2024-08-26,Wärmepumpe,Technisch,Effizienz zu niedrig,Neutral,App,Hoch,2024-09-01,178
476,18225,2024-12-30,Wärmepumpe,Technisch,Wartung angefragt,Neutral,App,Mittel,2025-01-12,137
477,14805,2023-10-17,Speicher,Technisch,Speicher lädt nicht,Negativ,Chat,Hoch,2023-10-18,78
478,7466,2023-11-11,Smart Meter,Installation,Smart Meter defekt,Negativ,App,Kritisch,2023-11-16,59
479,13670,2024-08-13,Wallbox,E-Mobility,Ladekarte Probleme,Neutral,Telefon,Hoch,2024-08-14,177
480,2073,2025-06-24,Wallbox,E-Mobility,Ladekarte Probleme,Neutral,Chat,Niedrig,2025-06-30,174
481,9844,2024-01-18,Smart Meter,Installation,Smart Meter Ablesung fehlerhaft,Neutral,Email,Mittel,2024-01-26,55
482,11563,2023-03-31,Smart Meter,Installation,Smart Meter Ablesung fehlerhaft,Neutral,Telefon,Niedrig,2023-04-11,176
483,7869,2023-10-02,Tarif,Vertrag,Kündigung,Neutral,Telefon,Mittel,2023-10-03,104
484,7490,2023-04-06,Wärmepumpe,Technisch,Fehlercode E01 angezeigt,Neutral,Telefon,Mittel,2023-04-18,102
485,13663,2023-09-19,Wallbox,E-Mobility,Wallbox lädt nicht,Negativ,Chat,Hoch,2023-09-20,69
486,6144,2023-12-28,Solar,Technisch,Wechselrichter Fehler,Neutral,App,Niedrig,2024-01-03,94
487,7997,2024-06-23,Rechnung,Abrechnung,Gutschrift angefragt,Negativ,Telefon,Niedrig,2024-07-02,34
488,10072,2023-09-09,Wallbox,E-Mobility,Ladekarte Probleme,Positiv,Chat,Kritisch,2023-09-11,192
489,17485,2023-10-14,Rechnung,Abrechnung,Rechnungsfrage,Neutral,Chat,Hoch,2023-10-17,122
490,16754,2024-12-30,Wärmepumpe,Technisch,Wärmepumpe Störung,Negativ,Chat,Hoch,2025-01-05,155
491,10221,2024-11-24,Smart Meter,Installation,Smart Meter zeigt keine Daten,Positiv,Email,Mittel,2024-11-28,8
492,6135,2023-03-23,Wallbox,E-Mobility,Wallbox defekt,Negativ,Telefon,Niedrig,2023-04-03,18
493,12563,2024-06-27,Speicher,Technisch,Batteriespeicher Störung,Negativ,App,Mittel,2024-06-30,164
494,19665,2025-04-03,Smart Meter,Installation,Smart Meter defekt,Negativ,App,Mittel,2025-04-07,197
495,8140,2025-01-11,Solar,Technisch,Einspeisevergütung Frage,Neutral,Email,Hoch,2025-01-11,196
496,2436,2024-07-12,Tarif,Vertrag,Umzug melden,Neutral,App,Kritisch,2024-07-14,187
497,7058,2023-03-06,Rechnung,Abrechnung,Abschlag anpassen,Negativ,Chat,Hoch,2023-03-07,59
498,18960,2023-05-05,Speicher,Technisch,Batteriespeicher Störung,Negativ,Chat,Hoch,2023-05-09,188
499,847,2024-04-12,Wärmepumpe,Technisch,Wärmepumpe läuft nicht,Negativ,App,Hoch,2024-04-15,2
500,12368,2023-09-06,Wärmepumpe,Technisch,Effizienz zu niedrig,Neutral,Telefon,Mittel,2023-09-07,35
501,2819,2024-09-11,Allgemein,Service,Lob,Positiv,Telefon,Niedrig,2024-09-24,84
502,16080,2023-12-05,Solar,Technisch,Wechselrichter Fehler,Positiv,Email,Niedrig,2023-12-19,34
503,2598,2024-10-11,Solar,Technisch,Einspeisevergütung Frage,Neutral,Telefon,Mittel,2024-10-20,34
504,2762,2025-01-23,Wallbox,E-Mobility,Wallbox Installation angefragt,Neutral,Chat,Mittel,2025-01-30,122
505,11776,2023-06-28,Solar,Technisch,Solaranlage produziert nicht,Negativ,App,Hoch,2023-07-01,85
506,3181,2024-10-10,Allgemein,Service,Beschwerde,Negativ,Email,Hoch,2024-10-11,50
507,18809,2025-01-06,Wallbox,E-Mobility,App-Verbindung unterbrochen,Neutral,Chat,Niedrig,2025-01-08,67
508,6599,2024-06-26,Tarif,Vertrag,Preisgarantie Frage,Neutral,Telefon,Hoch,2024-07-01,78
509,14676,2023-12-14,Solar,Technisch,Solaranlage produziert nicht,Negativ,Chat,Mittel,2023-12-26,101
510,809,2023-01-04,Smart Meter,Installation,Smart Meter Installation angefragt,Neutral,Email,Hoch,2023-01-05,112
511,5208,2024-01-30,Rechnung,Abrechnung,Rechnungsfrage,Neutral,Chat,Niedrig,2024-02-01,124
512,14993,2025-06-03,Wallbox,E-Mobility,Wallbox Installation angefragt,Positiv,Telefon,Mittel,2025-06-17,156
513,2702,2025-05-14,Wärmepumpe,Technisch,Wärmepumpe läuft nicht,Negativ,Chat,Kritisch,2025-05-16,147
514,19636,2024-11-25,Rechnung,Abrechnung,Gutschrift angefragt,Negativ,Telefon,Mittel,2024-12-04,102
515,2433,2025-01-08,Wärmepumpe,Technisch,Wärmepumpe läuft nicht,Negativ,Email,Mittel,2025-01-21,135
516,8569,2025-03-26,Wärmepumpe,Technisch,Fehlercode E01 angezeigt,Negativ,Email,Mittel,2025-03-28,111
517,13009,2025-06-21,Rechnung,Abrechnung,Zahlungsplan angefragt,Neutral,Telefon,Niedrig,2025-06-22,138
518,5948,2023-12-11,Wärmepumpe,Technisch,Effizienz zu niedrig,Negativ,App,Mittel,2023-12-15,66
519,1430,2024-11-12,Rechnung,Abrechnung,Rechnungsfrage,Positiv,App,Mittel,2024-11-24,79
520,1396,2023-09-26,Smart Meter,Installation,Smart Meter zeigt keine Daten,Neutral,Email,Mittel,2023-09-26,134
521,16301,2024-05-29,Wallbox,E-Mobility,Ladekarte Probleme,Neutral,Email,Mittel,2024-05-30,44
522,10158,2023-11-08,Smart Meter,Installation,Smart Meter App funktioniert nicht,Negativ,Email,Niedrig,2023-11-20,153
523,6048,2024-10-29,Solar,Technisch,Monitoring nicht verfügbar,Negativ,Email,Hoch,2024-10-29,71
524,643,2023-12-22,Wärmepumpe,Technisch,Wärmepumpe läuft nicht,Negativ,Telefon,Hoch,2023-12-22,187
525,11232,2025-01-23,Speicher,Technisch,Speicher lädt nicht,Negativ,Email,Hoch,2025-01-30,44
526,5751,2025-05-09,Speicher,Technisch,Speicher lädt nicht,Negativ,App,Kritisch,2025-05-13,162
527,4817,2024-08-21,Tarif,Vertrag,Umzug melden,Neutral,Telefon,Mittel,2024-08-26,103
528,15963,2024-06-01,Tarif,Vertrag,Ökostrom Umstellung,Neutral,Email,Niedrig,2024-06-11,29
529,19814,2023-04-20,Allgemein,Service,Informationsanfrage,Neutral,Telefon,Hoch,2023-04-25,134
530,19493,2023-03-23,Solar,Technisch,Solaranlage Ertrag niedrig,Neutral,Telefon,Mittel,2023-04-04,150
531,12554,2024-05-26,Speicher,Technisch,Speicher lädt nicht,Negativ,Chat,Hoch,2024-05-28,49
532,9686,2023-07-16,Wallbox,E-Mobility,Wallbox Installation angefragt,Negativ,Telefon,Mittel,2023-07-27,93
533,2837,2023-08-21,Wärmepumpe,Technisch,Effizienz zu niedrig,Neutral,Telefon,Mittel,2023-09-01,20
534,8435,2024-03-18,Rechnung,Abrechnung,Abschlag anpassen,Neutral,App,Mittel,2024-03-30,147
535,7940,2023-02-08,Wallbox,E-Mobility,Wallbox lädt nicht,Negativ,Telefon,Hoch,2023-02-15,143
536,1394,2023-06-15,Smart Meter,Installation,Smart Meter App funktioniert nicht,Negativ,Telefon,Mittel,2023-06-25,33
537,9328,2023-12-19,Rechnung,Abrechnung,Gutschrift angefragt,Neutral,Chat,Niedrig,2023-12-21,26
538,9810,2023-11-12,Speicher,Technisch,Speicher lädt nicht,Negativ,Chat,Hoch,2023-11-18,194
539,8868,2023-03-28,Allgemein,Service,Beschwerde,Negativ,Chat,Kritisch,2023-04-04,84
540,17687,2025-01-22,Rechnung,Abrechnung,Abschlag zu hoch,Neutral,App,Mittel,2025-01-28,186
541,17635,2023-11-20,Solar,Technisch,Einspeisevergütung Frage,Neutral,Chat,Mittel,2023-11-21,69
542,9398,2024-12-12,Speicher,Technisch,Batteriespeicher Störung,Negativ,App,Hoch,2024-12-16,69
543,10999,2023-11-30,Tarif,Vertrag,Tarifwechsel angefragt,Negativ,Telefon,Niedrig,2023-12-05,156
544,4668,2024-10-07,Solar,Technisch,Solaranlage Ertrag niedrig,Neutral,Chat,Mittel,2024-10-16,174
545,12429,2025-01-03,Allgemein,Service,Allgemeine Anfrage,Positiv,Email,Niedrig,2025-01-13,183
546,607,2023-05-04,Speicher,Technisch,Kapazität gesunken,Negativ,Telefon,Hoch,2023-05-09,64
547,14378,2023-04-27,Wärmepumpe,Technisch,Fehlercode E01 angezeigt,Positiv,Chat,Niedrig,2023-05-08,195
548,14086,2024-07-22,Solar,Technisch,Solaranlage Ertrag niedrig,Positiv,Email,Niedrig,2024-08-04,65
549,12271,2023-03-25,Allgemein,Service,Informationsanfrage,Neutral,Email,Mittel,2023-03-30,74
550,7463,2023-07-31,Speicher,Technisch,Speicher lädt nicht,Negativ,Email,Hoch,2023-08-03,145
551,7478,2023-11-12,Wallbox,E-Mobility,Wallbox lädt nicht,Negativ,App,Niedrig,2023-11-24,40
552,14152,2024-09-30,Rechnung,Abrechnung,Unstimmigkeit in Rechnung,Negativ,Chat,Hoch,2024-10-04,169
553,12625,2023-07-31,Solar,Technisch,Wechselrichter Fehler,Positiv,App,Niedrig,2023-08-12,157
554,9815,2024-06-09,Rechnung,Abrechnung,Rechnungsfrage,Neutral,Email,Mittel,2024-06-18,9
555,9708,2024-05-03,Wärmepumpe,Technisch,Wärmepumpe läuft nicht,Negativ,Telefon,Hoch,2024-05-09,74
556,6845,2024-09-29,Allgemein,Service,Lob,Positiv,Chat,Niedrig,2024-10-08,100
557,8478,2023-03-29,Rechnung,Abrechnung,Abschlag anpassen,Neutral,Chat,Niedrig,2023-04-02,38
558,14738,2023-09-11,Solar,Technisch,Einspeisevergütung Frage,Neutral,Chat,Mittel,2023-09-11,58
559,17570,2023-05-13,Rechnung,Abrechnung,Abschlag anpassen,Neutral,Chat,Niedrig,2023-05-13,2
560,5932,2024-12-03,Solar,Technisch,Monitoring nicht verfügbar,Negativ,Telefon,Kritisch,2024-12-08,6
561,14622,2023-05-06,Wallbox,E-Mobility,Wallbox lädt nicht,Negativ,Chat,Niedrig,2023-05-20,4
562,12986,2023-12-27,Tarif,Vertrag,Umzug melden,Positiv,Chat,Mittel,2024-01-06,48
563,14703,2023-09-04,Wärmepumpe,Technisch,Fehlercode E01 angezeigt,Neutral,Chat,Niedrig,2023-09-17,194
564,14648,2024-04-09,Speicher,Technisch,Kapazität gesunken,Neutral,Telefon,Mittel,2024-04-13,139
565,9239,2023-08-12,Rechnung,Abrechnung,Zahlungsplan angefragt,Neutral,Telefon,Mittel,2023-08-23,134
566,9903,2023-07-22,Speicher,Technisch,Batteriespeicher Störung,Negativ,Email,Mittel,2023-07-27,13
567,12670,2025-04-14,Smart Meter,Installation,Smart Meter Installation angefragt,Negativ,App,Hoch,2025-04-17,134
568,6631,2025-01-26,Wallbox,E-Mobility,App-Verbindung unterbrochen,Negativ,App,Hoch,2025-01-28,39
569,16134,2023-01-15,Wärmepumpe,Technisch,Wartung angefragt,Neutral,App,Hoch,2023-01-20,156
570,367,2024-08-17,Rechnung,Abrechnung,Abschlag anpassen,Negativ,Telefon,Mittel,2024-08-22,59
571,11220,2024-12-25,Wärmepumpe,Technisch,Effizienz zu niedrig,Neutral,Chat,Mittel,2025-01-03,60
572,2881,2024-08-09,Wärmepumpe,Technisch,Wartung angefragt,Neutral,Chat,Mittel,2024-08-09,101
573,8174,2024-06-02,Tarif,Vertrag,Tarifwechsel angefragt,Neutral,Chat,Mittel,2024-06-10,96
574,4345,2025-04-09,Rechnung,Abrechnung,Rechnungsfrage,Negativ,Telefon,Niedrig,2025-04-21,191
575,19221,2023-01-01,Wallbox,E-Mobility,App-Verbindung unterbrochen,Neutral,Email,Mittel,2023-01-04,7
576,3746,2024-06-07,Wärmepumpe,Technisch,Geräuschentwicklung zu hoch,Neutral,App,Mittel,2024-06-14,110
577,18224,2025-06-01,Speicher,Technisch,Kapazität gesunken,Neutral,Chat,Mittel,2025-06-05,4
578,3944,2025-06-06,Solar,Technisch,Solaranlage Ertrag niedrig,Positiv,Chat,Mittel,2025-06-13,178
579,10535,2024-08-17,Smart Meter,Installation,Smart Meter Ablesung fehlerhaft,Neutral,App,Mittel,2024-08-30,75
580,13929,2023-03-15,Wärmepumpe,Technisch,Fehlercode E01 angezeigt,Neutral,Chat,Mittel,2023-03-20,195
581,17922,2024-09-03,Allgemein,Service,Informationsanfrage,Neutral,Telefon,Niedrig,2024-09-15,92
582,2722,2024-12-15,Rechnung,Abrechnung,Gutschrift angefragt,Positiv,Chat,Mittel,2024-12-21,108
583,9705,2024-11-16,Speicher,Technisch,Batteriespeicher Störung,Negativ,Telefon,Hoch,2024-11-20,176
584,15018,2023-03-07,Speicher,Technisch,Kapazität gesunken,Neutral,App,Mittel,2023-03-14,37
585,1451,2023-09-02,Allgemein,Service,Informationsanfrage,Negativ,Telefon,Mittel,2023-09-10,176
586,12994,2024-12-12,Solar,Technisch,Einspeisevergütung Frage,Neutral,App,Hoch,2024-12-12,68
587,3171,2023-03-14,Smart Meter,Installation,Smart Meter zeigt keine Daten,Neutral,App,Niedrig,2023-03-22,10
588,16066,2024-09-10,Smart Meter,Installation,Smart Meter App funktioniert nicht,Negativ,App,Hoch,2024-09-10,51
589,15978,2023-04-17,Smart Meter,Installation,Smart Meter zeigt keine Daten,Neutral,Telefon,Hoch,2023-04-17,197
590,6911,2025-02-18,Wallbox,E-Mobility,Wallbox lädt nicht,Negativ,Chat,Kritisch,2025-02-23,82
591,4273,2024-11-12,Speicher,Technisch,Kapazität gesunken,Negativ,Telefon,Mittel,2024-11-23,191
592,3760,2023-02-11,Tarif,Vertrag,Umzug melden,Positiv,Email,Mittel,2023-02-24,33
593,3008,2025-01-28,Wallbox,E-Mobility,Wallbox Installation angefragt,Neutral,Email,Mittel,2025-02-11,116
594,6406,2023-04-18,Smart Meter,Installation,Smart Meter Ablesung fehlerhaft,Neutral,Telefon,Niedrig,2023-04-28,175
595,12175,2024-05-02,Rechnung,Abrechnung,Gutschrift angefragt,Negativ,Email,Mittel,2024-05-14,149
596,16214,2023-08-04,Solar,Technisch,Wechselrichter Fehler,Neutral,Chat,Mittel,2023-08-09,164
597,4358,2024-01-09,Tarif,Vertrag,Tarifwechsel angefragt,Neutral,App,Niedrig,2024-01-17,141
598,10740,2023-03-16,Tarif,Vertrag,Kündigung,Neutral,Telefon,Mittel,2023-03-21,2
599,4653,2024-07-05,Speicher,Technisch,Kapazität gesunken,Negativ,Email,Mittel,2024-07-19,120
600,2171,2024-03-04,Solar,Technisch,Solaranlage Ertrag niedrig,Neutral,Chat,Hoch,2024-03-04,79
601,15396,2023-02-21,Tarif,Vertrag,Kündigung,Neutral,App,Mittel,2023-03-04,43
602,11151,2024-09-16,Wärmepumpe,Technisch,Wärmepumpe läuft nicht,Negativ,App,Hoch,2024-09-17,177
603,9316,2024-06-01,Speicher,Technisch,Batteriespeicher Störung,Negativ,Chat,Niedrig,2024-06-06,179
604,1743,2024-11-18,Tarif,Vertrag,Umzug melden,Positiv,Telefon,Hoch,2024-11-19,20
605,17632,2024-09-21,Smart Meter,Installation,Smart Meter App funktioniert nicht,Negativ,Telefon,Hoch,2024-09-28,146
606,13881,2023-11-25,Rechnung,Abrechnung,Abschlag anpassen,Negativ,Email,Mittel,2023-12-06,1
607,18663,2025-02-17,Smart Meter,Installation,Smart Meter Ablesung fehlerhaft,Neutral,Telefon,Hoch,2025-02-19,180
608,233,2023-03-24,Allgemein,Service,Beschwerde,Negativ,App,Hoch,2023-03-30,181
609,14169,2024-07-20,Tarif,Vertrag,Kündigung,Negativ,App,Niedrig,2024-07-31,7
610,4124,2023-03-14,Solar,Technisch,Einspeisevergütung Frage,Neutral,Chat,Mittel,2023-03-23,90
611,8970,2024-11-22,Smart Meter,Installation,Smart Meter zeigt keine Daten,Neutral,App,Hoch,2024-11-22,73
612,14643,2025-01-30,Allgemein,Service,Lob,Positiv,App,Niedrig,2025-02-09,88
613,8116,2023-06-17,Wallbox,E-Mobility,Wallbox defekt,Negativ,Telefon,Kritisch,2023-06-20,194
614,3351,2024-01-14,Wärmepumpe,Technisch,Effizienz zu niedrig,Negativ,App,Niedrig,2024-01-16,155
615,7121,2023-03-08,Allgemein,Service,Kontaktdaten ändern,Neutral,Email,Hoch,2023-03-12,28
616,3627,2023-04-13,Speicher,Technisch,Batteriespeicher Störung,Negativ,App,Mittel,2023-04-19,72
617,6806,2024-09-11,Tarif,Vertrag,Ökostrom Umstellung,Positiv,Chat,Mittel,2024-09-23,181
618,13157,2025-02-18,Wallbox,E-Mobility,Ladekarte Probleme,Neutral,App,Niedrig,2025-02-20,92
619,309,2023-11-04,Solar,Technisch,Solaranlage produziert nicht,Negativ,Telefon,Mittel,2023-11-11,37
620,8787,2023-10-29,Solar,Technisch,Einspeisevergütung Frage,Positiv,Telefon,Niedrig,2023-11-05,124
621,11445,2023-01-05,Smart Meter,Installation,Smart Meter Ablesung fehlerhaft,Neutral,Telefon,Hoch,2023-01-05,5
622,11825,2024-10-01,Allgemein,Service,Kontaktdaten ändern,Negativ,Telefon,Niedrig,2024-10-10,16
623,14171,2024-05-12,Allgemein,Service,Lob,Positiv,Chat,Niedrig,2024-05-17,164
624,6452,2024-09-17,Wallbox,E-Mobility,Wallbox defekt,Negativ,Telefon,Hoch,2024-09-24,167
625,6599,2023-06-17,Solar,Technisch,Wechselrichter Fehler,Neutral,Email,Mittel,2023-07-01,128
626,14943,2024-11-22,Rechnung,Abrechnung,Abschlag zu hoch,Neutral,Telefon,Niedrig,2024-11-26,66
627,14727,2024-11-02,Solar,Technisch,Monitoring nicht verfügbar,Negativ,App,Mittel,2024-11-02,167
628,2899,2024-08-18,Solar,Technisch,Solaranlage Ertrag niedrig,Positiv,Email,Niedrig,2024-08-20,135
629,9513,2023-12-18,Wärmepumpe,Technisch,Effizienz zu niedrig,Neutral,Email,Mittel,2023-12-31,7
630,10540,2024-04-28,Wärmepumpe,Technisch,Wärmepumpe läuft nicht,Negativ,Chat,Kritisch,2024-05-02,88
631,4407,2023-09-15,Smart Meter,Installation,Smart Meter zeigt keine Daten,Neutral,Email,Mittel,2023-09-29,77
632,9489,2024-06-06,Wärmepumpe,Technisch,Fehlercode E01 angezeigt,Neutral,App,Mittel,2024-06-10,61
633,13665,2023-10-12,Solar,Technisch,Solaranlage produziert nicht,Negativ,Telefon,Niedrig,2023-10-25,15
634,16597,2024-09-03,Wärmepumpe,Technisch,Wartung angefragt,Neutral,Chat,Mittel,2024-09-03,187
635,14656,2024-06-15,Tarif,Vertrag,Tarifwechsel angefragt,Negativ,Email,Hoch,2024-06-21,131
636,10100,2025-05-10,Wärmepumpe,Technisch,Wärmepumpe läuft nicht,Negativ,Telefon,Kritisch,2025-05-12,110
637,5543,2023-05-17,Wallbox,E-Mobility,Wallbox Installation angefragt,Neutral,Email,Kritisch,2023-05-24,34
638,16531,2023-08-29,Tarif,Vertrag,Vertragsverlängerung,Neutral,Chat,Niedrig,2023-08-31,107
639,3280,2023-08-09,Wallbox,E-Mobility,App-Verbindung unterbrochen,Negativ,Telefon,Kritisch,2023-08-13,80
640,4924,2024-02-15,Tarif,Vertrag,Tarifwechsel angefragt,Negativ,Email,Mittel,2024-02-18,123
641,7491,2024-11-05,Rechnung,Abrechnung,Gutschrift angefragt,Negativ,Chat,Kritisch,2024-11-10,34
642,1397,2023-02-16,Smart Meter,Installation,Smart Meter zeigt keine Daten,Neutral,Telefon,Mittel,2023-02-27,195
643,13358,2024-03-04,Wallbox,E-Mobility,App-Verbindung unterbrochen,Neutral,Telefon,Mittel,2024-03-12,136
644,3337,2023-12-06,Wärmepumpe,Technisch,Geräuschentwicklung zu hoch,Neutral,Email,Niedrig,2023-12-17,52
645,4380,2024-06-23,Allgemein,Service,Lob,Positiv,Email,Niedrig,2024-07-03,171
646,3155,2024-11-22,Speicher,Technisch,Speicher lädt nicht,Negativ,Chat,Hoch,2024-11-22,130
647,11365,2025-04-04,Wärmepumpe,Technisch,Wartung angefragt,Neutral,Email,Mittel,2025-04-08,105
648,1585,2025-03-11,Wallbox,E-Mobility,Wallbox Installation angefragt,Neutral,Email,Mittel,2025-03-24,35
649,4722,2023-09-16,Wärmepumpe,Technisch,Geräuschentwicklung zu hoch,Neutral,App,Mittel,2023-09-29,86
650,15602,2024-08-10,Rechnung,Abrechnung,Rechnungsfrage,Neutral,App,Hoch,2024-08-11,102
651,4267,2025-06-12,Smart Meter,Installation,Smart Meter Installation angefragt,Neutral,App,Hoch,2025-06-17,118
652,4166,2023-09-21,Allgemein,Service,Informationsanfrage,Neutral,Email,Mittel,2023-09-24,59
653,12681,2025-02-09,Rechnung,Abrechnung,Zahlungsplan angefragt,Positiv,Email,Niedrig,2025-02-20,184
654,6576,2024-03-28,Smart Meter,Installation,Smart Meter defekt,Negativ,Telefon,Kritisch,2024-03-31,49
655,14991,2025-06-28,Speicher,Technisch,Speicher lädt nicht,Negativ,Email,Kritisch,2025-07-05,26
656,10690,2023-03-04,Speicher,Technisch,Batteriespeicher Störung,Negativ,Telefon,Kritisch,2023-03-09,48
657,6316,2025-06-05,Smart Meter,Installation,Smart Meter Ablesung fehlerhaft,Neutral,App,Mittel,2025-06-14,52
658,18455,2023-04-20,Wallbox,E-Mobility,Wallbox Installation angefragt,Neutral,Email,Niedrig,2023-04-21,47
659,2030,2024-04-28,Speicher,Technisch,Speicher lädt nicht,Negativ,Telefon,Hoch,2024-05-03,52
660,16331,2025-06-24,Allgemein,Service,Informationsanfrage,Neutral,Email,Kritisch,2025-06-27,69
661,7357,2023-04-05,Allgemein,Service,Kontaktdaten ändern,Neutral,Chat,Mittel,2023-04-19,196
662,19116,2023-10-04,Tarif,Vertrag,Umzug melden,Positiv,Email,Mittel,2023-10-13,88
663,11353,2025-06-27,Speicher,Technisch,Speicher lädt nicht,Negativ,Email,Kritisch,2025-06-27,112
664,14695,2024-02-21,Wärmepumpe,Technisch,Wärmepumpe Störung,Negativ,Telefon,Mittel,2024-03-05,38
665,7199,2024-08-01,Tarif,Vertrag,Tarifwechsel angefragt,Positiv,Telefon,Mittel,2024-08-02,142
666,15422,2024-04-06,Allgemein,Service,Beschwerde,Negativ,Telefon,Kritisch,2024-04-10,56
667,12697,2024-07-30,Wallbox,E-Mobility,App-Verbindung unterbrochen,Neutral,App,Mittel,2024-08-07,144
668,19871,2024-08-11,Solar,Technisch,Wechselrichter Fehler,Neutral,App,Niedrig,2024-08-18,119
669,4401,2025-03-23,Smart Meter,Installation,Smart Meter defekt,Negativ,Chat,Hoch,2025-03-24,24
670,9376,2023-01-03,Tarif,Vertrag,Vertragsverlängerung,Neutral,Chat,Niedrig,2023-01-17,63
671,2991,2025-01-05,Rechnung,Abrechnung,Unstimmigkeit in Rechnung,Neutral,Email,Mittel,2025-01-06,142
672,19846,2023-03-14,Speicher,Technisch,Kapazität gesunken,Neutral,App,Niedrig,2023-03-24,39
673,2604,2024-11-27,Solar,Technisch,Einspeisevergütung Frage,Neutral,App,Niedrig,2024-12-06,46
674,1077,2024-04-19,Tarif,Vertrag,Tarifwechsel angefragt,Neutral,Telefon,Niedrig,2024-04-25,51
675,14202,2024-01-20,Wärmepumpe,Technisch,Effizienz zu niedrig,Neutral,Email,Niedrig,2024-01-21,131
676,16483,2023-04-20,Wallbox,E-Mobility,Wallbox Installation angefragt,Negativ,Telefon,Mittel,2023-04-24,176
677,1170,2025-04-30,Solar,Technisch,Einspeisevergütung Frage,Neutral,App,Hoch,2025-05-05,66
678,8440,2023-04-30,Speicher,Technisch,Kapazität gesunken,Neutral,Email,Mittel,2023-05-14,47
679,14507,2023-07-30,Allgemein,Service,Kontaktdaten ändern,Neutral,Email,Niedrig,2023-08-06,55
680,14980,2025-04-30,Tarif,Vertrag,Vertragsverlängerung,Neutral,App,Hoch,2025-04-30,185
681,16314,2024-01-13,Allgemein,Service,Informationsanfrage,Neutral,App,Hoch,2024-01-14,93
682,10074,2024-08-02,Wallbox,E-Mobility,App-Verbindung unterbrochen,Negativ,Telefon,Mittel,2024-08-11,165
683,8614,2023-09-23,Solar,Technisch,Monitoring nicht verfügbar,Negativ,Chat,Mittel,2023-09-26,44
684,16133,2023-06-10,Solar,Technisch,Einspeisevergütung Frage,Neutral,App,Mittel,2023-06-13,40
685,4995,2024-05-16,Wallbox,E-Mobility,Wallbox defekt,Negativ,Email,Kritisch,2024-05-22,188
686,9092,2025-06-24,Solar,Technisch,Wechselrichter Fehler,Neutral,Telefon,Mittel,2025-06-24,200
687,19339,2024-08-22,Tarif,Vertrag,Kündigung,Neutral,App,Mittel,2024-08-26,136
688,1998,2024-12-05,Wärmepumpe,Technisch,Effizienz zu niedrig,Negativ,Chat,Niedrig,2024-12-16,129
689,9553,2024-01-31,Smart Meter,Installation,Smart Meter zeigt keine Daten,Neutral,Email,Niedrig,2024-02-09,143
690,16856,2023-12-02,Speicher,Technisch,Batteriespeicher Störung,Negativ,Chat,Hoch,2023-12-07,169
691,7383,2024-08-03,Wallbox,E-Mobility,Ladekarte Probleme,Neutral,Email,Mittel,2024-08-04,30
692,19917,2024-08-31,Speicher,Technisch,Speicher lädt nicht,Negativ,App,Hoch,2024-09-04,1
693,10392,2023-11-18,Speicher,Technisch,Kapazität gesunken,Neutral,App,Niedrig,2023-12-02,116
694,7856,2024-02-24,Wärmepumpe,Technisch,Geräuschentwicklung zu hoch,Neutral,Telefon,Mittel,2024-02-27,9
695,5950,2023-05-09,Smart Meter,Installation,Smart Meter Installation angefragt,Negativ,Chat,Mittel,2023-05-14,71
696,16196,2024-02-07,Wallbox,E-Mobility,Wallbox lädt nicht,Negativ,Chat,Hoch,2024-02-08,19
697,12914,2023-03-05,Allgemein,Service,Informationsanfrage,Negativ,Email,Mittel,2023-03-07,16
698,16989,2024-06-04,Tarif,Vertrag,Ökostrom Umstellung,Negativ,Email,Niedrig,2024-06-05,95
699,5530,2023-05-11,Speicher,Technisch,Kapazität gesunken,Neutral,Chat,Mittel,2023-05-21,144
700,10712,2025-01-23,Speicher,Technisch,Speicher lädt nicht,Negativ,App,Kritisch,2025-01-23,48
701,1029,2025-05-22,Wallbox,E-Mobility,App-Verbindung unterbrochen,Positiv,Telefon,Niedrig,2025-06-03,66
702,1669,2023-02-12,Rechnung,Abrechnung,Abschlag anpassen,Neutral,Chat,Hoch,2023-02-14,21
703,13455,2023-09-25,Smart Meter,Installation,Smart Meter defekt,Negativ,App,Niedrig,2023-09-26,167
704,11889,2023-01-31,Wärmepumpe,Technisch,Wärmepumpe Störung,Negativ,Chat,Kritisch,2023-02-06,168
705,9225,2025-02-20,Smart Meter,Installation,Smart Meter zeigt keine Daten,Neutral,App,Mittel,2025-03-05,198
706,9629,2024-02-06,Wallbox,E-Mobility,Wallbox lädt nicht,Negativ,Email,Mittel,2024-02-18,173
707,14166,2023-02-23,Tarif,Vertrag,Tarifwechsel angefragt,Neutral,Email,Mittel,2023-03-07,150
708,10757,2024-09-21,Rechnung,Abrechnung,Abschlag anpassen,Neutral,Chat,Mittel,2024-09-29,186
709,13433,2023-12-07,Wallbox,E-Mobility,Ladekarte Probleme,Neutral,Email,Hoch,2023-12-14,84
710,9220,2025-03-21,Wallbox,E-Mobility,App-Verbindung unterbrochen,Positiv,Email,Mittel,2025-03-27,179
711,19730,2025-04-02,Tarif,Vertrag,Ökostrom Umstellung,Neutral,Chat,Mittel,2025-04-11,112
712,1044,2024-12-30,Wärmepumpe,Technisch,Effizienz zu niedrig,Neutral,Telefon,Mittel,2025-01-01,46
713,8662,2023-09-04,Wärmepumpe,Technisch,Fehlercode E01 angezeigt,Negativ,Email,Niedrig,2023-09-13,20
714,12045,2024-10-12,Rechnung,Abrechnung,Zahlungsplan angefragt,Neutral,App,Hoch,2024-10-12,87
715,16844,2024-06-16,Allgemein,Service,Lob,Positiv,Email,Niedrig,2024-06-19,25
716,5404,2023-02-16,Rechnung,Abrechnung,Gutschrift angefragt,Negativ,App,Mittel,2023-02-24,185
717,1565,2024-09-19,Rechnung,Abrechnung,Rechnungsfrage,Neutral,Email,Kritisch,2024-09-22,51
718,13238,2023-06-29,Allgemein,Service,Kontaktdaten ändern,Positiv,App,Niedrig,2023-06-29,132
719,5856,2023-09-07,Speicher,Technisch,Kapazität gesunken,Positiv,App,Hoch,2023-09-12,200
720,14147,2024-10-21,Smart Meter,Installation,Smart Meter App funktioniert nicht,Negativ,App,Hoch,2024-10-28,135
721,8907,2025-01-06,Rechnung,Abrechnung,Zahlungsplan angefragt,Positiv,Telefon,Mittel,2025-01-17,34
722,19258,2025-05-28,Wallbox,E-Mobility,Wallbox Installation angefragt,Neutral,Email,Mittel,2025-06-11,175
723,12512,2024-02-04,Smart Meter,Installation,Smart Meter Installation angefragt,Positiv,Telefon,Mittel,2024-02-10,107
724,19678,2024-09-30,Allgemein,Service,Kontaktdaten ändern,Neutral,Telefon,Niedrig,2024-10-08,111
725,19199,2025-03-22,Tarif,Vertrag,Tarifwechsel angefragt,Neutral,Telefon,Mittel,2025-03-23,81
726,11032,2023-06-29,Allgemein,Service,Informationsanfrage,Positiv,App,Mittel,2023-07-06,157
727,7139,2023-11-14,Smart Meter,Installation,Smart Meter Installation angefragt,Neutral,Email,Mittel,2023-11-26,56
728,8328,2023-08-11,Speicher,Technisch,Batteriespeicher Störung,Negativ,Telefon,Mittel,2023-08-12,142
729,5873,2023-04-24,Tarif,Vertrag,Umzug melden,Positiv,Email,Mittel,2023-05-06,57
730,7325,2025-04-13,Wärmepumpe,Technisch,Geräuschentwicklung zu hoch,Neutral,Telefon,Mittel,2025-04-17,100
731,15439,2024-05-17,Smart Meter,Installation,Smart Meter Ablesung fehlerhaft,Neutral,App,Mittel,2024-05-22,199
732,5671,2025-05-13,Tarif,Vertrag,Preisgarantie Frage,Negativ,App,Mittel,2025-05-21,156
733,6784,2024-09-06,Solar,Technisch,Solaranlage produziert nicht,Negativ,App,Hoch,2024-09-13,177
734,18838,2024-12-05,Allgemein,Service,Kontaktdaten ändern,Neutral,Email,Mittel,2024-12-17,141
735,2854,2023-12-19,Tarif,Vertrag,Preisgarantie Frage,Neutral,Email,Niedrig,2023-12-25,119
736,7548,2025-06-17,Allgemein,Service,Beschwerde,Negativ,Email,Kritisch,2025-06-23,176
737,3467,2023-11-10,Wärmepumpe,Technisch,Effizienz zu niedrig,Neutral,Email,Mittel,2023-11-18,154
738,40,2023-03-02,Wärmepumpe,Technisch,Wärmepumpe läuft nicht,Negativ,App,Niedrig,2023-03-13,37
739,10960,2023-01-26,Tarif,Vertrag,Ökostrom Umstellung,Neutral,Telefon,Niedrig,2023-02-08,103
740,10413,2023-11-30,Rechnung,Abrechnung,Gutschrift angefragt,Neutral,Chat,Niedrig,2023-12-10,49
741,5736,2025-04-05,Speicher,Technisch,Kapazität gesunken,Positiv,Chat,Hoch,2025-04-11,112
742,18078,2024-07-05,Speicher,Technisch,Speicher lädt nicht,Negativ,Telefon,Hoch,2024-07-08,93
743,8825,2024-10-05,Wärmepumpe,Technisch,Wärmepumpe Störung,Negativ,Telefon,Niedrig,2024-10-11,56
744,9042,2024-05-06,Wallbox,E-Mobility,Wallbox Installation angefragt,Neutral,App,Mittel,2024-05-11,75
745,12143,2023-10-13,Tarif,Vertrag,Umzug melden,Positiv,Chat,Niedrig,2023-10-24,56
746,16890,2024-07-11,Rechnung,Abrechnung,Abschlag anpassen,Neutral,Email,Mittel,2024-07-17,73
747,4864,2023-06-28,Tarif,Vertrag,Preisgarantie Frage,Positiv,Chat,Niedrig,2023-07-02,154
748,12580,2023-07-26,Wärmepumpe,Technisch,Wartung angefragt,Neutral,Email,Niedrig,2023-07-30,17
749,7168,2023-05-16,Solar,Technisch,Wechselrichter Fehler,Neutral,App,Mittel,2023-05-17,121
750,9023,2023-01-28,Tarif,Vertrag,Ökostrom Umstellung,Neutral,Email,Niedrig,2023-02-04,162
751,11912,2023-06-30,Allgemein,Service,Kontaktdaten ändern,Negativ,Telefon,Kritisch,2023-07-02,5
752,3647,2024-07-02,Wallbox,E-Mobility,Wallbox Installation angefragt,Positiv,Chat,Kritisch,2024-07-06,79
753,13391,2025-02-20,Smart Meter,Installation,Smart Meter App funktioniert nicht,Negativ,App,Hoch,2025-02-24,59
754,12098,2023-06-21,Wärmepumpe,Technisch,Wärmepumpe läuft nicht,Negativ,Email,Hoch,2023-06-25,134
755,18126,2023-08-09,Wallbox,E-Mobility,Wallbox lädt nicht,Negativ,Email,Hoch,2023-08-15,80
756,17925,2025-02-21,Wallbox,E-Mobility,Ladekarte Probleme,Neutral,Email,Hoch,2025-02-28,91
757,16513,2025-06-14,Wallbox,E-Mobility,Wallbox Installation angefragt,Neutral,Telefon,Mittel,2025-06-15,93
758,11418,2025-05-17,Wärmepumpe,Technisch,Effizienz zu niedrig,Neutral,Chat,Niedrig,2025-05-17,44
759,17556,2024-05-26,Tarif,Vertrag,Umzug melden,Neutral,Email,Mittel,2024-06-03,45
760,2647,2024-01-03,Speicher,Technisch,Kapazität gesunken,Neutral,Telefon,Mittel,2024-01-13,85
761,14178,2023-08-04,Smart Meter,Installation,Smart Meter App funktioniert nicht,Negativ,Telefon,Kritisch,2023-08-05,88
762,15666,2024-08-30,Speicher,Technisch,Batteriespeicher Störung,Negativ,Email,Kritisch,2024-09-05,183
763,1168,2025-01-10,Speicher,Technisch,Speicher lädt nicht,Negativ,Telefon,Kritisch,2025-01-10,70
764,14372,2024-08-30,Smart Meter,Installation,Smart Meter Installation angefragt,Negativ,Chat,Mittel,2024-08-31,102
765,10769,2024-12-04,Tarif,Vertrag,Ökostrom Umstellung,Neutral,App,Mittel,2024-12-13,167
766,11864,2025-06-02,Smart Meter,Installation,Smart Meter zeigt keine Daten,Neutral,Telefon,Mittel,2025-06-02,158
767,19689,2024-03-31,Rechnung,Abrechnung,Rechnungsfrage,Neutral,Telefon,Mittel,2024-04-03,105
768,3885,2024-03-26,Smart Meter,Installation,Smart Meter defekt,Negativ,Email,Niedrig,2024-03-29,186
769,18451,2025-02-06,Solar,Technisch,Solaranlage Ertrag niedrig,Neutral,Telefon,Niedrig,2025-02-12,151
770,8128,2024-08-04,Rechnung,Abrechnung,Rechnungsfrage,Neutral,Email,Niedrig,2024-08-12,18
771,1709,2023-02-02,Allgemein,Service,Allgemeine Anfrage,Neutral,Email,Niedrig,2023-02-02,48
772,793,2024-12-10,Solar,Technisch,Solaranlage Ertrag niedrig,Neutral,Telefon,Niedrig,2024-12-13,184
773,10109,2025-01-28,Speicher,Technisch,Speicher lädt nicht,Negativ,App,Kritisch,2025-02-04,64
774,1899,2024-10-03,Allgemein,Service,Kontaktdaten ändern,Positiv,App,Mittel,2024-10-11,166
775,4545,2023-05-07,Allgemein,Service,Allgemeine Anfrage,Neutral,Telefon,Mittel,2023-05-07,62
776,15192,2024-07-11,Wallbox,E-Mobility,Wallbox lädt nicht,Negativ,Telefon,Hoch,2024-07-18,95
777,5095,2023-09-11,Wärmepumpe,Technisch,Effizienz zu niedrig,Negativ,Email,Hoch,2023-09-12,105
778,17604,2025-06-21,Wallbox,E-Mobility,Wallbox lädt nicht,Negativ,App,Hoch,2025-06-25,92
779,2093,2023-06-27,Wärmepumpe,Technisch,Fehlercode E01 angezeigt,Positiv,Chat,Hoch,2023-06-27,84
780,4227,2023-05-13,Rechnung,Abrechnung,Gutschrift angefragt,Negativ,Chat,Mittel,2023-05-24,190
781,4585,2025-06-16,Solar,Technisch,Solaranlage Ertrag niedrig,Neutral,Chat,Mittel,2025-06-17,129
782,15533,2024-01-11,Wallbox,E-Mobility,App-Verbindung unterbrochen,Neutral,Telefon,Niedrig,2024-01-12,155
783,5287,2023-09-02,Smart Meter,Installation,Smart Meter defekt,Negativ,Chat,Mittel,2023-09-08,46
784,2411,2023-11-02,Speicher,Technisch,Batteriespeicher Störung,Negativ,Chat,Hoch,2023-11-02,123
785,11989,2023-04-30,Tarif,Vertrag,Kündigung,Positiv,App,Niedrig,2023-05-11,197
786,2618,2024-04-13,Speicher,Technisch,Kapazität gesunken,Neutral,App,Mittel,2024-04-14,116
787,15511,2023-05-31,Solar,Technisch,Solaranlage produziert nicht,Negativ,Chat,Mittel,2023-06-04,179
788,14395,2023-07-11,Wärmepumpe,Technisch,Effizienz zu niedrig,Neutral,Telefon,Hoch,2023-07-11,92
789,3954,2023-07-07,Speicher,Technisch,Speicher lädt nicht,Negativ,Telefon,Kritisch,2023-07-10,162
790,16556,2024-08-10,Smart Meter,Installation,Smart Meter App funktioniert nicht,Negativ,Email,Hoch,2024-08-14,164
791,3694,2025-05-27,Speicher,Technisch,Kapazität gesunken,Neutral,Email,Mittel,2025-05-29,169
792,1074,2024-12-25,Rechnung,Abrechnung,Abschlag zu hoch,Neutral,Email,Mittel,2024-12-26,184
793,7163,2025-02-19,Wallbox,E-Mobility,App-Verbindung unterbrochen,Negativ,App,Mittel,2025-02-19,7
794,2800,2023-03-18,Allgemein,Service,Informationsanfrage,Neutral,Chat,Mittel,2023-03-18,37
795,10956,2023-03-09,Smart Meter,Installation,Smart Meter Ablesung fehlerhaft,Positiv,Telefon,Kritisch,2023-03-13,24
796,17551,2023-03-13,Wallbox,E-Mobility,Wallbox lädt nicht,Negativ,Telefon,Mittel,2023-03-25,134
797,13498,2023-10-13,Tarif,Vertrag,Ökostrom Umstellung,Neutral,Email,Hoch,2023-10-14,61
798,8480,2023-03-03,Smart Meter,Installation,Smart Meter defekt,Negativ,App,Niedrig,2023-03-03,22
799,12192,2025-03-05,Solar,Technisch,Solaranlage Ertrag niedrig,Positiv,Email,Mittel,2025-03-11,72
800,10320,2024-03-17,Tarif,Vertrag,Umzug melden,Negativ,App,Niedrig,2024-03-21,57
801,3766,2024-11-05,Smart Meter,Installation,Smart Meter Installation angefragt,Neutral,Chat,Mittel,2024-11-06,6
802,6197,2023-08-25,Wärmepumpe,Technisch,Effizienz zu niedrig,Positiv,App,Mittel,2023-08-28,192
803,4204,2024-08-09,Wallbox,E-Mobility,Wallbox defekt,Negativ,App,Kritisch,2024-08-10,39
804,8995,2024-08-25,Wallbox,E-Mobility,Ladekarte Probleme,Neutral,Email,Hoch,2024-08-29,30
805,8278,2024-07-02,Speicher,Technisch,Kapazität gesunken,Negativ,Telefon,Niedrig,2024-07-11,72
806,7412,2024-09-13,Rechnung,Abrechnung,Unstimmigkeit in Rechnung,Neutral,App,Mittel,2024-09-19,184
807,10794,2023-06-11,Smart Meter,Installation,Smart Meter zeigt keine Daten,Negativ,Email,Hoch,2023-06-12,39
808,12266,2024-10-10,Wallbox,E-Mobility,Wallbox Installation angefragt,Neutral,App,Mittel,2024-10-10,115
809,15911,2023-01-19,Solar,Technisch,Solaranlage produziert nicht,Negativ,Email,Hoch,2023-01-23,70
810,4705,2025-06-01,Tarif,Vertrag,Kündigung,Neutral,Chat,Mittel,2025-06-10,52
811,15670,2023-07-25,Allgemein,Service,Beschwerde,Negativ,App,Hoch,2023-08-01,129
812,4047,2024-09-19,Tarif,Vertrag,Tarifwechsel angefragt,Negativ,Chat,Hoch,2024-09-19,74
813,13909,2023-10-14,Solar,Technisch,Wechselrichter Fehler,Positiv,Chat,Mittel,2023-10-19,19
814,19841,2024-12-28,Allgemein,Service,Beschwerde,Negativ,App,Mittel,2024-12-30,149
815,19889,2025-03-04,Solar,Technisch,Monitoring nicht verfügbar,Negativ,Email,Hoch,2025-03-11,30
816,9710,2025-05-23,Allgemein,Service,Beschwerde,Negativ,App,Mittel,2025-05-28,66
817,5383,2024-08-22,Tarif,Vertrag,Preisgarantie Frage,Negativ,Telefon,Mittel,2024-08-23,90
818,9993,2024-08-21,Wallbox,E-Mobility,Wallbox defekt,Negativ,Telefon,Kritisch,2024-08-21,90
819,13412,2023-06-23,Tarif,Vertrag,Tarifwechsel angefragt,Neutral,App,Hoch,2023-06-28,31
820,3699,2023-11-06,Wärmepumpe,Technisch,Wärmepumpe läuft nicht,Negativ,Chat,Hoch,2023-11-08,44
821,7821,2025-05-08,Wallbox,E-Mobility,Wallbox defekt,Negativ,App,Hoch,2025-05-10,146
822,1258,2025-06-15,Wallbox,E-Mobility,Ladekarte Probleme,Neutral,Telefon,Mittel,2025-06-18,17
823,16053,2025-05-31,Speicher,Technisch,Speicher lädt nicht,Negativ,App,Hoch,2025-06-06,90
824,14939,2024-06-27,Smart Meter,Installation,Smart Meter App funktioniert nicht,Negativ,Telefon,Kritisch,2024-06-30,73
825,2621,2025-04-24,Rechnung,Abrechnung,Abschlag anpassen,Neutral,App,Mittel,2025-05-06,35
826,13221,2024-05-15,Wallbox,E-Mobility,Wallbox defekt,Negativ,Chat,Hoch,2024-05-17,174
827,3078,2023-12-16,Wallbox,E-Mobility,Wallbox defekt,Negativ,Chat,Hoch,2023-12-18,107
828,4159,2024-07-25,Speicher,Technisch,Speicher lädt nicht,Negativ,Telefon,Hoch,2024-07-25,145
829,19307,2023-04-26,Tarif,Vertrag,Vertragsverlängerung,Positiv,Chat,Mittel,2023-04-30,81
830,3822,2025-02-20,Rechnung,Abrechnung,Zahlungsplan angefragt,Positiv,Telefon,Niedrig,2025-02-27,49
831,13273,2023-06-17,Speicher,Technisch,Speicher lädt nicht,Negativ,Chat,Mittel,2023-06-28,66
832,5316,2023-12-05,Speicher,Technisch,Batteriespeicher Störung,Negativ,App,Kritisch,2023-12-11,25
833,2755,2025-02-23,Wärmepumpe,Technisch,Geräuschentwicklung zu hoch,Neutral,App,Niedrig,2025-02-26,181
834,4332,2023-10-10,Solar,Technisch,Wechselrichter Fehler,Positiv,Chat,Mittel,2023-10-22,188
835,12324,2025-02-18,Smart Meter,Installation,Smart Meter App funktioniert nicht,Negativ,Chat,Mittel,2025-02-25,166
836,4550,2025-02-14,Allgemein,Service,Lob,Positiv,Email,Niedrig,2025-02-25,45
837,18076,2024-10-08,Solar,Technisch,Solaranlage Ertrag niedrig,Negativ,Email,Mittel,2024-10-15,143
838,5623,2024-04-05,Tarif,Vertrag,Kündigung,Neutral,App,Hoch,2024-04-10,60
839,3422,2025-03-28,Wallbox,E-Mobility,App-Verbindung unterbrochen,Neutral,App,Mittel,2025-04-07,193
840,15528,2024-01-21,Rechnung,Abrechnung,Zahlungsplan angefragt,Neutral,App,Mittel,2024-01-30,92
841,17032,2023-08-24,Wärmepumpe,Technisch,Wärmepumpe läuft nicht,Negativ,Chat,Hoch,2023-08-27,122
842,17974,2024-01-31,Rechnung,Abrechnung,Abschlag zu hoch,Neutral,Chat,Niedrig,2024-02-04,191
843,16028,2024-03-31,Allgemein,Service,Informationsanfrage,Negativ,Telefon,Mittel,2024-04-06,90
844,7028,2023-10-29,Wallbox,E-Mobility,App-Verbindung unterbrochen,Positiv,Email,Hoch,2023-11-01,52
845,1475,2025-03-07,Wallbox,E-Mobility,App-Verbindung unterbrochen,Positiv,Telefon,Mittel,2025-03-12,189
846,16046,2023-05-14,Rechnung,Abrechnung,Rechnungsfrage,Negativ,App,Mittel,2023-05-19,196
847,19997,2023-04-25,Speicher,Technisch,Batteriespeicher Störung,Negativ,Telefon,Mittel,2023-05-05,124
848,3382,2025-05-26,Allgemein,Service,Kontaktdaten ändern,Neutral,App,Hoch,2025-05-27,29
849,423,2025-06-22,Allgemein,Service,Informationsanfrage,Neutral,Telefon,Mittel,2025-06-22,200
850,10927,2024-07-10,Allgemein,Service,Kontaktdaten ändern,Positiv,Telefon,Niedrig,2024-07-12,131
851,8442,2024-04-11,Speicher,Technisch,Kapazität gesunken,Neutral,Chat,Niedrig,2024-04-23,164
852,10819,2024-08-24,Smart Meter,Installation,Smart Meter Ablesung fehlerhaft,Neutral,App,Mittel,2024-09-02,127
853,16580,2023-04-04,Wallbox,E-Mobility,Wallbox lädt nicht,Negativ,Email,Hoch,2023-04-11,128
854,17408,2024-08-07,Tarif,Vertrag,Tarifwechsel angefragt,Positiv,Email,Mittel,2024-08-09,84
855,3450,2025-03-14,Tarif,Vertrag,Preisgarantie Frage,Neutral,Email,Niedrig,2025-03-15,165
856,12575,2023-07-27,Wärmepumpe,Technisch,Effizienz zu niedrig,Negativ,Telefon,Hoch,2023-08-02,171
857,12333,2025-01-20,Smart Meter,Installation,Smart Meter Installation angefragt,Neutral,App,Niedrig,2025-01-22,185
858,16158,2024-06-12,Wärmepumpe,Technisch,Fehlercode E01 angezeigt,Negativ,Email,Kritisch,2024-06-13,62
859,5713,2023-03-08,Rechnung,Abrechnung,Zahlungsplan angefragt,Neutral,App,Mittel,2023-03-21,59
860,6383,2023-10-10,Solar,Technisch,Wechselrichter Fehler,Neutral,App,Mittel,2023-10-16,1
861,12897,2024-11-12,Solar,Technisch,Monitoring nicht verfügbar,Negativ,Chat,Mittel,2024-11-23,76
862,8179,2025-04-01,Smart Meter,Installation,Smart Meter Installation angefragt,Negativ,Telefon,Hoch,2025-04-06,162
863,2135,2023-04-02,Solar,Technisch,Monitoring nicht verfügbar,Negativ,Email,Hoch,2023-04-05,187
864,3448,2024-12-11,Smart Meter,Installation,Smart Meter defekt,Negativ,Email,Niedrig,2024-12-20,52
865,17891,2024-11-10,Tarif,Vertrag,Tarifwechsel angefragt,Negativ,App,Hoch,2024-11-14,75
866,18938,2023-06-08,Solar,Technisch,Solaranlage produziert nicht,Negativ,App,Hoch,2023-06-08,198
867,19001,2025-04-20,Smart Meter,Installation,Smart Meter App funktioniert nicht,Negativ,Email,Kritisch,2025-04-23,61
868,12698,2023-10-12,Wallbox,E-Mobility,Ladekarte Probleme,Positiv,Chat,Mittel,2023-10-20,171
869,1090,2023-01-10,Tarif,Vertrag,Tarifwechsel angefragt,Neutral,Telefon,Kritisch,2023-01-12,167
870,2500,2024-06-05,Solar,Technisch,Solaranlage produziert nicht,Negativ,Email,Mittel,2024-06-18,39
871,15097,2025-03-27,Allgemein,Service,Beschwerde,Negativ,Email,Hoch,2025-03-29,50
872,19765,2023-12-03,Wallbox,E-Mobility,Wallbox lädt nicht,Negativ,Chat,Mittel,2023-12-09,68
873,1472,2023-03-18,Wärmepumpe,Technisch,Effizienz zu niedrig,Negativ,Email,Niedrig,2023-03-27,185
874,2434,2023-06-15,Solar,Technisch,Solaranlage produziert nicht,Negativ,Chat,Mittel,2023-06-26,153
875,8705,2023-09-03,Tarif,Vertrag,Kündigung,Neutral,Telefon,Hoch,2023-09-10,69
876,2280,2025-06-10,Solar,Technisch,Solaranlage produziert nicht,Negativ,Chat,Hoch,2025-06-17,84
877,356,2024-07-26,Tarif,Vertrag,Umzug melden,Neutral,Email,Niedrig,2024-08-06,18
878,11403,2023-12-21,Wärmepumpe,Technisch,Wärmepumpe läuft nicht,Negativ,Email,Mittel,2023-12-26,183
879,16833,2023-11-29,Smart Meter,Installation,Smart Meter Ablesung fehlerhaft,Neutral,Email,Mittel,2023-11-30,157
880,4463,2024-05-10,Wärmepumpe,Technisch,Effizienz zu niedrig,Neutral,Telefon,Niedrig,2024-05-21,145
881,19173,2024-01-10,Wärmepumpe,Technisch,Fehlercode E01 angezeigt,Positiv,Chat,Niedrig,2024-01-20,10
882,16189,2024-05-08,Wallbox,E-Mobility,Wallbox Installation angefragt,Neutral,Telefon,Mittel,2024-05-10,3
883,16161,2023-09-13,Wärmepumpe,Technisch,Geräuschentwicklung zu hoch,Neutral,Telefon,Hoch,2023-09-14,99
884,6300,2023-10-24,Allgemein,Service,Allgemeine Anfrage,Positiv,Chat,Mittel,2023-11-03,29
885,1432,2024-09-02,Rechnung,Abrechnung,Abschlag zu hoch,Neutral,App,Hoch,2024-09-09,67
886,5509,2024-01-13,Solar,Technisch,Wechselrichter Fehler,Negativ,Chat,Niedrig,2024-01-19,90
887,10062,2024-11-14,Wärmepumpe,Technisch,Wärmepumpe Störung,Negativ,Email,Kritisch,2024-11-19,126
888,19128,2024-10-27,Tarif,Vertrag,Kündigung,Neutral,Chat,Mittel,2024-10-27,145
889,15092,2023-05-23,Solar,Technisch,Solaranlage produziert nicht,Negativ,Email,Niedrig,2023-05-25,97
890,1618,2023-06-10,Rechnung,Abrechnung,Zahlungsplan angefragt,Negativ,App,Mittel,2023-06-11,46
891,307,2024-02-12,Wärmepumpe,Technisch,Geräuschentwicklung zu hoch,Negativ,Email,Mittel,2024-02-20,121
892,8277,2023-08-02,Smart Meter,Installation,Smart Meter zeigt keine Daten,Negativ,Chat,Mittel,2023-08-13,64
893,17639,2024-11-25,Solar,Technisch,Solaranlage produziert nicht,Negativ,Chat,Hoch,2024-12-01,136
894,4228,2024-10-22,Rechnung,Abrechnung,Abschlag zu hoch,Neutral,Chat,Hoch,2024-10-22,192
895,6656,2023-03-16,Speicher,Technisch,Kapazität gesunken,Neutral,Chat,Mittel,2023-03-25,104
896,11042,2023-09-07,Wallbox,E-Mobility,Wallbox Installation angefragt,Negativ,Email,Niedrig,2023-09-17,25
897,9556,2024-12-08,Smart Meter,Installation,Smart Meter zeigt keine Daten,Neutral,Email,Kritisch,2024-12-12,15
898,15547,2023-07-26,Allgemein,Service,Allgemeine Anfrage,Neutral,Telefon,Niedrig,2023-08-09,176
899,11043,2025-02-19,Wallbox,E-Mobility,Wallbox Installation angefragt,Neutral,Email,Mittel,2025-02-20,20
900,5478,2023-04-19,Tarif,Vertrag,Vertragsverlängerung,Positiv,Email,Niedrig,2023-04-28,68
901,8156,2023-07-01,Rechnung,Abrechnung,Abschlag anpassen,Positiv,Telefon,Mittel,2023-07-05,176
902,18087,2024-08-20,Allgemein,Service,Beschwerde,Negativ,Telefon,Mittel,2024-08-27,190
903,19758,2023-06-06,Wärmepumpe,Technisch,Wartung angefragt,Neutral,Telefon,Mittel,2023-06-17,13
904,11904,2024-09-15,Wallbox,E-Mobility,App-Verbindung unterbrochen,Negativ,Email,Mittel,2024-09-18,86
905,14365,2024-02-05,Tarif,Vertrag,Umzug melden,Positiv,Telefon,Mittel,2024-02-15,51
906,15221,2025-01-10,Rechnung,Abrechnung,Abschlag anpassen,Neutral,Chat,Hoch,2025-01-16,144
907,6556,2024-09-26,Smart Meter,Installation,Smart Meter defekt,Negativ,Telefon,Hoch,2024-09-28,29
908,5381,2024-02-19,Solar,Technisch,Wechselrichter Fehler,Positiv,Email,Niedrig,2024-03-03,3
909,2265,2024-05-25,Solar,Technisch,Monitoring nicht verfügbar,Negativ,App,Mittel,2024-06-03,67
910,8194,2024-10-29,Solar,Technisch,Monitoring nicht verfügbar,Negativ,Telefon,Hoch,2024-10-31,200
911,9724,2025-04-28,Wärmepumpe,Technisch,Geräuschentwicklung zu hoch,Neutral,App,Mittel,2025-05-04,138
912,6782,2023-05-01,Smart Meter,Installation,Smart Meter zeigt keine Daten,Positiv,Email,Mittel,2023-05-05,11
913,9301,2024-04-12,Wärmepumpe,Technisch,Wartung angefragt,Neutral,Email,Mittel,2024-04-21,95
914,3701,2023-05-24,Wärmepumpe,Technisch,Effizienz zu niedrig,Neutral,Telefon,Mittel,2023-05-27,141
915,5373,2023-10-03,Allgemein,Service,Informationsanfrage,Neutral,Email,Kritisch,2023-10-07,73
916,332,2024-01-13,Rechnung,Abrechnung,Abschlag zu hoch,Neutral,Chat,Mittel,2024-01-19,117
917,6365,2023-07-16,Solar,Technisch,Solaranlage produziert nicht,Negativ,App,Mittel,2023-07-25,192
918,10630,2025-03-25,Tarif,Vertrag,Ökostrom Umstellung,Neutral,Chat,Hoch,2025-04-01,182
919,640,2024-06-15,Speicher,Technisch,Speicher lädt nicht,Negativ,App,Hoch,2024-06-16,22
920,13965,2025-02-10,Solar,Technisch,Solaranlage Ertrag niedrig,Neutral,App,Niedrig,2025-02-24,9
921,4684,2025-04-27,Solar,Technisch,Wechselrichter Fehler,Positiv,App,Mittel,2025-05-09,96
922,11218,2023-08-28,Smart Meter,Installation,Smart Meter Ablesung fehlerhaft,Neutral,Chat,Mittel,2023-09-04,193
923,5325,2024-03-26,Wallbox,E-Mobility,Wallbox defekt,Negativ,Telefon,Kritisch,2024-03-29,138
924,17156,2025-02-18,Allgemein,Service,Allgemeine Anfrage,Positiv,App,Niedrig,2025-02-20,56
925,8281,2024-10-11,Rechnung,Abrechnung,Unstimmigkeit in Rechnung,Neutral,Chat,Niedrig,2024-10-18,79
926,2826,2025-06-16,Solar,Technisch,Wechselrichter Fehler,Neutral,App,Niedrig,2025-06-24,181
927,246,2025-02-15,Solar,Technisch,Solaranlage produziert nicht,Negativ,Telefon,Hoch,2025-02-17,46
928,9047,2023-07-01,Wallbox,E-Mobility,Wallbox defekt,Negativ,Telefon,Hoch,2023-07-04,130
929,11120,2023-09-09,Solar,Technisch,Solaranlage produziert nicht,Negativ,Chat,Mittel,2023-09-10,159
930,18793,2023-09-05,Allgemein,Service,Lob,Positiv,Email,Niedrig,2023-09-06,3
931,548,2024-01-24,Allgemein,Service,Lob,Positiv,Telefon,Niedrig,2024-01-31,187
932,13680,2023-11-14,Allgemein,Service,Allgemeine Anfrage,Neutral,Chat,Mittel,2023-11-24,97
933,18447,2025-02-05,Wallbox,E-Mobility,Ladekarte Probleme,Negativ,Telefon,Hoch,2025-02-08,172
934,11583,2024-09-17,Solar,Technisch,Monitoring nicht verfügbar,Negativ,Telefon,Mittel,2024-09-25,178
935,2953,2023-11-23,Wärmepumpe,Technisch,Wärmepumpe Störung,Negativ,Telefon,Mittel,2023-11-24,15
936,769,2024-10-25,Solar,Technisch,Monitoring nicht verfügbar,Negativ,Chat,Mittel,2024-11-02,54
937,9188,2023-12-23,Wärmepumpe,Technisch,Geräuschentwicklung zu hoch,Positiv,Chat,Mittel,2023-12-24,164
938,11350,2024-03-22,Smart Meter,Installation,Smart Meter App funktioniert nicht,Negativ,Email,Mittel,2024-03-29,143
939,11903,2024-07-05,Speicher,Technisch,Speicher lädt nicht,Negativ,Chat,Kritisch,2024-07-09,85
940,5092,2024-08-20,Tarif,Vertrag,Ökostrom Umstellung,Neutral,Email,Mittel,2024-08-24,101
941,13672,2023-02-18,Solar,Technisch,Monitoring nicht verfügbar,Negativ,Chat,Hoch,2023-02-20,70
942,4899,2024-01-16,Tarif,Vertrag,Preisgarantie Frage,Positiv,App,Mittel,2024-01-30,160
943,4068,2024-03-23,Tarif,Vertrag,Vertragsverlängerung,Neutral,Chat,Mittel,2024-04-04,111
944,18780,2023-06-08,Tarif,Vertrag,Kündigung,Positiv,App,Mittel,2023-06-22,146
945,9494,2024-06-10,Solar,Technisch,Solaranlage Ertrag niedrig,Neutral,Telefon,Hoch,2024-06-14,50
946,18310,2023-04-27,Tarif,Vertrag,Ökostrom Umstellung,Neutral,Email,Niedrig,2023-05-07,3
947,13182,2023-12-27,Smart Meter,Installation,Smart Meter Ablesung fehlerhaft,Neutral,App,Kritisch,2023-12-31,26
948,13995,2024-08-09,Tarif,Vertrag,Preisgarantie Frage,Neutral,Chat,Niedrig,2024-08-22,58
949,8967,2024-11-23,Smart Meter,Installation,Smart Meter zeigt keine Daten,Neutral,App,Niedrig,2024-11-30,81
950,15076,2023-07-24,Allgemein,Service,Allgemeine Anfrage,Negativ,Telefon,Mittel,2023-07-27,194
951,13537,2023-01-03,Allgemein,Service,Informationsanfrage,Neutral,Email,Mittel,2023-01-14,152
952,10815,2025-04-18,Speicher,Technisch,Batteriespeicher Störung,Negativ,App,Mittel,2025-04-28,170
953,8805,2023-07-05,Wärmepumpe,Technisch,Wärmepumpe Störung,Negativ,Chat,Hoch,2023-07-07,68
954,6317,2023-10-18,Allgemein,Service,Beschwerde,Negativ,Chat,Mittel,2023-10-30,24
955,12271,2023-10-16,Smart Meter,Installation,Smart Meter App funktioniert nicht,Negativ,Telefon,Hoch,2023-10-18,116
956,3824,2024-06-07,Allgemein,Service,Beschwerde,Negativ,Email,Hoch,2024-06-08,31
957,837,2024-11-16,Allgemein,Service,Beschwerde,Negativ,Email,Kritisch,2024-11-22,132
958,13567,2023-05-28,Rechnung,Abrechnung,Unstimmigkeit in Rechnung,Neutral,Telefon,Niedrig,2023-06-01,157
959,16854,2023-09-06,Tarif,Vertrag,Umzug melden,Neutral,Email,Mittel,2023-09-14,139
960,1898,2023-09-08,Allgemein,Service,Lob,Positiv,Chat,Niedrig,2023-09-18,127
961,18,2023-07-11,Tarif,Vertrag,Preisgarantie Frage,Neutral,Telefon,Mittel,2023-07-18,28
962,15226,2024-09-04,Speicher,Technisch,Kapazität gesunken,Neutral,Email,Hoch,2024-09-07,117
963,15342,2023-09-05,Rechnung,Abrechnung,Abschlag anpassen,Positiv,Email,Mittel,2023-09-11,179
964,12252,2024-09-09,Wärmepumpe,Technisch,Wärmepumpe läuft nicht,Negativ,Telefon,Niedrig,2024-09-12,36
965,12636,2024-01-27,Wärmepumpe,Technisch,Geräuschentwicklung zu hoch,Positiv,Email,Mittel,2024-02-10,179
966,3545,2023-12-09,Tarif,Vertrag,Kündigung,Neutral,Chat,Mittel,2023-12-14,117
967,8003,2023-03-28,Tarif,Vertrag,Vertragsverlängerung,Neutral,App,Mittel,2023-04-09,185
968,9084,2023-12-14,Smart Meter,Installation,Smart Meter defekt,Negativ,App,Kritisch,2023-12-17,27
969,8557,2023-01-22,Solar,Technisch,Wechselrichter Fehler,Neutral,App,Niedrig,2023-02-05,197
970,10480,2024-12-29,Smart Meter,Installation,Smart Meter App funktioniert nicht,Negativ,App,Hoch,2025-01-04,63
971,6693,2023-08-15,Rechnung,Abrechnung,Abschlag anpassen,Neutral,Chat,Niedrig,2023-08-15,51
972,1686,2024-07-04,Wärmepumpe,Technisch,Wartung angefragt,Neutral,Email,Niedrig,2024-07-14,123
973,4634,2023-05-28,Speicher,Technisch,Kapazität gesunken,Neutral,App,Hoch,2023-05-31,82
974,502,2025-01-12,Allgemein,Service,Informationsanfrage,Negativ,App,Niedrig,2025-01-15,30
975,12367,2024-05-22,Rechnung,Abrechnung,Abschlag zu hoch,Neutral,Telefon,Mittel,2024-06-05,124
976,4618,2023-12-14,Speicher,Technisch,Kapazität gesunken,Positiv,Chat,Mittel,2023-12-15,54
977,14704,2024-05-08,Solar,Technisch,Solaranlage produziert nicht,Negativ,Chat,Kritisch,2024-05-15,79
978,19578,2023-03-04,Solar,Technisch,Solaranlage produziert nicht,Negativ,App,Mittel,2023-03-18,152
979,6483,2025-01-01,Tarif,Vertrag,Ökostrom Umstellung,Neutral,Telefon,Hoch,2025-01-01,82
980,19246,2024-10-18,Speicher,Technisch,Kapazität gesunken,Positiv,Chat,Niedrig,2024-10-30,138
981,13699,2024-01-17,Allgemein,Service,Kontaktdaten ändern,Neutral,Email,Kritisch,2024-01-17,93
982,19550,2025-05-15,Speicher,Technisch,Speicher lädt nicht,Negativ,Email,Mittel,2025-05-21,86
983,11919,2024-03-12,Wärmepumpe,Technisch,Effizienz zu niedrig,Neutral,Email,Mittel,2024-03-14,42
984,2452,2024-10-31,Tarif,Vertrag,Tarifwechsel angefragt,Neutral,Chat,Hoch,2024-10-31,129
985,17001,2024-02-17,Rechnung,Abrechnung,Unstimmigkeit in Rechnung,Neutral,App,Hoch,2024-02-17,100
986,2139,2024-02-22,Wärmepumpe,Technisch,Fehlercode E01 angezeigt,Negativ,Telefon,Hoch,2024-02-23,65
987,2077,2024-06-05,Wallbox,E-Mobility,Wallbox lädt nicht,Negativ,App,Kritisch,2024-06-12,11
988,1691,2025-02-26,Speicher,Technisch,Batteriespeicher Störung,Negativ,Chat,Kritisch,2025-02-26,4
989,9606,2023-01-15,Allgemein,Service,Informationsanfrage,Neutral,Chat,Hoch,2023-01-20,58
990,12511,2024-07-26,Solar,Technisch,Wechselrichter Fehler,Negativ,Telefon,Mittel,2024-07-26,162
991,1676,2024-12-22,Tarif,Vertrag,Ökostrom Umstellung,Neutral,Telefon,Hoch,2024-12-29,46
992,15245,2024-08-31,Solar,Technisch,Solaranlage Ertrag niedrig,Neutral,Email,Niedrig,2024-09-12,189
993,9614,2023-06-27,Wallbox,E-Mobility,Wallbox Installation angefragt,Negativ,App,Niedrig,2023-07-01,64
994,18484,2024-03-25,Smart Meter,Installation,Smart Meter Installation angefragt,Negativ,Chat,Niedrig,2024-03-25,153
995,15430,2025-02-05,Allgemein,Service,Beschwerde,Negativ,Telefon,Kritisch,2025-02-05,119
996,17526,2025-05-12,Rechnung,Abrechnung,Abschlag anpassen,Neutral,Telefon,Niedrig,2025-05-16,150
997,8568,2024-05-02,Allgemein,Service,Informationsanfrage,Neutral,Email,Mittel,2024-05-05,104
998,15539,2024-07-09,Smart Meter,Installation,Smart Meter Installation angefragt,Negativ,App,Niedrig,2024-07-16,128
999,13884,2024-09-23,Wallbox,E-Mobility,Ladekarte Probleme,Positiv,App,Niedrig,2024-10-03,148
1000,6812,2023-10-19,Allgemein,Service,Kontaktdaten ändern,Negativ,Chat,Hoch,2023-10-20,44
1001,7048,2024-11-25,Allgemein,Service,Informationsanfrage,Neutral,Chat,Hoch,2024-11-27,127
1002,2274,2023-09-26,Wärmepumpe,Technisch,Wärmepumpe Störung,Negativ,Telefon,Mittel,2023-10-05,84
1003,18530,2023-08-01,Wallbox,E-Mobility,Ladekarte Probleme,Neutral,App,Hoch,2023-08-07,143
1004,14929,2025-04-22,Smart Meter,Installation,Smart Meter Installation angefragt,Neutral,Chat,Kritisch,2025-04-27,93
1005,8782,2024-06-11,Tarif,Vertrag,Kündigung,Neutral,App,Kritisch,2024-06-12,113
1006,3515,2023-10-01,Rechnung,Abrechnung,Abschlag zu hoch,Positiv,App,Mittel,2023-10-05,92
1007,4692,2023-06-05,Allgemein,Service,Lob,Positiv,App,Niedrig,2023-06-13,1
1008,42,2024-05-26,Wallbox,E-Mobility,App-Verbindung unterbrochen,Neutral,Telefon,Niedrig,2024-05-31,52
1009,16754,2024-12-22,Tarif,Vertrag,Vertragsverlängerung,Neutral,App,Hoch,2024-12-23,98
1010,18108,2024-06-04,Allgemein,Service,Beschwerde,Negativ,Chat,Mittel,2024-06-04,25
1011,10212,2025-03-04,Allgemein,Service,Allgemeine Anfrage,Neutral,Telefon,Mittel,2025-03-10,48
1012,3450,2024-03-18,Tarif,Vertrag,Kündigung,Neutral,App,Niedrig,2024-03-19,96
1013,886,2025-04-17,Speicher,Technisch,Batteriespeicher Störung,Negativ,Telefon,Mittel,2025-04-18,28
1014,18708,2024-07-25,Wallbox,E-Mobility,Wallbox lädt nicht,Negativ,App,Hoch,2024-07-29,158
1015,10846,2025-04-29,Smart Meter,Installation,Smart Meter Installation angefragt,Neutral,Telefon,Mittel,2025-05-12,1
1016,18082,2024-08-19,Wallbox,E-Mobility,Ladekarte Probleme,Neutral,App,Niedrig,2024-08-25,144
1017,15108,2024-01-28,Smart Meter,Installation,Smart Meter Ablesung fehlerhaft,Neutral,Chat,Mittel,2024-01-28,99
1018,3296,2023-09-03,Wallbox,E-Mobility,App-Verbindung unterbrochen,Positiv,Telefon,Mittel,2023-09-05,19
1019,3106,2025-04-04,Speicher,Technisch,Batteriespeicher Störung,Negativ,App,Niedrig,2025-04-09,136
1020,4933,2024-07-12,Solar,Technisch,Einspeisevergütung Frage,Neutral,Email,Hoch,2024-07-16,85
1021,16003,2025-04-13,Speicher,Technisch,Speicher lädt nicht,Negativ,App,Kritisch,2025-04-14,176
1022,6539,2023-09-19,Wärmepumpe,Technisch,Wartung angefragt,Neutral,App,Hoch,2023-09-25,108
1023,7142,2023-12-04,Speicher,Technisch,Kapazität gesunken,Neutral,Email,Mittel,2023-12-17,177
1024,16403,2023-03-27,Solar,Technisch,Wechselrichter Fehler,Positiv,Telefon,Mittel,2023-04-08,105
1025,3752,2024-02-15,Speicher,Technisch,Speicher lädt nicht,Negativ,App,Hoch,2024-02-18,151
1026,5552,2023-08-31,Solar,Technisch,Einspeisevergütung Frage,Neutral,Telefon,Mittel,2023-09-12,17
1027,10260,2024-04-10,Tarif,Vertrag,Ökostrom Umstellung,Neutral,Email,Kritisch,2024-04-10,187
1028,11385,2023-06-11,Wallbox,E-Mobility,Wallbox Installation angefragt,Negativ,App,Mittel,2023-06-11,97
1029,5194,2024-09-15,Wallbox,E-Mobility,Wallbox lädt nicht,Negativ,App,Kritisch,2024-09-22,172
1030,10355,2024-12-11,Allgemein,Service,Beschwerde,Negativ,Email,Hoch,2024-12-17,56
1031,17794,2024-11-12,Solar,Technisch,Solaranlage produziert nicht,Negativ,Chat,Kritisch,2024-11-13,95
1032,1557,2025-05-13,Allgemein,Service,Beschwerde,Negativ,Chat,Hoch,2025-05-19,168
1033,14665,2024-06-24,Wallbox,E-Mobility,App-Verbindung unterbrochen,Negativ,App,Hoch,2024-06-24,92
1034,115,2023-03-14,Speicher,Technisch,Kapazität gesunken,Negativ,Chat,Hoch,2023-03-17,174
1035,10175,2023-05-15,Smart Meter,Installation,Smart Meter Ablesung fehlerhaft,Positiv,Chat,Mittel,2023-05-24,129
1036,2151,2024-01-16,Solar,Technisch,Monitoring nicht verfügbar,Negativ,Email,Mittel,2024-01-23,134
1037,16663,2023-10-03,Allgemein,Service,Allgemeine Anfrage,Neutral,Email,Mittel,2023-10-10,163
1038,10947,2024-12-03,Rechnung,Abrechnung,Abschlag zu hoch,Positiv,Telefon,Hoch,2024-12-08,188
1039,11130,2023-03-26,Smart Meter,Installation,Smart Meter Ablesung fehlerhaft,Positiv,App,Niedrig,2023-04-01,120
1040,9689,2024-04-24,Solar,Technisch,Solaranlage Ertrag niedrig,Negativ,App,Hoch,2024-05-01,25
1041,6219,2025-02-16,Allgemein,Service,Lob,Positiv,Email,Niedrig,2025-02-25,195
1042,7109,2025-05-12,Wallbox,E-Mobility,Wallbox defekt,Negativ,Chat,Niedrig,2025-05-13,104
1043,8693,2023-12-13,Wärmepumpe,Technisch,Geräuschentwicklung zu hoch,Neutral,App,Mittel,2023-12-23,53
1044,3899,2023-09-17,Solar,Technisch,Wechselrichter Fehler,Negativ,Telefon,Hoch,2023-09-22,60
1045,5872,2024-09-04,Solar,Technisch,Solaranlage Ertrag niedrig,Negativ,Chat,Mittel,2024-09-09,190
1046,19625,2023-08-05,Solar,Technisch,Solaranlage produziert nicht,Negativ,Email,Niedrig,2023-08-13,74
1047,8757,2023-08-13,Tarif,Vertrag,Ökostrom Umstellung,Neutral,Chat,Mittel,2023-08-24,42
1048,18007,2023-07-13,Tarif,Vertrag,Kündigung,Neutral,Email,Mittel,2023-07-25,137
1049,5079,2025-03-06,Smart Meter,Installation,Smart Meter zeigt keine Daten,Neutral,App,Niedrig,2025-03-15,37
1050,5765,2023-06-11,Speicher,Technisch,Kapazität gesunken,Negativ,Telefon,Mittel,2023-06-21,14
1051,8559,2024-06-26,Tarif,Vertrag,Preisgarantie Frage,Negativ,Email,Mittel,2024-06-28,20
1052,11059,2023-06-18,Solar,Technisch,Einspeisevergütung Frage,Positiv,Telefon,Mittel,2023-06-19,145
1053,5872,2025-04-08,Wärmepumpe,Technisch,Fehlercode E01 angezeigt,Neutral,Email,Hoch,2025-04-15,85
1054,3414,2025-01-24,Smart Meter,Installation,Smart Meter Ablesung fehlerhaft,Negativ,Chat,Niedrig,2025-01-25,159
1055,19921,2025-01-17,Solar,Technisch,Einspeisevergütung Frage,Neutral,App,Mittel,2025-01-26,25
1056,8292,2025-05-11,Solar,Technisch,Einspeisevergütung Frage,Neutral,Telefon,Mittel,2025-05-15,26
1057,15748,2023-08-23,Wallbox,E-Mobility,Ladekarte Probleme,Negativ,Telefon,Mittel,2023-08-27,37
1058,14251,2024-04-28,Wallbox,E-Mobility,App-Verbindung unterbrochen,Neutral,Email,Hoch,2024-05-05,136
1059,6455,2024-03-25,Tarif,Vertrag,Kündigung,Neutral,App,Mittel,2024-03-26,78
1060,4374,2025-04-29,Solar,Technisch,Wechselrichter Fehler,Neutral,Chat,Mittel,2025-05-04,39
1061,4008,2023-08-30,Solar,Technisch,Wechselrichter Fehler,Positiv,Chat,Niedrig,2023-09-10,58
1062,2011,2023-07-31,Wallbox,E-Mobility,Wallbox lädt nicht,Negativ,Chat,Hoch,2023-08-07,143
1063,11460,2024-04-16,Allgemein,Service,Beschwerde,Negativ,Email,Hoch,2024-04-22,69
1064,16936,2023-03-29,Wallbox,E-Mobility,Wallbox Installation angefragt,Neutral,Email,Mittel,2023-03-31,93
1065,10006,2024-06-25,Allgemein,Service,Lob,Positiv,Chat,Niedrig,2024-06-27,143
1066,752,2023-08-27,Solar,Technisch,Monitoring nicht verfügbar,Negativ,Telefon,Kritisch,2023-08-31,21
1067,17511,2023-06-18,Allgemein,Service,Allgemeine Anfrage,Neutral,Telefon,Mittel,2023-06-24,108
1068,13248,2023-09-27,Allgemein,Service,Kontaktdaten ändern,Negativ,Telefon,Mittel,2023-09-27,140
1069,4718,2023-09-10,Smart Meter,Installation,Smart Meter Ablesung fehlerhaft,Positiv,Telefon,Hoch,2023-09-13,152
1070,15359,2024-07-26,Rechnung,Abrechnung,Abschlag anpassen,Negativ,App,Hoch,2024-07-26,33
1071,9532,2024-01-21,Speicher,Technisch,Speicher lädt nicht,Negativ,Telefon,Hoch,2024-01-25,89
1072,4242,2025-03-22,Smart Meter,Installation,Smart Meter defekt,Negativ,Email,Hoch,2025-03-29,39
1073,4064,2025-06-11,Speicher,Technisch,Batteriespeicher Störung,Negativ,Chat,Mittel,2025-06-16,199
1074,19070,2024-06-17,Tarif,Vertrag,Vertragsverlängerung,Neutral,Email,Niedrig,2024-06-30,54
1075,13195,2024-12-24,Tarif,Vertrag,Tarifwechsel angefragt,Neutral,App,Mittel,2025-01-02,15
1076,5328,2025-04-16,Allgemein,Service,Informationsanfrage,Negativ,Chat,Mittel,2025-04-26,163
1077,4122,2023-04-19,Speicher,Technisch,Batteriespeicher Störung,Negativ,Email,Mittel,2023-04-30,88
1078,11694,2023-05-08,Solar,Technisch,Solaranlage produziert nicht,Negativ,Email,Mittel,2023-05-16,109
1079,3758,2024-01-17,Allgemein,Service,Kontaktdaten ändern,Neutral,Email,Mittel,2024-01-31,154
1080,3087,2023-11-25,Wallbox,E-Mobility,Ladekarte Probleme,Negativ,Chat,Hoch,2023-11-27,143
1081,14534,2025-01-29,Wärmepumpe,Technisch,Wartung angefragt,Neutral,Telefon,Hoch,2025-02-02,163
1082,6879,2024-06-14,Rechnung,Abrechnung,Zahlungsplan angefragt,Negativ,Email,Hoch,2024-06-16,47
1083,15974,2024-03-24,Rechnung,Abrechnung,Unstimmigkeit in Rechnung,Neutral,Chat,Niedrig,2024-04-04,89
1084,16947,2025-03-02,Wallbox,E-Mobility,Wallbox Installation angefragt,Positiv,Chat,Mittel,2025-03-07,62
1085,2929,2023-11-23,Rechnung,Abrechnung,Rechnungsfrage,Negativ,App,Niedrig,2023-12-01,15
1086,7984,2024-07-02,Solar,Technisch,Monitoring nicht verfügbar,Negativ,Chat,Kritisch,2024-07-03,36
1087,19812,2023-06-14,Rechnung,Abrechnung,Abschlag zu hoch,Neutral,Telefon,Mittel,2023-06-18,11
1088,8984,2023-08-30,Speicher,Technisch,Speicher lädt nicht,Negativ,Telefon,Mittel,2023-09-10,107
1089,9408,2025-02-16,Tarif,Vertrag,Vertragsverlängerung,Positiv,Telefon,Mittel,2025-02-17,142
1090,15544,2024-09-06,Wärmepumpe,Technisch,Geräuschentwicklung zu hoch,Neutral,App,Mittel,2024-09-10,85
1091,1198,2024-10-10,Smart Meter,Installation,Smart Meter zeigt keine Daten,Neutral,Email,Niedrig,2024-10-10,124
1092,11076,2023-01-06,Allgemein,Service,Allgemeine Anfrage,Positiv,App,Mittel,2023-01-14,95
1093,1079,2025-03-28,Speicher,Technisch,Speicher lädt nicht,Negativ,Chat,Mittel,2025-04-11,97
1094,5038,2023-12-14,Tarif,Vertrag,Umzug melden,Neutral,Telefon,Kritisch,2023-12-16,85
1095,9676,2025-06-20,Smart Meter,Installation,Smart Meter zeigt keine Daten,Neutral,Chat,Niedrig,2025-06-21,47
1096,3880,2024-09-24,Wärmepumpe,Technisch,Geräuschentwicklung zu hoch,Neutral,Chat,Niedrig,2024-10-05,131
1097,2462,2025-05-09,Wallbox,E-Mobility,Wallbox lädt nicht,Negativ,Chat,Kritisch,2025-05-14,87
1098,6820,2024-08-03,Speicher,Technisch,Kapazität gesunken,Positiv,Email,Niedrig,2024-08-15,58
1099,1670,2023-11-05,Smart Meter,Installation,Smart Meter Installation angefragt,Neutral,Chat,Hoch,2023-11-12,123
1100,3753,2024-01-25,Speicher,Technisch,Batteriespeicher Störung,Negativ,App,Hoch,2024-01-27,97
1101,10012,2023-04-29,Rechnung,Abrechnung,Zahlungsplan angefragt,Neutral,Email,Niedrig,2023-05-05,143
1102,16312,2024-02-27,Wärmepumpe,Technisch,Wartung angefragt,Neutral,Chat,Mittel,2024-03-02,105
1103,15277,2024-05-08,Allgemein,Service,Allgemeine Anfrage,Neutral,Chat,Mittel,2024-05-13,14
1104,2602,2023-11-16,Wärmepumpe,Technisch,Wartung angefragt,Neutral,App,Mittel,2023-11-26,88
1105,1151,2023-02-07,Wallbox,E-Mobility,Ladekarte Probleme,Negativ,Telefon,Niedrig,2023-02-17,60
1106,17815,2023-11-10,Wärmepumpe,Technisch,Wärmepumpe Störung,Negativ,App,Niedrig,2023-11-18,146
1107,7449,2023-04-21,Wärmepumpe,Technisch,Geräuschentwicklung zu hoch,Negativ,Email,Mittel,2023-04-25,30
1108,3931,2023-01-24,Wärmepumpe,Technisch,Geräuschentwicklung zu hoch,Positiv,Email,Niedrig,2023-01-30,43
1109,378,2024-07-17,Wärmepumpe,Technisch,Fehlercode E01 angezeigt,Neutral,Email,Mittel,2024-07-18,180
1110,1384,2023-10-18,Tarif,Vertrag,Kündigung,Negativ,Email,Niedrig,2023-10-26,175
1111,19674,2023-12-30,Rechnung,Abrechnung,Abschlag anpassen,Neutral,Chat,Hoch,2024-01-04,80
1112,6057,2025-05-02,Solar,Technisch,Monitoring nicht verfügbar,Negativ,App,Hoch,2025-05-08,140
1113,18337,2023-04-26,Smart Meter,Installation,Smart Meter Installation angefragt,Neutral,Chat,Hoch,2023-05-03,39
1114,18244,2023-08-11,Smart Meter,Installation,Smart Meter App funktioniert nicht,Negativ,App,Hoch,2023-08-14,169
1115,10849,2023-06-23,Speicher,Technisch,Speicher lädt nicht,Negativ,Telefon,Niedrig,2023-06-28,55
1116,381,2024-05-31,Speicher,Technisch,Speicher lädt nicht,Negativ,Chat,Niedrig,2024-06-11,87
1117,3227,2024-10-05,Smart Meter,Installation,Smart Meter zeigt keine Daten,Neutral,Email,Mittel,2024-10-10,186
1118,10870,2023-06-27,Wärmepumpe,Technisch,Fehlercode E01 angezeigt,Neutral,Email,Kritisch,2023-07-02,164
1119,9022,2024-02-21,Wallbox,E-Mobility,Wallbox lädt nicht,Negativ,Telefon,Hoch,2024-02-22,157
1120,1144,2025-04-05,Rechnung,Abrechnung,Abschlag zu hoch,Neutral,Chat,Niedrig,2025-04-06,97
1121,17796,2023-01-12,Solar,Technisch,Monitoring nicht verfügbar,Negativ,Chat,Mittel,2023-01-26,160
1122,19542,2023-08-23,Tarif,Vertrag,Kündigung,Negativ,Chat,Mittel,2023-09-04,169
1123,1130,2023-05-17,Smart Meter,Installation,Smart Meter Installation angefragt,Neutral,Chat,Mittel,2023-05-29,200
1124,14892,2024-06-14,Solar,Technisch,Solaranlage produziert nicht,Negativ,Telefon,Kritisch,2024-06-20,17
1125,11765,2025-06-07,Wärmepumpe,Technisch,Effizienz zu niedrig,Neutral,App,Mittel,2025-06-10,139
1126,3034,2024-06-10,Speicher,Technisch,Batteriespeicher Störung,Negativ,Email,Hoch,2024-06-14,160
1127,3215,2025-05-24,Tarif,Vertrag,Kündigung,Negativ,Email,Mittel,2025-05-27,127
1128,19640,2023-05-12,Allgemein,Service,Kontaktdaten ändern,Negativ,Email,Mittel,2023-05-14,185
1129,9891,2025-02-12,Solar,Technisch,Solaranlage Ertrag niedrig,Neutral,Telefon,Hoch,2025-02-13,81
1130,16750,2023-05-25,Allgemein,Service,Beschwerde,Negativ,App,Niedrig,2023-05-25,132
1131,2731,2024-07-09,Rechnung,Abrechnung,Gutschrift angefragt,Neutral,Chat,Niedrig,2024-07-21,133
1132,15488,2023-02-21,Speicher,Technisch,Speicher lädt nicht,Negativ,Telefon,Hoch,2023-02-26,92
1133,14467,2023-07-24,Tarif,Vertrag,Ökostrom Umstellung,Positiv,Email,Niedrig,2023-08-03,147
1134,4280,2025-03-29,Allgemein,Service,Informationsanfrage,Negativ,Telefon,Mittel,2025-04-11,15
1135,11709,2023-08-31,Speicher,Technisch,Speicher lädt nicht,Negativ,Telefon,Mittel,2023-09-01,144
1136,15760,2023-02-24,Rechnung,Abrechnung,Unstimmigkeit in Rechnung,Neutral,App,Hoch,2023-02-28,76
1137,13644,2024-10-19,Tarif,Vertrag,Ökostrom Umstellung,Neutral,Chat,Mittel,2024-11-01,131
1138,8694,2025-02-07,Wärmepumpe,Technisch,Geräuschentwicklung zu hoch,Negativ,Email,Mittel,2025-02-10,164
1139,1874,2025-06-02,Speicher,Technisch,Speicher lädt nicht,Negativ,Email,Hoch,2025-06-06,76
1140,5200,2024-10-16,Wallbox,E-Mobility,Wallbox Installation angefragt,Neutral,Telefon,Niedrig,2024-10-27,105
1141,11757,2023-08-01,Wärmepumpe,Technisch,Wärmepumpe läuft nicht,Negativ,Email,Hoch,2023-08-08,78
1142,10663,2023-10-22,Rechnung,Abrechnung,Abschlag anpassen,Negativ,Email,Hoch,2023-10-24,98
1143,7767,2024-07-24,Speicher,Technisch,Speicher lädt nicht,Negativ,Telefon,Mittel,2024-08-05,78
1144,18180,2024-12-27,Wärmepumpe,Technisch,Effizienz zu niedrig,Negativ,App,Hoch,2024-12-29,175
1145,6124,2023-09-05,Solar,Technisch,Einspeisevergütung Frage,Neutral,Email,Mittel,2023-09-12,15
1146,4861,2023-08-28,Wallbox,E-Mobility,Wallbox defekt,Negativ,App,Hoch,2023-09-03,161
1147,16742,2024-03-26,Speicher,Technisch,Kapazität gesunken,Neutral,Telefon,Mittel,2024-03-29,79
1148,12680,2024-10-10,Solar,Technisch,Wechselrichter Fehler,Neutral,Email,Mittel,2024-10-22,95
1149,13436,2023-05-16,Smart Meter,Installation,Smart Meter defekt,Negativ,Email,Mittel,2023-05-16,30
1150,12622,2023-03-05,Wallbox,E-Mobility,Wallbox lädt nicht,Negativ,App,Niedrig,2023-03-12,190
1151,6088,2024-10-29,Rechnung,Abrechnung,Abschlag zu hoch,Neutral,Telefon,Niedrig,2024-11-07,157
1152,8554,2024-12-03,Rechnung,Abrechnung,Gutschrift angefragt,Neutral,App,Kritisch,2024-12-04,73
1153,12013,2023-04-03,Allgemein,Service,Informationsanfrage,Positiv,Email,Hoch,2023-04-03,146
1154,14536,2024-12-12,Smart Meter,Installation,Smart Meter App funktioniert nicht,Negativ,App,Kritisch,2024-12-12,34
1155,7473,2024-04-29,Wärmepumpe,Technisch,Fehlercode E01 angezeigt,Neutral,Telefon,Mittel,2024-05-12,50
1156,11434,2023-11-14,Speicher,Technisch,Kapazität gesunken,Neutral,Email,Mittel,2023-11-18,170
1157,10493,2024-02-27,Solar,Technisch,Solaranlage produziert nicht,Negativ,App,Hoch,2024-03-03,48
1158,16617,2025-06-03,Smart Meter,Installation,Smart Meter Ablesung fehlerhaft,Positiv,Chat,Mittel,2025-06-08,92
1159,8657,2023-09-10,Rechnung,Abrechnung,Zahlungsplan angefragt,Negativ,Chat,Hoch,2023-09-10,41
1160,6298,2024-05-25,Smart Meter,Installation,Smart Meter zeigt keine Daten,Negativ,Telefon,Niedrig,2024-05-30,91
1161,9947,2025-01-10,Wärmepumpe,Technisch,Geräuschentwicklung zu hoch,Negativ,App,Niedrig,2025-01-19,14
1162,3843,2024-01-10,Smart Meter,Installation,Smart Meter App funktioniert nicht,Negativ,Email,Kritisch,2024-01-13,161
1163,11187,2023-11-16,Allgemein,Service,Informationsanfrage,Positiv,App,Mittel,2023-11-26,198
1164,5099,2024-11-15,Allgemein,Service,Kontaktdaten ändern,Positiv,App,Mittel,2024-11-26,77
1165,16572,2024-04-22,Wallbox,E-Mobility,Ladekarte Probleme,Neutral,Email,Mittel,2024-04-24,105
1166,11572,2025-05-09,Rechnung,Abrechnung,Unstimmigkeit in Rechnung,Neutral,Telefon,Mittel,2025-05-23,125
1167,2076,2023-10-24,Wallbox,E-Mobility,Wallbox Installation angefragt,Neutral,Chat,Mittel,2023-11-05,40
1168,1632,2024-10-04,Wallbox,E-Mobility,Wallbox lädt nicht,Negativ,App,Hoch,2024-10-11,118
1169,15106,2024-10-29,Allgemein,Service,Beschwerde,Negativ,App,Niedrig,2024-10-30,123
1170,12563,2023-04-29,Allgemein,Service,Lob,Positiv,Email,Niedrig,2023-05-11,19
1171,2100,2025-04-27,Wärmepumpe,Technisch,Wartung angefragt,Positiv,Telefon,Niedrig,2025-05-11,19
1172,2139,2025-02-15,Allgemein,Service,Beschwerde,Negativ,Chat,Kritisch,2025-02-16,154
1173,4590,2023-05-28,Wallbox,E-Mobility,Wallbox lädt nicht,Negativ,Chat,Kritisch,2023-06-04,47
1174,15605,2024-01-24,Wallbox,E-Mobility,Ladekarte Probleme,Neutral,Email,Niedrig,2024-02-06,131
1175,18577,2024-01-20,Allgemein,Service,Kontaktdaten ändern,Neutral,Email,Mittel,2024-01-28,17
1176,6791,2023-01-22,Smart Meter,Installation,Smart Meter zeigt keine Daten,Negativ,Telefon,Mittel,2023-01-25,148
1177,17768,2023-10-12,Smart Meter,Installation,Smart Meter zeigt keine Daten,Neutral,Telefon,Mittel,2023-10-15,34
1178,5645,2024-01-30,Allgemein,Service,Kontaktdaten ändern,Neutral,Chat,Mittel,2024-01-31,63
1179,4145,2024-07-04,Wallbox,E-Mobility,App-Verbindung unterbrochen,Negativ,Chat,Niedrig,2024-07-08,113
1180,17369,2024-04-29,Tarif,Vertrag,Ökostrom Umstellung,Neutral,Email,Mittel,2024-05-12,95
1181,128,2023-05-07,Wärmepumpe,Technisch,Geräuschentwicklung zu hoch,Positiv,Chat,Mittel,2023-05-09,60
1182,9101,2024-02-16,Rechnung,Abrechnung,Abschlag anpassen,Neutral,App,Hoch,2024-02-20,129
1183,9358,2023-11-13,Speicher,Technisch,Batteriespeicher Störung,Negativ,Email,Hoch,2023-11-18,154
1184,9529,2024-01-07,Solar,Technisch,Solaranlage Ertrag niedrig,Neutral,App,Niedrig,2024-01-12,46
1185,14131,2023-03-09,Rechnung,Abrechnung,Abschlag anpassen,Negativ,App,Hoch,2023-03-09,122
1186,2846,2024-08-12,Tarif,Vertrag,Preisgarantie Frage,Positiv,Email,Mittel,2024-08-26,151
1187,7708,2023-02-03,Solar,Technisch,Wechselrichter Fehler,Neutral,App,Hoch,2023-02-04,98
1188,2442,2025-04-27,Wärmepumpe,Technisch,Wärmepumpe läuft nicht,Negativ,Chat,Hoch,2025-04-28,131
1189,117,2023-02-05,Solar,Technisch,Solaranlage produziert nicht,Negativ,App,Niedrig,2023-02-17,104
1190,11724,2023-11-24,Wärmepumpe,Technisch,Geräuschentwicklung zu hoch,Neutral,Chat,Niedrig,2023-11-28,80
1191,3490,2023-04-12,Wallbox,E-Mobility,App-Verbindung unterbrochen,Negativ,App,Niedrig,2023-04-16,173
1192,18963,2024-11-05,Allgemein,Service,Informationsanfrage,Neutral,Email,Niedrig,2024-11-17,166
1193,4562,2023-07-02,Wallbox,E-Mobility,Ladekarte Probleme,Neutral,Telefon,Mittel,2023-07-10,186
1194,6670,2023-03-20,Speicher,Technisch,Kapazität gesunken,Positiv,Telefon,Hoch,2023-03-22,166
1195,12850,2024-07-23,Speicher,Technisch,Kapazität gesunken,Neutral,Chat,Mittel,2024-07-30,10
1196,8545,2023-05-20,Tarif,Vertrag,Kündigung,Negativ,Email,Mittel,2023-06-03,113
1197,5753,2023-09-05,Tarif,Vertrag,Ökostrom Umstellung,Negativ,Email,Mittel,2023-09-09,22
1198,18736,2025-01-07,Smart Meter,Installation,Smart Meter Installation angefragt,Negativ,Telefon,Niedrig,2025-01-11,125
1199,18348,2023-05-29,Smart Meter,Installation,Smart Meter defekt,Negativ,Telefon,Kritisch,2023-05-29,27
1200,15531,2025-04-23,Smart Meter,Installation,Smart Meter defekt,Negativ,Chat,Hoch,2025-04-28,150
1201,1940,2023-05-31,Speicher,Technisch,Speicher lädt nicht,Negativ,App,Hoch,2023-05-31,197
1202,5694,2023-08-27,Tarif,Vertrag,Tarifwechsel angefragt,Neutral,Chat,Mittel,2023-09-07,155
1203,2043,2025-04-27,Rechnung,Abrechnung,Unstimmigkeit in Rechnung,Neutral,Telefon,Mittel,2025-04-28,173
1204,7448,2024-06-30,Smart Meter,Installation,Smart Meter Installation angefragt,Negativ,App,Hoch,2024-07-01,69
1205,3284,2024-03-01,Solar,Technisch,Wechselrichter Fehler,Neutral,Email,Kritisch,2024-03-02,110
1206,5256,2025-04-18,Smart Meter,Installation,Smart Meter Installation angefragt,Neutral,Email,Hoch,2025-04-21,191
1207,11103,2023-10-21,Wallbox,E-Mobility,Ladekarte Probleme,Neutral,Email,Hoch,2023-10-23,106
1208,16743,2024-05-24,Wärmepumpe,Technisch,Fehlercode E01 angezeigt,Negativ,Chat,Kritisch,2024-05-31,77
1209,15340,2023-08-25,Smart Meter,Installation,Smart Meter App funktioniert nicht,Negativ,Email,Hoch,2023-08-30,36
1210,10096,2025-01-03,Wärmepumpe,Technisch,Geräuschentwicklung zu hoch,Neutral,Chat,Niedrig,2025-01-10,12
1211,12669,2023-11-22,Wärmepumpe,Technisch,Wärmepumpe läuft nicht,Negativ,App,Hoch,2023-11-28,66
1212,6225,2024-09-23,Wallbox,E-Mobility,Wallbox defekt,Negativ,Telefon,Mittel,2024-09-26,108
1213,18955,2023-01-15,Smart Meter,Installation,Smart Meter zeigt keine Daten,Neutral,App,Hoch,2023-01-20,147
1214,6953,2025-04-09,Wallbox,E-Mobility,Wallbox defekt,Negativ,Chat,Hoch,2025-04-14,46
1215,12858,2024-03-27,Allgemein,Service,Kontaktdaten ändern,Neutral,App,Niedrig,2024-04-03,172
1216,12055,2023-06-20,Wärmepumpe,Technisch,Wartung angefragt,Neutral,Telefon,Mittel,2023-06-27,188
1217,16268,2025-04-28,Solar,Technisch,Monitoring nicht verfügbar,Negativ,Telefon,Mittel,2025-05-04,84
1218,1248,2025-01-16,Smart Meter,Installation,Smart Meter zeigt keine Daten,Neutral,Chat,Mittel,2025-01-25,191
1219,156,2024-03-11,Wärmepumpe,Technisch,Geräuschentwicklung zu hoch,Negativ,Chat,Kritisch,2024-03-18,163
1220,15921,2025-03-08,Speicher,Technisch,Speicher lädt nicht,Negativ,App,Mittel,2025-03-13,183
1221,15346,2024-07-31,Rechnung,Abrechnung,Zahlungsplan angefragt,Neutral,Email,Mittel,2024-08-03,195
1222,14768,2025-03-11,Smart Meter,Installation,Smart Meter defekt,Negativ,Chat,Kritisch,2025-03-15,25
1223,11220,2024-11-10,Solar,Technisch,Einspeisevergütung Frage,Positiv,App,Mittel,2024-11-16,28
1224,9172,2024-12-22,Tarif,Vertrag,Ökostrom Umstellung,Neutral,App,Niedrig,2024-12-22,176
1225,17703,2024-07-27,Allgemein,Service,Kontaktdaten ändern,Negativ,App,Niedrig,2024-07-29,5
1226,11897,2024-01-03,Tarif,Vertrag,Preisgarantie Frage,Neutral,Email,Mittel,2024-01-13,171
1227,19576,2024-09-04,Wärmepumpe,Technisch,Wärmepumpe läuft nicht,Negativ,App,Mittel,2024-09-14,109
1228,17568,2023-05-11,Wärmepumpe,Technisch,Wärmepumpe Störung,Negativ,Email,Mittel,2023-05-24,28
1229,17648,2024-10-04,Allgemein,Service,Lob,Positiv,Email,Niedrig,2024-10-11,164
1230,4597,2023-06-20,Smart Meter,Installation,Smart Meter App funktioniert nicht,Negativ,Email,Kritisch,2023-06-20,11
1231,7187,2024-10-20,Solar,Technisch,Solaranlage Ertrag niedrig,Negativ,Email,Hoch,2024-10-20,49
1232,7762,2024-08-17,Rechnung,Abrechnung,Abschlag zu hoch,Neutral,Email,Mittel,2024-08-25,87
1233,2448,2023-10-04,Speicher,Technisch,Kapazität gesunken,Positiv,Chat,Mittel,2023-10-07,152
1234,15143,2025-01-23,Allgemein,Service,Informationsanfrage,Neutral,App,Hoch,2025-01-29,41
1235,8927,2023-05-26,Solar,Technisch,Solaranlage Ertrag niedrig,Negativ,Email,Kritisch,2023-05-30,157
1236,8646,2025-02-19,Rechnung,Abrechnung,Abschlag anpassen,Neutral,Telefon,Niedrig,2025-02-26,15
1237,15631,2025-03-07,Smart Meter,Installation,Smart Meter Ablesung fehlerhaft,Neutral,Telefon,Kritisch,2025-03-08,14
1238,19132,2023-03-06,Solar,Technisch,Monitoring nicht verfügbar,Negativ,App,Hoch,2023-03-08,42
1239,792,2024-02-24,Wärmepumpe,Technisch,Wärmepumpe Störung,Negativ,App,Kritisch,2024-02-26,196
1240,5567,2024-11-24,Smart Meter,Installation,Smart Meter App funktioniert nicht,Negativ,Email,Hoch,2024-12-01,84
1241,14684,2023-04-02,Wallbox,E-Mobility,Wallbox lädt nicht,Negativ,Chat,Mittel,2023-04-14,45
1242,5692,2025-03-27,Allgemein,Service,Informationsanfrage,Negativ,Telefon,Niedrig,2025-04-09,152
1243,14967,2023-05-31,Allgemein,Service,Lob,Positiv,Telefon,Niedrig,2023-05-31,81
1244,11722,2023-08-12,Wärmepumpe,Technisch,Fehlercode E01 angezeigt,Neutral,Telefon,Niedrig,2023-08-25,100
1245,70,2024-10-12,Allgemein,Service,Beschwerde,Negativ,App,Niedrig,2024-10-25,44
1246,5911,2025-04-26,Wallbox,E-Mobility,Wallbox lädt nicht,Negativ,Chat,Kritisch,2025-04-29,102
1247,7334,2025-06-19,Solar,Technisch,Wechselrichter Fehler,Neutral,Chat,Mittel,2025-06-21,2
1248,4740,2024-12-08,Smart Meter,Installation,Smart Meter App funktioniert nicht,Negativ,Chat,Hoch,2024-12-10,191
1249,9120,2024-03-14,Rechnung,Abrechnung,Unstimmigkeit in Rechnung,Neutral,Chat,Kritisch,2024-03-20,131
1250,265,2023-01-02,Tarif,Vertrag,Ökostrom Umstellung,Neutral,App,Niedrig,2023-01-03,165
1251,17435,2023-11-07,Allgemein,Service,Kontaktdaten ändern,Negativ,Chat,Mittel,2023-11-19,180
1252,3840,2025-06-10,Smart Meter,Installation,Smart Meter Ablesung fehlerhaft,Neutral,Telefon,Mittel,2025-06-20,163
1253,10454,2024-01-25,Wärmepumpe,Technisch,Geräuschentwicklung zu hoch,Neutral,Chat,Hoch,2024-01-30,88
1254,9538,2024-10-30,Wärmepumpe,Technisch,Fehlercode E01 angezeigt,Neutral,Email,Mittel,2024-11-07,73
1255,13214,2023-12-10,Solar,Technisch,Solaranlage Ertrag niedrig,Neutral,Chat,Mittel,2023-12-16,52
1256,1203,2024-02-02,Rechnung,Abrechnung,Abschlag zu hoch,Neutral,Chat,Hoch,2024-02-04,111
1257,15463,2025-04-12,Tarif,Vertrag,Tarifwechsel angefragt,Neutral,App,Hoch,2025-04-15,162
1258,14914,2023-12-28,Wärmepumpe,Technisch,Wärmepumpe Störung,Negativ,Chat,Hoch,2024-01-03,77
1259,19320,2024-06-30,Smart Meter,Installation,Smart Meter Installation angefragt,Neutral,Telefon,Mittel,2024-07-04,192
1260,2907,2024-08-30,Tarif,Vertrag,Kündigung,Negativ,App,Niedrig,2024-09-02,79
1261,3468,2023-05-10,Rechnung,Abrechnung,Abschlag anpassen,Positiv,Chat,Hoch,2023-05-12,172
1262,19700,2023-01-20,Smart Meter,Installation,Smart Meter defekt,Negativ,Telefon,Kritisch,2023-01-27,159
1263,16060,2023-01-15,Smart Meter,Installation,Smart Meter App funktioniert nicht,Negativ,App,Hoch,2023-01-17,185
1264,1074,2025-05-04,Tarif,Vertrag,Umzug melden,Positiv,Email,Hoch,2025-05-06,152
1265,732,2024-10-14,Rechnung,Abrechnung,Gutschrift angefragt,Neutral,App,Kritisch,2024-10-16,125
1266,18855,2024-07-03,Wärmepumpe,Technisch,Wärmepumpe läuft nicht,Negativ,App,Hoch,2024-07-08,179
1267,12808,2023-05-26,Solar,Technisch,Solaranlage Ertrag niedrig,Neutral,Chat,Hoch,2023-05-30,5
1268,12974,2024-01-21,Tarif,Vertrag,Kündigung,Neutral,Email,Niedrig,2024-01-22,98
1269,15329,2025-05-30,Allgemein,Service,Informationsanfrage,Neutral,Chat,Mittel,2025-06-08,137
1270,2117,2023-07-07,Wallbox,E-Mobility,Wallbox Installation angefragt,Neutral,Chat,Mittel,2023-07-13,38
1271,18421,2025-04-28,Allgemein,Service,Informationsanfrage,Negativ,Telefon,Mittel,2025-05-06,147
1272,19160,2023-10-06,Smart Meter,Installation,Smart Meter defekt,Negativ,Telefon,Hoch,2023-10-09,165
1273,4305,2023-09-03,Rechnung,Abrechnung,Unstimmigkeit in Rechnung,Neutral,App,Kritisch,2023-09-06,36
1274,6548,2024-08-13,Solar,Technisch,Solaranlage Ertrag niedrig,Positiv,Telefon,Mittel,2024-08-13,196
1275,11285,2024-02-02,Wallbox,E-Mobility,Wallbox Installation angefragt,Neutral,App,Mittel,2024-02-13,164
1276,17259,2023-08-08,Wärmepumpe,Technisch,Effizienz zu niedrig,Negativ,Chat,Mittel,2023-08-16,91
1277,14431,2025-06-14,Solar,Technisch,Wechselrichter Fehler,Neutral,App,Mittel,2025-06-21,71
1278,12218,2023-03-09,Wärmepumpe,Technisch,Wärmepumpe Störung,Negativ,Email,Hoch,2023-03-10,19
1279,2009,2025-02-20,Rechnung,Abrechnung,Zahlungsplan angefragt,Negativ,App,Niedrig,2025-03-06,81
1280,3597,2024-01-08,Wallbox,E-Mobility,Wallbox lädt nicht,Negativ,Email,Mittel,2024-01-19,82
1281,9960,2023-04-24,Smart Meter,Installation,Smart Meter Ablesung fehlerhaft,Neutral,Email,Niedrig,2023-05-04,52
1282,5430,2025-03-04,Tarif,Vertrag,Umzug melden,Negativ,App,Hoch,2025-03-06,140
1283,8684,2025-02-08,Smart Meter,Installation,Smart Meter defekt,Negativ,Telefon,Kritisch,2025-02-13,75
1284,8224,2023-01-17,Allgemein,Service,Kontaktdaten ändern,Neutral,App,Mittel,2023-01-22,48
1285,17476,2023-04-14,Speicher,Technisch,Batteriespeicher Störung,Negativ,App,Niedrig,2023-04-26,191
1286,19889,2024-05-03,Rechnung,Abrechnung,Rechnungsfrage,Neutral,Chat,Niedrig,2024-05-07,36
1287,17797,2024-11-01,Speicher,Technisch,Kapazität gesunken,Neutral,Email,Mittel,2024-11-15,96
1288,15805,2023-02-13,Allgemein,Service,Informationsanfrage,Neutral,Email,Hoch,2023-02-18,85
1289,8972,2023-11-16,Tarif,Vertrag,Vertragsverlängerung,Negativ,App,Mittel,2023-11-24,127
1290,18385,2023-02-06,Wärmepumpe,Technisch,Effizienz zu niedrig,Neutral,Email,Mittel,2023-02-12,16
1291,311,2024-08-08,Allgemein,Service,Allgemeine Anfrage,Positiv,Telefon,Mittel,2024-08-17,31
1292,1234,2023-01-21,Allgemein,Service,Beschwerde,Negativ,Email,Kritisch,2023-01-28,129
1293,12318,2024-01-11,Wallbox,E-Mobility,Ladekarte Probleme,Neutral,Chat,Niedrig,2024-01-19,23
1294,18280,2025-04-02,Wärmepumpe,Technisch,Wartung angefragt,Neutral,Chat,Niedrig,2025-04-06,127
1295,3317,2023-06-05,Solar,Technisch,Einspeisevergütung Frage,Positiv,App,Hoch,2023-06-07,68
1296,7779,2024-02-15,Rechnung,Abrechnung,Unstimmigkeit in Rechnung,Negativ,Telefon,Mittel,2024-02-28,76
1297,6521,2024-11-26,Solar,Technisch,Solaranlage produziert nicht,Negativ,Telefon,Mittel,2024-12-06,164
1298,223,2024-03-24,Solar,Technisch,Solaranlage Ertrag niedrig,Negativ,App,Niedrig,2024-03-25,197
1299,9087,2023-12-14,Tarif,Vertrag,Tarifwechsel angefragt,Neutral,App,Mittel,2023-12-18,31
1300,10386,2024-11-15,Rechnung,Abrechnung,Zahlungsplan angefragt,Neutral,Email,Niedrig,2024-11-24,34
1301,13813,2024-11-07,Wallbox,E-Mobility,Wallbox defekt,Negativ,Chat,Kritisch,2024-11-14,178
1302,12361,2025-01-06,Speicher,Technisch,Batteriespeicher Störung,Negativ,Email,Mittel,2025-01-16,28
1303,16671,2023-03-03,Smart Meter,Installation,Smart Meter zeigt keine Daten,Neutral,Email,Mittel,2023-03-11,200
1304,590,2024-06-21,Speicher,Technisch,Kapazität gesunken,Neutral,Email,Kritisch,2024-06-21,170
1305,4824,2023-09-18,Rechnung,Abrechnung,Rechnungsfrage,Neutral,Telefon,Niedrig,2023-09-18,143
1306,6198,2024-04-20,Smart Meter,Installation,Smart Meter zeigt keine Daten,Neutral,App,Mittel,2024-04-28,195
1307,19693,2025-02-25,Rechnung,Abrechnung,Unstimmigkeit in Rechnung,Negativ,Chat,Niedrig,2025-03-08,77
1308,18649,2024-11-03,Allgemein,Service,Beschwerde,Negativ,App,Hoch,2024-11-06,18
1309,18023,2025-01-12,Solar,Technisch,Einspeisevergütung Frage,Positiv,Chat,Niedrig,2025-01-17,62
1310,8326,2023-09-23,Speicher,Technisch,Batteriespeicher Störung,Negativ,Telefon,Hoch,2023-09-23,67
1311,7103,2023-05-18,Solar,Technisch,Wechselrichter Fehler,Neutral,Email,Hoch,2023-05-18,192
1312,18767,2024-11-30,Speicher,Technisch,Speicher lädt nicht,Negativ,App,Niedrig,2024-12-04,8
1313,5414,2023-05-26,Tarif,Vertrag,Umzug melden,Neutral,Telefon,Mittel,2023-05-30,139
1314,14480,2023-05-11,Solar,Technisch,Monitoring nicht verfügbar,Negativ,Chat,Niedrig,2023-05-20,85
1315,747,2023-03-27,Solar,Technisch,Solaranlage Ertrag niedrig,Neutral,App,Niedrig,2023-03-28,134
1316,17666,2025-05-18,Wallbox,E-Mobility,Wallbox lädt nicht,Negativ,Email,Mittel,2025-05-23,75
1317,12,2024-06-03,Rechnung,Abrechnung,Gutschrift angefragt,Neutral,App,Niedrig,2024-06-08,140
1318,9366,2024-09-07,Speicher,Technisch,Kapazität gesunken,Neutral,App,Niedrig,2024-09-15,62
1319,6849,2023-10-04,Rechnung,Abrechnung,Unstimmigkeit in Rechnung,Neutral,Chat,Mittel,2023-10-07,117
1320,11407,2025-02-07,Allgemein,Service,Lob,Positiv,App,Niedrig,2025-02-13,137
1321,10864,2023-12-03,Allgemein,Service,Lob,Positiv,Email,Niedrig,2023-12-11,101
1322,18400,2023-01-30,Wärmepumpe,Technisch,Wärmepumpe läuft nicht,Negativ,Email,Mittel,2023-02-08,110
1323,11217,2025-05-19,Allgemein,Service,Kontaktdaten ändern,Neutral,Email,Mittel,2025-05-22,37
1324,9559,2024-08-14,Allgemein,Service,Lob,Positiv,Email,Niedrig,2024-08-14,103
1325,13807,2024-11-22,Smart Meter,Installation,Smart Meter Ablesung fehlerhaft,Neutral,App,Kritisch,2024-11-25,194
1326,1538,2023-09-16,Smart Meter,Installation,Smart Meter Installation angefragt,Neutral,Chat,Niedrig,2023-09-26,98
1327,6426,2023-06-14,Wallbox,E-Mobility,Ladekarte Probleme,Neutral,Telefon,Mittel,2023-06-14,155
1328,12223,2024-05-21,Tarif,Vertrag,Umzug melden,Neutral,Telefon,Mittel,2024-05-29,49
1329,2446,2023-04-03,Smart Meter,Installation,Smart Meter defekt,Negativ,App,Hoch,2023-04-09,127
1330,5027,2023-03-12,Solar,Technisch,Solaranlage produziert nicht,Negativ,Chat,Hoch,2023-03-13,135
1331,4250,2023-01-30,Wärmepumpe,Technisch,Fehlercode E01 angezeigt,Positiv,App,Niedrig,2023-02-07,62
1332,17499,2023-10-09,Solar,Technisch,Wechselrichter Fehler,Neutral,Email,Kritisch,2023-10-12,99
1333,4345,2025-04-27,Solar,Technisch,Einspeisevergütung Frage,Negativ,Email,Niedrig,2025-05-11,95
1334,3143,2024-12-07,Smart Meter,Installation,Smart Meter zeigt keine Daten,Neutral,Chat,Niedrig,2024-12-10,5
1335,10734,2023-06-22,Rechnung,Abrechnung,Zahlungsplan angefragt,Neutral,Telefon,Niedrig,2023-06-29,168
1336,18826,2023-09-19,Rechnung,Abrechnung,Abschlag anpassen,Neutral,Telefon,Mittel,2023-09-24,111
1337,1017,2023-03-09,Rechnung,Abrechnung,Unstimmigkeit in Rechnung,Neutral,Chat,Mittel,2023-03-15,68
1338,19180,2024-04-24,Wärmepumpe,Technisch,Effizienz zu niedrig,Negativ,Telefon,Mittel,2024-04-29,157
1339,1198,2024-02-17,Smart Meter,Installation,Smart Meter defekt,Negativ,Chat,Hoch,2024-02-17,8
1340,11363,2025-01-17,Tarif,Vertrag,Umzug melden,Negativ,Email,Niedrig,2025-01-31,199
1341,3638,2023-08-11,Speicher,Technisch,Speicher lädt nicht,Negativ,Email,Hoch,2023-08-16,40
1342,19319,2025-05-21,Allgemein,Service,Beschwerde,Negativ,Chat,Mittel,2025-05-28,177
1343,5660,2024-10-18,Tarif,Vertrag,Umzug melden,Positiv,Email,Mittel,2024-10-23,120
1344,4207,2024-03-13,Wallbox,E-Mobility,Wallbox Installation angefragt,Neutral,Chat,Mittel,2024-03-25,70
1345,14322,2023-08-06,Tarif,Vertrag,Preisgarantie Frage,Neutral,Chat,Mittel,2023-08-15,17
1346,7041,2024-03-10,Wärmepumpe,Technisch,Wärmepumpe läuft nicht,Negativ,Chat,Hoch,2024-03-14,108
1347,11492,2025-01-29,Wallbox,E-Mobility,Wallbox defekt,Negativ,Chat,Hoch,2025-01-29,127
1348,7461,2025-05-23,Rechnung,Abrechnung,Rechnungsfrage,Negativ,Email,Niedrig,2025-06-04,12
1349,14560,2024-01-31,Tarif,Vertrag,Preisgarantie Frage,Neutral,Email,Niedrig,2024-01-31,69
1350,10268,2024-10-17,Tarif,Vertrag,Vertragsverlängerung,Negativ,Telefon,Niedrig,2024-10-20,99
1351,19637,2023-11-02,Smart Meter,Installation,Smart Meter Ablesung fehlerhaft,Neutral,Telefon,Niedrig,2023-11-09,118
1352,14260,2025-01-17,Rechnung,Abrechnung,Zahlungsplan angefragt,Neutral,App,Mittel,2025-01-25,106
1353,4414,2024-05-06,Smart Meter,Installation,Smart Meter App funktioniert nicht,Negativ,Telefon,Mittel,2024-05-19,68
1354,8653,2023-04-04,Wallbox,E-Mobility,Wallbox defekt,Negativ,App,Mittel,2023-04-07,69
1355,17769,2025-01-09,Solar,Technisch,Solaranlage produziert nicht,Negativ,Telefon,Hoch,2025-01-12,134
1356,11372,2025-03-01,Rechnung,Abrechnung,Abschlag anpassen,Neutral,Email,Mittel,2025-03-01,138
1357,5985,2023-05-13,Smart Meter,Installation,Smart Meter zeigt keine Daten,Positiv,Email,Kritisch,2023-05-16,168
1358,16349,2023-01-29,Allgemein,Service,Allgemeine Anfrage,Neutral,Telefon,Hoch,2023-01-31,120
1359,10665,2025-02-15,Smart Meter,Installation,Smart Meter Installation angefragt,Neutral,App,Mittel,2025-02-17,48
1360,11577,2025-01-07,Wärmepumpe,Technisch,Fehlercode E01 angezeigt,Neutral,Email,Mittel,2025-01-13,103
1361,13164,2024-11-14,Wärmepumpe,Technisch,Effizienz zu niedrig,Neutral,Telefon,Mittel,2024-11-20,200
1362,17832,2024-04-10,Wärmepumpe,Technisch,Fehlercode E01 angezeigt,Positiv,App,Niedrig,2024-04-14,54
1363,1174,2023-10-10,Rechnung,Abrechnung,Rechnungsfrage,Neutral,App,Hoch,2023-10-15,126
1364,15887,2025-04-05,Wallbox,E-Mobility,Wallbox defekt,Negativ,App,Mittel,2025-04-05,188
1365,11119,2024-07-29,Allgemein,Service,Allgemeine Anfrage,Positiv,Email,Hoch,2024-07-31,63
1366,14585,2024-04-22,Tarif,Vertrag,Ökostrom Umstellung,Negativ,Chat,Niedrig,2024-04-26,111
1367,18775,2024-07-14,Tarif,Vertrag,Ökostrom Umstellung,Neutral,App,Niedrig,2024-07-23,20
1368,9950,2025-01-17,Speicher,Technisch,Speicher lädt nicht,Negativ,App,Mittel,2025-01-23,137
1369,13058,2024-02-07,Tarif,Vertrag,Vertragsverlängerung,Negativ,App,Niedrig,2024-02-20,153
1370,5430,2023-09-09,Allgemein,Service,Kontaktdaten ändern,Neutral,Chat,Niedrig,2023-09-20,130
1371,2283,2024-04-06,Rechnung,Abrechnung,Zahlungsplan angefragt,Positiv,Telefon,Hoch,2024-04-11,66
1372,15102,2024-10-24,Solar,Technisch,Monitoring nicht verfügbar,Negativ,Email,Mittel,2024-10-25,124
1373,19529,2025-01-07,Rechnung,Abrechnung,Gutschrift angefragt,Negativ,App,Mittel,2025-01-13,178
1374,17298,2024-06-07,Allgemein,Service,Informationsanfrage,Negativ,App,Kritisch,2024-06-12,60
1375,18827,2024-09-17,Speicher,Technisch,Batteriespeicher Störung,Negativ,Telefon,Kritisch,2024-09-19,168
1376,434,2023-01-11,Speicher,Technisch,Speicher lädt nicht,Negativ,Chat,Mittel,2023-01-21,112
1377,10623,2024-12-20,Wärmepumpe,Technisch,Geräuschentwicklung zu hoch,Negativ,Telefon,Mittel,2024-12-31,26
1378,8289,2023-08-05,Speicher,Technisch,Kapazität gesunken,Neutral,Chat,Mittel,2023-08-06,171
1379,6690,2024-10-04,Speicher,Technisch,Batteriespeicher Störung,Negativ,App,Kritisch,2024-10-05,49
1380,5873,2024-04-14,Rechnung,Abrechnung,Abschlag anpassen,Neutral,Chat,Niedrig,2024-04-15,37
1381,19651,2023-09-08,Tarif,Vertrag,Tarifwechsel angefragt,Neutral,Email,Niedrig,2023-09-16,16
1382,17624,2024-07-21,Allgemein,Service,Beschwerde,Negativ,App,Hoch,2024-07-22,159
1383,470,2024-01-19,Solar,Technisch,Monitoring nicht verfügbar,Negativ,Chat,Hoch,2024-01-20,179
1384,17208,2025-03-28,Solar,Technisch,Einspeisevergütung Frage,Neutral,App,Niedrig,2025-04-03,132
1385,3718,2024-12-10,Tarif,Vertrag,Kündigung,Neutral,Chat,Mittel,2024-12-11,91
1386,1361,2024-09-08,Wärmepumpe,Technisch,Fehlercode E01 angezeigt,Neutral,App,Mittel,2024-09-11,20
1387,11730,2024-07-22,Tarif,Vertrag,Ökostrom Umstellung,Neutral,Email,Niedrig,2024-07-28,32
1388,601,2024-12-24,Rechnung,Abrechnung,Rechnungsfrage,Neutral,App,Mittel,2024-12-29,54
1389,7713,2025-03-27,Rechnung,Abrechnung,Zahlungsplan angefragt,Neutral,Telefon,Mittel,2025-04-02,127
1390,6048,2024-05-06,Wärmepumpe,Technisch,Wärmepumpe Störung,Negativ,Chat,Mittel,2024-05-11,63
1391,13204,2024-03-26,Tarif,Vertrag,Tarifwechsel angefragt,Negativ,Chat,Niedrig,2024-04-07,17
1392,8887,2025-03-25,Solar,Technisch,Einspeisevergütung Frage,Negativ,App,Mittel,2025-04-07,137
1393,10087,2024-01-09,Wallbox,E-Mobility,Wallbox lädt nicht,Negativ,Email,Mittel,2024-01-11,36
1394,2475,2024-01-02,Smart Meter,Installation,Smart Meter zeigt keine Daten,Negativ,App,Niedrig,2024-01-13,120
1395,1497,2023-10-22,Smart Meter,Installation,Smart Meter zeigt keine Daten,Negativ,Email,Niedrig,2023-10-24,101
1396,5174,2025-01-26,Solar,Technisch,Einspeisevergütung Frage,Neutral,Email,Niedrig,2025-02-06,181
1397,14040,2024-10-16,Solar,Technisch,Solaranlage produziert nicht,Negativ,Chat,Hoch,2024-10-19,90
1398,80,2024-09-03,Rechnung,Abrechnung,Abschlag anpassen,Neutral,Telefon,Mittel,2024-09-04,117
1399,19542,2025-04-13,Speicher,Technisch,Batteriespeicher Störung,Negativ,Email,Kritisch,2025-04-14,150
1400,12428,2023-02-09,Smart Meter,Installation,Smart Meter App funktioniert nicht,Negativ,Telefon,Niedrig,2023-02-21,71
1401,1129,2025-06-20,Smart Meter,Installation,Smart Meter zeigt keine Daten,Negativ,Email,Mittel,2025-06-23,168
1402,14596,2023-02-06,Speicher,Technisch,Batteriespeicher Störung,Negativ,Email,Hoch,2023-02-13,103
1403,2975,2025-06-21,Wärmepumpe,Technisch,Wärmepumpe läuft nicht,Negativ,Chat,Niedrig,2025-07-02,59
1404,1476,2025-01-24,Tarif,Vertrag,Kündigung,Neutral,Email,Mittel,2025-02-06,35
1405,1286,2025-03-20,Speicher,Technisch,Kapazität gesunken,Neutral,Telefon,Hoch,2025-03-20,86
1406,1057,2023-09-29,Speicher,Technisch,Speicher lädt nicht,Negativ,Chat,Mittel,2023-10-02,121
1407,9148,2024-09-26,Smart Meter,Installation,Smart Meter Installation angefragt,Neutral,App,Mittel,2024-10-06,67
1408,14104,2024-11-19,Smart Meter,Installation,Smart Meter zeigt keine Daten,Neutral,Email,Hoch,2024-11-25,114
1409,7985,2023-11-02,Rechnung,Abrechnung,Rechnungsfrage,Neutral,Telefon,Mittel,2023-11-12,101
1410,17352,2023-09-18,Smart Meter,Installation,Smart Meter Installation angefragt,Negativ,Telefon,Niedrig,2023-09-20,188
1411,14345,2024-03-27,Rechnung,Abrechnung,Rechnungsfrage,Neutral,App,Mittel,2024-04-08,157
1412,11438,2025-01-19,Wallbox,E-Mobility,Wallbox lädt nicht,Negativ,App,Hoch,2025-01-26,81
1413,1644,2024-03-05,Smart Meter,Installation,Smart Meter Ablesung fehlerhaft,Neutral,App,Niedrig,2024-03-14,46
1414,19845,2023-05-03,Speicher,Technisch,Kapazität gesunken,Negativ,App,Mittel,2023-05-12,19
1415,12093,2025-06-14,Smart Meter,Installation,Smart Meter App funktioniert nicht,Negativ,App,Niedrig,2025-06-24,85
1416,18336,2024-03-20,Solar,Technisch,Monitoring nicht verfügbar,Negativ,Chat,Mittel,2024-03-28,164
1417,3074,2024-10-10,Wallbox,E-Mobility,Ladekarte Probleme,Neutral,Chat,Mittel,2024-10-20,171
1418,15805,2023-03-23,Wärmepumpe,Technisch,Effizienz zu niedrig,Negativ,Email,Mittel,2023-03-28,3
1419,7402,2023-06-22,Speicher,Technisch,Batteriespeicher Störung,Negativ,App,Hoch,2023-06-27,28
1420,17519,2023-11-05,Wallbox,E-Mobility,Wallbox Installation angefragt,Positiv,App,Hoch,2023-11-07,54
1421,17135,2024-07-06,Wärmepumpe,Technisch,Geräuschentwicklung zu hoch,Neutral,Chat,Niedrig,2024-07-14,51
1422,465,2025-01-25,Rechnung,Abrechnung,Gutschrift angefragt,Negativ,App,Hoch,2025-02-01,180
1423,15988,2025-06-29,Speicher,Technisch,Kapazität gesunken,Neutral,Email,Mittel,2025-07-13,191
1424,12650,2024-01-16,Smart Meter,Installation,Smart Meter zeigt keine Daten,Neutral,App,Mittel,2024-01-29,104
1425,4230,2023-08-09,Speicher,Technisch,Batteriespeicher Störung,Negativ,Chat,Hoch,2023-08-14,15
1426,15494,2023-06-23,Wärmepumpe,Technisch,Wärmepumpe Störung,Negativ,App,Hoch,2023-06-25,175
1427,12924,2025-01-31,Solar,Technisch,Wechselrichter Fehler,Neutral,Telefon,Niedrig,2025-02-09,189
1428,14892,2025-01-07,Wallbox,E-Mobility,Wallbox Installation angefragt,Neutral,App,Niedrig,2025-01-20,48
1429,3256,2024-09-18,Speicher,Technisch,Kapazität gesunken,Negativ,Telefon,Niedrig,2024-09-30,10
1430,12319,2023-07-20,Wallbox,E-Mobility,Wallbox lädt nicht,Negativ,Email,Hoch,2023-07-23,52
1431,1523,2024-11-02,Rechnung,Abrechnung,Zahlungsplan angefragt,Positiv,Telefon,Niedrig,2024-11-10,25
1432,12247,2024-09-12,Allgemein,Service,Allgemeine Anfrage,Neutral,App,Mittel,2024-09-20,158
1433,14414,2024-07-20,Solar,Technisch,Monitoring nicht verfügbar,Negativ,Telefon,Hoch,2024-07-21,129
1434,17593,2023-08-31,Speicher,Technisch,Kapazität gesunken,Positiv,Email,Mittel,2023-09-12,10
1435,1294,2023-08-28,Solar,Technisch,Monitoring nicht verfügbar,Negativ,App,Kritisch,2023-08-31,169
1436,12743,2024-09-14,Solar,Technisch,Monitoring nicht verfügbar,Negativ,Chat,Mittel,2024-09-20,194
1437,5181,2023-02-12,Allgemein,Service,Kontaktdaten ändern,Neutral,Chat,Niedrig,2023-02-17,177
1438,8485,2024-11-02,Wallbox,E-Mobility,Wallbox defekt,Negativ,Telefon,Kritisch,2024-11-05,99
1439,4733,2023-02-15,Rechnung,Abrechnung,Abschlag anpassen,Neutral,App,Mittel,2023-02-22,147
1440,18803,2023-10-08,Solar,Technisch,Solaranlage produziert nicht,Negativ,App,Kritisch,2023-10-15,49
1441,472,2023-08-12,Rechnung,Abrechnung,Zahlungsplan angefragt,Neutral,App,Mittel,2023-08-18,111
1442,4693,2023-09-16,Smart Meter,Installation,Smart Meter Ablesung fehlerhaft,Negativ,Telefon,Kritisch,2023-09-17,54
1443,18090,2023-07-10,Allgemein,Service,Informationsanfrage,Neutral,Email,Niedrig,2023-07-11,55
1444,4823,2023-10-21,Tarif,Vertrag,Preisgarantie Frage,Neutral,App,Hoch,2023-10-22,61
1445,15050,2024-10-28,Solar,Technisch,Monitoring nicht verfügbar,Negativ,Chat,Hoch,2024-10-31,114
1446,2453,2024-12-20,Speicher,Technisch,Batteriespeicher Störung,Negativ,Email,Niedrig,2024-12-26,168
1447,9693,2024-09-22,Allgemein,Service,Kontaktdaten ändern,Neutral,Telefon,Mittel,2024-10-04,118
1448,4177,2024-06-13,Tarif,Vertrag,Ökostrom Umstellung,Neutral,Email,Mittel,2024-06-20,58
1449,8301,2023-06-14,Wallbox,E-Mobility,App-Verbindung unterbrochen,Negativ,Chat,Niedrig,2023-06-18,100
1450,7338,2023-01-10,Wallbox,E-Mobility,Wallbox Installation angefragt,Neutral,Email,Kritisch,2023-01-17,68
1451,1739,2024-11-29,Tarif,Vertrag,Ökostrom Umstellung,Negativ,Email,Niedrig,2024-12-05,38
1452,9252,2025-04-23,Wallbox,E-Mobility,Ladekarte Probleme,Neutral,Chat,Hoch,2025-04-23,21
1453,8296,2025-02-11,Wallbox,E-Mobility,App-Verbindung unterbrochen,Neutral,App,Niedrig,2025-02-18,16
1454,4389,2025-06-23,Rechnung,Abrechnung,Rechnungsfrage,Neutral,Telefon,Niedrig,2025-07-05,36
1455,17770,2025-05-01,Tarif,Vertrag,Umzug melden,Positiv,Telefon,Hoch,2025-05-04,113
1456,973,2025-02-07,Allgemein,Service,Beschwerde,Negativ,Telefon,Kritisch,2025-02-09,153
1457,1262,2023-05-30,Smart Meter,Installation,Smart Meter zeigt keine Daten,Neutral,Telefon,Niedrig,2023-06-01,159
1458,17539,2024-12-10,Wallbox,E-Mobility,Ladekarte Probleme,Neutral,App,Niedrig,2024-12-17,194
1459,9527,2025-05-15,Wärmepumpe,Technisch,Fehlercode E01 angezeigt,Neutral,Chat,Niedrig,2025-05-16,18
1460,13505,2024-02-25,Smart Meter,Installation,Smart Meter App funktioniert nicht,Negativ,Email,Kritisch,2024-02-25,192
1461,89,2023-03-08,Wallbox,E-Mobility,Wallbox defekt,Negativ,Email,Mittel,2023-03-17,33
1462,4411,2024-04-21,Tarif,Vertrag,Vertragsverlängerung,Positiv,Chat,Hoch,2024-04-22,121
1463,2643,2025-01-30,Solar,Technisch,Monitoring nicht verfügbar,Negativ,App,Mittel,2025-02-06,182
1464,3977,2024-11-25,Speicher,Technisch,Kapazität gesunken,Neutral,Telefon,Hoch,2024-12-01,148
1465,11734,2024-05-18,Smart Meter,Installation,Smart Meter Ablesung fehlerhaft,Neutral,Chat,Mittel,2024-05-22,199
1466,7405,2024-01-29,Rechnung,Abrechnung,Abschlag zu hoch,Positiv,Telefon,Mittel,2024-02-11,196
1467,454,2023-03-09,Allgemein,Service,Lob,Positiv,Chat,Niedrig,2023-03-21,7
1468,13175,2023-02-22,Speicher,Technisch,Kapazität gesunken,Neutral,Email,Mittel,2023-03-07,177
1469,1275,2023-03-18,Smart Meter,Installation,Smart Meter zeigt keine Daten,Neutral,Email,Mittel,2023-03-22,66
1470,19409,2024-03-21,Wallbox,E-Mobility,Wallbox defekt,Negativ,Chat,Mittel,2024-03-29,4
1471,7808,2023-02-06,Speicher,Technisch,Speicher lädt nicht,Negativ,Email,Kritisch,2023-02-06,84
1472,18471,2024-11-01,Rechnung,Abrechnung,Abschlag anpassen,Neutral,Email,Niedrig,2024-11-14,112
1473,1871,2023-05-28,Rechnung,Abrechnung,Unstimmigkeit in Rechnung,Neutral,Telefon,Niedrig,2023-06-02,35
1474,14127,2025-01-16,Allgemein,Service,Informationsanfrage,Positiv,Telefon,Hoch,2025-01-21,194
1475,15183,2023-04-17,Rechnung,Abrechnung,Unstimmigkeit in Rechnung,Neutral,Chat,Mittel,2023-04-21,163
1476,7310,2023-07-16,Rechnung,Abrechnung,Unstimmigkeit in Rechnung,Neutral,App,Mittel,2023-07-26,7
1477,10741,2023-04-13,Smart Meter,Installation,Smart Meter App funktioniert nicht,Negativ,Chat,Mittel,2023-04-23,192
1478,7622,2024-06-13,Speicher,Technisch,Kapazität gesunken,Negativ,Email,Mittel,2024-06-19,97
1479,13803,2024-05-09,Smart Meter,Installation,Smart Meter Installation angefragt,Neutral,Telefon,Mittel,2024-05-12,161
1480,9156,2023-01-11,Speicher,Technisch,Kapazität gesunken,Neutral,Telefon,Mittel,2023-01-23,69
1481,10794,2023-10-19,Solar,Technisch,Wechselrichter Fehler,Neutral,Chat,Hoch,2023-10-20,96
1482,3494,2025-01-29,Wärmepumpe,Technisch,Effizienz zu niedrig,Neutral,App,Niedrig,2025-02-07,32
1483,4987,2023-08-04,Solar,Technisch,Einspeisevergütung Frage,Neutral,Telefon,Mittel,2023-08-10,115
1484,8173,2023-03-05,Wallbox,E-Mobility,Wallbox Installation angefragt,Neutral,App,Mittel,2023-03-06,145
1485,17507,2025-04-25,Wärmepumpe,Technisch,Wartung angefragt,Positiv,Chat,Mittel,2025-05-05,120
1486,5120,2024-12-27,Solar,Technisch,Solaranlage Ertrag niedrig,Negativ,App,Mittel,2025-01-09,78
1487,15280,2025-03-02,Speicher,Technisch,Speicher lädt nicht,Negativ,Telefon,Niedrig,2025-03-02,110
1488,2169,2023-07-12,Allgemein,Service,Kontaktdaten ändern,Positiv,App,Hoch,2023-07-19,21
1489,2448,2024-10-26,Wärmepumpe,Technisch,Effizienz zu niedrig,Neutral,Chat,Hoch,2024-11-02,27
1490,5366,2025-01-19,Speicher,Technisch,Batteriespeicher Störung,Negativ,Telefon,Mittel,2025-01-30,199
1491,10121,2023-04-06,Speicher,Technisch,Batteriespeicher Störung,Negativ,App,Mittel,2023-04-19,108
1492,17889,2023-03-27,Wallbox,E-Mobility,App-Verbindung unterbrochen,Neutral,App,Mittel,2023-04-03,22
1493,12651,2023-08-27,Tarif,Vertrag,Preisgarantie Frage,Neutral,Email,Mittel,2023-09-08,126
1494,17351,2024-06-16,Solar,Technisch,Monitoring nicht verfügbar,Negativ,App,Hoch,2024-06-23,11
1495,6512,2024-09-07,Solar,Technisch,Wechselrichter Fehler,Neutral,Email,Niedrig,2024-09-14,99
1496,13599,2024-09-09,Wärmepumpe,Technisch,Geräuschentwicklung zu hoch,Negativ,Chat,Niedrig,2024-09-22,32
1497,14176,2023-05-23,Solar,Technisch,Solaranlage produziert nicht,Negativ,Email,Hoch,2023-05-23,64
1498,12183,2024-07-16,Smart Meter,Installation,Smart Meter zeigt keine Daten,Negativ,App,Mittel,2024-07-25,98
1499,6344,2023-04-02,Allgemein,Service,Allgemeine Anfrage,Neutral,App,Mittel,2023-04-15,12
1500,10736,2023-04-03,Wallbox,E-Mobility,Wallbox lädt nicht,Negativ,App,Kritisch,2023-04-07,33
1501,12902,2025-03-31,Smart Meter,Installation,Smart Meter App funktioniert nicht,Negativ,App,Mittel,2025-04-12,161
1502,10369,2024-10-20,Speicher,Technisch,Batteriespeicher Störung,Negativ,Email,Mittel,2024-10-22,59
1503,5166,2024-11-05,Speicher,Technisch,Kapazität gesunken,Neutral,Chat,Niedrig,2024-11-14,47
1504,8124,2023-06-10,Tarif,Vertrag,Preisgarantie Frage,Positiv,App,Mittel,2023-06-23,65
1505,4983,2023-01-04,Tarif,Vertrag,Tarifwechsel angefragt,Neutral,Email,Mittel,2023-01-18,160
1506,17909,2024-01-31,Wallbox,E-Mobility,Wallbox Installation angefragt,Neutral,App,Mittel,2024-02-12,136
1507,9793,2023-11-13,Solar,Technisch,Solaranlage produziert nicht,Negativ,App,Mittel,2023-11-27,91
1508,12791,2025-03-18,Smart Meter,Installation,Smart Meter Installation angefragt,Negativ,Chat,Mittel,2025-03-30,167
1509,16247,2024-08-08,Wallbox,E-Mobility,Ladekarte Probleme,Negativ,Chat,Mittel,2024-08-20,57
1510,13917,2024-03-21,Solar,Technisch,Wechselrichter Fehler,Neutral,App,Mittel,2024-03-27,158
1511,15625,2025-05-11,Speicher,Technisch,Batteriespeicher Störung,Negativ,Chat,Mittel,2025-05-22,199
1512,3498,2025-01-02,Tarif,Vertrag,Ökostrom Umstellung,Neutral,App,Mittel,2025-01-02,109
1513,19137,2024-07-11,Wallbox,E-Mobility,Wallbox Installation angefragt,Neutral,Email,Niedrig,2024-07-24,191
1514,12161,2024-06-19,Solar,Technisch,Monitoring nicht verfügbar,Negativ,Telefon,Kritisch,2024-06-25,94
1515,7807,2024-03-13,Smart Meter,Installation,Smart Meter App funktioniert nicht,Negativ,App,Mittel,2024-03-23,174
1516,12985,2024-05-20,Wallbox,E-Mobility,App-Verbindung unterbrochen,Negativ,Telefon,Mittel,2024-05-26,115
1517,11641,2024-11-21,Smart Meter,Installation,Smart Meter Installation angefragt,Neutral,Chat,Mittel,2024-12-03,194
1518,243,2024-01-08,Tarif,Vertrag,Vertragsverlängerung,Neutral,App,Mittel,2024-01-13,186
1519,6332,2023-12-17,Wärmepumpe,Technisch,Wärmepumpe Störung,Negativ,Chat,Hoch,2023-12-22,174
1520,14967,2023-09-17,Tarif,Vertrag,Ökostrom Umstellung,Neutral,Chat,Kritisch,2023-09-18,143
1521,12475,2024-01-16,Tarif,Vertrag,Ökostrom Umstellung,Neutral,Email,Mittel,2024-01-22,1
1522,4389,2023-09-12,Allgemein,Service,Beschwerde,Negativ,App,Kritisch,2023-09-13,46
1523,8888,2023-08-28,Rechnung,Abrechnung,Zahlungsplan angefragt,Negativ,Chat,Mittel,2023-09-01,91
1524,3505,2024-08-07,Wärmepumpe,Technisch,Wartung angefragt,Negativ,Telefon,Mittel,2024-08-15,81
1525,3626,2024-07-26,Solar,Technisch,Monitoring nicht verfügbar,Negativ,Email,Mittel,2024-07-31,148
1526,2842,2024-04-30,Smart Meter,Installation,Smart Meter App funktioniert nicht,Negativ,Chat,Hoch,2024-05-02,180
1527,5771,2024-06-07,Wärmepumpe,Technisch,Effizienz zu niedrig,Positiv,Email,Mittel,2024-06-20,45
1528,16151,2025-06-08,Allgemein,Service,Informationsanfrage,Negativ,Telefon,Niedrig,2025-06-17,128
1529,34,2024-04-05,Wallbox,E-Mobility,App-Verbindung unterbrochen,Positiv,Email,Mittel,2024-04-08,153
1530,3622,2023-10-11,Solar,Technisch,Solaranlage Ertrag niedrig,Negativ,App,Niedrig,2023-10-12,26
1531,19051,2024-01-04,Smart Meter,Installation,Smart Meter Ablesung fehlerhaft,Negativ,Email,Niedrig,2024-01-07,101
1532,4239,2023-06-19,Smart Meter,Installation,Smart Meter defekt,Negativ,Email,Mittel,2023-06-30,142
1533,4347,2024-12-17,Rechnung,Abrechnung,Gutschrift angefragt,Neutral,Telefon,Hoch,2024-12-22,32
1534,7739,2023-09-20,Rechnung,Abrechnung,Rechnungsfrage,Neutral,Email,Mittel,2023-09-23,114
1535,14191,2025-03-10,Rechnung,Abrechnung,Zahlungsplan angefragt,Neutral,Email,Mittel,2025-03-23,182
1536,7327,2024-09-14,Wallbox,E-Mobility,Ladekarte Probleme,Neutral,Email,Mittel,2024-09-19,111
1537,16722,2023-05-17,Solar,Technisch,Wechselrichter Fehler,Neutral,Telefon,Niedrig,2023-05-27,152
1538,5971,2023-09-17,Wallbox,E-Mobility,Wallbox Installation angefragt,Negativ,App,Mittel,2023-09-19,153
1539,10642,2023-01-28,Wärmepumpe,Technisch,Effizienz zu niedrig,Neutral,App,Niedrig,2023-01-30,116
1540,3358,2023-03-16,Allgemein,Service,Beschwerde,Negativ,App,Niedrig,2023-03-25,125
1541,493,2024-05-16,Wärmepumpe,Technisch,Effizienz zu niedrig,Negativ,Telefon,Niedrig,2024-05-19,115
1542,4632,2023-07-04,Solar,Technisch,Solaranlage produziert nicht,Negativ,Email,Mittel,2023-07-12,8
1543,5366,2024-10-30,Smart Meter,Installation,Smart Meter Installation angefragt,Neutral,Telefon,Kritisch,2024-11-04,45
1544,5368,2023-02-26,Wärmepumpe,Technisch,Wärmepumpe läuft nicht,Negativ,Email,Hoch,2023-03-03,156
1545,9856,2023-05-13,Wärmepumpe,Technisch,Fehlercode E01 angezeigt,Neutral,App,Mittel,2023-05-20,12
1546,5421,2024-03-11,Allgemein,Service,Allgemeine Anfrage,Negativ,App,Mittel,2024-03-13,146
1547,10076,2023-04-20,Wallbox,E-Mobility,Wallbox Installation angefragt,Neutral,Email,Mittel,2023-04-25,70
1548,11651,2024-09-19,Wallbox,E-Mobility,Wallbox lädt nicht,Negativ,Telefon,Hoch,2024-09-19,40
1549,1393,2024-03-15,Speicher,Technisch,Batteriespeicher Störung,Negativ,Chat,Hoch,2024-03-19,105
1550,1619,2024-02-03,Tarif,Vertrag,Preisgarantie Frage,Neutral,App,Niedrig,2024-02-06,10
1551,19660,2024-10-12,Smart Meter,Installation,Smart Meter Ablesung fehlerhaft,Neutral,Chat,Mittel,2024-10-17,72
1552,2808,2023-02-25,Solar,Technisch,Einspeisevergütung Frage,Neutral,Chat,Niedrig,2023-03-04,118
1553,19508,2025-02-01,Solar,Technisch,Wechselrichter Fehler,Positiv,Telefon,Hoch,2025-02-08,85
1554,1547,2023-01-23,Rechnung,Abrechnung,Unstimmigkeit in Rechnung,Neutral,Telefon,Mittel,2023-01-23,7
1555,10645,2025-03-29,Smart Meter,Installation,Smart Meter Ablesung fehlerhaft,Neutral,Telefon,Niedrig,2025-04-12,103
1556,5057,2023-02-20,Speicher,Technisch,Batteriespeicher Störung,Negativ,Telefon,Hoch,2023-02-27,112
1557,18937,2024-04-11,Tarif,Vertrag,Preisgarantie Frage,Neutral,App,Mittel,2024-04-24,135
1558,5545,2023-06-20,Solar,Technisch,Wechselrichter Fehler,Neutral,App,Niedrig,2023-06-24,167
1559,5422,2025-03-23,Solar,Technisch,Einspeisevergütung Frage,Neutral,Telefon,Mittel,2025-03-30,84
1560,10733,2024-08-19,Wallbox,E-Mobility,Wallbox defekt,Negativ,Email,Kritisch,2024-08-21,49
1561,1653,2024-11-20,Speicher,Technisch,Batteriespeicher Störung,Negativ,Email,Mittel,2024-11-28,17
1562,9439,2023-02-02,Rechnung,Abrechnung,Abschlag anpassen,Negativ,Telefon,Mittel,2023-02-02,88
1563,15358,2025-05-16,Solar,Technisch,Einspeisevergütung Frage,Negativ,Telefon,Mittel,2025-05-26,78
1564,6121,2023-12-12,Rechnung,Abrechnung,Gutschrift angefragt,Neutral,App,Niedrig,2023-12-24,73
1565,3380,2025-05-10,Allgemein,Service,Beschwerde,Negativ,App,Mittel,2025-05-16,66
1566,3851,2023-10-06,Tarif,Vertrag,Vertragsverlängerung,Neutral,Telefon,Hoch,2023-10-07,105
1567,3993,2024-09-28,Wallbox,E-Mobility,Wallbox defekt,Negativ,App,Mittel,2024-10-11,57
1568,11542,2024-08-14,Wallbox,E-Mobility,Ladekarte Probleme,Neutral,App,Mittel,2024-08-24,168
1569,4199,2023-03-01,Allgemein,Service,Lob,Positiv,Email,Niedrig,2023-03-02,71
1570,18196,2024-12-28,Speicher,Technisch,Batteriespeicher Störung,Negativ,App,Hoch,2024-12-30,73
1571,9213,2023-11-10,Speicher,Technisch,Kapazität gesunken,Neutral,App,Mittel,2023-11-12,186
1572,3372,2025-04-13,Speicher,Technisch,Batteriespeicher Störung,Negativ,Chat,Kritisch,2025-04-17,52
1573,5109,2025-04-30,Tarif,Vertrag,Preisgarantie Frage,Neutral,App,Mittel,2025-05-01,134
1574,6595,2024-07-15,Smart Meter,Installation,Smart Meter Ablesung fehlerhaft,Neutral,Chat,Niedrig,2024-07-27,13
1575,9601,2023-11-07,Speicher,Technisch,Speicher lädt nicht,Negativ,Chat,Hoch,2023-11-08,184
1576,14255,2025-02-04,Tarif,Vertrag,Umzug melden,Neutral,Telefon,Mittel,2025-02-13,153
1577,93,2024-02-04,Wärmepumpe,Technisch,Wärmepumpe läuft nicht,Negativ,Email,Hoch,2024-02-08,57
1578,10896,2023-01-18,Rechnung,Abrechnung,Zahlungsplan angefragt,Neutral,App,Mittel,2023-01-26,134
1579,628,2023-07-30,Smart Meter,Installation,Smart Meter zeigt keine Daten,Neutral,Chat,Mittel,2023-08-01,119
1580,13736,2023-03-20,Wallbox,E-Mobility,Wallbox Installation angefragt,Neutral,Chat,Mittel,2023-03-28,109
1581,354,2025-02-09,Wallbox,E-Mobility,Wallbox defekt,Negativ,Email,Kritisch,2025-02-16,66
1582,15181,2023-03-24,Solar,Technisch,Solaranlage produziert nicht,Negativ,App,Hoch,2023-03-29,11
1583,11197,2023-01-08,Rechnung,Abrechnung,Zahlungsplan angefragt,Negativ,App,Niedrig,2023-01-18,154
1584,5051,2023-03-25,Solar,Technisch,Solaranlage Ertrag niedrig,Neutral,Email,Mittel,2023-04-04,54
1585,4934,2024-06-22,Allgemein,Service,Informationsanfrage,Neutral,Chat,Mittel,2024-06-22,160
1586,4722,2024-03-25,Wallbox,E-Mobility,Ladekarte Probleme,Positiv,Telefon,Mittel,2024-03-25,142
1587,19780,2024-06-20,Solar,Technisch,Wechselrichter Fehler,Negativ,Chat,Niedrig,2024-07-03,18
1588,3599,2023-08-12,Smart Meter,Installation,Smart Meter App funktioniert nicht,Negativ,Telefon,Hoch,2023-08-19,119
1589,16151,2023-10-06,Wärmepumpe,Technisch,Wartung angefragt,Neutral,App,Mittel,2023-10-09,159
1590,7870,2023-12-05,Wallbox,E-Mobility,Wallbox lädt nicht,Negativ,Email,Niedrig,2023-12-15,135
1591,14735,2024-10-08,Smart Meter,Installation,Smart Meter Installation angefragt,Negativ,Email,Niedrig,2024-10-16,16
1592,10937,2024-03-17,Allgemein,Service,Allgemeine Anfrage,Neutral,Chat,Niedrig,2024-03-28,81
1593,12842,2023-12-22,Wallbox,E-Mobility,Ladekarte Probleme,Neutral,Chat,Niedrig,2023-12-30,200
1594,3083,2023-07-15,Wärmepumpe,Technisch,Fehlercode E01 angezeigt,Neutral,App,Hoch,2023-07-21,118
1595,11684,2024-11-20,Tarif,Vertrag,Umzug melden,Negativ,Chat,Niedrig,2024-11-24,6
1596,16505,2024-04-03,Wärmepumpe,Technisch,Effizienz zu niedrig,Positiv,Email,Mittel,2024-04-07,64
1597,338,2024-05-22,Speicher,Technisch,Batteriespeicher Störung,Negativ,Telefon,Hoch,2024-05-22,141
1598,11211,2025-05-07,Speicher,Technisch,Kapazität gesunken,Neutral,App,Mittel,2025-05-21,119
1599,4065,2025-01-26,Wallbox,E-Mobility,Wallbox defekt,Negativ,Chat,Kritisch,2025-01-31,14
1600,1979,2024-11-07,Wärmepumpe,Technisch,Wärmepumpe Störung,Negativ,App,Hoch,2024-11-07,167
1601,11971,2023-09-25,Rechnung,Abrechnung,Unstimmigkeit in Rechnung,Positiv,App,Mittel,2023-09-29,101
1602,6787,2025-05-31,Speicher,Technisch,Kapazität gesunken,Neutral,Chat,Mittel,2025-06-13,75
1603,5831,2024-12-08,Tarif,Vertrag,Ökostrom Umstellung,Negativ,Chat,Hoch,2024-12-10,80
1604,6589,2023-08-02,Allgemein,Service,Allgemeine Anfrage,Positiv,App,Hoch,2023-08-04,150
1605,6325,2024-07-01,Wallbox,E-Mobility,Ladekarte Probleme,Neutral,Email,Mittel,2024-07-05,26
1606,9875,2024-09-29,Smart Meter,Installation,Smart Meter Ablesung fehlerhaft,Neutral,Telefon,Mittel,2024-10-01,49
1607,15871,2023-08-29,Tarif,Vertrag,Kündigung,Neutral,App,Hoch,2023-09-02,104
1608,2383,2024-08-18,Wärmepumpe,Technisch,Wärmepumpe Störung,Negativ,Chat,Kritisch,2024-08-21,41
1609,9933,2023-02-06,Wallbox,E-Mobility,App-Verbindung unterbrochen,Positiv,App,Mittel,2023-02-11,15
1610,13632,2023-11-07,Speicher,Technisch,Speicher lädt nicht,Negativ,Telefon,Mittel,2023-11-08,12
1611,16451,2023-04-02,Smart Meter,Installation,Smart Meter defekt,Negativ,Chat,Hoch,2023-04-03,97
1612,11005,2025-02-11,Wärmepumpe,Technisch,Wärmepumpe Störung,Negativ,Telefon,Mittel,2025-02-25,119
1613,17043,2025-02-15,Allgemein,Service,Allgemeine Anfrage,Negativ,App,Mittel,2025-02-16,107
1614,15853,2024-06-17,Allgemein,Service,Informationsanfrage,Negativ,Telefon,Kritisch,2024-06-23,74
1615,5133,2025-04-12,Tarif,Vertrag,Ökostrom Umstellung,Neutral,App,Hoch,2025-04-13,53
1616,5870,2025-01-15,Wärmepumpe,Technisch,Fehlercode E01 angezeigt,Positiv,Telefon,Mittel,2025-01-29,159
1617,8601,2024-11-25,Smart Meter,Installation,Smart Meter Installation angefragt,Neutral,App,Mittel,2024-12-05,54
1618,7655,2024-06-18,Speicher,Technisch,Kapazität gesunken,Neutral,App,Hoch,2024-06-21,46
1619,14827,2024-10-27,Wärmepumpe,Technisch,Wärmepumpe Störung,Negativ,Chat,Hoch,2024-10-31,25
1620,3584,2023-12-20,Rechnung,Abrechnung,Abschlag anpassen,Neutral,Chat,Niedrig,2023-12-24,41
1621,5514,2024-08-27,Solar,Technisch,Solaranlage Ertrag niedrig,Negativ,Chat,Niedrig,2024-09-03,103
1622,7209,2023-10-07,Allgemein,Service,Allgemeine Anfrage,Neutral,Email,Mittel,2023-10-19,188
1623,7373,2025-05-21,Solar,Technisch,Solaranlage Ertrag niedrig,Neutral,Telefon,Kritisch,2025-05-24,168
1624,5938,2023-07-10,Allgemein,Service,Kontaktdaten ändern,Neutral,Telefon,Mittel,2023-07-24,181
1625,635,2025-01-18,Speicher,Technisch,Speicher lädt nicht,Negativ,Chat,Mittel,2025-01-25,176
1626,13143,2024-03-22,Tarif,Vertrag,Vertragsverlängerung,Neutral,Email,Niedrig,2024-04-01,179
1627,9359,2023-04-11,Smart Meter,Installation,Smart Meter Ablesung fehlerhaft,Neutral,App,Mittel,2023-04-24,185
1628,15935,2025-05-25,Allgemein,Service,Lob,Positiv,Telefon,Niedrig,2025-05-26,54
1629,6562,2024-07-24,Wärmepumpe,Technisch,Wärmepumpe Störung,Negativ,Chat,Kritisch,2024-07-29,195
1630,17619,2023-03-01,Rechnung,Abrechnung,Zahlungsplan angefragt,Negativ,App,Mittel,2023-03-08,30
1631,13554,2023-10-17,Speicher,Technisch,Batteriespeicher Störung,Negativ,Telefon,Mittel,2023-10-18,159
1632,14494,2023-01-06,Speicher,Technisch,Kapazität gesunken,Neutral,App,Mittel,2023-01-09,175
1633,9443,2024-10-14,Allgemein,Service,Allgemeine Anfrage,Neutral,Chat,Niedrig,2024-10-20,136
1634,17377,2025-05-04,Smart Meter,Installation,Smart Meter zeigt keine Daten,Neutral,Telefon,Mittel,2025-05-06,150
1635,16559,2023-11-18,Speicher,Technisch,Speicher lädt nicht,Negativ,App,Kritisch,2023-11-19,29
1636,18075,2025-02-22,Solar,Technisch,Einspeisevergütung Frage,Neutral,Chat,Niedrig,2025-03-06,131
1637,10027,2023-01-05,Rechnung,Abrechnung,Zahlungsplan angefragt,Positiv,App,Mittel,2023-01-08,175
1638,12080,2023-09-14,Tarif,Vertrag,Preisgarantie Frage,Negativ,Chat,Mittel,2023-09-16,9
1639,15396,2023-06-10,Smart Meter,Installation,Smart Meter defekt,Negativ,Chat,Mittel,2023-06-17,134
1640,547,2024-08-10,Rechnung,Abrechnung,Zahlungsplan angefragt,Neutral,Email,Kritisch,2024-08-16,20
1641,18104,2023-07-15,Wallbox,E-Mobility,Ladekarte Probleme,Neutral,Chat,Mittel,2023-07-18,141
1642,4564,2025-03-13,Speicher,Technisch,Kapazität gesunken,Negativ,Email,Mittel,2025-03-17,46
1643,18111,2023-05-15,Tarif,Vertrag,Tarifwechsel angefragt,Neutral,App,Mittel,2023-05-23,197
1644,2291,2024-07-04,Allgemein,Service,Kontaktdaten ändern,Positiv,Telefon,Mittel,2024-07-08,16
1645,3923,2024-02-08,Allgemein,Service,Allgemeine Anfrage,Negativ,Chat,Niedrig,2024-02-11,81
1646,5269,2023-03-05,Wallbox,E-Mobility,App-Verbindung unterbrochen,Positiv,Telefon,Hoch,2023-03-05,198
1647,261,2023-12-11,Wärmepumpe,Technisch,Wärmepumpe Störung,Negativ,Telefon,Mittel,2023-12-19,65
1648,2063,2025-03-19,Speicher,Technisch,Kapazität gesunken,Positiv,Chat,Hoch,2025-03-26,91
1649,8347,2024-07-09,Speicher,Technisch,Kapazität gesunken,Neutral,Chat,Mittel,2024-07-15,39
1650,9859,2023-05-18,Rechnung,Abrechnung,Gutschrift angefragt,Neutral,Chat,Mittel,2023-05-28,125
1651,242,2023-01-15,Smart Meter,Installation,Smart Meter Ablesung fehlerhaft,Neutral,Chat,Niedrig,2023-01-15,21
1652,13976,2024-11-14,Rechnung,Abrechnung,Unstimmigkeit in Rechnung,Neutral,App,Kritisch,2024-11-15,27
1653,635,2023-11-15,Allgemein,Service,Allgemeine Anfrage,Neutral,Telefon,Niedrig,2023-11-23,122
1654,1132,2024-10-01,Speicher,Technisch,Kapazität gesunken,Neutral,Chat,Mittel,2024-10-15,99
1655,9764,2024-01-23,Smart Meter,Installation,Smart Meter Ablesung fehlerhaft,Neutral,Chat,Mittel,2024-01-25,92
1656,1454,2023-10-08,Tarif,Vertrag,Kündigung,Neutral,Chat,Hoch,2023-10-13,103
1657,7962,2023-12-22,Smart Meter,Installation,Smart Meter Ablesung fehlerhaft,Negativ,Telefon,Mittel,2023-12-31,20
1658,15229,2023-04-27,Allgemein,Service,Kontaktdaten ändern,Negativ,Telefon,Mittel,2023-05-11,3
1659,15157,2023-10-29,Speicher,Technisch,Speicher lädt nicht,Negativ,Telefon,Kritisch,2023-11-03,19
1660,9421,2023-06-06,Wärmepumpe,Technisch,Geräuschentwicklung zu hoch,Negativ,App,Hoch,2023-06-09,132
1661,14241,2023-05-26,Speicher,Technisch,Batteriespeicher Störung,Negativ,Telefon,Hoch,2023-05-30,47
1662,10610,2023-09-20,Wärmepumpe,Technisch,Fehlercode E01 angezeigt,Neutral,Chat,Mittel,2023-09-28,67
1663,5210,2024-12-02,Tarif,Vertrag,Umzug melden,Negativ,App,Mittel,2024-12-10,97
1664,15685,2024-03-11,Speicher,Technisch,Batteriespeicher Störung,Negativ,Telefon,Hoch,2024-03-17,195
1665,12840,2023-11-13,Allgemein,Service,Lob,Positiv,Telefon,Niedrig,2023-11-16,54
1666,17286,2024-09-28,Allgemein,Service,Beschwerde,Negativ,Chat,Kritisch,2024-10-04,179
1667,1581,2024-03-04,Allgemein,Service,Kontaktdaten ändern,Positiv,Telefon,Hoch,2024-03-08,63
1668,734,2023-03-15,Wärmepumpe,Technisch,Geräuschentwicklung zu hoch,Negativ,Email,Mittel,2023-03-25,28
1669,759,2024-03-09,Solar,Technisch,Einspeisevergütung Frage,Positiv,Chat,Niedrig,2024-03-23,173
1670,12988,2024-04-09,Rechnung,Abrechnung,Unstimmigkeit in Rechnung,Neutral,Telefon,Niedrig,2024-04-09,88
1671,6855,2025-03-08,Allgemein,Service,Informationsanfrage,Positiv,App,Mittel,2025-03-10,159
1672,12828,2024-08-24,Wärmepumpe,Technisch,Wärmepumpe läuft nicht,Negativ,Email,Kritisch,2024-08-31,108
1673,18415,2024-05-02,Rechnung,Abrechnung,Gutschrift angefragt,Neutral,App,Mittel,2024-05-04,129
1674,2938,2025-06-05,Tarif,Vertrag,Vertragsverlängerung,Neutral,Email,Niedrig,2025-06-09,161
1675,12130,2024-02-20,Tarif,Vertrag,Umzug melden,Positiv,Email,Mittel,2024-03-04,21
1676,7764,2025-03-22,Smart Meter,Installation,Smart Meter Installation angefragt,Positiv,Email,Niedrig,2025-03-22,112
1677,13564,2024-02-02,Smart Meter,Installation,Smart Meter App funktioniert nicht,Negativ,Telefon,Kritisch,2024-02-07,64
1678,11794,2023-06-14,Speicher,Technisch,Batteriespeicher Störung,Negativ,Chat,Hoch,2023-06-18,68
1679,10046,2025-01-04,Rechnung,Abrechnung,Gutschrift angefragt,Neutral,Chat,Niedrig,2025-01-12,123
1680,3592,2023-02-16,Tarif,Vertrag,Vertragsverlängerung,Negativ,Telefon,Mittel,2023-02-23,199
1681,7992,2024-07-21,Rechnung,Abrechnung,Unstimmigkeit in Rechnung,Neutral,App,Mittel,2024-07-29,35
1682,16072,2024-03-04,Tarif,Vertrag,Tarifwechsel angefragt,Neutral,App,Mittel,2024-03-10,13
1683,1718,2024-07-10,Rechnung,Abrechnung,Unstimmigkeit in Rechnung,Neutral,Chat,Niedrig,2024-07-23,67
1684,19083,2023-12-24,Rechnung,Abrechnung,Abschlag anpassen,Neutral,Email,Mittel,2024-01-05,51
1685,3096,2024-03-26,Wärmepumpe,Technisch,Effizienz zu niedrig,Neutral,App,Mittel,2024-03-29,97
1686,13625,2023-03-11,Wärmepumpe,Technisch,Wartung angefragt,Neutral,App,Hoch,2023-03-15,197
1687,1373,2024-09-08,Allgemein,Service,Kontaktdaten ändern,Positiv,Telefon,Mittel,2024-09-18,177
1688,19694,2023-02-22,Speicher,Technisch,Kapazität gesunken,Neutral,Email,Mittel,2023-02-23,110
1689,7384,2024-05-20,Smart Meter,Installation,Smart Meter App funktioniert nicht,Negativ,Chat,Niedrig,2024-06-01,27
1690,4824,2025-01-01,Allgemein,Service,Allgemeine Anfrage,Neutral,App,Mittel,2025-01-14,41
1691,4794,2024-04-15,Speicher,Technisch,Batteriespeicher Störung,Negativ,Chat,Hoch,2024-04-17,45
1692,7051,2025-02-27,Allgemein,Service,Kontaktdaten ändern,Neutral,Email,Niedrig,2025-02-28,32
1693,5843,2023-08-16,Rechnung,Abrechnung,Abschlag anpassen,Neutral,App,Kritisch,2023-08-23,73
1694,4669,2024-10-26,Solar,Technisch,Solaranlage produziert nicht,Negativ,Email,Hoch,2024-10-26,106
1695,2282,2024-06-03,Wärmepumpe,Technisch,Wartung angefragt,Neutral,Chat,Mittel,2024-06-05,115
1696,5182,2023-07-16,Wärmepumpe,Technisch,Wärmepumpe läuft nicht,Negativ,App,Niedrig,2023-07-17,72
1697,11009,2024-12-23,Solar,Technisch,Monitoring nicht verfügbar,Negativ,Email,Mittel,2025-01-04,13
1698,6225,2025-02-18,Tarif,Vertrag,Tarifwechsel angefragt,Negativ,Chat,Mittel,2025-02-25,155
1699,18088,2024-02-25,Tarif,Vertrag,Kündigung,Neutral,Chat,Niedrig,2024-03-07,44
1700,13491,2025-06-11,Wärmepumpe,Technisch,Wartung angefragt,Neutral,Chat,Kritisch,2025-06-11,78
1701,18789,2023-10-05,Tarif,Vertrag,Ökostrom Umstellung,Neutral,App,Mittel,2023-10-09,34
1702,14890,2024-04-20,Tarif,Vertrag,Umzug melden,Positiv,Telefon,Mittel,2024-05-04,48
1703,12234,2023-12-27,Tarif,Vertrag,Vertragsverlängerung,Neutral,App,Niedrig,2023-12-27,41
1704,8147,2023-04-09,Wallbox,E-Mobility,Wallbox Installation angefragt,Negativ,Chat,Niedrig,2023-04-22,86
1705,3557,2025-04-17,Solar,Technisch,Monitoring nicht verfügbar,Negativ,App,Kritisch,2025-04-22,134
1706,10566,2023-06-16,Solar,Technisch,Monitoring nicht verfügbar,Negativ,App,Hoch,2023-06-21,177
1707,13120,2024-04-10,Wärmepumpe,Technisch,Effizienz zu niedrig,Neutral,Telefon,Mittel,2024-04-10,57
1708,6418,2024-08-19,Tarif,Vertrag,Tarifwechsel angefragt,Neutral,Chat,Hoch,2024-08-20,200
1709,17261,2025-03-08,Tarif,Vertrag,Umzug melden,Negativ,Telefon,Mittel,2025-03-08,138
1710,9492,2025-04-15,Smart Meter,Installation,Smart Meter Ablesung fehlerhaft,Neutral,App,Mittel,2025-04-15,85
1711,2203,2023-11-12,Rechnung,Abrechnung,Abschlag zu hoch,Neutral,Chat,Niedrig,2023-11-23,60
1712,1094,2024-05-04,Allgemein,Service,Allgemeine Anfrage,Positiv,Telefon,Niedrig,2024-05-15,186
1713,10055,2024-12-08,Smart Meter,Installation,Smart Meter Ablesung fehlerhaft,Negativ,App,Mittel,2024-12-13,177
1714,18305,2024-08-24,Wallbox,E-Mobility,App-Verbindung unterbrochen,Negativ,Email,Mittel,2024-08-25,110
1715,9408,2023-01-29,Smart Meter,Installation,Smart Meter App funktioniert nicht,Negativ,Email,Hoch,2023-01-30,118
1716,4108,2023-07-15,Tarif,Vertrag,Tarifwechsel angefragt,Neutral,App,Hoch,2023-07-19,61
1717,4885,2025-04-18,Wärmepumpe,Technisch,Fehlercode E01 angezeigt,Neutral,Chat,Mittel,2025-04-23,174
1718,4964,2025-01-12,Wärmepumpe,Technisch,Wärmepumpe läuft nicht,Negativ,Telefon,Hoch,2025-01-15,16
1719,4727,2024-02-18,Wärmepumpe,Technisch,Geräuschentwicklung zu hoch,Neutral,Email,Mittel,2024-02-18,85
1720,13790,2023-01-26,Wärmepumpe,Technisch,Wärmepumpe läuft nicht,Negativ,Telefon,Mittel,2023-02-07,110
1721,2133,2024-10-11,Rechnung,Abrechnung,Unstimmigkeit in Rechnung,Neutral,Telefon,Mittel,2024-10-22,19
1722,3781,2024-07-25,Tarif,Vertrag,Kündigung,Neutral,Telefon,Niedrig,2024-08-06,66
1723,6342,2023-11-06,Tarif,Vertrag,Umzug melden,Positiv,Email,Niedrig,2023-11-15,198
1724,14885,2024-06-20,Tarif,Vertrag,Vertragsverlängerung,Neutral,Chat,Mittel,2024-06-27,82
1725,1467,2024-02-02,Rechnung,Abrechnung,Abschlag zu hoch,Negativ,App,Niedrig,2024-02-16,190
1726,11054,2023-06-13,Speicher,Technisch,Batteriespeicher Störung,Negativ,App,Hoch,2023-06-15,41
1727,5315,2023-12-26,Wallbox,E-Mobility,Wallbox Installation angefragt,Negativ,Chat,Niedrig,2024-01-03,169
1728,7848,2023-03-16,Rechnung,Abrechnung,Unstimmigkeit in Rechnung,Neutral,App,Niedrig,2023-03-26,144
1729,16021,2024-04-20,Smart Meter,Installation,Smart Meter Ablesung fehlerhaft,Positiv,App,Mittel,2024-04-23,77
1730,8903,2024-12-08,Rechnung,Abrechnung,Rechnungsfrage,Negativ,Telefon,Mittel,2024-12-12,147
1731,7827,2023-04-01,Smart Meter,Installation,Smart Meter Installation angefragt,Neutral,Telefon,Hoch,2023-04-07,134
1732,11986,2024-06-26,Tarif,Vertrag,Tarifwechsel angefragt,Positiv,Email,Niedrig,2024-07-02,48
1733,2086,2024-05-20,Speicher,Technisch,Kapazität gesunken,Negativ,App,Mittel,2024-05-22,147
1734,7273,2024-08-07,Tarif,Vertrag,Preisgarantie Frage,Negativ,Chat,Kritisch,2024-08-13,50
1735,12182,2025-03-13,Wallbox,E-Mobility,Wallbox defekt,Negativ,Email,Hoch,2025-03-14,197
1736,6161,2025-04-13,Rechnung,Abrechnung,Zahlungsplan angefragt,Neutral,Email,Hoch,2025-04-15,18
1737,15874,2025-02-27,Smart Meter,Installation,Smart Meter zeigt keine Daten,Neutral,App,Mittel,2025-03-01,98
1738,8829,2024-07-10,Wallbox,E-Mobility,Ladekarte Probleme,Negativ,Email,Niedrig,2024-07-17,65
1739,15541,2025-06-06,Speicher,Technisch,Kapazität gesunken,Neutral,Email,Mittel,2025-06-19,75
1740,1921,2023-11-08,Wallbox,E-Mobility,Ladekarte Probleme,Negativ,Email,Mittel,2023-11-19,26
1741,18225,2025-03-27,Wärmepumpe,Technisch,Wärmepumpe Störung,Negativ,Email,Hoch,2025-03-27,33
1742,5363,2023-08-29,Smart Meter,Installation,Smart Meter App funktioniert nicht,Negativ,App,Hoch,2023-08-31,30
1743,9695,2023-12-16,Wallbox,E-Mobility,Wallbox lädt nicht,Negativ,Chat,Mittel,2023-12-26,75
1744,16852,2025-05-19,Tarif,Vertrag,Umzug melden,Positiv,App,Mittel,2025-05-26,85
1745,1074,2023-05-21,Allgemein,Service,Lob,Positiv,Telefon,Niedrig,2023-05-21,136
1746,1583,2025-01-05,Solar,Technisch,Solaranlage Ertrag niedrig,Negativ,App,Niedrig,2025-01-15,48
1747,15522,2025-02-13,Tarif,Vertrag,Vertragsverlängerung,Neutral,Telefon,Mittel,2025-02-13,21
1748,13537,2025-05-18,Smart Meter,Installation,Smart Meter App funktioniert nicht,Negativ,Telefon,Kritisch,2025-05-18,69
1749,19484,2025-05-05,Wallbox,E-Mobility,Wallbox Installation angefragt,Negativ,Chat,Mittel,2025-05-17,22
1750,19418,2023-05-14,Wallbox,E-Mobility,Ladekarte Probleme,Neutral,Email,Mittel,2023-05-22,94
1751,5746,2023-04-11,Rechnung,Abrechnung,Abschlag zu hoch,Neutral,Telefon,Niedrig,2023-04-13,179
1752,4161,2025-03-26,Smart Meter,Installation,Smart Meter App funktioniert nicht,Negativ,App,Kritisch,2025-03-31,82
1753,13468,2024-11-03,Wallbox,E-Mobility,App-Verbindung unterbrochen,Positiv,App,Niedrig,2024-11-09,54
1754,959,2023-09-19,Wärmepumpe,Technisch,Effizienz zu niedrig,Negativ,Telefon,Niedrig,2023-10-01,165
1755,7433,2025-03-20,Solar,Technisch,Monitoring nicht verfügbar,Negativ,App,Kritisch,2025-03-25,15
1756,5252,2025-04-21,Wärmepumpe,Technisch,Wartung angefragt,Neutral,Chat,Mittel,2025-04-21,185
1757,1514,2024-05-10,Smart Meter,Installation,Smart Meter Ablesung fehlerhaft,Neutral,App,Kritisch,2024-05-12,71
1758,2285,2023-12-30,Smart Meter,Installation,Smart Meter App funktioniert nicht,Negativ,Email,Hoch,2024-01-06,137
1759,6657,2024-09-17,Tarif,Vertrag,Tarifwechsel angefragt,Neutral,Chat,Hoch,2024-09-22,81
1760,14767,2023-05-15,Tarif,Vertrag,Vertragsverlängerung,Positiv,App,Niedrig,2023-05-15,97
1761,14609,2023-08-14,Smart Meter,Installation,Smart Meter defekt,Negativ,Chat,Hoch,2023-08-16,87
1762,7512,2023-07-23,Speicher,Technisch,Batteriespeicher Störung,Negativ,Telefon,Mittel,2023-07-27,114
1763,7927,2023-05-10,Wärmepumpe,Technisch,Wärmepumpe Störung,Negativ,Chat,Mittel,2023-05-17,20
1764,10429,2023-05-09,Tarif,Vertrag,Umzug melden,Positiv,App,Niedrig,2023-05-19,56
1765,17479,2023-01-13,Wärmepumpe,Technisch,Wärmepumpe Störung,Negativ,Telefon,Niedrig,2023-01-21,27
1766,7773,2023-08-29,Rechnung,Abrechnung,Zahlungsplan angefragt,Positiv,App,Mittel,2023-09-07,58
1767,17027,2024-08-05,Speicher,Technisch,Batteriespeicher Störung,Negativ,Email,Mittel,2024-08-10,145
1768,11367,2025-01-09,Wallbox,E-Mobility,Wallbox lädt nicht,Negativ,Email,Kritisch,2025-01-10,46
1769,7990,2025-06-14,Solar,Technisch,Einspeisevergütung Frage,Neutral,Telefon,Mittel,2025-06-16,195
1770,11656,2024-01-07,Wärmepumpe,Technisch,Fehlercode E01 angezeigt,Neutral,Email,Niedrig,2024-01-19,118
1771,17328,2024-07-26,Wärmepumpe,Technisch,Fehlercode E01 angezeigt,Neutral,Chat,Hoch,2024-07-28,160
1772,6536,2023-03-20,Rechnung,Abrechnung,Gutschrift angefragt,Positiv,Email,Mittel,2023-04-03,20
1773,3620,2025-05-30,Allgemein,Service,Informationsanfrage,Neutral,App,Mittel,2025-06-05,96
1774,7758,2023-06-11,Tarif,Vertrag,Preisgarantie Frage,Positiv,App,Mittel,2023-06-12,151
1775,8157,2023-03-19,Wallbox,E-Mobility,Ladekarte Probleme,Positiv,Chat,Mittel,2023-03-31,166
1776,5644,2023-10-25,Solar,Technisch,Solaranlage Ertrag niedrig,Negativ,Telefon,Mittel,2023-10-31,4
1777,14336,2024-09-28,Smart Meter,Installation,Smart Meter Installation angefragt,Neutral,Chat,Niedrig,2024-10-05,72
1778,221,2025-02-26,Smart Meter,Installation,Smart Meter defekt,Negativ,Email,Hoch,2025-03-03,179
1779,5843,2024-11-26,Allgemein,Service,Informationsanfrage,Neutral,Email,Niedrig,2024-11-30,179
1780,12357,2025-01-07,Smart Meter,Installation,Smart Meter zeigt keine Daten,Negativ,Email,Mittel,2025-01-21,121
1781,323,2023-07-11,Tarif,Vertrag,Kündigung,Negativ,Telefon,Kritisch,2023-07-13,2
1782,10730,2025-05-03,Tarif,Vertrag,Vertragsverlängerung,Neutral,Telefon,Mittel,2025-05-08,61
1783,8643,2025-04-09,Speicher,Technisch,Speicher lädt nicht,Negativ,App,Mittel,2025-04-15,143
1784,5629,2024-11-26,Smart Meter,Installation,Smart Meter Ablesung fehlerhaft,Neutral,Chat,Mittel,2024-12-07,156
1785,3950,2023-07-26,Speicher,Technisch,Speicher lädt nicht,Negativ,Telefon,Hoch,2023-07-28,36
1786,9349,2023-08-05,Speicher,Technisch,Kapazität gesunken,Neutral,App,Mittel,2023-08-07,118
1787,4585,2023-01-04,Smart Meter,Installation,Smart Meter zeigt keine Daten,Neutral,Telefon,Hoch,2023-01-04,2
1788,3114,2023-06-18,Solar,Technisch,Solaranlage Ertrag niedrig,Neutral,App,Mittel,2023-06-21,103
1789,9213,2024-09-24,Speicher,Technisch,Speicher lädt nicht,Negativ,Telefon,Hoch,2024-09-29,128
1790,12409,2025-06-09,Tarif,Vertrag,Kündigung,Positiv,Chat,Mittel,2025-06-12,60
1791,228,2025-03-27,Rechnung,Abrechnung,Rechnungsfrage,Neutral,Email,Mittel,2025-03-29,196
1792,6525,2025-04-26,Wärmepumpe,Technisch,Wartung angefragt,Negativ,Telefon,Mittel,2025-05-03,14
1793,11518,2024-08-31,Speicher,Technisch,Speicher lädt nicht,Negativ,App,Kritisch,2024-09-04,154
1794,13322,2024-09-23,Speicher,Technisch,Batteriespeicher Störung,Negativ,Chat,Hoch,2024-09-23,188
1795,9962,2023-03-25,Tarif,Vertrag,Tarifwechsel angefragt,Neutral,Telefon,Kritisch,2023-04-01,7
1796,8600,2024-12-15,Tarif,Vertrag,Vertragsverlängerung,Negativ,Email,Hoch,2024-12-15,180
1797,197,2024-01-02,Wallbox,E-Mobility,Wallbox defekt,Negativ,Chat,Kritisch,2024-01-05,102
1798,6060,2023-08-16,Allgemein,Service,Beschwerde,Negativ,Chat,Mittel,2023-08-16,107
1799,12373,2024-05-30,Wärmepumpe,Technisch,Geräuschentwicklung zu hoch,Neutral,Telefon,Mittel,2024-06-06,86
1800,5960,2023-09-14,Smart Meter,Installation,Smart Meter defekt,Negativ,Telefon,Mittel,2023-09-17,190
1801,14619,2024-11-18,Wallbox,E-Mobility,Wallbox defekt,Negativ,App,Mittel,2024-11-26,78
1802,1051,2024-01-11,Speicher,Technisch,Kapazität gesunken,Positiv,App,Mittel,2024-01-20,11
1803,14836,2024-05-02,Tarif,Vertrag,Umzug melden,Positiv,App,Niedrig,2024-05-07,27
1804,2066,2024-11-15,Speicher,Technisch,Kapazität gesunken,Negativ,Email,Niedrig,2024-11-28,176
1805,11539,2024-04-16,Rechnung,Abrechnung,Rechnungsfrage,Neutral,Chat,Hoch,2024-04-18,149
1806,9577,2024-10-13,Rechnung,Abrechnung,Abschlag anpassen,Negativ,Email,Hoch,2024-10-20,39
1807,13572,2023-07-06,Tarif,Vertrag,Vertragsverlängerung,Positiv,App,Niedrig,2023-07-13,199
1808,3572,2024-12-26,Tarif,Vertrag,Preisgarantie Frage,Negativ,Chat,Mittel,2025-01-07,68
1809,11050,2023-05-02,Allgemein,Service,Allgemeine Anfrage,Neutral,Email,Niedrig,2023-05-06,163
1810,13661,2025-02-28,Tarif,Vertrag,Tarifwechsel angefragt,Neutral,Email,Hoch,2025-03-07,99
1811,14718,2024-09-11,Wallbox,E-Mobility,Wallbox Installation angefragt,Neutral,Chat,Mittel,2024-09-23,117
1812,11279,2023-09-28,Speicher,Technisch,Batteriespeicher Störung,Negativ,Chat,Mittel,2023-09-29,29
1813,132,2023-03-11,Rechnung,Abrechnung,Abschlag anpassen,Neutral,App,Hoch,2023-03-18,51
1814,17345,2023-02-18,Solar,Technisch,Solaranlage Ertrag niedrig,Neutral,Email,Niedrig,2023-02-24,119
1815,7817,2023-05-22,Allgemein,Service,Kontaktdaten ändern,Negativ,Chat,Hoch,2023-05-28,109
1816,3776,2024-06-13,Smart Meter,Installation,Smart Meter Installation angefragt,Neutral,Chat,Niedrig,2024-06-21,107
1817,6,2023-03-15,Wallbox,E-Mobility,Wallbox Installation angefragt,Neutral,Email,Mittel,2023-03-15,43
1818,670,2024-06-04,Solar,Technisch,Monitoring nicht verfügbar,Negativ,Email,Mittel,2024-06-17,36
1819,13044,2023-10-06,Speicher,Technisch,Kapazität gesunken,Neutral,App,Mittel,2023-10-08,101
1820,10619,2025-02-13,Tarif,Vertrag,Kündigung,Positiv,Telefon,Niedrig,2025-02-26,166
1821,10947,2024-09-18,Solar,Technisch,Solaranlage Ertrag niedrig,Neutral,Email,Mittel,2024-09-27,188
1822,1660,2023-04-21,Rechnung,Abrechnung,Zahlungsplan angefragt,Neutral,App,Mittel,2023-05-05,158
1823,10462,2024-04-11,Solar,Technisch,Wechselrichter Fehler,Positiv,App,Mittel,2024-04-19,176
1824,2237,2024-11-17,Smart Meter,Installation,Smart Meter zeigt keine Daten,Neutral,Chat,Mittel,2024-11-29,146
1825,11372,2025-02-06,Allgemein,Service,Lob,Positiv,App,Niedrig,2025-02-11,38
1826,782,2025-02-08,Speicher,Technisch,Speicher lädt nicht,Negativ,Chat,Niedrig,2025-02-19,55
1827,15616,2025-04-13,Tarif,Vertrag,Ökostrom Umstellung,Neutral,Telefon,Mittel,2025-04-20,16
1828,18614,2024-05-01,Rechnung,Abrechnung,Abschlag zu hoch,Negativ,Telefon,Niedrig,2024-05-11,117
1829,10736,2023-05-06,Tarif,Vertrag,Tarifwechsel angefragt,Negativ,Telefon,Mittel,2023-05-13,117
1830,15347,2023-03-04,Tarif,Vertrag,Umzug melden,Neutral,Chat,Mittel,2023-03-14,116
1831,6353,2025-01-08,Smart Meter,Installation,Smart Meter zeigt keine Daten,Neutral,Telefon,Mittel,2025-01-19,67
1832,5511,2023-05-25,Speicher,Technisch,Batteriespeicher Störung,Negativ,Telefon,Mittel,2023-05-27,29
1833,7972,2024-07-18,Rechnung,Abrechnung,Abschlag zu hoch,Neutral,Telefon,Mittel,2024-07-24,24
1834,2238,2025-06-13,Smart Meter,Installation,Smart Meter App funktioniert nicht,Negativ,Email,Mittel,2025-06-18,104
1835,2241,2023-02-18,Allgemein,Service,Allgemeine Anfrage,Positiv,Chat,Mittel,2023-03-04,16
1836,9633,2023-12-18,Smart Meter,Installation,Smart Meter zeigt keine Daten,Neutral,App,Mittel,2023-12-19,141
1837,16508,2024-03-22,Smart Meter,Installation,Smart Meter Installation angefragt,Neutral,Telefon,Mittel,2024-03-31,4
1838,7099,2024-07-14,Wärmepumpe,Technisch,Effizienz zu niedrig,Negativ,Telefon,Niedrig,2024-07-23,162
1839,16529,2024-08-02,Wärmepumpe,Technisch,Wartung angefragt,Neutral,Email,Niedrig,2024-08-16,143
1840,9481,2024-11-06,Rechnung,Abrechnung,Abschlag zu hoch,Negativ,App,Mittel,2024-11-19,195
1841,19541,2025-06-27,Smart Meter,Installation,Smart Meter defekt,Negativ,App,Hoch,2025-07-03,94
1842,7850,2024-08-08,Allgemein,Service,Beschwerde,Negativ,Chat,Kritisch,2024-08-14,115
1843,3160,2023-07-10,Tarif,Vertrag,Preisgarantie Frage,Neutral,App,Niedrig,2023-07-22,181
1844,5277,2024-12-08,Allgemein,Service,Beschwerde,Negativ,Chat,Hoch,2024-12-12,131
1845,852,2024-12-18,Solar,Technisch,Solaranlage Ertrag niedrig,Neutral,App,Mittel,2024-12-23,191
1846,3465,2023-05-08,Rechnung,Abrechnung,Zahlungsplan angefragt,Neutral,App,Mittel,2023-05-12,68
1847,11568,2023-01-25,Wärmepumpe,Technisch,Wärmepumpe Störung,Negativ,App,Hoch,2023-01-28,31
1848,15611,2024-07-04,Tarif,Vertrag,Kündigung,Neutral,Telefon,Mittel,2024-07-06,161
1849,14502,2023-12-10,Allgemein,Service,Lob,Positiv,App,Niedrig,2023-12-18,28
1850,18785,2024-08-28,Smart Meter,Installation,Smart Meter App funktioniert nicht,Negativ,App,Hoch,2024-09-03,104
1851,16886,2023-01-04,Rechnung,Abrechnung,Abschlag zu hoch,Neutral,Email,Niedrig,2023-01-15,119
1852,19413,2023-06-16,Solar,Technisch,Solaranlage produziert nicht,Negativ,Telefon,Hoch,2023-06-22,172
1853,1374,2023-04-04,Tarif,Vertrag,Tarifwechsel angefragt,Neutral,Chat,Mittel,2023-04-08,113
1854,6568,2023-08-07,Smart Meter,Installation,Smart Meter defekt,Negativ,Chat,Hoch,2023-08-14,168
1855,17957,2024-12-25,Wallbox,E-Mobility,App-Verbindung unterbrochen,Positiv,Email,Mittel,2024-12-26,182
1856,16746,2024-12-08,Solar,Technisch,Wechselrichter Fehler,Neutral,Email,Niedrig,2024-12-13,116
1857,6767,2024-08-18,Rechnung,Abrechnung,Gutschrift angefragt,Neutral,Telefon,Mittel,2024-08-31,168
1858,17463,2023-03-04,Rechnung,Abrechnung,Abschlag anpassen,Neutral,App,Hoch,2023-03-09,103
1859,3366,2023-02-03,Wärmepumpe,Technisch,Wärmepumpe Störung,Negativ,App,Niedrig,2023-02-15,127
1860,2894,2023-02-06,Wallbox,E-Mobility,Ladekarte Probleme,Positiv,Chat,Hoch,2023-02-09,5
1861,13388,2024-12-01,Solar,Technisch,Solaranlage produziert nicht,Negativ,Email,Niedrig,2024-12-03,48
1862,13165,2025-03-08,Wallbox,E-Mobility,App-Verbindung unterbrochen,Neutral,Telefon,Niedrig,2025-03-22,51
1863,4391,2023-02-20,Allgemein,Service,Beschwerde,Negativ,Email,Hoch,2023-02-25,103
1864,18270,2024-01-30,Speicher,Technisch,Speicher lädt nicht,Negativ,Chat,Mittel,2024-02-09,118
1865,3037,2024-02-29,Wallbox,E-Mobility,Wallbox lädt nicht,Negativ,Chat,Kritisch,2024-03-05,143
1866,5882,2025-04-11,Solar,Technisch,Solaranlage produziert nicht,Negativ,Email,Hoch,2025-04-13,18
1867,12308,2023-02-21,Wärmepumpe,Technisch,Fehlercode E01 angezeigt,Positiv,Email,Hoch,2023-02-28,26
1868,10839,2023-03-20,Wärmepumpe,Technisch,Effizienz zu niedrig,Neutral,Chat,Mittel,2023-04-02,61
1869,18293,2023-09-22,Speicher,Technisch,Kapazität gesunken,Neutral,App,Niedrig,2023-10-06,163
1870,2095,2024-08-02,Allgemein,Service,Allgemeine Anfrage,Neutral,App,Mittel,2024-08-13,135
1871,10794,2025-06-09,Wallbox,E-Mobility,Ladekarte Probleme,Positiv,Chat,Mittel,2025-06-23,93
1872,18740,2024-07-01,Smart Meter,Installation,Smart Meter zeigt keine Daten,Neutral,Telefon,Hoch,2024-07-04,109
1873,13778,2023-01-30,Solar,Technisch,Einspeisevergütung Frage,Neutral,App,Niedrig,2023-01-31,171
1874,12070,2024-10-20,Smart Meter,Installation,Smart Meter Installation angefragt,Neutral,Email,Mittel,2024-10-23,45
1875,1639,2024-07-12,Speicher,Technisch,Speicher lädt nicht,Negativ,Telefon,Hoch,2024-07-16,10
1876,16006,2023-01-19,Wärmepumpe,Technisch,Fehlercode E01 angezeigt,Neutral,Email,Mittel,2023-02-01,140
1877,4998,2025-01-24,Smart Meter,Installation,Smart Meter zeigt keine Daten,Negativ,Email,Niedrig,2025-02-05,75
1878,17483,2025-01-04,Smart Meter,Installation,Smart Meter Installation angefragt,Positiv,Email,Mittel,2025-01-15,43
1879,17562,2024-08-06,Tarif,Vertrag,Vertragsverlängerung,Neutral,Telefon,Niedrig,2024-08-20,103
1880,4468,2023-08-04,Rechnung,Abrechnung,Unstimmigkeit in Rechnung,Neutral,Email,Mittel,2023-08-09,13
1881,4015,2023-07-05,Smart Meter,Installation,Smart Meter Ablesung fehlerhaft,Neutral,Telefon,Mittel,2023-07-17,65
1882,7524,2025-05-15,Rechnung,Abrechnung,Abschlag zu hoch,Negativ,Email,Hoch,2025-05-20,190
1883,14625,2024-03-26,Rechnung,Abrechnung,Gutschrift angefragt,Positiv,Chat,Niedrig,2024-03-29,55
1884,18044,2025-02-07,Rechnung,Abrechnung,Unstimmigkeit in Rechnung,Neutral,Email,Niedrig,2025-02-13,5
1885,18837,2025-04-20,Solar,Technisch,Solaranlage produziert nicht,Negativ,Telefon,Hoch,2025-04-21,29
1886,4381,2025-06-16,Smart Meter,Installation,Smart Meter zeigt keine Daten,Neutral,App,Kritisch,2025-06-17,118
1887,10173,2024-07-15,Solar,Technisch,Solaranlage Ertrag niedrig,Neutral,App,Mittel,2024-07-24,50
1888,4881,2025-04-12,Allgemein,Service,Lob,Positiv,Chat,Niedrig,2025-04-17,83
1889,3644,2024-11-09,Solar,Technisch,Solaranlage produziert nicht,Negativ,App,Hoch,2024-11-15,89
1890,2884,2023-08-02,Wärmepumpe,Technisch,Fehlercode E01 angezeigt,Positiv,Telefon,Mittel,2023-08-10,10
1891,7603,2023-07-15,Solar,Technisch,Solaranlage Ertrag niedrig,Neutral,App,Niedrig,2023-07-18,69
1892,18669,2023-08-30,Speicher,Technisch,Speicher lädt nicht,Negativ,App,Hoch,2023-08-31,63
1893,9781,2025-04-29,Rechnung,Abrechnung,Abschlag zu hoch,Negativ,App,Mittel,2025-05-13,148
1894,10774,2023-07-03,Smart Meter,Installation,Smart Meter Ablesung fehlerhaft,Neutral,Email,Mittel,2023-07-13,195
1895,6177,2023-02-22,Wärmepumpe,Technisch,Geräuschentwicklung zu hoch,Neutral,Email,Niedrig,2023-02-27,20
1896,13779,2025-05-25,Wallbox,E-Mobility,Wallbox lädt nicht,Negativ,Email,Mittel,2025-05-28,192
1897,6025,2025-06-17,Solar,Technisch,Monitoring nicht verfügbar,Negativ,Email,Niedrig,2025-06-21,77
1898,137,2023-08-06,Tarif,Vertrag,Kündigung,Neutral,App,Mittel,2023-08-18,111
1899,2190,2024-09-03,Allgemein,Service,Lob,Positiv,Telefon,Niedrig,2024-09-13,162
1900,19475,2023-08-12,Speicher,Technisch,Speicher lädt nicht,Negativ,App,Hoch,2023-08-12,17
1901,5063,2025-05-30,Wallbox,E-Mobility,Wallbox Installation angefragt,Neutral,Telefon,Mittel,2025-06-13,48
1902,5694,2023-09-17,Solar,Technisch,Solaranlage produziert nicht,Negativ,Telefon,Kritisch,2023-09-23,138
1903,18435,2024-03-11,Solar,Technisch,Monitoring nicht verfügbar,Negativ,Chat,Hoch,2024-03-15,168
1904,2013,2024-07-06,Solar,Technisch,Solaranlage produziert nicht,Negativ,Chat,Kritisch,2024-07-13,42
1905,6949,2024-11-17,Allgemein,Service,Kontaktdaten ändern,Neutral,Telefon,Mittel,2024-11-30,16
1906,17159,2023-01-24,Wärmepumpe,Technisch,Wärmepumpe Störung,Negativ,App,Kritisch,2023-01-29,95
1907,1138,2025-03-17,Solar,Technisch,Solaranlage produziert nicht,Negativ,Email,Kritisch,2025-03-24,12
1908,9801,2024-03-07,Solar,Technisch,Monitoring nicht verfügbar,Negativ,Telefon,Hoch,2024-03-13,53
1909,19878,2023-09-03,Wallbox,E-Mobility,Wallbox lädt nicht,Negativ,Telefon,Kritisch,2023-09-08,43
1910,3114,2023-12-01,Wärmepumpe,Technisch,Fehlercode E01 angezeigt,Negativ,Email,Niedrig,2023-12-11,183
1911,13908,2023-09-01,Wallbox,E-Mobility,Ladekarte Probleme,Neutral,Telefon,Niedrig,2023-09-12,99
1912,5536,2024-07-13,Solar,Technisch,Solaranlage Ertrag niedrig,Neutral,Chat,Niedrig,2024-07-20,119
1913,19810,2023-07-27,Allgemein,Service,Allgemeine Anfrage,Neutral,Email,Hoch,2023-07-29,125
1914,16762,2024-05-11,Allgemein,Service,Allgemeine Anfrage,Neutral,App,Mittel,2024-05-13,4
1915,3295,2024-04-07,Rechnung,Abrechnung,Rechnungsfrage,Neutral,Telefon,Mittel,2024-04-13,117
1916,19328,2025-03-15,Solar,Technisch,Einspeisevergütung Frage,Positiv,Chat,Niedrig,2025-03-26,199
1917,16283,2023-11-28,Tarif,Vertrag,Kündigung,Neutral,Telefon,Niedrig,2023-12-03,78
1918,1922,2023-02-04,Solar,Technisch,Wechselrichter Fehler,Neutral,Email,Niedrig,2023-02-05,177
1919,6104,2024-05-10,Smart Meter,Installation,Smart Meter Ablesung fehlerhaft,Neutral,Chat,Mittel,2024-05-12,91
1920,4894,2025-03-13,Rechnung,Abrechnung,Unstimmigkeit in Rechnung,Positiv,Telefon,Hoch,2025-03-19,116
1921,3806,2025-03-15,Smart Meter,Installation,Smart Meter App funktioniert nicht,Negativ,Telefon,Hoch,2025-03-21,144
1922,4485,2024-09-06,Allgemein,Service,Lob,Positiv,Chat,Niedrig,2024-09-09,103
1923,17763,2024-01-11,Smart Meter,Installation,Smart Meter defekt,Negativ,Email,Hoch,2024-01-15,18
1924,12177,2024-05-24,Rechnung,Abrechnung,Unstimmigkeit in Rechnung,Neutral,App,Mittel,2024-06-01,123
1925,4506,2024-10-02,Speicher,Technisch,Kapazität gesunken,Negativ,Chat,Mittel,2024-10-11,152
1926,2561,2023-03-19,Wallbox,E-Mobility,Wallbox lädt nicht,Negativ,Telefon,Kritisch,2023-03-25,190
1927,12210,2023-03-23,Rechnung,Abrechnung,Zahlungsplan angefragt,Positiv,Telefon,Mittel,2023-04-05,158
1928,11937,2025-04-28,Solar,Technisch,Monitoring nicht verfügbar,Negativ,Chat,Hoch,2025-05-04,176
1929,7081,2023-01-08,Tarif,Vertrag,Preisgarantie Frage,Neutral,Email,Mittel,2023-01-09,69
1930,19497,2023-10-24,Rechnung,Abrechnung,Gutschrift angefragt,Negativ,App,Mittel,2023-11-05,160
1931,14431,2025-06-08,Smart Meter,Installation,Smart Meter zeigt keine Daten,Positiv,Chat,Hoch,2025-06-13,64
1932,15491,2025-06-05,Wallbox,E-Mobility,Ladekarte Probleme,Neutral,Email,Niedrig,2025-06-11,134
1933,9717,2023-07-11,Solar,Technisch,Monitoring nicht verfügbar,Negativ,Chat,Mittel,2023-07-18,176
1934,8773,2023-04-05,Wallbox,E-Mobility,App-Verbindung unterbrochen,Neutral,Chat,Kritisch,2023-04-05,81
1935,9771,2025-04-14,Wallbox,E-Mobility,Wallbox defekt,Negativ,Telefon,Mittel,2025-04-23,133
1936,3891,2023-06-04,Solar,Technisch,Monitoring nicht verfügbar,Negativ,Email,Hoch,2023-06-09,83
1937,9166,2023-12-15,Tarif,Vertrag,Kündigung,Neutral,Email,Mittel,2023-12-28,31
1938,10273,2025-01-13,Smart Meter,Installation,Smart Meter defekt,Negativ,Chat,Hoch,2025-01-13,73
1939,2261,2025-01-16,Wärmepumpe,Technisch,Effizienz zu niedrig,Neutral,Telefon,Hoch,2025-01-22,169
1940,4989,2024-05-27,Solar,Technisch,Wechselrichter Fehler,Neutral,Chat,Niedrig,2024-05-28,116
1941,8581,2025-02-12,Wallbox,E-Mobility,Wallbox defekt,Negativ,Chat,Mittel,2025-02-24,95
1942,1372,2023-12-06,Smart Meter,Installation,Smart Meter Ablesung fehlerhaft,Neutral,App,Mittel,2023-12-17,188
1943,14142,2024-02-25,Allgemein,Service,Informationsanfrage,Neutral,Chat,Hoch,2024-02-29,89
1944,15893,2025-01-09,Solar,Technisch,Einspeisevergütung Frage,Negativ,Chat,Mittel,2025-01-15,9
1945,2046,2024-04-14,Wärmepumpe,Technisch,Wärmepumpe läuft nicht,Negativ,Telefon,Hoch,2024-04-14,53
1946,5837,2024-09-26,Wärmepumpe,Technisch,Wärmepumpe läuft nicht,Negativ,Email,Mittel,2024-09-30,194
1947,19572,2024-01-14,Rechnung,Abrechnung,Rechnungsfrage,Neutral,Email,Hoch,2024-01-14,172
1948,5221,2023-08-25,Solar,Technisch,Solaranlage produziert nicht,Negativ,App,Hoch,2023-08-29,75
1949,3992,2024-07-17,Smart Meter,Installation,Smart Meter zeigt keine Daten,Negativ,App,Mittel,2024-07-17,17
1950,9501,2024-09-04,Tarif,Vertrag,Vertragsverlängerung,Neutral,App,Kritisch,2024-09-04,61
1951,5880,2023-11-23,Wärmepumpe,Technisch,Wärmepumpe läuft nicht,Negativ,Telefon,Hoch,2023-11-28,111
1952,2933,2023-03-19,Wallbox,E-Mobility,Ladekarte Probleme,Negativ,App,Niedrig,2023-03-20,56
1953,7377,2024-02-22,Wärmepumpe,Technisch,Wärmepumpe läuft nicht,Negativ,Email,Hoch,2024-02-27,78
1954,17335,2024-06-26,Tarif,Vertrag,Kündigung,Neutral,App,Mittel,2024-07-10,47
1955,19319,2023-06-11,Wallbox,E-Mobility,Wallbox lädt nicht,Negativ,App,Kritisch,2023-06-11,5
1956,7609,2024-03-07,Solar,Technisch,Monitoring nicht verfügbar,Negativ,Chat,Mittel,2024-03-07,73
1957,19634,2023-01-05,Rechnung,Abrechnung,Gutschrift angefragt,Neutral,Chat,Mittel,2023-01-06,36
1958,5142,2024-07-20,Speicher,Technisch,Batteriespeicher Störung,Negativ,Telefon,Hoch,2024-07-23,15
1959,11469,2025-06-11,Speicher,Technisch,Kapazität gesunken,Neutral,App,Niedrig,2025-06-19,68
1960,16975,2024-02-28,Wärmepumpe,Technisch,Effizienz zu niedrig,Negativ,Chat,Hoch,2024-03-06,177
1961,17803,2023-10-05,Allgemein,Service,Allgemeine Anfrage,Positiv,Chat,Hoch,2023-10-07,27
1962,11394,2024-02-22,Speicher,Technisch,Batteriespeicher Störung,Negativ,Chat,Kritisch,2024-02-29,86
1963,5801,2024-07-10,Wallbox,E-Mobility,Ladekarte Probleme,Positiv,Chat,Niedrig,2024-07-21,11
1964,13513,2025-02-21,Speicher,Technisch,Batteriespeicher Störung,Negativ,Chat,Hoch,2025-02-27,96
1965,11095,2023-10-31,Wärmepumpe,Technisch,Effizienz zu niedrig,Neutral,Telefon,Mittel,2023-11-11,118
1966,9824,2023-03-14,Smart Meter,Installation,Smart Meter Ablesung fehlerhaft,Neutral,Email,Hoch,2023-03-21,48
1967,19619,2023-08-04,Wärmepumpe,Technisch,Fehlercode E01 angezeigt,Neutral,App,Mittel,2023-08-15,174
1968,19229,2023-01-13,Speicher,Technisch,Batteriespeicher Störung,Negativ,Email,Hoch,2023-01-17,157
1969,9922,2024-07-12,Rechnung,Abrechnung,Zahlungsplan angefragt,Neutral,App,Niedrig,2024-07-14,74
1970,9587,2025-04-09,Speicher,Technisch,Speicher lädt nicht,Negativ,App,Mittel,2025-04-23,150
1971,2017,2025-04-07,Wärmepumpe,Technisch,Wartung angefragt,Positiv,Email,Kritisch,2025-04-14,31
1972,9555,2023-12-18,Allgemein,Service,Lob,Positiv,App,Niedrig,2023-12-22,49
1973,18450,2024-09-24,Tarif,Vertrag,Vertragsverlängerung,Positiv,App,Niedrig,2024-10-01,72
1974,6823,2024-01-10,Tarif,Vertrag,Umzug melden,Neutral,Chat,Hoch,2024-01-13,119
1975,9279,2023-04-27,Rechnung,Abrechnung,Gutschrift angefragt,Negativ,App,Mittel,2023-05-02,139
1976,938,2025-03-21,Allgemein,Service,Kontaktdaten ändern,Positiv,Telefon,Niedrig,2025-04-01,187
1977,2647,2023-08-06,Solar,Technisch,Einspeisevergütung Frage,Neutral,Email,Mittel,2023-08-13,171
1978,812,2024-07-08,Solar,Technisch,Monitoring nicht verfügbar,Negativ,Telefon,Mittel,2024-07-20,117
1979,12605,2024-03-19,Solar,Technisch,Solaranlage produziert nicht,Negativ,Email,Hoch,2024-03-22,117
1980,1570,2024-01-19,Allgemein,Service,Informationsanfrage,Neutral,App,Mittel,2024-01-21,29
1981,17838,2023-08-27,Wallbox,E-Mobility,Wallbox Installation angefragt,Neutral,Chat,Niedrig,2023-08-29,173
1982,9552,2025-06-24,Rechnung,Abrechnung,Rechnungsfrage,Negativ,Email,Mittel,2025-07-04,114
1983,15342,2024-04-12,Speicher,Technisch,Batteriespeicher Störung,Negativ,Chat,Kritisch,2024-04-15,41
1984,17683,2023-06-13,Tarif,Vertrag,Kündigung,Negativ,App,Mittel,2023-06-16,143
1985,10456,2025-03-05,Wärmepumpe,Technisch,Wärmepumpe läuft nicht,Negativ,Email,Hoch,2025-03-08,106
1986,7900,2024-12-28,Wallbox,E-Mobility,App-Verbindung unterbrochen,Neutral,Telefon,Niedrig,2025-01-09,155
1987,6671,2023-12-09,Tarif,Vertrag,Vertragsverlängerung,Neutral,Chat,Niedrig,2023-12-23,77
1988,16790,2023-01-29,Wallbox,E-Mobility,Ladekarte Probleme,Neutral,Telefon,Mittel,2023-01-30,17
1989,8874,2025-03-30,Rechnung,Abrechnung,Zahlungsplan angefragt,Neutral,Email,Hoch,2025-04-05,132
1990,2926,2023-09-16,Allgemein,Service,Informationsanfrage,Neutral,App,Niedrig,2023-09-27,19
1991,17762,2023-10-10,Allgemein,Service,Informationsanfrage,Negativ,Telefon,Niedrig,2023-10-19,49
1992,2178,2024-08-07,Rechnung,Abrechnung,Rechnungsfrage,Negativ,Telefon,Niedrig,2024-08-17,126
1993,7250,2024-07-14,Speicher,Technisch,Speicher lädt nicht,Negativ,Email,Kritisch,2024-07-21,200
1994,16977,2023-06-06,Solar,Technisch,Monitoring nicht verfügbar,Negativ,App,Mittel,2023-06-12,125
1995,11088,2024-02-26,Allgemein,Service,Informationsanfrage,Neutral,Telefon,Hoch,2024-02-26,155
1996,12660,2024-04-06,Speicher,Technisch,Kapazität gesunken,Positiv,Email,Niedrig,2024-04-11,78
1997,7052,2025-04-23,Wallbox,E-Mobility,Ladekarte Probleme,Neutral,Email,Niedrig,2025-04-24,96
1998,12566,2024-11-02,Smart Meter,Installation,Smart Meter Installation angefragt,Neutral,Telefon,Mittel,2024-11-04,31
1999,13640,2024-11-05,Solar,Technisch,Solaranlage produziert nicht,Negativ,App,Mittel,2024-11-17,115
2000,3731,2024-09-14,Wallbox,E-Mobility,Ladekarte Probleme,Neutral,App,Hoch,2024-09-20,33
2001,7306,2024-05-16,Allgemein,Service,Informationsanfrage,Negativ,Email,Mittel,2024-05-22,44
2002,2381,2024-10-13,Solar,Technisch,Monitoring nicht verfügbar,Negativ,App,Hoch,2024-10-19,172
2003,5092,2024-11-26,Tarif,Vertrag,Kündigung,Positiv,Chat,Mittel,2024-11-27,45
2004,1082,2023-10-02,Solar,Technisch,Monitoring nicht verfügbar,Negativ,Chat,Mittel,2023-10-08,73
2005,2369,2024-08-13,Wärmepumpe,Technisch,Geräuschentwicklung zu hoch,Neutral,Email,Mittel,2024-08-22,126
2006,1745,2023-11-06,Allgemein,Service,Kontaktdaten ändern,Negativ,Telefon,Niedrig,2023-11-19,84
2007,12305,2023-10-06,Tarif,Vertrag,Umzug melden,Positiv,Chat,Hoch,2023-10-09,82
2008,8100,2025-02-21,Speicher,Technisch,Kapazität gesunken,Negativ,Chat,Niedrig,2025-02-26,55
2009,5791,2023-11-12,Allgemein,Service,Lob,Positiv,Telefon,Niedrig,2023-11-13,178
2010,11022,2025-04-03,Speicher,Technisch,Kapazität gesunken,Neutral,Email,Niedrig,2025-04-16,27
2011,543,2024-09-14,Solar,Technisch,Solaranlage produziert nicht,Negativ,Chat,Niedrig,2024-09-20,44
2012,3346,2023-05-15,Rechnung,Abrechnung,Zahlungsplan angefragt,Negativ,Chat,Niedrig,2023-05-17,55
2013,18766,2024-10-26,Smart Meter,Installation,Smart Meter Installation angefragt,Negativ,App,Niedrig,2024-10-28,130
2014,18537,2025-03-22,Allgemein,Service,Lob,Positiv,Chat,Niedrig,2025-03-25,14
2015,2945,2023-08-02,Solar,Technisch,Solaranlage Ertrag niedrig,Neutral,Email,Niedrig,2023-08-10,164
2016,7325,2024-04-29,Speicher,Technisch,Speicher lädt nicht,Negativ,App,Kritisch,2024-05-01,192
2017,13011,2025-05-04,Wallbox,E-Mobility,Wallbox defekt,Negativ,Chat,Mittel,2025-05-04,184
2018,2884,2024-01-12,Allgemein,Service,Informationsanfrage,Neutral,Telefon,Niedrig,2024-01-17,138
2019,7340,2024-12-22,Rechnung,Abrechnung,Rechnungsfrage,Neutral,Telefon,Mittel,2025-01-01,20
2020,2555,2023-03-17,Speicher,Technisch,Batteriespeicher Störung,Negativ,Chat,Hoch,2023-03-19,197
2021,3636,2024-06-26,Tarif,Vertrag,Tarifwechsel angefragt,Negativ,App,Hoch,2024-06-26,107
2022,4924,2024-01-29,Wallbox,E-Mobility,Ladekarte Probleme,Negativ,Email,Mittel,2024-02-11,64
2023,5395,2024-02-28,Rechnung,Abrechnung,Zahlungsplan angefragt,Neutral,App,Niedrig,2024-03-03,116
2024,10267,2023-10-13,Wallbox,E-Mobility,Wallbox lädt nicht,Negativ,Telefon,Hoch,2023-10-13,132
2025,5480,2024-10-14,Speicher,Technisch,Kapazität gesunken,Negativ,Telefon,Niedrig,2024-10-18,169
2026,17381,2024-05-22,Tarif,Vertrag,Vertragsverlängerung,Neutral,Chat,Mittel,2024-06-03,188
2027,19107,2024-03-15,Speicher,Technisch,Kapazität gesunken,Neutral,App,Niedrig,2024-03-25,34
2028,19236,2024-04-22,Solar,Technisch,Monitoring nicht verfügbar,Negativ,Email,Hoch,2024-04-25,159
2029,12673,2024-09-07,Allgemein,Service,Informationsanfrage,Neutral,Chat,Niedrig,2024-09-18,155
2030,12841,2023-02-28,Rechnung,Abrechnung,Unstimmigkeit in Rechnung,Positiv,App,Mittel,2023-02-28,182
2031,3162,2024-09-13,Rechnung,Abrechnung,Unstimmigkeit in Rechnung,Neutral,Telefon,Mittel,2024-09-27,98
2032,17630,2023-09-02,Rechnung,Abrechnung,Unstimmigkeit in Rechnung,Positiv,Email,Niedrig,2023-09-14,24
2033,6693,2023-07-28,Allgemein,Service,Lob,Positiv,Telefon,Niedrig,2023-08-04,150
2034,4584,2024-06-24,Speicher,Technisch,Batteriespeicher Störung,Negativ,Telefon,Niedrig,2024-06-24,74
2035,17290,2025-06-18,Solar,Technisch,Wechselrichter Fehler,Neutral,Telefon,Niedrig,2025-06-27,125
2036,11720,2024-12-07,Wärmepumpe,Technisch,Wärmepumpe Störung,Negativ,Chat,Hoch,2024-12-12,38
2037,4613,2023-02-13,Smart Meter,Installation,Smart Meter zeigt keine Daten,Neutral,Telefon,Mittel,2023-02-26,108
2038,3887,2024-07-07,Wärmepumpe,Technisch,Wartung angefragt,Neutral,Email,Mittel,2024-07-18,22
2039,1074,2023-03-10,Solar,Technisch,Solaranlage produziert nicht,Negativ,Email,Hoch,2023-03-10,123
2040,18100,2024-09-25,Allgemein,Service,Lob,Positiv,Telefon,Niedrig,2024-09-28,152
2041,10675,2023-04-28,Rechnung,Abrechnung,Unstimmigkeit in Rechnung,Neutral,App,Hoch,2023-04-28,17
2042,19152,2023-02-25,Wallbox,E-Mobility,Wallbox lädt nicht,Negativ,Chat,Kritisch,2023-02-27,138
2043,5648,2025-06-16,Wärmepumpe,Technisch,Wartung angefragt,Neutral,Telefon,Hoch,2025-06-20,63
2044,9664,2023-09-16,Allgemein,Service,Kontaktdaten ändern,Neutral,Telefon,Niedrig,2023-09-28,60
2045,11747,2024-08-29,Speicher,Technisch,Speicher lädt nicht,Negativ,Telefon,Hoch,2024-08-31,19
2046,6237,2024-09-14,Wärmepumpe,Technisch,Wartung angefragt,Neutral,App,Hoch,2024-09-21,37
2047,18499,2025-01-31,Tarif,Vertrag,Tarifwechsel angefragt,Neutral,Chat,Mittel,2025-01-31,11
2048,4307,2024-10-06,Tarif,Vertrag,Umzug melden,Neutral,Email,Mittel,2024-10-19,116
2049,2573,2025-06-10,Speicher,Technisch,Speicher lädt nicht,Negativ,App,Niedrig,2025-06-16,169
2050,4814,2023-03-13,Solar,Technisch,Einspeisevergütung Frage,Neutral,App,Hoch,2023-03-17,138
2051,19660,2023-10-16,Speicher,Technisch,Speicher lädt nicht,Negativ,Chat,Hoch,2023-10-20,35
2052,12065,2023-05-04,Smart Meter,Installation,Smart Meter Installation angefragt,Neutral,Telefon,Mittel,2023-05-18,18
2053,11096,2023-08-26,Tarif,Vertrag,Tarifwechsel angefragt,Neutral,Chat,Niedrig,2023-09-04,110
2054,11628,2024-08-17,Solar,Technisch,Einspeisevergütung Frage,Neutral,Email,Niedrig,2024-08-30,104
2055,8338,2024-10-30,Wallbox,E-Mobility,App-Verbindung unterbrochen,Neutral,Chat,Niedrig,2024-11-12,162
2056,14179,2023-01-02,Solar,Technisch,Einspeisevergütung Frage,Neutral,Chat,Niedrig,2023-01-08,80
2057,25,2023-03-13,Smart Meter,Installation,Smart Meter App funktioniert nicht,Negativ,Email,Niedrig,2023-03-19,194
2058,19230,2023-01-17,Wärmepumpe,Technisch,Effizienz zu niedrig,Neutral,Email,Mittel,2023-01-27,32
2059,8521,2023-11-10,Wallbox,E-Mobility,Wallbox lädt nicht,Negativ,Chat,Kritisch,2023-11-16,192
2060,16602,2024-07-24,Tarif,Vertrag,Umzug melden,Neutral,Telefon,Mittel,2024-07-25,104
2061,14030,2025-01-25,Allgemein,Service,Kontaktdaten ändern,Negativ,Telefon,Hoch,2025-01-30,127
2062,4557,2024-03-31,Allgemein,Service,Lob,Positiv,Telefon,Niedrig,2024-04-09,45
2063,9754,2025-03-13,Wallbox,E-Mobility,Wallbox lädt nicht,Negativ,Telefon,Kritisch,2025-03-20,102
2064,11594,2023-03-14,Rechnung,Abrechnung,Abschlag zu hoch,Negativ,Telefon,Mittel,2023-03-18,94
2065,14958,2023-04-19,Wärmepumpe,Technisch,Wärmepumpe Störung,Negativ,Chat,Hoch,2023-04-19,49
2066,360,2024-09-10,Speicher,Technisch,Speicher lädt nicht,Negativ,Chat,Hoch,2024-09-10,19
2067,8412,2023-12-22,Allgemein,Service,Allgemeine Anfrage,Neutral,Chat,Mittel,2024-01-03,13
2068,9027,2023-09-14,Wärmepumpe,Technisch,Geräuschentwicklung zu hoch,Neutral,Telefon,Mittel,2023-09-17,148
2069,16063,2025-06-15,Wallbox,E-Mobility,Ladekarte Probleme,Neutral,Telefon,Mittel,2025-06-15,16
2070,4228,2024-06-30,Tarif,Vertrag,Tarifwechsel angefragt,Negativ,Telefon,Niedrig,2024-07-04,21
2071,4226,2025-02-14,Speicher,Technisch,Speicher lädt nicht,Negativ,App,Kritisch,2025-02-21,5
2072,11463,2023-07-04,Speicher,Technisch,Batteriespeicher Störung,Negativ,Telefon,Kritisch,2023-07-10,15
2073,5751,2023-12-28,Smart Meter,Installation,Smart Meter Ablesung fehlerhaft,Positiv,App,Mittel,2024-01-11,22
2074,8261,2025-03-10,Tarif,Vertrag,Kündigung,Positiv,Telefon,Niedrig,2025-03-17,150
2075,7123,2025-04-21,Solar,Technisch,Einspeisevergütung Frage,Neutral,App,Niedrig,2025-04-28,87
2076,16852,2023-02-06,Solar,Technisch,Wechselrichter Fehler,Neutral,Telefon,Kritisch,2023-02-12,17
2077,2694,2024-10-19,Wärmepumpe,Technisch,Wartung angefragt,Neutral,Telefon,Mittel,2024-10-23,89
2078,13476,2023-08-30,Tarif,Vertrag,Umzug melden,Neutral,Chat,Mittel,2023-09-02,175
2079,9594,2024-04-14,Solar,Technisch,Einspeisevergütung Frage,Neutral,Telefon,Mittel,2024-04-16,42
2080,7001,2024-12-01,Solar,Technisch,Einspeisevergütung Frage,Positiv,Telefon,Niedrig,2024-12-13,53
2081,13880,2024-12-13,Wallbox,E-Mobility,Ladekarte Probleme,Negativ,Telefon,Mittel,2024-12-17,24
2082,19503,2024-08-27,Smart Meter,Installation,Smart Meter defekt,Negativ,Telefon,Hoch,2024-08-31,16
2083,17806,2024-05-21,Wallbox,E-Mobility,App-Verbindung unterbrochen,Neutral,Email,Mittel,2024-05-31,32
2084,17197,2025-01-25,Wärmepumpe,Technisch,Wärmepumpe läuft nicht,Negativ,App,Hoch,2025-01-26,44
2085,7217,2025-06-04,Smart Meter,Installation,Smart Meter Ablesung fehlerhaft,Neutral,App,Mittel,2025-06-04,103
2086,15434,2025-03-26,Solar,Technisch,Einspeisevergütung Frage,Negativ,Email,Mittel,2025-03-29,35
2087,19754,2023-10-03,Speicher,Technisch,Speicher lädt nicht,Negativ,Chat,Hoch,2023-10-06,95
2088,5712,2024-01-13,Speicher,Technisch,Batteriespeicher Störung,Negativ,Telefon,Niedrig,2024-01-18,130
2089,5295,2024-02-20,Allgemein,Service,Lob,Positiv,Email,Niedrig,2024-02-26,30
2090,19271,2025-05-19,Solar,Technisch,Wechselrichter Fehler,Neutral,Chat,Mittel,2025-05-21,189
2091,155,2023-06-27,Allgemein,Service,Kontaktdaten ändern,Positiv,Telefon,Mittel,2023-07-01,99
2092,9997,2023-01-11,Tarif,Vertrag,Umzug melden,Neutral,Chat,Niedrig,2023-01-20,12
2093,2948,2023-11-06,Tarif,Vertrag,Ökostrom Umstellung,Neutral,Chat,Niedrig,2023-11-18,10
2094,11297,2024-02-17,Allgemein,Service,Kontaktdaten ändern,Neutral,Email,Hoch,2024-02-24,168
2095,10538,2023-03-29,Smart Meter,Installation,Smart Meter Ablesung fehlerhaft,Neutral,Email,Niedrig,2023-04-03,125
2096,17162,2024-01-29,Smart Meter,Installation,Smart Meter defekt,Negativ,Telefon,Hoch,2024-02-03,127
2097,184,2023-07-01,Wärmepumpe,Technisch,Geräuschentwicklung zu hoch,Neutral,Chat,Mittel,2023-07-05,140
2098,4482,2024-06-18,Wallbox,E-Mobility,App-Verbindung unterbrochen,Neutral,App,Mittel,2024-06-22,97
2099,17915,2025-01-11,Tarif,Vertrag,Tarifwechsel angefragt,Neutral,Telefon,Mittel,2025-01-25,107
2100,15063,2024-03-12,Allgemein,Service,Beschwerde,Negativ,Email,Mittel,2024-03-19,193
2101,13740,2024-06-06,Rechnung,Abrechnung,Gutschrift angefragt,Neutral,Telefon,Niedrig,2024-06-07,32
2102,716,2023-08-01,Rechnung,Abrechnung,Unstimmigkeit in Rechnung,Neutral,Telefon,Mittel,2023-08-10,1
2103,1891,2024-04-03,Wallbox,E-Mobility,App-Verbindung unterbrochen,Positiv,Chat,Mittel,2024-04-11,168
2104,10703,2025-02-09,Tarif,Vertrag,Ökostrom Umstellung,Neutral,Chat,Niedrig,2025-02-11,80
2105,2345,2023-03-31,Tarif,Vertrag,Vertragsverlängerung,Neutral,App,Niedrig,2023-04-02,19
2106,10809,2023-10-13,Solar,Technisch,Einspeisevergütung Frage,Negativ,App,Hoch,2023-10-17,6
2107,17868,2024-12-08,Speicher,Technisch,Speicher lädt nicht,Negativ,Chat,Hoch,2024-12-11,76
2108,1026,2024-10-08,Wallbox,E-Mobility,Wallbox defekt,Negativ,Email,Niedrig,2024-10-20,93
2109,133,2023-08-18,Speicher,Technisch,Speicher lädt nicht,Negativ,Email,Hoch,2023-08-21,7
2110,3766,2025-03-30,Rechnung,Abrechnung,Abschlag zu hoch,Positiv,Email,Hoch,2025-03-30,27
2111,5220,2024-04-28,Wallbox,E-Mobility,Wallbox lädt nicht,Negativ,App,Hoch,2024-05-05,120
2112,9058,2025-06-15,Wallbox,E-Mobility,Wallbox defekt,Negativ,Telefon,Hoch,2025-06-18,179
2113,1901,2023-04-19,Smart Meter,Installation,Smart Meter App funktioniert nicht,Negativ,Telefon,Hoch,2023-04-24,199
2114,7511,2025-03-26,Wallbox,E-Mobility,Wallbox Installation angefragt,Neutral,Telefon,Niedrig,2025-03-26,10
2115,7292,2025-04-11,Solar,Technisch,Einspeisevergütung Frage,Positiv,App,Niedrig,2025-04-22,46
2116,3975,2024-04-30,Speicher,Technisch,Speicher lädt nicht,Negativ,Email,Mittel,2024-05-10,34
2117,4327,2024-06-20,Wallbox,E-Mobility,App-Verbindung unterbrochen,Neutral,Chat,Mittel,2024-07-02,147
2118,19772,2024-06-06,Smart Meter,Installation,Smart Meter defekt,Negativ,Email,Kritisch,2024-06-08,10
2119,15861,2024-10-18,Smart Meter,Installation,Smart Meter Ablesung fehlerhaft,Neutral,Telefon,Hoch,2024-10-22,181
2120,990,2023-07-16,Solar,Technisch,Solaranlage Ertrag niedrig,Negativ,Telefon,Mittel,2023-07-16,9
2121,9332,2024-05-04,Solar,Technisch,Monitoring nicht verfügbar,Negativ,Email,Niedrig,2024-05-04,133
2122,17276,2024-06-04,Solar,Technisch,Solaranlage produziert nicht,Negativ,Chat,Kritisch,2024-06-08,99
2123,5571,2023-04-10,Speicher,Technisch,Kapazität gesunken,Negativ,Chat,Niedrig,2023-04-21,2
2124,12737,2023-01-11,Wallbox,E-Mobility,Wallbox lädt nicht,Negativ,Email,Kritisch,2023-01-15,117
2125,8011,2025-02-09,Allgemein,Service,Allgemeine Anfrage,Positiv,App,Kritisch,2025-02-12,117
2126,7308,2024-08-03,Smart Meter,Installation,Smart Meter Installation angefragt,Neutral,Chat,Mittel,2024-08-10,29
2127,16168,2023-03-09,Smart Meter,Installation,Smart Meter defekt,Negativ,Email,Hoch,2023-03-11,75
2128,18027,2024-01-29,Rechnung,Abrechnung,Abschlag zu hoch,Positiv,App,Mittel,2024-01-30,92
2129,8785,2023-04-28,Smart Meter,Installation,Smart Meter defekt,Negativ,App,Hoch,2023-04-28,181
2130,11298,2024-07-14,Tarif,Vertrag,Vertragsverlängerung,Neutral,Telefon,Mittel,2024-07-16,153
2131,11231,2025-05-27,Wallbox,E-Mobility,App-Verbindung unterbrochen,Neutral,App,Kritisch,2025-05-30,132
2132,3834,2024-04-27,Wallbox,E-Mobility,Wallbox Installation angefragt,Neutral,Chat,Niedrig,2024-04-30,165
2133,8844,2023-08-01,Solar,Technisch,Monitoring nicht verfügbar,Negativ,Telefon,Kritisch,2023-08-03,129
2134,12754,2024-12-05,Wallbox,E-Mobility,Wallbox Installation angefragt,Negativ,Telefon,Mittel,2024-12-12,141
2135,4911,2023-04-01,Solar,Technisch,Solaranlage Ertrag niedrig,Positiv,Chat,Mittel,2023-04-02,38
2136,9530,2025-01-23,Smart Meter,Installation,Smart Meter zeigt keine Daten,Neutral,Email,Mittel,2025-01-26,79
2137,2041,2023-01-04,Rechnung,Abrechnung,Gutschrift angefragt,Positiv,Chat,Mittel,2023-01-06,34
2138,2581,2023-01-01,Allgemein,Service,Kontaktdaten ändern,Neutral,Email,Hoch,2023-01-08,7
2139,10306,2025-05-03,Speicher,Technisch,Kapazität gesunken,Neutral,App,Hoch,2025-05-08,107
2140,9212,2024-05-08,Smart Meter,Installation,Smart Meter Installation angefragt,Neutral,App,Niedrig,2024-05-18,13
2141,188,2024-01-23,Solar,Technisch,Solaranlage produziert nicht,Negativ,Email,Niedrig,2024-01-25,156
2142,6196,2023-06-24,Speicher,Technisch,Speicher lädt nicht,Negativ,Telefon,Mittel,2023-06-30,1
2143,2041,2025-01-30,Rechnung,Abrechnung,Abschlag anpassen,Negativ,Telefon,Kritisch,2025-01-30,66
2144,13157,2025-04-01,Tarif,Vertrag,Ökostrom Umstellung,Neutral,Telefon,Mittel,2025-04-02,97
2145,16494,2024-10-23,Tarif,Vertrag,Tarifwechsel angefragt,Neutral,Email,Niedrig,2024-10-24,84
2146,13426,2024-09-09,Speicher,Technisch,Batteriespeicher Störung,Negativ,Chat,Mittel,2024-09-23,85
2147,8805,2023-10-13,Wärmepumpe,Technisch,Geräuschentwicklung zu hoch,Neutral,Chat,Mittel,2023-10-16,56
2148,857,2023-07-26,Tarif,Vertrag,Kündigung,Neutral,Telefon,Mittel,2023-08-07,178
2149,9491,2025-01-18,Solar,Technisch,Solaranlage produziert nicht,Negativ,Telefon,Kritisch,2025-01-20,22
2150,13196,2024-11-27,Speicher,Technisch,Speicher lädt nicht,Negativ,Email,Mittel,2024-11-29,42
2151,11567,2024-11-29,Allgemein,Service,Beschwerde,Negativ,App,Hoch,2024-12-06,140
2152,19187,2023-05-22,Allgemein,Service,Beschwerde,Negativ,Telefon,Hoch,2023-05-22,143
2153,3242,2023-03-22,Wallbox,E-Mobility,Ladekarte Probleme,Neutral,Chat,Mittel,2023-04-01,19
2154,8646,2024-07-24,Smart Meter,Installation,Smart Meter App funktioniert nicht,Negativ,Email,Hoch,2024-07-31,58
2155,1501,2025-02-15,Wallbox,E-Mobility,App-Verbindung unterbrochen,Neutral,Telefon,Mittel,2025-02-22,101
2156,17475,2024-05-21,Rechnung,Abrechnung,Abschlag zu hoch,Negativ,Email,Mittel,2024-05-26,165
2157,18785,2025-02-09,Rechnung,Abrechnung,Unstimmigkeit in Rechnung,Neutral,Telefon,Hoch,2025-02-15,96
2158,3524,2024-11-14,Wallbox,E-Mobility,Wallbox defekt,Negativ,Email,Niedrig,2024-11-19,190
2159,9822,2024-05-29,Tarif,Vertrag,Vertragsverlängerung,Negativ,Email,Mittel,2024-06-11,60
2160,6301,2024-05-12,Tarif,Vertrag,Preisgarantie Frage,Negativ,App,Niedrig,2024-05-21,198
2161,4668,2024-06-15,Solar,Technisch,Monitoring nicht verfügbar,Negativ,Chat,Kritisch,2024-06-19,55
2162,8762,2024-06-22,Allgemein,Service,Beschwerde,Negativ,Chat,Kritisch,2024-06-22,113
2163,80,2025-04-06,Solar,Technisch,Wechselrichter Fehler,Neutral,Telefon,Niedrig,2025-04-06,140
2164,9827,2023-08-14,Speicher,Technisch,Speicher lädt nicht,Negativ,Email,Hoch,2023-08-20,169
2165,1288,2023-08-14,Tarif,Vertrag,Tarifwechsel angefragt,Negativ,Email,Hoch,2023-08-17,85
2166,15138,2024-05-20,Wallbox,E-Mobility,Ladekarte Probleme,Neutral,App,Niedrig,2024-05-27,55
2167,14805,2023-09-16,Wallbox,E-Mobility,Wallbox lädt nicht,Negativ,Telefon,Hoch,2023-09-22,14
2168,1428,2025-06-08,Smart Meter,Installation,Smart Meter Installation angefragt,Neutral,Telefon,Niedrig,2025-06-13,135
2169,15337,2024-07-18,Smart Meter,Installation,Smart Meter zeigt keine Daten,Negativ,App,Mittel,2024-07-26,91
2170,5836,2023-01-18,Wärmepumpe,Technisch,Effizienz zu niedrig,Neutral,Chat,Niedrig,2023-01-27,131
2171,6618,2023-07-30,Rechnung,Abrechnung,Abschlag anpassen,Neutral,Email,Mittel,2023-07-30,87
2172,1004,2023-07-13,Wärmepumpe,Technisch,Geräuschentwicklung zu hoch,Positiv,App,Niedrig,2023-07-23,55
2173,8174,2023-04-13,Wärmepumpe,Technisch,Fehlercode E01 angezeigt,Neutral,Email,Mittel,2023-04-18,144
2174,13428,2025-06-13,Solar,Technisch,Monitoring nicht verfügbar,Negativ,Telefon,Hoch,2025-06-15,54
2175,18213,2023-09-04,Allgemein,Service,Lob,Positiv,Email,Niedrig,2023-09-06,158
2176,14730,2024-11-09,Wallbox,E-Mobility,Wallbox lädt nicht,Negativ,App,Niedrig,2024-11-22,119
2177,5535,2024-12-27,Wärmepumpe,Technisch,Wärmepumpe Störung,Negativ,App,Niedrig,2025-01-07,177
2178,3211,2024-04-25,Rechnung,Abrechnung,Abschlag anpassen,Negativ,Email,Mittel,2024-05-03,136
2179,11732,2023-11-18,Solar,Technisch,Monitoring nicht verfügbar,Negativ,Telefon,Hoch,2023-11-25,200
2180,7374,2024-02-07,Allgemein,Service,Allgemeine Anfrage,Neutral,App,Mittel,2024-02-15,20
2181,1207,2023-04-01,Rechnung,Abrechnung,Zahlungsplan angefragt,Neutral,Email,Mittel,2023-04-08,85
2182,1780,2025-06-18,Rechnung,Abrechnung,Abschlag zu hoch,Neutral,Email,Hoch,2025-06-24,135
2183,17279,2024-05-19,Smart Meter,Installation,Smart Meter Installation angefragt,Neutral,App,Hoch,2024-05-26,86
2184,16152,2024-09-02,Wallbox,E-Mobility,Wallbox defekt,Negativ,Email,Kritisch,2024-09-03,195
2185,12942,2023-04-08,Allgemein,Service,Informationsanfrage,Neutral,Email,Hoch,2023-04-13,75
2186,16141,2024-03-09,Wärmepumpe,Technisch,Fehlercode E01 angezeigt,Neutral,Email,Mittel,2024-03-19,72
2187,1551,2025-01-08,Wärmepumpe,Technisch,Wärmepumpe Störung,Negativ,App,Mittel,2025-01-12,163
2188,10268,2025-04-08,Wärmepumpe,Technisch,Fehlercode E01 angezeigt,Negativ,Telefon,Mittel,2025-04-08,111
2189,1709,2025-01-04,Smart Meter,Installation,Smart Meter Installation angefragt,Neutral,Email,Mittel,2025-01-06,70
2190,15931,2024-05-14,Wallbox,E-Mobility,Wallbox defekt,Negativ,Telefon,Mittel,2024-05-26,142
2191,19425,2024-08-08,Wärmepumpe,Technisch,Fehlercode E01 angezeigt,Positiv,Chat,Hoch,2024-08-09,170
2192,11323,2025-03-18,Rechnung,Abrechnung,Unstimmigkeit in Rechnung,Neutral,Chat,Mittel,2025-03-20,141
2193,17394,2024-07-06,Wärmepumpe,Technisch,Fehlercode E01 angezeigt,Neutral,Chat,Mittel,2024-07-09,188
2194,10942,2023-02-03,Speicher,Technisch,Kapazität gesunken,Neutral,Email,Niedrig,2023-02-10,170
2195,14535,2024-09-28,Wärmepumpe,Technisch,Fehlercode E01 angezeigt,Neutral,Telefon,Mittel,2024-10-07,40
2196,17186,2023-11-10,Smart Meter,Installation,Smart Meter zeigt keine Daten,Positiv,Telefon,Niedrig,2023-11-12,68
2197,5346,2024-12-19,Rechnung,Abrechnung,Unstimmigkeit in Rechnung,Positiv,Telefon,Niedrig,2024-12-23,130
2198,14731,2023-10-22,Speicher,Technisch,Speicher lädt nicht,Negativ,App,Niedrig,2023-11-02,81
2199,7672,2023-07-10,Wärmepumpe,Technisch,Geräuschentwicklung zu hoch,Positiv,Chat,Mittel,2023-07-23,38
2200,8325,2024-01-08,Solar,Technisch,Einspeisevergütung Frage,Neutral,Email,Mittel,2024-01-11,6
2201,5558,2025-04-24,Wallbox,E-Mobility,Wallbox Installation angefragt,Neutral,Email,Mittel,2025-04-26,25
2202,6735,2023-07-12,Rechnung,Abrechnung,Gutschrift angefragt,Neutral,Chat,Mittel,2023-07-21,45
2203,18164,2024-09-27,Tarif,Vertrag,Umzug melden,Negativ,Chat,Mittel,2024-10-08,189
2204,13897,2024-01-11,Smart Meter,Installation,Smart Meter zeigt keine Daten,Neutral,Email,Hoch,2024-01-16,60
2205,1131,2023-05-07,Allgemein,Service,Lob,Positiv,App,Niedrig,2023-05-16,81
2206,9884,2024-05-12,Wallbox,E-Mobility,Wallbox lädt nicht,Negativ,Chat,Niedrig,2024-05-14,78
2207,17488,2025-01-16,Tarif,Vertrag,Vertragsverlängerung,Neutral,Email,Niedrig,2025-01-29,25
2208,12100,2024-01-09,Speicher,Technisch,Speicher lädt nicht,Negativ,Chat,Kritisch,2024-01-13,69
2209,19,2024-09-26,Tarif,Vertrag,Preisgarantie Frage,Neutral,Chat,Mittel,2024-10-01,8
2210,2982,2024-07-04,Tarif,Vertrag,Tarifwechsel angefragt,Negativ,App,Mittel,2024-07-08,120
2211,1807,2023-10-29,Tarif,Vertrag,Vertragsverlängerung,Positiv,Telefon,Hoch,2023-11-01,178
2212,14410,2024-07-02,Allgemein,Service,Kontaktdaten ändern,Neutral,App,Niedrig,2024-07-13,2
2213,4249,2024-05-08,Solar,Technisch,Monitoring nicht verfügbar,Negativ,Email,Kritisch,2024-05-10,100
2214,1942,2024-11-04,Tarif,Vertrag,Preisgarantie Frage,Negativ,App,Niedrig,2024-11-08,40
2215,15188,2023-01-28,Wallbox,E-Mobility,Wallbox defekt,Negativ,Telefon,Kritisch,2023-02-01,113
2216,4959,2024-05-08,Wallbox,E-Mobility,App-Verbindung unterbrochen,Neutral,Telefon,Mittel,2024-05-16,2
2217,6803,2023-08-19,Tarif,Vertrag,Preisgarantie Frage,Neutral,App,Hoch,2023-08-24,140
2218,18589,2024-03-02,Smart Meter,Installation,Smart Meter defekt,Negativ,Telefon,Niedrig,2024-03-07,151
2219,19051,2024-12-14,Wärmepumpe,Technisch,Fehlercode E01 angezeigt,Neutral,Email,Mittel,2024-12-21,166
2220,5526,2024-01-30,Solar,Technisch,Solaranlage produziert nicht,Negativ,Chat,Hoch,2024-01-31,159
2221,4301,2023-05-04,Speicher,Technisch,Speicher lädt nicht,Negativ,Telefon,Hoch,2023-05-11,19
2222,13568,2025-04-25,Allgemein,Service,Kontaktdaten ändern,Neutral,App,Niedrig,2025-05-07,108
2223,14011,2024-09-26,Rechnung,Abrechnung,Abschlag zu hoch,Negativ,Telefon,Niedrig,2024-10-03,96
2224,4807,2024-11-16,Allgemein,Service,Beschwerde,Negativ,Chat,Kritisch,2024-11-18,163
2225,18538,2024-12-29,Speicher,Technisch,Kapazität gesunken,Neutral,Email,Mittel,2025-01-01,169
2226,18560,2024-08-08,Wallbox,E-Mobility,Wallbox lädt nicht,Negativ,Telefon,Mittel,2024-08-22,68
2227,6226,2024-03-08,Rechnung,Abrechnung,Abschlag anpassen,Neutral,Chat,Hoch,2024-03-13,53
2228,18401,2024-04-05,Solar,Technisch,Solaranlage produziert nicht,Negativ,Telefon,Hoch,2024-04-06,85
2229,7356,2025-05-23,Smart Meter,Installation,Smart Meter App funktioniert nicht,Negativ,Email,Hoch,2025-05-25,16
2230,13129,2023-06-17,Speicher,Technisch,Speicher lädt nicht,Negativ,Email,Mittel,2023-06-23,134
2231,19458,2023-03-12,Wallbox,E-Mobility,Ladekarte Probleme,Neutral,Email,Mittel,2023-03-18,35
2232,5112,2023-12-25,Rechnung,Abrechnung,Unstimmigkeit in Rechnung,Neutral,Email,Hoch,2023-12-25,60
2233,6477,2024-07-22,Wärmepumpe,Technisch,Wärmepumpe läuft nicht,Negativ,Telefon,Mittel,2024-07-22,124
2234,12969,2025-06-21,Wärmepumpe,Technisch,Wartung angefragt,Positiv,App,Niedrig,2025-06-30,92
2235,19479,2023-04-16,Wärmepumpe,Technisch,Wartung angefragt,Neutral,Email,Mittel,2023-04-23,180
2236,6452,2024-01-09,Wallbox,E-Mobility,Ladekarte Probleme,Neutral,Email,Mittel,2024-01-17,122
2237,3422,2025-01-05,Smart Meter,Installation,Smart Meter Ablesung fehlerhaft,Negativ,Chat,Mittel,2025-01-18,146
2238,1640,2023-09-07,Solar,Technisch,Monitoring nicht verfügbar,Negativ,Telefon,Mittel,2023-09-12,148
2239,6104,2023-01-27,Solar,Technisch,Monitoring nicht verfügbar,Negativ,Email,Kritisch,2023-01-27,9
2240,17600,2024-09-06,Tarif,Vertrag,Umzug melden,Neutral,Chat,Kritisch,2024-09-08,42
2241,14265,2024-04-19,Wärmepumpe,Technisch,Wärmepumpe läuft nicht,Negativ,Chat,Niedrig,2024-04-25,115
2242,9880,2024-04-09,Wärmepumpe,Technisch,Fehlercode E01 angezeigt,Positiv,Telefon,Hoch,2024-04-13,44
2243,4624,2023-08-17,Smart Meter,Installation,Smart Meter Ablesung fehlerhaft,Neutral,App,Mittel,2023-08-22,63
2244,14754,2023-07-11,Wärmepumpe,Technisch,Wärmepumpe Störung,Negativ,Telefon,Hoch,2023-07-13,2
2245,5798,2025-05-04,Rechnung,Abrechnung,Abschlag anpassen,Positiv,Chat,Niedrig,2025-05-16,175
2246,5526,2024-08-20,Rechnung,Abrechnung,Unstimmigkeit in Rechnung,Neutral,App,Mittel,2024-08-21,26
2247,4973,2025-01-11,Rechnung,Abrechnung,Abschlag zu hoch,Neutral,Chat,Mittel,2025-01-15,176
2248,7073,2024-02-28,Allgemein,Service,Beschwerde,Negativ,App,Hoch,2024-02-28,51
2249,7437,2024-05-12,Wärmepumpe,Technisch,Fehlercode E01 angezeigt,Negativ,Chat,Mittel,2024-05-19,90
2250,19559,2023-08-05,Smart Meter,Installation,Smart Meter Ablesung fehlerhaft,Negativ,Email,Hoch,2023-08-10,140
2251,5065,2024-09-28,Smart Meter,Installation,Smart Meter defekt,Negativ,Chat,Hoch,2024-10-03,120
2252,14886,2023-05-19,Tarif,Vertrag,Kündigung,Negativ,Email,Niedrig,2023-05-19,63
2253,10076,2024-09-22,Rechnung,Abrechnung,Zahlungsplan angefragt,Negativ,App,Mittel,2024-09-27,16
2254,12282,2023-05-07,Smart Meter,Installation,Smart Meter defekt,Negativ,Chat,Niedrig,2023-05-08,150
2255,12216,2023-01-04,Rechnung,Abrechnung,Rechnungsfrage,Neutral,Chat,Niedrig,2023-01-18,200
2256,8196,2023-08-12,Tarif,Vertrag,Ökostrom Umstellung,Positiv,Telefon,Hoch,2023-08-17,73
2257,16939,2024-04-08,Tarif,Vertrag,Kündigung,Neutral,Email,Mittel,2024-04-10,75
2258,7985,2024-03-13,Speicher,Technisch,Speicher lädt nicht,Negativ,Chat,Mittel,2024-03-22,193
2259,4465,2024-08-19,Smart Meter,Installation,Smart Meter defekt,Negativ,Chat,Hoch,2024-08-26,45
2260,1245,2024-09-22,Wärmepumpe,Technisch,Wärmepumpe Störung,Negativ,Email,Hoch,2024-09-25,122
2261,19547,2023-04-22,Tarif,Vertrag,Preisgarantie Frage,Neutral,Telefon,Kritisch,2023-04-24,121
2262,4674,2023-06-27,Wallbox,E-Mobility,Wallbox Installation angefragt,Neutral,App,Mittel,2023-07-06,118
2263,1250,2025-01-06,Allgemein,Service,Informationsanfrage,Neutral,App,Mittel,2025-01-12,7
2264,9685,2023-10-12,Rechnung,Abrechnung,Gutschrift angefragt,Neutral,Telefon,Mittel,2023-10-22,53
2265,9364,2024-04-30,Rechnung,Abrechnung,Unstimmigkeit in Rechnung,Neutral,App,Mittel,2024-05-08,30
2266,14814,2025-03-01,Tarif,Vertrag,Preisgarantie Frage,Neutral,App,Niedrig,2025-03-06,40
2267,2231,2024-04-01,Solar,Technisch,Solaranlage produziert nicht,Negativ,Chat,Hoch,2024-04-01,173
2268,6421,2025-06-01,Solar,Technisch,Solaranlage Ertrag niedrig,Positiv,App,Hoch,2025-06-04,5
2269,7831,2024-03-17,Rechnung,Abrechnung,Abschlag zu hoch,Negativ,Telefon,Mittel,2024-03-26,130
2270,13578,2023-08-15,Solar,Technisch,Solaranlage Ertrag niedrig,Neutral,Chat,Mittel,2023-08-29,168
2271,5342,2025-03-04,Speicher,Technisch,Speicher lädt nicht,Negativ,Email,Hoch,2025-03-05,189
2272,19587,2024-08-17,Wallbox,E-Mobility,Wallbox Installation angefragt,Negativ,Chat,Niedrig,2024-08-31,28
2273,3569,2025-01-28,Smart Meter,Installation,Smart Meter Ablesung fehlerhaft,Negativ,Chat,Mittel,2025-01-29,11
2274,6803,2023-08-26,Tarif,Vertrag,Vertragsverlängerung,Positiv,Chat,Niedrig,2023-08-27,52
2275,15504,2023-11-13,Speicher,Technisch,Kapazität gesunken,Neutral,Chat,Mittel,2023-11-15,115
2276,3042,2023-03-26,Wallbox,E-Mobility,App-Verbindung unterbrochen,Neutral,Email,Mittel,2023-04-06,57
2277,8568,2023-09-22,Wärmepumpe,Technisch,Wartung angefragt,Neutral,App,Mittel,2023-09-25,46
2278,12989,2025-04-09,Tarif,Vertrag,Vertragsverlängerung,Positiv,Chat,Niedrig,2025-04-11,144
2279,18840,2024-06-16,Smart Meter,Installation,Smart Meter Ablesung fehlerhaft,Neutral,Email,Mittel,2024-06-20,149
2280,18970,2024-01-15,Solar,Technisch,Monitoring nicht verfügbar,Negativ,Email,Hoch,2024-01-20,186
2281,8998,2024-01-27,Allgemein,Service,Kontaktdaten ändern,Neutral,Chat,Mittel,2024-02-10,91
2282,3670,2025-04-24,Tarif,Vertrag,Kündigung,Positiv,Email,Hoch,2025-04-25,124
2283,588,2023-11-14,Wallbox,E-Mobility,Ladekarte Probleme,Neutral,Email,Mittel,2023-11-15,172
2284,2059,2024-05-17,Tarif,Vertrag,Vertragsverlängerung,Negativ,Email,Kritisch,2024-05-23,87
2285,2173,2023-08-17,Speicher,Technisch,Kapazität gesunken,Neutral,App,Hoch,2023-08-22,170
2286,17215,2023-10-20,Wallbox,E-Mobility,Wallbox lädt nicht,Negativ,Chat,Hoch,2023-10-21,2
2287,10984,2024-09-08,Allgemein,Service,Beschwerde,Negativ,App,Kritisch,2024-09-13,14
2288,6705,2025-01-29,Allgemein,Service,Allgemeine Anfrage,Positiv,App,Mittel,2025-01-30,110
2289,11198,2023-05-03,Wärmepumpe,Technisch,Wärmepumpe Störung,Negativ,App,Kritisch,2023-05-03,27
2290,10218,2023-02-23,Solar,Technisch,Monitoring nicht verfügbar,Negativ,Chat,Mittel,2023-03-06,83
2291,1260,2024-01-24,Wärmepumpe,Technisch,Effizienz zu niedrig,Negativ,App,Mittel,2024-01-30,168
2292,17996,2023-05-09,Rechnung,Abrechnung,Zahlungsplan angefragt,Neutral,App,Niedrig,2023-05-22,89
2293,1258,2023-01-24,Wärmepumpe,Technisch,Geräuschentwicklung zu hoch,Neutral,Chat,Mittel,2023-01-25,117
2294,3713,2024-10-27,Wärmepumpe,Technisch,Fehlercode E01 angezeigt,Positiv,Telefon,Niedrig,2024-10-30,115
2295,12684,2024-02-13,Allgemein,Service,Lob,Positiv,Chat,Niedrig,2024-02-18,75
2296,19007,2023-05-07,Smart Meter,Installation,Smart Meter zeigt keine Daten,Neutral,App,Mittel,2023-05-08,161
2297,31,2024-02-01,Wallbox,E-Mobility,Wallbox lädt nicht,Negativ,Email,Kritisch,2024-02-03,83
2298,17368,2024-03-21,Wallbox,E-Mobility,Wallbox Installation angefragt,Negativ,App,Mittel,2024-04-01,159
2299,10244,2024-01-14,Wärmepumpe,Technisch,Geräuschentwicklung zu hoch,Neutral,App,Niedrig,2024-01-20,34
2300,19788,2023-01-13,Solar,Technisch,Einspeisevergütung Frage,Negativ,Email,Niedrig,2023-01-14,167
2301,11424,2024-04-06,Speicher,Technisch,Batteriespeicher Störung,Negativ,Chat,Hoch,2024-04-09,136
2302,4897,2023-10-13,Wallbox,E-Mobility,Ladekarte Probleme,Neutral,Telefon,Hoch,2023-10-14,179
2303,5091,2023-01-06,Rechnung,Abrechnung,Abschlag zu hoch,Neutral,App,Mittel,2023-01-10,160
2304,19907,2024-02-12,Wärmepumpe,Technisch,Wärmepumpe läuft nicht,Negativ,Telefon,Mittel,2024-02-20,145
2305,19042,2024-12-27,Rechnung,Abrechnung,Abschlag zu hoch,Negativ,Telefon,Niedrig,2024-12-29,16
2306,7551,2023-11-17,Allgemein,Service,Lob,Positiv,App,Niedrig,2023-11-20,116
2307,10550,2023-10-17,Tarif,Vertrag,Vertragsverlängerung,Negativ,Email,Hoch,2023-10-19,168
2308,19781,2024-07-28,Smart Meter,Installation,Smart Meter zeigt keine Daten,Positiv,Chat,Hoch,2024-07-29,187
2309,2165,2024-05-26,Wallbox,E-Mobility,Wallbox defekt,Negativ,Email,Hoch,2024-05-26,124
2310,3965,2024-07-26,Wärmepumpe,Technisch,Fehlercode E01 angezeigt,Negativ,App,Mittel,2024-07-31,96
2311,13695,2023-12-01,Wallbox,E-Mobility,Wallbox lädt nicht,Negativ,Email,Kritisch,2023-12-08,49
2312,17700,2023-04-18,Allgemein,Service,Informationsanfrage,Positiv,Chat,Niedrig,2023-04-26,183
2313,2430,2024-07-27,Allgemein,Service,Informationsanfrage,Neutral,Telefon,Niedrig,2024-07-29,60
2314,10122,2024-02-24,Wallbox,E-Mobility,App-Verbindung unterbrochen,Neutral,Telefon,Niedrig,2024-03-08,167
2315,17932,2025-02-16,Wärmepumpe,Technisch,Wärmepumpe Störung,Negativ,Chat,Hoch,2025-02-22,88
2316,9251,2025-01-10,Allgemein,Service,Informationsanfrage,Positiv,App,Mittel,2025-01-20,166
2317,15048,2024-10-04,Rechnung,Abrechnung,Gutschrift angefragt,Neutral,Telefon,Kritisch,2024-10-07,92
2318,8414,2023-12-31,Smart Meter,Installation,Smart Meter Ablesung fehlerhaft,Neutral,Telefon,Mittel,2024-01-03,8
2319,6737,2023-04-14,Speicher,Technisch,Batteriespeicher Störung,Negativ,Telefon,Hoch,2023-04-15,15
2320,625,2024-07-29,Wärmepumpe,Technisch,Geräuschentwicklung zu hoch,Positiv,Telefon,Niedrig,2024-07-30,12
2321,3997,2024-08-12,Allgemein,Service,Kontaktdaten ändern,Neutral,Chat,Mittel,2024-08-23,20
2322,10721,2024-01-11,Speicher,Technisch,Batteriespeicher Störung,Negativ,App,Niedrig,2024-01-12,198
2323,15090,2023-07-28,Rechnung,Abrechnung,Rechnungsfrage,Negativ,Telefon,Niedrig,2023-07-31,152
2324,19230,2025-01-06,Wärmepumpe,Technisch,Wärmepumpe läuft nicht,Negativ,App,Hoch,2025-01-09,104
2325,7220,2024-08-06,Allgemein,Service,Kontaktdaten ändern,Neutral,Chat,Hoch,2024-08-11,199
2326,15949,2025-03-09,Solar,Technisch,Solaranlage Ertrag niedrig,Neutral,Telefon,Niedrig,2025-03-12,32
2327,6385,2023-12-08,Speicher,Technisch,Batteriespeicher Störung,Negativ,App,Niedrig,2023-12-11,175
2328,10953,2023-05-26,Wallbox,E-Mobility,Wallbox lädt nicht,Negativ,Email,Mittel,2023-06-07,122
2329,14838,2024-11-26,Allgemein,Service,Kontaktdaten ändern,Negativ,App,Niedrig,2024-11-27,43
2330,8705,2024-11-12,Wallbox,E-Mobility,App-Verbindung unterbrochen,Neutral,Telefon,Niedrig,2024-11-16,113
2331,5962,2025-04-02,Wallbox,E-Mobility,Wallbox lädt nicht,Negativ,Chat,Hoch,2025-04-04,53
2332,6621,2025-02-02,Solar,Technisch,Einspeisevergütung Frage,Positiv,Telefon,Niedrig,2025-02-10,77
2333,3664,2025-05-21,Tarif,Vertrag,Umzug melden,Negativ,App,Hoch,2025-05-23,22
2334,11829,2024-02-23,Speicher,Technisch,Speicher lädt nicht,Negativ,Email,Kritisch,2024-02-26,130
2335,9837,2025-04-20,Smart Meter,Installation,Smart Meter zeigt keine Daten,Positiv,Telefon,Mittel,2025-04-20,110
2336,4794,2023-12-30,Rechnung,Abrechnung,Zahlungsplan angefragt,Neutral,Telefon,Hoch,2024-01-01,2
2337,4163,2023-09-22,Solar,Technisch,Solaranlage Ertrag niedrig,Neutral,Chat,Hoch,2023-09-25,41
2338,19098,2023-12-06,Wärmepumpe,Technisch,Wärmepumpe läuft nicht,Negativ,App,Hoch,2023-12-07,185
2339,19679,2024-03-12,Wärmepumpe,Technisch,Wärmepumpe läuft nicht,Negativ,Chat,Kritisch,2024-03-14,48
2340,8000,2023-10-27,Tarif,Vertrag,Ökostrom Umstellung,Neutral,Email,Mittel,2023-10-29,145
2341,5071,2025-03-19,Wärmepumpe,Technisch,Wartung angefragt,Neutral,Chat,Hoch,2025-03-26,149
2342,3232,2024-11-16,Speicher,Technisch,Batteriespeicher Störung,Negativ,Telefon,Kritisch,2024-11-23,49
2343,11788,2024-11-24,Smart Meter,Installation,Smart Meter Ablesung fehlerhaft,Negativ,App,Kritisch,2024-11-29,60
2344,5249,2024-08-31,Wärmepumpe,Technisch,Wärmepumpe läuft nicht,Negativ,App,Mittel,2024-09-11,57
2345,545,2024-12-19,Tarif,Vertrag,Tarifwechsel angefragt,Neutral,Chat,Niedrig,2024-12-19,167
2346,17109,2023-01-04,Allgemein,Service,Allgemeine Anfrage,Neutral,Telefon,Mittel,2023-01-05,101
2347,523,2023-03-23,Smart Meter,Installation,Smart Meter Installation angefragt,Neutral,Chat,Mittel,2023-04-01,4
2348,10584,2023-03-07,Speicher,Technisch,Kapazität gesunken,Neutral,Chat,Kritisch,2023-03-14,137
2349,2784,2024-01-08,Speicher,Technisch,Speicher lädt nicht,Negativ,Telefon,Hoch,2024-01-13,164
2350,8631,2023-07-30,Wärmepumpe,Technisch,Effizienz zu niedrig,Neutral,Telefon,Hoch,2023-08-01,82
2351,5211,2023-03-30,Wallbox,E-Mobility,App-Verbindung unterbrochen,Negativ,App,Mittel,2023-04-08,90
2352,15066,2024-02-21,Allgemein,Service,Lob,Positiv,Telefon,Niedrig,2024-02-22,154
2353,8416,2023-08-24,Speicher,Technisch,Speicher lädt nicht,Negativ,App,Hoch,2023-08-27,53
2354,3982,2024-02-25,Solar,Technisch,Wechselrichter Fehler,Positiv,App,Niedrig,2024-03-02,127
2355,2478,2024-08-01,Smart Meter,Installation,Smart Meter Ablesung fehlerhaft,Positiv,Email,Niedrig,2024-08-06,134
2356,13864,2023-01-01,Allgemein,Service,Kontaktdaten ändern,Neutral,Telefon,Mittel,2023-01-01,115
2357,16091,2023-12-29,Wärmepumpe,Technisch,Wärmepumpe Störung,Negativ,App,Kritisch,2024-01-05,104
2358,19308,2023-06-29,Smart Meter,Installation,Smart Meter defekt,Negativ,Telefon,Hoch,2023-07-03,178
2359,9869,2024-10-27,Solar,Technisch,Solaranlage Ertrag niedrig,Negativ,Telefon,Mittel,2024-10-27,32
2360,6032,2023-12-15,Rechnung,Abrechnung,Abschlag anpassen,Negativ,Chat,Mittel,2023-12-21,61
2361,17727,2024-04-16,Rechnung,Abrechnung,Unstimmigkeit in Rechnung,Negativ,Email,Kritisch,2024-04-16,127
2362,18328,2024-01-04,Wallbox,E-Mobility,Wallbox lädt nicht,Negativ,App,Hoch,2024-01-09,55
2363,8787,2023-04-16,Tarif,Vertrag,Ökostrom Umstellung,Neutral,Email,Hoch,2023-04-19,48
2364,14899,2025-04-07,Solar,Technisch,Einspeisevergütung Frage,Positiv,Email,Hoch,2025-04-11,179
2365,15603,2023-05-30,Wärmepumpe,Technisch,Wärmepumpe Störung,Negativ,Email,Niedrig,2023-06-12,190
2366,4378,2023-05-29,Tarif,Vertrag,Ökostrom Umstellung,Neutral,App,Mittel,2023-05-29,37
2367,1819,2025-06-23,Solar,Technisch,Solaranlage produziert nicht,Negativ,Telefon,Kritisch,2025-06-30,86
2368,14302,2025-02-25,Wallbox,E-Mobility,App-Verbindung unterbrochen,Neutral,Chat,Niedrig,2025-02-28,28
2369,8449,2024-02-28,Rechnung,Abrechnung,Unstimmigkeit in Rechnung,Negativ,Chat,Niedrig,2024-03-07,199
2370,756,2024-05-01,Wärmepumpe,Technisch,Wärmepumpe läuft nicht,Negativ,App,Mittel,2024-05-14,57
2371,8760,2024-05-22,Smart Meter,Installation,Smart Meter App funktioniert nicht,Negativ,App,Kritisch,2024-05-28,170
2372,5146,2023-05-11,Rechnung,Abrechnung,Unstimmigkeit in Rechnung,Neutral,App,Mittel,2023-05-19,61
2373,12482,2025-04-10,Solar,Technisch,Monitoring nicht verfügbar,Negativ,Telefon,Mittel,2025-04-15,166
2374,10789,2024-06-26,Tarif,Vertrag,Umzug melden,Negativ,App,Mittel,2024-06-30,9
2375,14506,2023-07-22,Allgemein,Service,Kontaktdaten ändern,Positiv,Chat,Niedrig,2023-07-25,141
2376,12418,2024-05-10,Wärmepumpe,Technisch,Geräuschentwicklung zu hoch,Neutral,Chat,Niedrig,2024-05-19,123
2377,2258,2024-05-26,Wärmepumpe,Technisch,Wartung angefragt,Neutral,App,Mittel,2024-06-09,92
2378,16700,2023-03-30,Solar,Technisch,Einspeisevergütung Frage,Neutral,Telefon,Niedrig,2023-04-01,174
2379,7339,2025-05-21,Speicher,Technisch,Batteriespeicher Störung,Negativ,App,Mittel,2025-05-29,162
2380,6892,2024-02-21,Smart Meter,Installation,Smart Meter Installation angefragt,Positiv,Telefon,Kritisch,2024-02-28,100
2381,1431,2024-05-27,Allgemein,Service,Kontaktdaten ändern,Neutral,Email,Kritisch,2024-05-27,106
2382,14586,2023-06-28,Solar,Technisch,Wechselrichter Fehler,Negativ,Email,Kritisch,2023-07-05,108
2383,19050,2024-05-22,Allgemein,Service,Lob,Positiv,App,Niedrig,2024-05-28,117
2384,11544,2025-02-20,Smart Meter,Installation,Smart Meter Ablesung fehlerhaft,Negativ,Email,Niedrig,2025-03-02,105
2385,19200,2023-03-15,Speicher,Technisch,Speicher lädt nicht,Negativ,Telefon,Mittel,2023-03-25,134
2386,2117,2025-02-03,Tarif,Vertrag,Umzug melden,Neutral,Chat,Niedrig,2025-02-14,132
2387,1518,2024-09-18,Solar,Technisch,Wechselrichter Fehler,Neutral,App,Hoch,2024-09-25,145
2388,208,2023-03-07,Speicher,Technisch,Batteriespeicher Störung,Negativ,App,Mittel,2023-03-09,133
2389,10314,2024-04-06,Wärmepumpe,Technisch,Fehlercode E01 angezeigt,Negativ,Chat,Niedrig,2024-04-19,162
2390,13609,2024-09-18,Allgemein,Service,Kontaktdaten ändern,Neutral,App,Mittel,2024-10-02,10
2391,7402,2023-08-23,Allgemein,Service,Informationsanfrage,Positiv,Email,Mittel,2023-09-01,109
2392,10686,2024-01-06,Allgemein,Service,Beschwerde,Negativ,Email,Hoch,2024-01-13,44
2393,15082,2024-09-28,Tarif,Vertrag,Preisgarantie Frage,Negativ,Email,Kritisch,2024-09-30,135
2394,523,2023-08-16,Solar,Technisch,Monitoring nicht verfügbar,Negativ,Email,Hoch,2023-08-20,77
2395,7509,2023-09-05,Tarif,Vertrag,Ökostrom Umstellung,Neutral,Email,Niedrig,2023-09-16,58
2396,13939,2023-02-20,Allgemein,Service,Informationsanfrage,Neutral,Email,Niedrig,2023-02-23,59
2397,5551,2024-01-05,Solar,Technisch,Solaranlage produziert nicht,Negativ,Email,Mittel,2024-01-09,14
2398,6206,2025-01-16,Tarif,Vertrag,Ökostrom Umstellung,Neutral,Chat,Mittel,2025-01-21,26
2399,5699,2023-12-06,Solar,Technisch,Einspeisevergütung Frage,Positiv,Email,Niedrig,2023-12-07,59
2400,4098,2023-03-23,Smart Meter,Installation,Smart Meter App funktioniert nicht,Negativ,Chat,Niedrig,2023-03-26,59
2401,2917,2025-01-03,Speicher,Technisch,Batteriespeicher Störung,Negativ,App,Kritisch,2025-01-03,123
2402,14321,2024-11-22,Wallbox,E-Mobility,App-Verbindung unterbrochen,Neutral,Telefon,Hoch,2024-11-22,69
2403,15139,2024-01-04,Allgemein,Service,Lob,Positiv,Email,Niedrig,2024-01-09,139
2404,3064,2024-05-31,Wärmepumpe,Technisch,Wärmepumpe Störung,Negativ,Telefon,Niedrig,2024-06-08,69
2405,3466,2023-11-05,Rechnung,Abrechnung,Abschlag zu hoch,Neutral,Chat,Mittel,2023-11-07,67
2406,4443,2024-02-14,Wallbox,E-Mobility,Wallbox defekt,Negativ,App,Kritisch,2024-02-21,187
2407,11947,2024-08-17,Wallbox,E-Mobility,Wallbox defekt,Negativ,Chat,Kritisch,2024-08-19,53
2408,19238,2024-09-22,Speicher,Technisch,Kapazität gesunken,Neutral,App,Mittel,2024-09-26,132
2409,14267,2023-02-17,Solar,Technisch,Solaranlage produziert nicht,Negativ,Chat,Kritisch,2023-02-23,89
2410,1866,2025-04-16,Solar,Technisch,Einspeisevergütung Frage,Negativ,Chat,Hoch,2025-04-17,155
2411,7543,2023-02-02,Wallbox,E-Mobility,Wallbox defekt,Negativ,Telefon,Mittel,2023-02-16,47
2412,15353,2025-02-18,Wärmepumpe,Technisch,Fehlercode E01 angezeigt,Positiv,Telefon,Mittel,2025-02-19,184
2413,6710,2024-10-28,Smart Meter,Installation,Smart Meter Ablesung fehlerhaft,Positiv,Chat,Mittel,2024-11-05,162
2414,14655,2023-12-31,Tarif,Vertrag,Vertragsverlängerung,Neutral,Email,Mittel,2024-01-03,76
2415,917,2023-12-04,Wallbox,E-Mobility,Wallbox defekt,Negativ,Telefon,Kritisch,2023-12-05,179
2416,2571,2024-07-02,Allgemein,Service,Allgemeine Anfrage,Neutral,Email,Niedrig,2024-07-12,107
2417,8395,2023-02-06,Solar,Technisch,Einspeisevergütung Frage,Neutral,Email,Niedrig,2023-02-17,153
2418,181,2024-09-13,Solar,Technisch,Wechselrichter Fehler,Positiv,App,Mittel,2024-09-25,54
2419,3776,2024-01-25,Speicher,Technisch,Speicher lädt nicht,Negativ,Chat,Hoch,2024-01-26,164
2420,14138,2024-08-04,Speicher,Technisch,Speicher lädt nicht,Negativ,App,Hoch,2024-08-09,44
2421,15341,2024-02-05,Rechnung,Abrechnung,Abschlag zu hoch,Negativ,Email,Niedrig,2024-02-06,94
2422,2941,2024-10-03,Tarif,Vertrag,Ökostrom Umstellung,Positiv,Telefon,Niedrig,2024-10-09,53
2423,15438,2023-11-09,Speicher,Technisch,Speicher lädt nicht,Negativ,App,Kritisch,2023-11-10,1
2424,8408,2023-11-15,Rechnung,Abrechnung,Rechnungsfrage,Neutral,Email,Mittel,2023-11-22,180
2425,11992,2024-12-21,Speicher,Technisch,Kapazität gesunken,Neutral,Telefon,Mittel,2024-12-27,85
2426,9612,2023-09-02,Speicher,Technisch,Kapazität gesunken,Neutral,Telefon,Mittel,2023-09-12,134
2427,7248,2023-02-26,Tarif,Vertrag,Umzug melden,Negativ,App,Mittel,2023-03-11,22
2428,1876,2024-09-11,Allgemein,Service,Allgemeine Anfrage,Neutral,Telefon,Hoch,2024-09-11,25
2429,10784,2024-06-09,Speicher,Technisch,Speicher lädt nicht,Negativ,Email,Hoch,2024-06-11,43
2430,16435,2023-06-22,Allgemein,Service,Beschwerde,Negativ,Chat,Mittel,2023-07-01,173
2431,13401,2024-07-24,Tarif,Vertrag,Ökostrom Umstellung,Neutral,Chat,Niedrig,2024-08-04,69
2432,844,2024-08-23,Speicher,Technisch,Batteriespeicher Störung,Negativ,Chat,Kritisch,2024-08-30,116
2433,3164,2023-03-12,Rechnung,Abrechnung,Rechnungsfrage,Positiv,App,Mittel,2023-03-12,126
2434,12619,2024-03-24,Wallbox,E-Mobility,Ladekarte Probleme,Neutral,Email,Niedrig,2024-03-30,189
2435,17574,2024-11-29,Rechnung,Abrechnung,Zahlungsplan angefragt,Neutral,Chat,Niedrig,2024-12-11,144
2436,8314,2023-11-13,Smart Meter,Installation,Smart Meter zeigt keine Daten,Positiv,App,Mittel,2023-11-25,42
2437,14864,2025-02-12,Wallbox,E-Mobility,Wallbox Installation angefragt,Neutral,App,Niedrig,2025-02-22,182
2438,7464,2024-05-21,Allgemein,Service,Allgemeine Anfrage,Negativ,Email,Niedrig,2024-05-27,148
2439,13730,2025-03-03,Wärmepumpe,Technisch,Wärmepumpe Störung,Negativ,App,Hoch,2025-03-08,58
2440,5705,2025-03-03,Speicher,Technisch,Kapazität gesunken,Neutral,Email,Niedrig,2025-03-16,30
2441,19348,2023-12-21,Speicher,Technisch,Speicher lädt nicht,Negativ,Telefon,Kritisch,2023-12-22,94
2442,4501,2023-09-01,Rechnung,Abrechnung,Unstimmigkeit in Rechnung,Neutral,Telefon,Hoch,2023-09-07,110
2443,3398,2024-10-13,Allgemein,Service,Beschwerde,Negativ,Telefon,Hoch,2024-10-16,29
2444,19502,2024-01-10,Tarif,Vertrag,Ökostrom Umstellung,Negativ,App,Mittel,2024-01-11,95
2445,2993,2023-12-20,Rechnung,Abrechnung,Abschlag anpassen,Neutral,App,Niedrig,2024-01-01,26
2446,2498,2023-06-20,Wallbox,E-Mobility,Wallbox defekt,Negativ,Telefon,Hoch,2023-06-21,67
2447,742,2023-02-28,Solar,Technisch,Einspeisevergütung Frage,Neutral,Telefon,Mittel,2023-03-08,112
2448,4363,2023-09-28,Smart Meter,Installation,Smart Meter zeigt keine Daten,Positiv,App,Niedrig,2023-10-08,124
2449,1202,2023-05-29,Tarif,Vertrag,Ökostrom Umstellung,Neutral,Email,Niedrig,2023-06-12,110
2450,5466,2024-10-13,Smart Meter,Installation,Smart Meter zeigt keine Daten,Neutral,App,Mittel,2024-10-15,102
2451,4313,2024-09-23,Allgemein,Service,Allgemeine Anfrage,Negativ,Email,Mittel,2024-10-01,144
2452,143,2023-10-06,Smart Meter,Installation,Smart Meter defekt,Negativ,App,Kritisch,2023-10-07,43
2453,11656,2024-08-15,Speicher,Technisch,Batteriespeicher Störung,Negativ,App,Niedrig,2024-08-25,95
2454,5321,2024-07-25,Speicher,Technisch,Kapazität gesunken,Neutral,App,Niedrig,2024-08-01,183
2455,14601,2023-07-09,Smart Meter,Installation,Smart Meter Ablesung fehlerhaft,Negativ,Telefon,Kritisch,2023-07-12,35
2456,4743,2023-08-31,Allgemein,Service,Kontaktdaten ändern,Neutral,App,Niedrig,2023-08-31,71
2457,7292,2025-02-01,Speicher,Technisch,Speicher lädt nicht,Negativ,Chat,Hoch,2025-02-03,110
2458,5350,2023-08-09,Smart Meter,Installation,Smart Meter defekt,Negativ,Telefon,Hoch,2023-08-11,105
2459,7834,2023-12-21,Tarif,Vertrag,Kündigung,Neutral,Telefon,Hoch,2023-12-27,32
2460,11389,2023-07-02,Wallbox,E-Mobility,Ladekarte Probleme,Neutral,Chat,Niedrig,2023-07-10,189
2461,17321,2024-02-05,Rechnung,Abrechnung,Gutschrift angefragt,Neutral,App,Mittel,2024-02-09,57
2462,16090,2023-10-22,Wärmepumpe,Technisch,Fehlercode E01 angezeigt,Neutral,Chat,Niedrig,2023-10-27,116
2463,7786,2024-11-17,Rechnung,Abrechnung,Rechnungsfrage,Neutral,Telefon,Mittel,2024-11-27,72
2464,4362,2024-08-16,Wallbox,E-Mobility,Wallbox Installation angefragt,Positiv,Chat,Niedrig,2024-08-28,116
2465,15505,2023-11-17,Allgemein,Service,Lob,Positiv,Email,Niedrig,2023-11-26,157
2466,19812,2025-02-24,Wallbox,E-Mobility,Wallbox lädt nicht,Negativ,Chat,Kritisch,2025-02-26,18
2467,8489,2024-11-06,Smart Meter,Installation,Smart Meter zeigt keine Daten,Positiv,Chat,Mittel,2024-11-06,176
2468,9989,2024-12-26,Solar,Technisch,Monitoring nicht verfügbar,Negativ,App,Hoch,2024-12-28,189
2469,5541,2023-10-08,Tarif,Vertrag,Preisgarantie Frage,Neutral,App,Niedrig,2023-10-10,1
2470,13100,2023-05-18,Solar,Technisch,Monitoring nicht verfügbar,Negativ,Chat,Hoch,2023-05-18,141
2471,2079,2024-04-04,Solar,Technisch,Solaranlage Ertrag niedrig,Positiv,Telefon,Mittel,2024-04-15,135
2472,13774,2025-06-17,Allgemein,Service,Lob,Positiv,Chat,Niedrig,2025-06-27,162
2473,17140,2025-01-22,Wärmepumpe,Technisch,Effizienz zu niedrig,Neutral,Email,Niedrig,2025-02-02,198
2474,6077,2025-04-11,Tarif,Vertrag,Umzug melden,Neutral,Email,Niedrig,2025-04-15,174
2475,12554,2023-01-21,Wallbox,E-Mobility,Wallbox lädt nicht,Negativ,App,Hoch,2023-01-28,114
2476,6242,2025-02-17,Wärmepumpe,Technisch,Fehlercode E01 angezeigt,Neutral,Chat,Niedrig,2025-02-26,56
2477,9804,2024-02-24,Solar,Technisch,Einspeisevergütung Frage,Neutral,Chat,Mittel,2024-03-04,105
2478,451,2023-10-03,Allgemein,Service,Lob,Positiv,Telefon,Niedrig,2023-10-14,6
2479,4265,2024-01-25,Allgemein,Service,Lob,Positiv,Telefon,Niedrig,2024-02-02,143
2480,5597,2024-08-21,Speicher,Technisch,Speicher lädt nicht,Negativ,Telefon,Hoch,2024-08-22,23
2481,10241,2025-06-03,Solar,Technisch,Einspeisevergütung Frage,Negativ,Telefon,Niedrig,2025-06-14,62
2482,822,2025-06-07,Speicher,Technisch,Speicher lädt nicht,Negativ,Email,Hoch,2025-06-07,145
2483,18594,2024-04-30,Rechnung,Abrechnung,Gutschrift angefragt,Neutral,Telefon,Kritisch,2024-05-04,95
2484,14016,2024-12-13,Speicher,Technisch,Kapazität gesunken,Negativ,Telefon,Mittel,2024-12-18,64
2485,705,2023-04-14,Rechnung,Abrechnung,Rechnungsfrage,Positiv,App,Niedrig,2023-04-27,14
2486,2220,2023-04-21,Rechnung,Abrechnung,Rechnungsfrage,Neutral,Email,Niedrig,2023-04-23,63
2487,17219,2025-03-01,Wallbox,E-Mobility,Ladekarte Probleme,Neutral,App,Niedrig,2025-03-03,108
2488,16947,2024-03-22,Allgemein,Service,Beschwerde,Negativ,Telefon,Hoch,2024-03-24,25
2489,11639,2024-10-16,Smart Meter,Installation,Smart Meter Installation angefragt,Neutral,App,Hoch,2024-10-17,68
2490,14854,2023-05-24,Smart Meter,Installation,Smart Meter Ablesung fehlerhaft,Neutral,Chat,Mittel,2023-05-28,118
2491,10645,2025-04-07,Rechnung,Abrechnung,Unstimmigkeit in Rechnung,Neutral,Telefon,Mittel,2025-04-10,114
2492,16446,2023-08-31,Solar,Technisch,Solaranlage produziert nicht,Negativ,App,Hoch,2023-09-07,118
2493,8239,2023-06-11,Allgemein,Service,Beschwerde,Negativ,Telefon,Mittel,2023-06-17,140
2494,3009,2024-01-05,Wallbox,E-Mobility,Wallbox defekt,Negativ,App,Hoch,2024-01-08,35
2495,8374,2023-08-10,Rechnung,Abrechnung,Unstimmigkeit in Rechnung,Neutral,Email,Niedrig,2023-08-12,150
2496,2544,2025-06-02,Tarif,Vertrag,Kündigung,Positiv,App,Mittel,2025-06-10,166
2497,1134,2023-01-01,Solar,Technisch,Solaranlage Ertrag niedrig,Neutral,Telefon,Mittel,2023-01-06,90
2498,5925,2024-02-19,Allgemein,Service,Kontaktdaten ändern,Negativ,Telefon,Mittel,2024-03-03,186
2499,19051,2024-01-04,Smart Meter,Installation,Smart Meter defekt,Negativ,Email,Hoch,2024-01-05,122
2500,7488,2024-08-23,Solar,Technisch,Solaranlage produziert nicht,Negativ,Email,Mittel,2024-09-03,199
2501,17715,2023-10-24,Wallbox,E-Mobility,Wallbox Installation angefragt,Positiv,App,Hoch,2023-10-30,197
2502,4361,2024-01-28,Wallbox,E-Mobility,Wallbox Installation angefragt,Negativ,Chat,Kritisch,2024-01-28,186
2503,17820,2023-03-28,Tarif,Vertrag,Vertragsverlängerung,Neutral,Chat,Mittel,2023-03-31,97
2504,11871,2023-03-14,Wallbox,E-Mobility,Wallbox defekt,Negativ,Email,Hoch,2023-03-19,149
2505,15386,2024-12-28,Wärmepumpe,Technisch,Wärmepumpe läuft nicht,Negativ,Email,Hoch,2024-12-29,200
2506,6572,2024-03-07,Rechnung,Abrechnung,Abschlag anpassen,Positiv,App,Hoch,2024-03-08,146
2507,10539,2023-02-03,Wallbox,E-Mobility,App-Verbindung unterbrochen,Neutral,App,Niedrig,2023-02-14,89
2508,14690,2024-12-16,Tarif,Vertrag,Preisgarantie Frage,Neutral,App,Niedrig,2024-12-20,158
2509,13943,2023-07-29,Solar,Technisch,Solaranlage Ertrag niedrig,Neutral,App,Mittel,2023-08-06,44
2510,16881,2024-11-20,Rechnung,Abrechnung,Abschlag anpassen,Neutral,App,Mittel,2024-11-24,96
2511,10488,2025-06-03,Wallbox,E-Mobility,App-Verbindung unterbrochen,Neutral,Email,Niedrig,2025-06-14,109
2512,17041,2023-01-02,Speicher,Technisch,Kapazität gesunken,Negativ,Telefon,Niedrig,2023-01-10,112
2513,9166,2023-05-03,Allgemein,Service,Kontaktdaten ändern,Neutral,App,Niedrig,2023-05-10,143
2514,19845,2023-04-12,Smart Meter,Installation,Smart Meter Ablesung fehlerhaft,Neutral,Chat,Mittel,2023-04-14,40
2515,1745,2023-03-28,Tarif,Vertrag,Umzug melden,Neutral,Telefon,Hoch,2023-04-01,141
2516,4913,2023-12-22,Rechnung,Abrechnung,Rechnungsfrage,Negativ,Email,Kritisch,2023-12-26,26
2517,2163,2025-01-29,Allgemein,Service,Lob,Positiv,Telefon,Niedrig,2025-02-10,156
2518,17323,2024-04-01,Allgemein,Service,Beschwerde,Negativ,App,Kritisch,2024-04-04,170
2519,16785,2024-09-12,Speicher,Technisch,Kapazität gesunken,Neutral,App,Mittel,2024-09-17,130
2520,3456,2023-02-14,Wärmepumpe,Technisch,Wärmepumpe Störung,Negativ,Email,Hoch,2023-02-16,10
2521,17774,2023-10-31,Tarif,Vertrag,Vertragsverlängerung,Neutral,Telefon,Mittel,2023-11-11,131
2522,6154,2025-05-22,Wallbox,E-Mobility,Wallbox Installation angefragt,Neutral,Chat,Niedrig,2025-05-29,107
2523,9603,2025-06-04,Solar,Technisch,Wechselrichter Fehler,Neutral,App,Mittel,2025-06-17,4
2524,14053,2023-04-24,Wallbox,E-Mobility,Ladekarte Probleme,Positiv,Email,Mittel,2023-04-27,28
2525,11282,2025-04-03,Wallbox,E-Mobility,Wallbox defekt,Negativ,Email,Hoch,2025-04-03,94
2526,12213,2023-06-22,Tarif,Vertrag,Umzug melden,Neutral,Email,Mittel,2023-06-28,155
2527,6610,2023-10-11,Tarif,Vertrag,Vertragsverlängerung,Positiv,Chat,Niedrig,2023-10-11,176
2528,2867,2023-09-27,Tarif,Vertrag,Umzug melden,Positiv,Chat,Mittel,2023-09-27,129
2529,8223,2023-09-07,Solar,Technisch,Solaranlage Ertrag niedrig,Negativ,Telefon,Hoch,2023-09-10,196
2530,15440,2024-11-22,Speicher,Technisch,Batteriespeicher Störung,Negativ,Chat,Mittel,2024-11-22,40
2531,1225,2024-09-25,Tarif,Vertrag,Ökostrom Umstellung,Neutral,Chat,Hoch,2024-09-25,74
2532,6353,2023-06-06,Speicher,Technisch,Speicher lädt nicht,Negativ,Email,Niedrig,2023-06-11,97
2533,2008,2024-05-24,Smart Meter,Installation,Smart Meter App funktioniert nicht,Negativ,Chat,Kritisch,2024-05-29,9
2534,5269,2024-05-06,Smart Meter,Installation,Smart Meter Ablesung fehlerhaft,Neutral,App,Kritisch,2024-05-07,7
2535,15171,2023-03-25,Smart Meter,Installation,Smart Meter zeigt keine Daten,Neutral,Chat,Mittel,2023-04-07,9
2536,7287,2023-12-01,Tarif,Vertrag,Umzug melden,Neutral,Email,Mittel,2023-12-04,72
2537,9966,2024-01-28,Solar,Technisch,Wechselrichter Fehler,Negativ,Telefon,Niedrig,2024-01-28,17
2538,16043,2025-03-06,Solar,Technisch,Solaranlage produziert nicht,Negativ,Chat,Kritisch,2025-03-10,7
2539,9476,2023-09-28,Wallbox,E-Mobility,App-Verbindung unterbrochen,Negativ,Telefon,Niedrig,2023-10-09,16
2540,8720,2024-10-07,Wärmepumpe,Technisch,Geräuschentwicklung zu hoch,Neutral,Email,Mittel,2024-10-13,124
2541,10657,2024-10-02,Smart Meter,Installation,Smart Meter defekt,Negativ,Email,Kritisch,2024-10-05,59
2542,7794,2024-03-14,Smart Meter,Installation,Smart Meter App funktioniert nicht,Negativ,Email,Hoch,2024-03-15,24
2543,14958,2023-02-24,Smart Meter,Installation,Smart Meter defekt,Negativ,App,Mittel,2023-02-24,87
2544,2743,2023-10-08,Allgemein,Service,Informationsanfrage,Positiv,Chat,Mittel,2023-10-18,197
2545,6599,2023-11-19,Wallbox,E-Mobility,Wallbox Installation angefragt,Positiv,Chat,Niedrig,2023-11-24,189
2546,4413,2024-06-29,Wärmepumpe,Technisch,Effizienz zu niedrig,Neutral,Telefon,Niedrig,2024-07-11,115
2547,6052,2025-02-06,Speicher,Technisch,Kapazität gesunken,Neutral,Email,Mittel,2025-02-14,100
2548,16243,2025-04-06,Allgemein,Service,Beschwerde,Negativ,Email,Hoch,2025-04-11,57
2549,19161,2024-10-07,Wärmepumpe,Technisch,Geräuschentwicklung zu hoch,Negativ,Email,Niedrig,2024-10-14,22
2550,5148,2025-06-07,Speicher,Technisch,Batteriespeicher Störung,Negativ,Email,Hoch,2025-06-12,121
2551,9170,2023-07-02,Allgemein,Service,Lob,Positiv,Chat,Niedrig,2023-07-11,81
2552,4671,2023-05-17,Wallbox,E-Mobility,Wallbox defekt,Negativ,Chat,Mittel,2023-05-22,182
2553,7295,2024-05-18,Smart Meter,Installation,Smart Meter Installation angefragt,Negativ,Chat,Mittel,2024-05-19,89
2554,18589,2023-10-21,Speicher,Technisch,Batteriespeicher Störung,Negativ,Telefon,Mittel,2023-11-03,99
2555,10462,2023-10-01,Allgemein,Service,Lob,Positiv,Chat,Niedrig,2023-10-15,1
2556,16842,2025-05-12,Tarif,Vertrag,Ökostrom Umstellung,Negativ,Email,Mittel,2025-05-15,146
2557,2977,2024-04-17,Wärmepumpe,Technisch,Wartung angefragt,Positiv,Chat,Mittel,2024-04-26,84
2558,8878,2025-03-12,Speicher,Technisch,Batteriespeicher Störung,Negativ,Chat,Kritisch,2025-03-19,146
2559,13301,2024-04-22,Tarif,Vertrag,Ökostrom Umstellung,Positiv,Chat,Hoch,2024-04-26,139
2560,200,2024-09-27,Tarif,Vertrag,Preisgarantie Frage,Neutral,Email,Mittel,2024-09-27,24
2561,9611,2023-08-28,Smart Meter,Installation,Smart Meter zeigt keine Daten,Neutral,Chat,Niedrig,2023-09-07,1
2562,15234,2023-12-04,Tarif,Vertrag,Ökostrom Umstellung,Positiv,App,Kritisch,2023-12-04,29
2563,15041,2023-10-01,Speicher,Technisch,Batteriespeicher Störung,Negativ,Email,Kritisch,2023-10-07,62
2564,10180,2024-05-19,Allgemein,Service,Informationsanfrage,Neutral,App,Mittel,2024-06-02,1
2565,16540,2024-01-21,Wärmepumpe,Technisch,Wärmepumpe Störung,Negativ,App,Hoch,2024-01-24,136
2566,1073,2025-02-14,Smart Meter,Installation,Smart Meter Installation angefragt,Positiv,App,Mittel,2025-02-16,127
2567,8134,2023-09-29,Smart Meter,Installation,Smart Meter defekt,Negativ,Telefon,Kritisch,2023-10-04,121
2568,10089,2024-04-04,Solar,Technisch,Einspeisevergütung Frage,Negativ,Telefon,Niedrig,2024-04-16,71
2569,1099,2023-09-01,Smart Meter,Installation,Smart Meter zeigt keine Daten,Neutral,Chat,Mittel,2023-09-12,137
2570,16722,2023-08-06,Solar,Technisch,Wechselrichter Fehler,Neutral,App,Niedrig,2023-08-19,174
2571,14156,2025-01-14,Smart Meter,Installation,Smart Meter Ablesung fehlerhaft,Neutral,Telefon,Mittel,2025-01-18,114
2572,2660,2023-01-26,Wärmepumpe,Technisch,Geräuschentwicklung zu hoch,Neutral,App,Mittel,2023-01-30,172
2573,17729,2024-01-03,Tarif,Vertrag,Preisgarantie Frage,Negativ,Telefon,Mittel,2024-01-11,166
2574,7762,2024-02-11,Rechnung,Abrechnung,Abschlag anpassen,Neutral,Email,Niedrig,2024-02-12,105
2575,6046,2024-01-11,Tarif,Vertrag,Ökostrom Umstellung,Negativ,Telefon,Mittel,2024-01-16,107
2576,8908,2025-01-14,Wallbox,E-Mobility,Wallbox defekt,Negativ,App,Mittel,2025-01-19,171
2577,2968,2025-05-04,Allgemein,Service,Allgemeine Anfrage,Negativ,Chat,Kritisch,2025-05-04,3
2578,6827,2024-12-28,Rechnung,Abrechnung,Rechnungsfrage,Negativ,Email,Niedrig,2024-12-29,5
2579,8658,2025-01-19,Tarif,Vertrag,Tarifwechsel angefragt,Positiv,Email,Mittel,2025-01-31,139
2580,17555,2023-06-25,Wallbox,E-Mobility,Wallbox lädt nicht,Negativ,Telefon,Mittel,2023-07-07,150
2581,7834,2023-01-08,Smart Meter,Installation,Smart Meter Ablesung fehlerhaft,Neutral,Telefon,Niedrig,2023-01-15,103
2582,15327,2024-08-15,Wallbox,E-Mobility,Wallbox lädt nicht,Negativ,App,Kritisch,2024-08-16,97
2583,17758,2023-05-31,Allgemein,Service,Informationsanfrage,Neutral,Telefon,Mittel,2023-06-06,64
2584,15231,2024-10-06,Wallbox,E-Mobility,Wallbox Installation angefragt,Neutral,Chat,Mittel,2024-10-13,132
2585,7787,2025-02-21,Rechnung,Abrechnung,Abschlag anpassen,Positiv,Email,Niedrig,2025-03-06,170
2586,15800,2023-05-06,Smart Meter,Installation,Smart Meter Ablesung fehlerhaft,Neutral,Telefon,Hoch,2023-05-11,175
2587,19694,2023-12-07,Wärmepumpe,Technisch,Wärmepumpe Störung,Negativ,Telefon,Kritisch,2023-12-07,53
2588,3882,2024-09-22,Solar,Technisch,Wechselrichter Fehler,Neutral,Email,Niedrig,2024-09-28,64
2589,14673,2025-06-26,Speicher,Technisch,Speicher lädt nicht,Negativ,App,Hoch,2025-06-30,192
2590,8789,2023-12-28,Wärmepumpe,Technisch,Geräuschentwicklung zu hoch,Negativ,Telefon,Kritisch,2024-01-03,43
2591,19539,2023-09-02,Rechnung,Abrechnung,Abschlag zu hoch,Neutral,Email,Mittel,2023-09-16,186
2592,8121,2025-01-12,Tarif,Vertrag,Kündigung,Neutral,App,Mittel,2025-01-22,16
2593,3382,2024-12-27,Solar,Technisch,Solaranlage Ertrag niedrig,Neutral,Email,Mittel,2024-12-27,74
2594,19068,2023-01-15,Speicher,Technisch,Kapazität gesunken,Negativ,App,Mittel,2023-01-23,200
2595,16028,2025-01-24,Rechnung,Abrechnung,Zahlungsplan angefragt,Positiv,Telefon,Mittel,2025-02-04,174
2596,3332,2024-01-02,Allgemein,Service,Lob,Positiv,Chat,Niedrig,2024-01-05,105
2597,19805,2025-06-09,Rechnung,Abrechnung,Rechnungsfrage,Neutral,Telefon,Mittel,2025-06-23,186
2598,17380,2025-05-23,Speicher,Technisch,Speicher lädt nicht,Negativ,Chat,Kritisch,2025-05-29,40
2599,17722,2024-01-13,Wallbox,E-Mobility,App-Verbindung unterbrochen,Neutral,Email,Mittel,2024-01-18,122
2600,12129,2023-05-20,Wärmepumpe,Technisch,Wartung angefragt,Negativ,Chat,Hoch,2023-05-23,122
2601,12848,2024-09-14,Solar,Technisch,Wechselrichter Fehler,Neutral,Chat,Niedrig,2024-09-17,13
2602,2882,2024-12-05,Tarif,Vertrag,Preisgarantie Frage,Negativ,Email,Hoch,2024-12-09,115
2603,18293,2023-04-02,Allgemein,Service,Lob,Positiv,Email,Niedrig,2023-04-11,22
2604,4348,2024-01-22,Speicher,Technisch,Speicher lädt nicht,Negativ,App,Mittel,2024-02-01,141
2605,14336,2024-11-11,Rechnung,Abrechnung,Abschlag anpassen,Neutral,Email,Mittel,2024-11-12,168
2606,15941,2025-03-12,Rechnung,Abrechnung,Gutschrift angefragt,Positiv,Telefon,Mittel,2025-03-14,34
2607,13289,2025-01-14,Solar,Technisch,Solaranlage Ertrag niedrig,Neutral,Telefon,Mittel,2025-01-27,75
2608,12653,2024-05-10,Wallbox,E-Mobility,Ladekarte Probleme,Neutral,Email,Hoch,2024-05-17,179
2609,499,2024-10-02,Allgemein,Service,Allgemeine Anfrage,Negativ,Telefon,Niedrig,2024-10-02,49
2610,15334,2024-01-14,Allgemein,Service,Beschwerde,Negativ,Telefon,Mittel,2024-01-20,59
2611,8482,2025-02-27,Rechnung,Abrechnung,Zahlungsplan angefragt,Neutral,Chat,Mittel,2025-02-28,168
2612,3153,2024-02-04,Rechnung,Abrechnung,Zahlungsplan angefragt,Negativ,App,Mittel,2024-02-09,8
2613,9337,2024-06-30,Speicher,Technisch,Batteriespeicher Störung,Negativ,Telefon,Hoch,2024-07-04,175
2614,4315,2024-08-03,Wallbox,E-Mobility,Ladekarte Probleme,Neutral,Email,Niedrig,2024-08-16,175
2615,6150,2023-03-04,Rechnung,Abrechnung,Abschlag anpassen,Neutral,App,Niedrig,2023-03-14,8
2616,7991,2024-05-20,Solar,Technisch,Solaranlage produziert nicht,Negativ,Chat,Kritisch,2024-05-24,181
2617,16030,2023-07-26,Allgemein,Service,Lob,Positiv,Telefon,Niedrig,2023-07-26,147
2618,14519,2023-11-28,Allgemein,Service,Beschwerde,Negativ,App,Kritisch,2023-12-01,145
2619,6112,2024-10-07,Solar,Technisch,Wechselrichter Fehler,Neutral,Telefon,Niedrig,2024-10-15,95
2620,12439,2025-03-08,Wärmepumpe,Technisch,Wärmepumpe Störung,Negativ,Chat,Hoch,2025-03-13,124
2621,17506,2025-04-02,Rechnung,Abrechnung,Zahlungsplan angefragt,Neutral,App,Niedrig,2025-04-16,140
2622,18834,2023-02-05,Smart Meter,Installation,Smart Meter Installation angefragt,Neutral,Chat,Niedrig,2023-02-16,2
2623,13513,2023-01-07,Speicher,Technisch,Kapazität gesunken,Neutral,Telefon,Niedrig,2023-01-16,15
2624,1467,2025-02-18,Allgemein,Service,Allgemeine Anfrage,Negativ,Telefon,Mittel,2025-02-28,91
2625,3311,2025-03-26,Tarif,Vertrag,Vertragsverlängerung,Neutral,Telefon,Hoch,2025-04-01,87
2626,5082,2023-10-28,Solar,Technisch,Solaranlage Ertrag niedrig,Neutral,Telefon,Hoch,2023-10-29,156
2627,19872,2024-08-31,Wallbox,E-Mobility,Ladekarte Probleme,Negativ,App,Niedrig,2024-09-09,44
2628,17381,2024-12-04,Smart Meter,Installation,Smart Meter App funktioniert nicht,Negativ,Telefon,Mittel,2024-12-07,39
2629,18344,2024-01-05,Solar,Technisch,Einspeisevergütung Frage,Neutral,Telefon,Niedrig,2024-01-14,22
2630,16451,2023-06-09,Tarif,Vertrag,Preisgarantie Frage,Neutral,Chat,Mittel,2023-06-16,139
2631,11042,2023-10-08,Allgemein,Service,Kontaktdaten ändern,Negativ,Email,Mittel,2023-10-12,47
2632,16147,2023-12-06,Wärmepumpe,Technisch,Geräuschentwicklung zu hoch,Neutral,Chat,Niedrig,2023-12-17,120
2633,6750,2024-04-25,Speicher,Technisch,Kapazität gesunken,Negativ,Chat,Niedrig,2024-04-28,124
2634,13519,2023-01-08,Rechnung,Abrechnung,Rechnungsfrage,Neutral,Telefon,Mittel,2023-01-08,79
2635,17866,2024-02-19,Solar,Technisch,Wechselrichter Fehler,Neutral,Chat,Niedrig,2024-02-27,156
2636,5787,2024-07-19,Wärmepumpe,Technisch,Geräuschentwicklung zu hoch,Neutral,Chat,Mittel,2024-08-02,164
2637,13519,2025-01-04,Tarif,Vertrag,Ökostrom Umstellung,Neutral,App,Mittel,2025-01-07,176
2638,16609,2023-03-23,Rechnung,Abrechnung,Abschlag anpassen,Neutral,Email,Mittel,2023-03-25,21
2639,5334,2023-08-27,Solar,Technisch,Einspeisevergütung Frage,Neutral,Telefon,Niedrig,2023-09-08,100
2640,6379,2024-01-22,Smart Meter,Installation,Smart Meter Installation angefragt,Neutral,Email,Mittel,2024-02-03,40
2641,1628,2023-07-27,Smart Meter,Installation,Smart Meter Installation angefragt,Neutral,Email,Niedrig,2023-08-01,65
2642,261,2025-03-30,Speicher,Technisch,Speicher lädt nicht,Negativ,Chat,Mittel,2025-03-30,85
2643,3392,2025-05-08,Smart Meter,Installation,Smart Meter zeigt keine Daten,Neutral,Email,Mittel,2025-05-15,97
2644,15957,2024-01-14,Rechnung,Abrechnung,Zahlungsplan angefragt,Neutral,Email,Niedrig,2024-01-22,101
2645,13773,2023-02-24,Solar,Technisch,Wechselrichter Fehler,Negativ,Email,Mittel,2023-03-10,45
2646,11789,2023-06-02,Smart Meter,Installation,Smart Meter Installation angefragt,Negativ,App,Hoch,2023-06-07,158
2647,16049,2024-11-03,Rechnung,Abrechnung,Abschlag zu hoch,Neutral,Chat,Mittel,2024-11-07,75
2648,10728,2025-06-25,Solar,Technisch,Wechselrichter Fehler,Neutral,Email,Mittel,2025-06-30,90
2649,13086,2023-11-05,Wärmepumpe,Technisch,Geräuschentwicklung zu hoch,Neutral,Chat,Hoch,2023-11-10,188
2650,12828,2024-07-23,Wallbox,E-Mobility,Wallbox lädt nicht,Negativ,Chat,Mittel,2024-07-29,161
2651,1072,2024-06-11,Rechnung,Abrechnung,Abschlag anpassen,Negativ,Chat,Mittel,2024-06-14,8
2652,17274,2024-10-31,Solar,Technisch,Solaranlage Ertrag niedrig,Negativ,App,Niedrig,2024-11-11,155
2653,10310,2023-05-25,Smart Meter,Installation,Smart Meter Installation angefragt,Neutral,Email,Mittel,2023-05-30,14
2654,15799,2025-01-04,Speicher,Technisch,Kapazität gesunken,Neutral,Chat,Hoch,2025-01-08,120
2655,11053,2025-02-27,Solar,Technisch,Monitoring nicht verfügbar,Negativ,App,Hoch,2025-03-01,33
2656,9483,2024-03-31,Smart Meter,Installation,Smart Meter Ablesung fehlerhaft,Neutral,App,Kritisch,2024-04-04,93
2657,14790,2024-11-08,Solar,Technisch,Monitoring nicht verfügbar,Negativ,Telefon,Mittel,2024-11-08,118
2658,13553,2023-07-18,Allgemein,Service,Kontaktdaten ändern,Positiv,App,Niedrig,2023-07-19,14
2659,1839,2024-05-09,Smart Meter,Installation,Smart Meter App funktioniert nicht,Negativ,App,Mittel,2024-05-14,1
2660,10483,2024-12-23,Solar,Technisch,Solaranlage Ertrag niedrig,Neutral,Chat,Niedrig,2024-12-26,166
2661,4628,2024-03-15,Speicher,Technisch,Batteriespeicher Störung,Negativ,App,Hoch,2024-03-18,166
2662,789,2025-01-06,Wallbox,E-Mobility,App-Verbindung unterbrochen,Neutral,Telefon,Niedrig,2025-01-20,25
2663,4892,2024-12-18,Wärmepumpe,Technisch,Wärmepumpe läuft nicht,Negativ,App,Hoch,2024-12-24,184
2664,4879,2023-12-10,Smart Meter,Installation,Smart Meter defekt,Negativ,Telefon,Hoch,2023-12-11,146
2665,6462,2023-10-07,Wallbox,E-Mobility,Wallbox defekt,Negativ,App,Niedrig,2023-10-09,49
2666,13351,2024-12-29,Smart Meter,Installation,Smart Meter defekt,Negativ,Chat,Kritisch,2025-01-02,21
2667,13828,2023-01-20,Wärmepumpe,Technisch,Effizienz zu niedrig,Neutral,Telefon,Hoch,2023-01-24,1
2668,15552,2024-07-30,Smart Meter,Installation,Smart Meter Installation angefragt,Neutral,Email,Kritisch,2024-08-05,13
2669,2259,2024-01-27,Wallbox,E-Mobility,Wallbox Installation angefragt,Neutral,App,Mittel,2024-01-28,136
2670,15567,2024-06-02,Allgemein,Service,Beschwerde,Negativ,Email,Mittel,2024-06-04,29
2671,9349,2024-11-02,Smart Meter,Installation,Smart Meter defekt,Negativ,Email,Niedrig,2024-11-14,69
2672,11128,2023-12-02,Solar,Technisch,Solaranlage produziert nicht,Negativ,App,Kritisch,2023-12-07,162
2673,11130,2024-07-14,Wallbox,E-Mobility,Ladekarte Probleme,Positiv,Email,Niedrig,2024-07-18,52
2674,4254,2024-02-22,Solar,Technisch,Wechselrichter Fehler,Negativ,App,Mittel,2024-03-03,106
2675,19177,2023-09-23,Wärmepumpe,Technisch,Wärmepumpe Störung,Negativ,Telefon,Kritisch,2023-09-28,172
2676,19422,2025-01-22,Speicher,Technisch,Speicher lädt nicht,Negativ,Telefon,Kritisch,2025-01-27,90
2677,7346,2024-04-14,Solar,Technisch,Wechselrichter Fehler,Neutral,Telefon,Kritisch,2024-04-18,194
2678,11480,2024-09-06,Rechnung,Abrechnung,Zahlungsplan angefragt,Neutral,Email,Niedrig,2024-09-16,29
2679,19964,2024-09-04,Solar,Technisch,Solaranlage Ertrag niedrig,Neutral,Telefon,Niedrig,2024-09-15,115
2680,18815,2023-07-19,Wärmepumpe,Technisch,Geräuschentwicklung zu hoch,Neutral,App,Niedrig,2023-07-24,18
2681,8038,2025-03-11,Smart Meter,Installation,Smart Meter Installation angefragt,Neutral,App,Mittel,2025-03-15,149
2682,19865,2023-01-10,Wärmepumpe,Technisch,Wartung angefragt,Positiv,App,Kritisch,2023-01-13,2
2683,716,2024-02-14,Tarif,Vertrag,Umzug melden,Neutral,Chat,Mittel,2024-02-18,44
2684,1002,2025-05-02,Rechnung,Abrechnung,Zahlungsplan angefragt,Neutral,App,Mittel,2025-05-09,193
2685,11022,2025-05-20,Smart Meter,Installation,Smart Meter App funktioniert nicht,Negativ,Telefon,Mittel,2025-05-21,105
2686,10411,2024-04-19,Allgemein,Service,Allgemeine Anfrage,Neutral,Telefon,Mittel,2024-04-21,74
2687,2913,2024-01-13,Smart Meter,Installation,Smart Meter Installation angefragt,Neutral,App,Niedrig,2024-01-15,77
2688,10359,2025-04-15,Allgemein,Service,Lob,Positiv,Chat,Niedrig,2025-04-18,5
2689,435,2024-03-11,Smart Meter,Installation,Smart Meter App funktioniert nicht,Negativ,Telefon,Mittel,2024-03-11,148
2690,16987,2024-07-06,Wallbox,E-Mobility,Wallbox defekt,Negativ,Telefon,Hoch,2024-07-07,117
2691,12739,2024-04-25,Wallbox,E-Mobility,App-Verbindung unterbrochen,Neutral,App,Mittel,2024-05-01,31
2692,10511,2024-09-21,Allgemein,Service,Beschwerde,Negativ,Chat,Kritisch,2024-09-28,167
2693,6628,2023-10-30,Smart Meter,Installation,Smart Meter defekt,Negativ,Chat,Hoch,2023-11-01,183
2694,17649,2023-07-01,Smart Meter,Installation,Smart Meter zeigt keine Daten,Neutral,Chat,Niedrig,2023-07-11,42
2695,11312,2023-05-30,Tarif,Vertrag,Preisgarantie Frage,Positiv,Email,Mittel,2023-06-02,83
2696,18103,2023-05-08,Tarif,Vertrag,Ökostrom Umstellung,Neutral,Chat,Mittel,2023-05-10,9
2697,8861,2025-04-03,Tarif,Vertrag,Ökostrom Umstellung,Neutral,Chat,Niedrig,2025-04-07,65
2698,2385,2024-08-08,Wärmepumpe,Technisch,Wärmepumpe läuft nicht,Negativ,Chat,Niedrig,2024-08-22,56
2699,11700,2024-10-08,Smart Meter,Installation,Smart Meter defekt,Negativ,Telefon,Hoch,2024-10-14,127
2700,13904,2025-05-30,Wallbox,E-Mobility,Ladekarte Probleme,Negativ,Telefon,Mittel,2025-06-07,123
2701,1723,2024-03-29,Rechnung,Abrechnung,Zahlungsplan angefragt,Negativ,App,Mittel,2024-04-05,163
2702,10535,2025-06-07,Solar,Technisch,Solaranlage produziert nicht,Negativ,Chat,Mittel,2025-06-16,192
2703,6037,2023-03-28,Allgemein,Service,Beschwerde,Negativ,Telefon,Mittel,2023-04-07,172
2704,2593,2024-10-22,Allgemein,Service,Informationsanfrage,Neutral,Chat,Niedrig,2024-11-01,151
2705,3729,2023-11-24,Tarif,Vertrag,Tarifwechsel angefragt,Negativ,Telefon,Hoch,2023-11-29,138
2706,13007,2023-01-22,Rechnung,Abrechnung,Rechnungsfrage,Neutral,App,Mittel,2023-01-27,31
2707,14474,2024-07-13,Solar,Technisch,Solaranlage Ertrag niedrig,Neutral,Telefon,Mittel,2024-07-20,158
2708,15146,2024-12-17,Allgemein,Service,Allgemeine Anfrage,Negativ,Telefon,Mittel,2024-12-19,119
2709,17834,2023-11-08,Wallbox,E-Mobility,Wallbox lädt nicht,Negativ,Email,Hoch,2023-11-14,192
2710,14440,2024-11-05,Tarif,Vertrag,Kündigung,Neutral,Telefon,Mittel,2024-11-12,37
2711,9366,2023-01-11,Rechnung,Abrechnung,Zahlungsplan angefragt,Positiv,Chat,Mittel,2023-01-19,32
2712,1976,2024-06-15,Rechnung,Abrechnung,Zahlungsplan angefragt,Neutral,Chat,Mittel,2024-06-17,192
2713,3560,2023-03-10,Wärmepumpe,Technisch,Fehlercode E01 angezeigt,Positiv,Email,Mittel,2023-03-15,117
2714,19295,2023-07-20,Allgemein,Service,Lob,Positiv,Telefon,Niedrig,2023-08-01,163
2715,11667,2025-05-26,Tarif,Vertrag,Tarifwechsel angefragt,Neutral,Email,Niedrig,2025-05-31,12
2716,18508,2025-01-17,Tarif,Vertrag,Ökostrom Umstellung,Neutral,Email,Niedrig,2025-01-19,174
2717,6612,2024-02-27,Rechnung,Abrechnung,Unstimmigkeit in Rechnung,Neutral,Email,Hoch,2024-02-27,24
2718,9471,2024-12-07,Tarif,Vertrag,Vertragsverlängerung,Positiv,Chat,Mittel,2024-12-08,18
2719,11515,2024-11-15,Solar,Technisch,Solaranlage produziert nicht,Negativ,Chat,Mittel,2024-11-27,87
2720,8584,2023-05-30,Solar,Technisch,Solaranlage Ertrag niedrig,Neutral,Telefon,Mittel,2023-06-11,111
2721,9142,2024-03-30,Smart Meter,Installation,Smart Meter zeigt keine Daten,Positiv,Email,Mittel,2024-04-10,24
2722,13327,2024-10-05,Wärmepumpe,Technisch,Wärmepumpe läuft nicht,Negativ,Telefon,Kritisch,2024-10-11,82
2723,8022,2023-08-15,Speicher,Technisch,Batteriespeicher Störung,Negativ,App,Kritisch,2023-08-18,135
2724,2904,2023-05-01,Solar,Technisch,Wechselrichter Fehler,Neutral,Chat,Niedrig,2023-05-05,34
2725,802,2025-03-17,Wärmepumpe,Technisch,Wartung angefragt,Negativ,Chat,Hoch,2025-03-21,119
2726,16269,2023-07-24,Speicher,Technisch,Batteriespeicher Störung,Negativ,App,Hoch,2023-07-31,29
2727,2049,2023-12-31,Wärmepumpe,Technisch,Fehlercode E01 angezeigt,Positiv,Chat,Niedrig,2024-01-10,15
2728,18198,2025-01-06,Speicher,Technisch,Kapazität gesunken,Neutral,Email,Hoch,2025-01-06,154
2729,8744,2023-11-22,Tarif,Vertrag,Vertragsverlängerung,Negativ,Email,Niedrig,2023-11-22,14
2730,6175,2024-01-24,Speicher,Technisch,Speicher lädt nicht,Negativ,Telefon,Hoch,2024-01-24,184
2731,7099,2024-11-19,Rechnung,Abrechnung,Abschlag zu hoch,Neutral,App,Mittel,2024-11-19,48
2732,498,2024-10-09,Tarif,Vertrag,Kündigung,Neutral,Telefon,Niedrig,2024-10-22,25
2733,13822,2023-05-16,Allgemein,Service,Beschwerde,Negativ,App,Hoch,2023-05-18,13
2734,17659,2024-10-22,Allgemein,Service,Lob,Positiv,Telefon,Niedrig,2024-11-02,23
2735,1307,2025-05-25,Wärmepumpe,Technisch,Geräuschentwicklung zu hoch,Neutral,Telefon,Mittel,2025-06-01,143
2736,15055,2025-03-16,Tarif,Vertrag,Preisgarantie Frage,Neutral,App,Kritisch,2025-03-18,176
2737,4699,2023-10-19,Wallbox,E-Mobility,Wallbox lädt nicht,Negativ,Telefon,Mittel,2023-10-28,129
2738,9694,2025-05-22,Allgemein,Service,Kontaktdaten ändern,Neutral,Chat,Mittel,2025-05-22,189
2739,3341,2024-01-09,Speicher,Technisch,Kapazität gesunken,Neutral,Chat,Mittel,2024-01-14,193
2740,4367,2024-10-17,Smart Meter,Installation,Smart Meter Ablesung fehlerhaft,Neutral,Telefon,Kritisch,2024-10-23,30
2741,4758,2025-02-04,Allgemein,Service,Kontaktdaten ändern,Neutral,Email,Niedrig,2025-02-10,91
2742,4833,2025-01-25,Speicher,Technisch,Speicher lädt nicht,Negativ,Telefon,Kritisch,2025-01-31,198
2743,16942,2025-02-13,Solar,Technisch,Monitoring nicht verfügbar,Negativ,Telefon,Hoch,2025-02-18,145
2744,4722,2023-12-27,Wärmepumpe,Technisch,Wartung angefragt,Neutral,Email,Mittel,2024-01-04,111
2745,12366,2023-11-23,Rechnung,Abrechnung,Zahlungsplan angefragt,Negativ,Chat,Niedrig,2023-12-07,39
2746,13599,2023-05-12,Wallbox,E-Mobility,App-Verbindung unterbrochen,Neutral,Telefon,Mittel,2023-05-22,51
2747,14200,2023-05-31,Rechnung,Abrechnung,Abschlag anpassen,Neutral,Telefon,Mittel,2023-06-09,20
2748,13366,2024-12-23,Smart Meter,Installation,Smart Meter App funktioniert nicht,Negativ,Telefon,Kritisch,2024-12-30,193
2749,3266,2023-07-09,Tarif,Vertrag,Tarifwechsel angefragt,Neutral,Email,Hoch,2023-07-14,57
2750,15354,2024-05-12,Smart Meter,Installation,Smart Meter App funktioniert nicht,Negativ,Telefon,Niedrig,2024-05-20,59
2751,5702,2023-02-08,Allgemein,Service,Kontaktdaten ändern,Neutral,Email,Niedrig,2023-02-21,152
2752,15754,2024-12-10,Rechnung,Abrechnung,Gutschrift angefragt,Negativ,Email,Mittel,2024-12-18,100
2753,17388,2024-09-02,Allgemein,Service,Allgemeine Anfrage,Negativ,Chat,Mittel,2024-09-12,56
2754,18754,2024-07-07,Rechnung,Abrechnung,Zahlungsplan angefragt,Positiv,Chat,Niedrig,2024-07-19,90
2755,6792,2024-06-01,Tarif,Vertrag,Ökostrom Umstellung,Neutral,Telefon,Hoch,2024-06-07,92
2756,10892,2024-09-19,Allgemein,Service,Kontaktdaten ändern,Neutral,Email,Hoch,2024-09-24,91
2757,19309,2024-04-02,Tarif,Vertrag,Umzug melden,Neutral,Telefon,Hoch,2024-04-04,44
2758,2388,2024-05-09,Allgemein,Service,Lob,Positiv,Email,Niedrig,2024-05-21,179
2759,18031,2023-07-03,Tarif,Vertrag,Ökostrom Umstellung,Neutral,Telefon,Hoch,2023-07-05,129
2760,15406,2024-10-13,Wärmepumpe,Technisch,Effizienz zu niedrig,Neutral,Email,Niedrig,2024-10-18,20
2761,16760,2025-05-11,Allgemein,Service,Informationsanfrage,Neutral,Telefon,Mittel,2025-05-12,118
2762,5957,2025-06-27,Allgemein,Service,Kontaktdaten ändern,Neutral,Telefon,Mittel,2025-06-30,105
2763,11338,2024-01-27,Allgemein,Service,Beschwerde,Negativ,Chat,Mittel,2024-02-10,86
2764,11551,2023-12-14,Solar,Technisch,Solaranlage produziert nicht,Negativ,App,Hoch,2023-12-21,83
2765,5210,2023-10-15,Tarif,Vertrag,Tarifwechsel angefragt,Neutral,Email,Mittel,2023-10-15,103
2766,18471,2023-05-13,Allgemein,Service,Informationsanfrage,Neutral,Chat,Mittel,2023-05-25,42
2767,2598,2025-05-13,Speicher,Technisch,Kapazität gesunken,Positiv,Chat,Mittel,2025-05-22,165
2768,15002,2024-05-18,Wärmepumpe,Technisch,Wartung angefragt,Neutral,Email,Niedrig,2024-05-29,16
2769,570,2024-11-17,Speicher,Technisch,Kapazität gesunken,Neutral,Chat,Mittel,2024-11-20,5
2770,19623,2024-08-17,Wallbox,E-Mobility,Ladekarte Probleme,Negativ,Chat,Mittel,2024-08-25,192
2771,5301,2024-02-22,Rechnung,Abrechnung,Abschlag anpassen,Neutral,Telefon,Hoch,2024-02-22,110
2772,12255,2025-03-24,Solar,Technisch,Solaranlage Ertrag niedrig,Positiv,Email,Mittel,2025-03-24,119
2773,18178,2024-01-04,Speicher,Technisch,Kapazität gesunken,Neutral,App,Mittel,2024-01-08,148
2774,13218,2024-08-09,Rechnung,Abrechnung,Zahlungsplan angefragt,Negativ,Telefon,Kritisch,2024-08-12,5
2775,16644,2024-08-22,Allgemein,Service,Lob,Positiv,Chat,Niedrig,2024-08-31,89
2776,7339,2024-07-29,Allgemein,Service,Lob,Positiv,Telefon,Niedrig,2024-08-01,182
2777,6788,2025-02-07,Smart Meter,Installation,Smart Meter Installation angefragt,Neutral,Email,Mittel,2025-02-08,78
2778,12118,2023-01-24,Wärmepumpe,Technisch,Wärmepumpe Störung,Negativ,Chat,Mittel,2023-01-31,91
2779,15300,2024-11-02,Solar,Technisch,Solaranlage Ertrag niedrig,Neutral,Telefon,Mittel,2024-11-10,181
2780,19203,2024-02-05,Wärmepumpe,Technisch,Geräuschentwicklung zu hoch,Neutral,Chat,Mittel,2024-02-16,143
2781,2499,2023-03-15,Solar,Technisch,Wechselrichter Fehler,Neutral,Telefon,Niedrig,2023-03-28,126
2782,8513,2025-03-09,Tarif,Vertrag,Tarifwechsel angefragt,Neutral,Email,Niedrig,2025-03-21,150
2783,9052,2025-01-28,Wallbox,E-Mobility,Wallbox Installation angefragt,Neutral,Telefon,Mittel,2025-02-07,18
2784,1014,2024-09-21,Smart Meter,Installation,Smart Meter defekt,Negativ,App,Hoch,2024-09-21,122
2785,15423,2023-04-30,Allgemein,Service,Informationsanfrage,Neutral,App,Niedrig,2023-05-01,34
2786,4683,2025-03-18,Wärmepumpe,Technisch,Wartung angefragt,Neutral,Chat,Niedrig,2025-03-24,18
2787,15309,2024-01-05,Smart Meter,Installation,Smart Meter defekt,Negativ,Email,Hoch,2024-01-07,153
2788,15768,2023-02-20,Speicher,Technisch,Kapazität gesunken,Positiv,App,Mittel,2023-02-26,1
2789,3076,2024-10-23,Wärmepumpe,Technisch,Geräuschentwicklung zu hoch,Neutral,Chat,Niedrig,2024-10-31,46
2790,15753,2025-02-24,Rechnung,Abrechnung,Gutschrift angefragt,Neutral,Telefon,Hoch,2025-03-02,186
2791,461,2023-05-14,Wärmepumpe,Technisch,Geräuschentwicklung zu hoch,Neutral,Telefon,Mittel,2023-05-27,122
2792,10413,2025-03-28,Allgemein,Service,Kontaktdaten ändern,Neutral,Email,Hoch,2025-03-28,114
2793,3399,2023-09-22,Tarif,Vertrag,Ökostrom Umstellung,Neutral,App,Mittel,2023-09-28,45
2794,15862,2023-05-07,Rechnung,Abrechnung,Rechnungsfrage,Neutral,App,Niedrig,2023-05-12,28
2795,6527,2023-04-24,Allgemein,Service,Kontaktdaten ändern,Neutral,Telefon,Niedrig,2023-05-07,95
2796,15682,2024-10-15,Allgemein,Service,Allgemeine Anfrage,Neutral,App,Niedrig,2024-10-23,32
2797,390,2024-09-04,Allgemein,Service,Informationsanfrage,Positiv,Telefon,Niedrig,2024-09-18,67
2798,6699,2025-03-13,Solar,Technisch,Einspeisevergütung Frage,Negativ,App,Niedrig,2025-03-25,149
2799,11661,2024-02-09,Speicher,Technisch,Kapazität gesunken,Neutral,App,Mittel,2024-02-10,183
2800,19689,2023-03-04,Solar,Technisch,Einspeisevergütung Frage,Neutral,Email,Mittel,2023-03-12,186
2801,13018,2023-09-15,Rechnung,Abrechnung,Abschlag zu hoch,Positiv,Email,Niedrig,2023-09-15,136
2802,2578,2023-01-09,Speicher,Technisch,Speicher lädt nicht,Negativ,Email,Kritisch,2023-01-13,160
2803,10417,2023-03-13,Wallbox,E-Mobility,Wallbox lädt nicht,Negativ,Telefon,Niedrig,2023-03-18,106
2804,12841,2024-04-18,Smart Meter,Installation,Smart Meter Installation angefragt,Neutral,Telefon,Mittel,2024-05-02,65
2805,1510,2023-04-04,Smart Meter,Installation,Smart Meter App funktioniert nicht,Negativ,Telefon,Mittel,2023-04-17,128
2806,19978,2024-12-17,Allgemein,Service,Allgemeine Anfrage,Negativ,App,Niedrig,2024-12-31,166
2807,11155,2024-05-14,Tarif,Vertrag,Vertragsverlängerung,Positiv,App,Niedrig,2024-05-20,12
2808,10245,2025-01-05,Rechnung,Abrechnung,Rechnungsfrage,Neutral,App,Hoch,2025-01-09,17
2809,8463,2024-11-07,Solar,Technisch,Einspeisevergütung Frage,Positiv,App,Niedrig,2024-11-10,83
2810,18634,2024-02-08,Wallbox,E-Mobility,Wallbox Installation angefragt,Neutral,App,Niedrig,2024-02-21,129
2811,4269,2025-05-31,Solar,Technisch,Monitoring nicht verfügbar,Negativ,Email,Niedrig,2025-06-13,111
2812,16991,2024-10-03,Tarif,Vertrag,Umzug melden,Negativ,Chat,Mittel,2024-10-10,37
2813,11270,2025-03-07,Speicher,Technisch,Speicher lädt nicht,Negativ,Email,Kritisch,2025-03-11,169
2814,567,2023-04-12,Smart Meter,Installation,Smart Meter Installation angefragt,Neutral,App,Niedrig,2023-04-18,111
2815,1134,2024-03-18,Wallbox,E-Mobility,Wallbox defekt,Negativ,Chat,Niedrig,2024-03-19,25
2816,7858,2023-01-24,Speicher,Technisch,Batteriespeicher Störung,Negativ,App,Hoch,2023-01-26,71
2817,18162,2024-11-05,Solar,Technisch,Wechselrichter Fehler,Neutral,App,Mittel,2024-11-15,3
2818,17115,2024-03-10,Rechnung,Abrechnung,Abschlag anpassen,Neutral,Email,Niedrig,2024-03-19,196
2819,4491,2024-08-23,Smart Meter,Installation,Smart Meter App funktioniert nicht,Negativ,Telefon,Hoch,2024-08-23,129
2820,19162,2025-02-21,Solar,Technisch,Solaranlage produziert nicht,Negativ,Chat,Hoch,2025-02-24,99
2821,8738,2025-04-15,Speicher,Technisch,Batteriespeicher Störung,Negativ,Email,Hoch,2025-04-22,64
2822,8801,2023-10-09,Allgemein,Service,Beschwerde,Negativ,Telefon,Kritisch,2023-10-12,165
2823,7711,2024-04-14,Smart Meter,Installation,Smart Meter App funktioniert nicht,Negativ,Chat,Kritisch,2024-04-21,158
2824,16036,2024-10-08,Tarif,Vertrag,Preisgarantie Frage,Positiv,Email,Mittel,2024-10-14,79
2825,18047,2024-04-30,Tarif,Vertrag,Tarifwechsel angefragt,Neutral,Telefon,Mittel,2024-05-07,167
2826,168,2023-11-26,Wallbox,E-Mobility,Wallbox defekt,Negativ,Email,Hoch,2023-11-27,84
2827,3244,2025-02-09,Rechnung,Abrechnung,Rechnungsfrage,Neutral,Chat,Mittel,2025-02-15,80
2828,15702,2025-02-12,Wärmepumpe,Technisch,Effizienz zu niedrig,Neutral,Chat,Hoch,2025-02-15,186
2829,15967,2025-02-11,Smart Meter,Installation,Smart Meter Ablesung fehlerhaft,Negativ,Chat,Hoch,2025-02-12,185
2830,5659,2025-03-21,Wallbox,E-Mobility,Ladekarte Probleme,Positiv,Chat,Mittel,2025-03-21,33
2831,4921,2024-10-09,Smart Meter,Installation,Smart Meter zeigt keine Daten,Negativ,Telefon,Niedrig,2024-10-22,199
2832,7104,2024-11-08,Smart Meter,Installation,Smart Meter Ablesung fehlerhaft,Neutral,Chat,Hoch,2024-11-11,92
2833,2474,2023-02-02,Speicher,Technisch,Kapazität gesunken,Neutral,App,Hoch,2023-02-08,164
2834,3772,2025-01-15,Tarif,Vertrag,Vertragsverlängerung,Neutral,Chat,Niedrig,2025-01-28,169
2835,19580,2023-11-15,Allgemein,Service,Informationsanfrage,Positiv,Chat,Hoch,2023-11-18,83
2836,11346,2024-11-25,Smart Meter,Installation,Smart Meter Ablesung fehlerhaft,Neutral,Email,Mittel,2024-11-28,6
2837,7321,2025-06-27,Solar,Technisch,Solaranlage Ertrag niedrig,Neutral,App,Niedrig,2025-06-30,78
2838,4686,2024-02-19,Solar,Technisch,Einspeisevergütung Frage,Neutral,Email,Niedrig,2024-03-04,26
2839,4995,2024-05-05,Wallbox,E-Mobility,Wallbox Installation angefragt,Negativ,Telefon,Niedrig,2024-05-14,63
2840,3841,2025-01-06,Solar,Technisch,Wechselrichter Fehler,Negativ,Email,Niedrig,2025-01-12,109
2841,13624,2023-06-27,Wärmepumpe,Technisch,Geräuschentwicklung zu hoch,Neutral,Chat,Hoch,2023-06-28,143
2842,11828,2023-12-23,Solar,Technisch,Wechselrichter Fehler,Neutral,Telefon,Mittel,2023-12-30,1
2843,13826,2023-11-28,Smart Meter,Installation,Smart Meter Ablesung fehlerhaft,Neutral,Email,Niedrig,2023-12-06,39
2844,5780,2023-10-12,Speicher,Technisch,Speicher lädt nicht,Negativ,App,Hoch,2023-10-14,115
2845,19449,2024-12-07,Wallbox,E-Mobility,Ladekarte Probleme,Negativ,Chat,Hoch,2024-12-08,169
2846,6362,2024-09-29,Wärmepumpe,Technisch,Wärmepumpe Störung,Negativ,Chat,Niedrig,2024-09-29,33
2847,13243,2025-01-15,Wallbox,E-Mobility,App-Verbindung unterbrochen,Neutral,Telefon,Niedrig,2025-01-27,67
2848,6228,2025-06-19,Smart Meter,Installation,Smart Meter App funktioniert nicht,Negativ,Chat,Niedrig,2025-06-24,41
2849,7979,2023-04-16,Allgemein,Service,Allgemeine Anfrage,Neutral,App,Mittel,2023-04-25,10
2850,7492,2025-05-05,Wallbox,E-Mobility,Wallbox lädt nicht,Negativ,App,Mittel,2025-05-11,27
2851,9638,2024-03-28,Wärmepumpe,Technisch,Geräuschentwicklung zu hoch,Neutral,Email,Niedrig,2024-04-09,70
2852,17291,2024-06-07,Allgemein,Service,Beschwerde,Negativ,Chat,Hoch,2024-06-07,197
2853,7035,2023-06-26,Smart Meter,Installation,Smart Meter defekt,Negativ,Telefon,Mittel,2023-07-05,112
2854,15647,2024-06-12,Tarif,Vertrag,Tarifwechsel angefragt,Neutral,Email,Mittel,2024-06-22,84
2855,4184,2024-04-29,Wärmepumpe,Technisch,Wärmepumpe läuft nicht,Negativ,App,Mittel,2024-05-12,33
2856,15102,2024-01-12,Smart Meter,Installation,Smart Meter defekt,Negativ,Telefon,Mittel,2024-01-15,73
2857,10528,2023-12-22,Rechnung,Abrechnung,Gutschrift angefragt,Neutral,Email,Hoch,2023-12-23,30
2858,16790,2024-11-11,Wärmepumpe,Technisch,Geräuschentwicklung zu hoch,Negativ,Telefon,Hoch,2024-11-13,86
2859,3712,2025-03-06,Speicher,Technisch,Batteriespeicher Störung,Negativ,Telefon,Kritisch,2025-03-13,140
2860,10547,2024-05-04,Rechnung,Abrechnung,Abschlag zu hoch,Positiv,Email,Mittel,2024-05-17,74
2861,17651,2023-02-19,Tarif,Vertrag,Preisgarantie Frage,Negativ,Chat,Niedrig,2023-02-21,42
2862,17746,2024-12-01,Wallbox,E-Mobility,Wallbox defekt,Negativ,Email,Hoch,2024-12-07,93
2863,13885,2023-10-20,Rechnung,Abrechnung,Zahlungsplan angefragt,Neutral,Telefon,Niedrig,2023-10-28,58
2864,19149,2023-08-30,Rechnung,Abrechnung,Unstimmigkeit in Rechnung,Negativ,Telefon,Mittel,2023-09-09,23
2865,12507,2024-08-22,Wallbox,E-Mobility,App-Verbindung unterbrochen,Positiv,Email,Mittel,2024-09-04,76
2866,14424,2025-01-19,Tarif,Vertrag,Vertragsverlängerung,Neutral,Email,Hoch,2025-01-21,17
2867,18312,2023-07-21,Tarif,Vertrag,Ökostrom Umstellung,Neutral,App,Hoch,2023-07-22,45
2868,407,2025-02-05,Tarif,Vertrag,Umzug melden,Neutral,Chat,Mittel,2025-02-11,133
2869,12929,2023-06-05,Speicher,Technisch,Speicher lädt nicht,Negativ,Email,Kritisch,2023-06-11,26
2870,3419,2024-03-30,Wallbox,E-Mobility,App-Verbindung unterbrochen,Neutral,Email,Mittel,2024-04-04,79
2871,7921,2023-03-05,Tarif,Vertrag,Kündigung,Neutral,App,Hoch,2023-03-05,23
2872,15938,2024-04-30,Solar,Technisch,Wechselrichter Fehler,Neutral,Chat,Mittel,2024-05-08,71
2873,5613,2025-05-07,Smart Meter,Installation,Smart Meter Ablesung fehlerhaft,Negativ,App,Mittel,2025-05-11,118
2874,4934,2024-06-30,Smart Meter,Installation,Smart Meter Ablesung fehlerhaft,Neutral,Email,Hoch,2024-06-30,194
2875,10473,2024-10-15,Wärmepumpe,Technisch,Fehlercode E01 angezeigt,Neutral,Chat,Niedrig,2024-10-20,182
2876,10282,2024-07-01,Solar,Technisch,Monitoring nicht verfügbar,Negativ,App,Kritisch,2024-07-06,3
2877,5097,2024-03-02,Solar,Technisch,Monitoring nicht verfügbar,Negativ,Chat,Mittel,2024-03-02,125
2878,17136,2024-04-07,Smart Meter,Installation,Smart Meter App funktioniert nicht,Negativ,Chat,Mittel,2024-04-10,147
2879,7147,2024-01-02,Solar,Technisch,Einspeisevergütung Frage,Neutral,Telefon,Mittel,2024-01-06,172
2880,6387,2023-06-29,Allgemein,Service,Lob,Positiv,Telefon,Niedrig,2023-07-01,18
2881,9131,2023-10-08,Solar,Technisch,Solaranlage produziert nicht,Negativ,Telefon,Hoch,2023-10-12,189
2882,10710,2024-09-16,Smart Meter,Installation,Smart Meter defekt,Negativ,Email,Mittel,2024-09-23,108
2883,1926,2023-02-06,Wallbox,E-Mobility,Wallbox Installation angefragt,Neutral,Telefon,Mittel,2023-02-17,90
2884,15458,2023-02-16,Smart Meter,Installation,Smart Meter App funktioniert nicht,Negativ,Email,Mittel,2023-03-01,1
2885,2698,2024-04-10,Tarif,Vertrag,Ökostrom Umstellung,Neutral,App,Niedrig,2024-04-17,106
2886,9292,2023-07-13,Solar,Technisch,Wechselrichter Fehler,Neutral,Chat,Kritisch,2023-07-14,7
2887,6521,2023-11-08,Rechnung,Abrechnung,Abschlag zu hoch,Neutral,App,Mittel,2023-11-19,200
2888,6541,2023-10-29,Solar,Technisch,Solaranlage produziert nicht,Negativ,Email,Hoch,2023-11-04,183
2889,11469,2024-10-28,Rechnung,Abrechnung,Unstimmigkeit in Rechnung,Negativ,Email,Mittel,2024-11-07,85
2890,5307,2024-05-28,Wärmepumpe,Technisch,Fehlercode E01 angezeigt,Neutral,Email,Mittel,2024-06-04,69
2891,16806,2025-05-04,Allgemein,Service,Informationsanfrage,Positiv,Telefon,Mittel,2025-05-06,17
2892,7238,2023-08-27,Wärmepumpe,Technisch,Wärmepumpe läuft nicht,Negativ,Email,Hoch,2023-09-02,96
2893,500,2024-11-19,Smart Meter,Installation,Smart Meter Ablesung fehlerhaft,Negativ,Chat,Niedrig,2024-11-19,98
2894,10180,2023-10-23,Wallbox,E-Mobility,Wallbox lädt nicht,Negativ,Telefon,Mittel,2023-11-02,10
2895,16710,2025-03-29,Allgemein,Service,Kontaktdaten ändern,Neutral,Chat,Hoch,2025-04-04,175
2896,12558,2023-02-14,Tarif,Vertrag,Umzug melden,Neutral,Chat,Niedrig,2023-02-21,111
2897,9168,2023-04-28,Allgemein,Service,Allgemeine Anfrage,Neutral,App,Mittel,2023-05-08,46
2898,7182,2024-07-14,Smart Meter,Installation,Smart Meter zeigt keine Daten,Neutral,App,Niedrig,2024-07-20,55
2899,10174,2023-04-23,Solar,Technisch,Monitoring nicht verfügbar,Negativ,Telefon,Kritisch,2023-04-27,86
2900,7312,2023-02-13,Speicher,Technisch,Kapazität gesunken,Neutral,Chat,Mittel,2023-02-21,107
2901,16040,2023-10-22,Tarif,Vertrag,Umzug melden,Negativ,Email,Mittel,2023-10-28,72
2902,1566,2025-01-20,Smart Meter,Installation,Smart Meter Installation angefragt,Neutral,Email,Mittel,2025-01-23,131
2903,1708,2023-02-04,Rechnung,Abrechnung,Abschlag zu hoch,Neutral,Telefon,Niedrig,2023-02-06,175
2904,3959,2025-03-13,Rechnung,Abrechnung,Abschlag anpassen,Neutral,Telefon,Mittel,2025-03-20,189
2905,13175,2025-04-19,Wallbox,E-Mobility,Wallbox defekt,Negativ,Telefon,Niedrig,2025-04-30,125
2906,11748,2025-02-22,Solar,Technisch,Solaranlage produziert nicht,Negativ,Chat,Mittel,2025-03-01,29
2907,15252,2024-01-07,Tarif,Vertrag,Kündigung,Neutral,Telefon,Mittel,2024-01-18,56
2908,12649,2023-05-01,Speicher,Technisch,Speicher lädt nicht,Negativ,App,Hoch,2023-05-06,42
2909,4827,2023-01-14,Speicher,Technisch,Kapazität gesunken,Neutral,App,Kritisch,2023-01-21,182
2910,5814,2024-08-08,Speicher,Technisch,Batteriespeicher Störung,Negativ,App,Hoch,2024-08-15,77
2911,10334,2023-11-07,Wallbox,E-Mobility,Wallbox lädt nicht,Negativ,Chat,Hoch,2023-11-08,186
2912,19706,2024-03-10,Wallbox,E-Mobility,App-Verbindung unterbrochen,Neutral,App,Mittel,2024-03-14,112
2913,788,2023-05-26,Tarif,Vertrag,Tarifwechsel angefragt,Positiv,Chat,Hoch,2023-05-29,82
2914,17347,2023-04-18,Solar,Technisch,Solaranlage produziert nicht,Negativ,App,Mittel,2023-04-29,63
2915,4350,2023-10-20,Speicher,Technisch,Speicher lädt nicht,Negativ,Email,Niedrig,2023-10-28,84
2916,2741,2025-05-17,Tarif,Vertrag,Vertragsverlängerung,Positiv,App,Mittel,2025-05-31,169
2917,2273,2023-05-20,Rechnung,Abrechnung,Gutschrift angefragt,Neutral,App,Niedrig,2023-06-01,97
2918,11753,2024-06-07,Rechnung,Abrechnung,Abschlag anpassen,Neutral,App,Niedrig,2024-06-14,61
2919,17688,2024-08-21,Wallbox,E-Mobility,Ladekarte Probleme,Negativ,Chat,Mittel,2024-09-02,177
2920,14446,2023-02-02,Wallbox,E-Mobility,Wallbox Installation angefragt,Neutral,App,Niedrig,2023-02-08,57
2921,6651,2024-04-19,Allgemein,Service,Informationsanfrage,Neutral,Telefon,Mittel,2024-04-20,114
2922,16020,2023-02-23,Solar,Technisch,Wechselrichter Fehler,Negativ,Email,Mittel,2023-03-01,121
2923,322,2023-05-28,Smart Meter,Installation,Smart Meter Installation angefragt,Positiv,Telefon,Mittel,2023-06-10,18
2924,5007,2024-12-27,Tarif,Vertrag,Ökostrom Umstellung,Neutral,Chat,Niedrig,2025-01-05,142
2925,17886,2024-02-13,Speicher,Technisch,Kapazität gesunken,Neutral,Telefon,Mittel,2024-02-24,23
2926,7852,2024-07-05,Speicher,Technisch,Batteriespeicher Störung,Negativ,Email,Mittel,2024-07-07,192
2927,15781,2023-09-02,Wallbox,E-Mobility,Wallbox defekt,Negativ,Chat,Hoch,2023-09-05,77
2928,15841,2025-02-14,Tarif,Vertrag,Ökostrom Umstellung,Neutral,Chat,Kritisch,2025-02-20,18
2929,12961,2024-05-31,Smart Meter,Installation,Smart Meter zeigt keine Daten,Negativ,Chat,Hoch,2024-06-07,120
2930,8520,2023-04-05,Rechnung,Abrechnung,Gutschrift angefragt,Neutral,Email,Mittel,2023-04-12,175
2931,9898,2024-10-06,Solar,Technisch,Monitoring nicht verfügbar,Negativ,Chat,Hoch,2024-10-10,76
2932,6248,2023-08-23,Allgemein,Service,Kontaktdaten ändern,Positiv,Telefon,Hoch,2023-08-28,85
2933,9754,2023-09-05,Wallbox,E-Mobility,Wallbox Installation angefragt,Neutral,App,Mittel,2023-09-18,97
2934,13884,2024-11-26,Wärmepumpe,Technisch,Wärmepumpe läuft nicht,Negativ,App,Hoch,2024-11-30,108
2935,14613,2024-11-10,Rechnung,Abrechnung,Zahlungsplan angefragt,Neutral,Email,Mittel,2024-11-20,158
2936,10092,2023-03-23,Wärmepumpe,Technisch,Wartung angefragt,Positiv,App,Mittel,2023-03-27,139
2937,5687,2023-08-29,Wärmepumpe,Technisch,Geräuschentwicklung zu hoch,Neutral,App,Kritisch,2023-08-31,4
2938,10955,2024-06-21,Wallbox,E-Mobility,Wallbox lädt nicht,Negativ,Chat,Niedrig,2024-06-26,28
2939,6335,2025-02-24,Tarif,Vertrag,Kündigung,Negativ,Chat,Niedrig,2025-02-24,188
2940,9105,2023-12-06,Allgemein,Service,Lob,Positiv,Telefon,Niedrig,2023-12-20,138
2941,18256,2024-09-07,Rechnung,Abrechnung,Abschlag anpassen,Neutral,Telefon,Hoch,2024-09-09,162
2942,19990,2024-05-26,Wärmepumpe,Technisch,Wärmepumpe läuft nicht,Negativ,App,Mittel,2024-06-08,11
2943,8076,2023-09-07,Smart Meter,Installation,Smart Meter Ablesung fehlerhaft,Neutral,Telefon,Mittel,2023-09-20,85
2944,9671,2023-01-17,Smart Meter,Installation,Smart Meter Ablesung fehlerhaft,Neutral,Telefon,Mittel,2023-01-26,79
2945,1610,2024-08-29,Wärmepumpe,Technisch,Geräuschentwicklung zu hoch,Positiv,Email,Niedrig,2024-09-01,91
2946,13064,2024-01-06,Solar,Technisch,Einspeisevergütung Frage,Neutral,Telefon,Mittel,2024-01-08,146
2947,12493,2023-03-10,Rechnung,Abrechnung,Gutschrift angefragt,Neutral,Chat,Niedrig,2023-03-12,42
2948,9872,2024-07-03,Smart Meter,Installation,Smart Meter Ablesung fehlerhaft,Neutral,App,Kritisch,2024-07-07,35
2949,13124,2024-02-15,Tarif,Vertrag,Tarifwechsel angefragt,Negativ,Telefon,Kritisch,2024-02-21,32
2950,19799,2024-05-11,Rechnung,Abrechnung,Gutschrift angefragt,Neutral,Telefon,Niedrig,2024-05-13,187
2951,6442,2025-02-21,Wallbox,E-Mobility,App-Verbindung unterbrochen,Neutral,Telefon,Niedrig,2025-02-21,97
2952,15297,2025-03-27,Smart Meter,Installation,Smart Meter App funktioniert nicht,Negativ,App,Kritisch,2025-03-31,140
2953,11061,2023-09-12,Wallbox,E-Mobility,Wallbox Installation angefragt,Neutral,Email,Niedrig,2023-09-13,106
2954,15494,2024-08-30,Speicher,Technisch,Batteriespeicher Störung,Negativ,Telefon,Hoch,2024-09-01,157
2955,7052,2024-08-30,Allgemein,Service,Allgemeine Anfrage,Positiv,Telefon,Hoch,2024-08-31,80
2956,6754,2023-11-19,Allgemein,Service,Beschwerde,Negativ,App,Kritisch,2023-11-24,131
2957,9118,2025-02-28,Rechnung,Abrechnung,Unstimmigkeit in Rechnung,Neutral,Email,Hoch,2025-03-07,145
2958,8819,2023-12-14,Wallbox,E-Mobility,Wallbox lädt nicht,Negativ,Email,Hoch,2023-12-21,181
2959,13380,2024-08-09,Allgemein,Service,Lob,Positiv,Chat,Niedrig,2024-08-23,199
2960,17769,2023-08-22,Smart Meter,Installation,Smart Meter App funktioniert nicht,Negativ,Chat,Mittel,2023-08-23,28
2961,5935,2024-11-13,Allgemein,Service,Allgemeine Anfrage,Neutral,Email,Niedrig,2024-11-26,46
2962,12039,2024-04-29,Allgemein,Service,Kontaktdaten ändern,Positiv,Email,Niedrig,2024-05-10,94
2963,10529,2024-12-20,Tarif,Vertrag,Umzug melden,Neutral,App,Niedrig,2024-12-26,27
2964,14267,2024-03-06,Smart Meter,Installation,Smart Meter zeigt keine Daten,Neutral,Chat,Mittel,2024-03-13,30
2965,2004,2023-08-07,Smart Meter,Installation,Smart Meter App funktioniert nicht,Negativ,App,Hoch,2023-08-09,159
2966,17341,2023-12-26,Rechnung,Abrechnung,Gutschrift angefragt,Neutral,App,Mittel,2024-01-01,149
2967,14291,2023-11-15,Speicher,Technisch,Batteriespeicher Störung,Negativ,Email,Mittel,2023-11-26,94
2968,9936,2023-10-15,Wärmepumpe,Technisch,Fehlercode E01 angezeigt,Neutral,Telefon,Niedrig,2023-10-19,188
2969,16987,2024-04-14,Wärmepumpe,Technisch,Wartung angefragt,Neutral,Email,Mittel,2024-04-27,165
2970,6281,2023-03-26,Tarif,Vertrag,Preisgarantie Frage,Neutral,Email,Mittel,2023-04-02,12
2971,3304,2023-02-26,Wallbox,E-Mobility,App-Verbindung unterbrochen,Positiv,Chat,Mittel,2023-03-05,119
2972,14154,2023-07-06,Wärmepumpe,Technisch,Wärmepumpe läuft nicht,Negativ,Chat,Hoch,2023-07-09,189
2973,14750,2025-04-15,Smart Meter,Installation,Smart Meter App funktioniert nicht,Negativ,Chat,Mittel,2025-04-24,5
2974,15180,2023-11-26,Speicher,Technisch,Batteriespeicher Störung,Negativ,Email,Mittel,2023-11-29,10
2975,13857,2025-02-13,Wärmepumpe,Technisch,Wärmepumpe läuft nicht,Negativ,App,Hoch,2025-02-16,109
2976,364,2023-02-13,Wärmepumpe,Technisch,Wärmepumpe läuft nicht,Negativ,Telefon,Niedrig,2023-02-26,30
2977,2148,2024-08-10,Wärmepumpe,Technisch,Geräuschentwicklung zu hoch,Negativ,App,Mittel,2024-08-10,61
2978,13982,2023-05-20,Tarif,Vertrag,Tarifwechsel angefragt,Neutral,Telefon,Niedrig,2023-05-30,59
2979,1180,2023-10-02,Wallbox,E-Mobility,Ladekarte Probleme,Neutral,Telefon,Mittel,2023-10-05,117
2980,18851,2024-06-29,Wallbox,E-Mobility,Ladekarte Probleme,Neutral,App,Kritisch,2024-07-01,175
2981,2995,2023-04-08,Allgemein,Service,Lob,Positiv,Chat,Niedrig,2023-04-11,100
2982,19492,2023-03-03,Smart Meter,Installation,Smart Meter App funktioniert nicht,Negativ,App,Hoch,2023-03-10,18
2983,16051,2025-03-31,Wallbox,E-Mobility,App-Verbindung unterbrochen,Neutral,Chat,Mittel,2025-04-01,177
2984,2319,2024-08-03,Wärmepumpe,Technisch,Effizienz zu niedrig,Neutral,Email,Mittel,2024-08-17,116
2985,7060,2023-02-06,Smart Meter,Installation,Smart Meter Ablesung fehlerhaft,Neutral,Telefon,Mittel,2023-02-06,176
2986,11253,2025-03-04,Speicher,Technisch,Batteriespeicher Störung,Negativ,App,Mittel,2025-03-10,103
2987,1294,2024-06-03,Tarif,Vertrag,Preisgarantie Frage,Negativ,Email,Niedrig,2024-06-08,36
2988,18023,2023-05-16,Allgemein,Service,Allgemeine Anfrage,Positiv,Email,Mittel,2023-05-28,102
2989,425,2023-09-10,Solar,Technisch,Solaranlage Ertrag niedrig,Neutral,Telefon,Mittel,2023-09-11,162
2990,18002,2025-01-13,Smart Meter,Installation,Smart Meter App funktioniert nicht,Negativ,App,Hoch,2025-01-18,88
2991,13213,2023-10-22,Speicher,Technisch,Batteriespeicher Störung,Negativ,Chat,Niedrig,2023-10-24,174
2992,710,2024-03-25,Wärmepumpe,Technisch,Wärmepumpe Störung,Negativ,Email,Hoch,2024-03-30,103
2993,4825,2024-07-14,Wallbox,E-Mobility,Wallbox defekt,Negativ,Email,Mittel,2024-07-22,88
2994,1717,2024-02-02,Wallbox,E-Mobility,Ladekarte Probleme,Negativ,Email,Niedrig,2024-02-14,188
2995,9787,2023-06-06,Wärmepumpe,Technisch,Wärmepumpe läuft nicht,Negativ,Email,Kritisch,2023-06-09,60
2996,7245,2025-02-21,Smart Meter,Installation,Smart Meter defekt,Negativ,Email,Mittel,2025-02-28,133
2997,5223,2023-12-04,Smart Meter,Installation,Smart Meter App funktioniert nicht,Negativ,Chat,Niedrig,2023-12-06,20
2998,19574,2024-08-19,Tarif,Vertrag,Preisgarantie Frage,Neutral,Chat,Hoch,2024-08-21,89
2999,7918,2023-12-25,Wallbox,E-Mobility,App-Verbindung unterbrochen,Neutral,Chat,Hoch,2023-12-26,3
3000,13437,2025-05-12,Speicher,Technisch,Speicher lädt nicht,Negativ,Chat,Mittel,2025-05-25,189
3001,7722,2023-02-21,Speicher,Technisch,Batteriespeicher Störung,Negativ,Email,Hoch,2023-02-28,42
3002,8170,2024-01-07,Solar,Technisch,Solaranlage produziert nicht,Negativ,Telefon,Kritisch,2024-01-10,49
3003,708,2025-02-17,Wallbox,E-Mobility,App-Verbindung unterbrochen,Positiv,Chat,Mittel,2025-02-24,41
3004,11901,2023-11-24,Tarif,Vertrag,Vertragsverlängerung,Neutral,App,Mittel,2023-12-05,87
3005,8647,2025-05-18,Allgemein,Service,Kontaktdaten ändern,Negativ,Chat,Kritisch,2025-05-24,20
3006,5937,2023-11-04,Smart Meter,Installation,Smart Meter zeigt keine Daten,Positiv,Chat,Mittel,2023-11-17,56
3007,5958,2024-10-05,Allgemein,Service,Lob,Positiv,Telefon,Niedrig,2024-10-15,73
3008,8429,2025-06-08,Allgemein,Service,Beschwerde,Negativ,Telefon,Hoch,2025-06-13,185
3009,12724,2024-06-29,Wallbox,E-Mobility,App-Verbindung unterbrochen,Neutral,Chat,Mittel,2024-06-30,68
3010,9149,2025-04-14,Speicher,Technisch,Kapazität gesunken,Neutral,Email,Hoch,2025-04-18,173
3011,10492,2024-10-19,Speicher,Technisch,Speicher lädt nicht,Negativ,App,Niedrig,2024-11-01,199
3012,3963,2024-04-14,Smart Meter,Installation,Smart Meter defekt,Negativ,App,Hoch,2024-04-14,170
3013,16851,2023-11-16,Speicher,Technisch,Kapazität gesunken,Neutral,Email,Niedrig,2023-11-16,189
3014,11983,2024-08-01,Solar,Technisch,Wechselrichter Fehler,Neutral,App,Mittel,2024-08-13,78
3015,7080,2024-01-10,Wallbox,E-Mobility,Ladekarte Probleme,Neutral,App,Mittel,2024-01-19,30
3016,19360,2024-01-21,Allgemein,Service,Lob,Positiv,Telefon,Niedrig,2024-01-24,86
3017,16926,2023-09-08,Wallbox,E-Mobility,App-Verbindung unterbrochen,Negativ,Email,Kritisch,2023-09-11,93
3018,1697,2023-07-17,Rechnung,Abrechnung,Abschlag anpassen,Negativ,Email,Mittel,2023-07-20,75
3019,14987,2024-09-03,Tarif,Vertrag,Tarifwechsel angefragt,Positiv,Telefon,Niedrig,2024-09-05,35
3020,5221,2024-01-23,Wallbox,E-Mobility,Wallbox lädt nicht,Negativ,Telefon,Mittel,2024-02-04,194
3021,16161,2024-04-09,Tarif,Vertrag,Preisgarantie Frage,Neutral,App,Mittel,2024-04-12,104
3022,2264,2024-12-28,Wallbox,E-Mobility,Wallbox defekt,Negativ,Chat,Hoch,2025-01-01,169
3023,994,2023-06-03,Wärmepumpe,Technisch,Wärmepumpe Störung,Negativ,Telefon,Hoch,2023-06-04,121
3024,19292,2023-08-07,Tarif,Vertrag,Umzug melden,Negativ,Telefon,Mittel,2023-08-12,29
3025,17103,2023-08-19,Rechnung,Abrechnung,Zahlungsplan angefragt,Negativ,App,Niedrig,2023-08-21,164
3026,13160,2025-02-10,Smart Meter,Installation,Smart Meter Ablesung fehlerhaft,Neutral,Telefon,Kritisch,2025-02-14,189
3027,10479,2025-02-18,Tarif,Vertrag,Kündigung,Negativ,Chat,Mittel,2025-02-28,177
3028,14331,2025-04-09,Tarif,Vertrag,Tarifwechsel angefragt,Neutral,Email,Hoch,2025-04-10,57
3029,12049,2023-08-03,Wärmepumpe,Technisch,Wärmepumpe läuft nicht,Negativ,App,Kritisch,2023-08-10,17
3030,18981,2023-10-23,Speicher,Technisch,Batteriespeicher Störung,Negativ,App,Mittel,2023-11-06,33
3031,7846,2025-02-24,Smart Meter,Installation,Smart Meter Ablesung fehlerhaft,Neutral,Email,Hoch,2025-02-24,145
3032,15170,2023-06-27,Rechnung,Abrechnung,Unstimmigkeit in Rechnung,Neutral,Email,Mittel,2023-06-27,53
3033,9140,2023-10-21,Allgemein,Service,Kontaktdaten ändern,Neutral,App,Niedrig,2023-10-22,128
3034,592,2023-04-26,Speicher,Technisch,Batteriespeicher Störung,Negativ,Telefon,Hoch,2023-05-01,33
3035,6111,2024-02-14,Wallbox,E-Mobility,Wallbox lädt nicht,Negativ,Email,Mittel,2024-02-23,190
3036,18497,2024-02-19,Rechnung,Abrechnung,Gutschrift angefragt,Neutral,Telefon,Niedrig,2024-02-22,48
3037,7097,2023-12-21,Wärmepumpe,Technisch,Effizienz zu niedrig,Positiv,App,Mittel,2023-12-23,85
3038,10606,2024-11-27,Speicher,Technisch,Speicher lädt nicht,Negativ,Chat,Hoch,2024-11-29,132
3039,8330,2024-06-26,Wallbox,E-Mobility,Wallbox Installation angefragt,Negativ,Telefon,Niedrig,2024-06-26,33
3040,4031,2023-11-02,Solar,Technisch,Solaranlage Ertrag niedrig,Positiv,Telefon,Hoch,2023-11-05,165
3041,1879,2023-10-07,Wallbox,E-Mobility,Wallbox Installation angefragt,Negativ,Email,Niedrig,2023-10-21,102
3042,9949,2023-10-30,Solar,Technisch,Wechselrichter Fehler,Neutral,Chat,Mittel,2023-11-06,89
3043,15900,2024-03-13,Rechnung,Abrechnung,Abschlag anpassen,Negativ,App,Mittel,2024-03-15,26
3044,2668,2025-03-03,Wärmepumpe,Technisch,Wartung angefragt,Negativ,Chat,Niedrig,2025-03-06,16
3045,17919,2023-07-12,Allgemein,Service,Allgemeine Anfrage,Positiv,Email,Mittel,2023-07-15,193
3046,10458,2024-11-26,Wallbox,E-Mobility,Wallbox lädt nicht,Negativ,App,Hoch,2024-11-27,153
3047,18323,2025-05-30,Tarif,Vertrag,Vertragsverlängerung,Negativ,Chat,Mittel,2025-06-05,186
3048,16490,2025-06-20,Speicher,Technisch,Batteriespeicher Störung,Negativ,Chat,Mittel,2025-06-25,138
3049,8870,2024-04-25,Rechnung,Abrechnung,Abschlag zu hoch,Positiv,Email,Mittel,2024-05-02,184
3050,14371,2024-06-22,Tarif,Vertrag,Kündigung,Neutral,Telefon,Mittel,2024-06-25,83
3051,19379,2023-04-09,Smart Meter,Installation,Smart Meter defekt,Negativ,Email,Hoch,2023-04-13,107
3052,10010,2024-10-18,Speicher,Technisch,Kapazität gesunken,Neutral,Telefon,Mittel,2024-10-24,56
3053,3941,2025-05-05,Tarif,Vertrag,Preisgarantie Frage,Positiv,Telefon,Mittel,2025-05-19,58
3054,8746,2023-05-07,Speicher,Technisch,Batteriespeicher Störung,Negativ,Chat,Mittel,2023-05-17,35
3055,8661,2024-11-18,Rechnung,Abrechnung,Abschlag anpassen,Positiv,Chat,Hoch,2024-11-18,67
3056,11751,2025-06-15,Wallbox,E-Mobility,Ladekarte Probleme,Neutral,App,Mittel,2025-06-21,75
3057,13138,2025-05-30,Wärmepumpe,Technisch,Wärmepumpe läuft nicht,Negativ,App,Hoch,2025-06-01,175
3058,6269,2025-01-29,Rechnung,Abrechnung,Abschlag anpassen,Neutral,Email,Mittel,2025-01-31,42
3059,8763,2024-04-09,Speicher,Technisch,Kapazität gesunken,Neutral,App,Niedrig,2024-04-13,172
3060,10272,2024-01-09,Rechnung,Abrechnung,Rechnungsfrage,Positiv,Chat,Niedrig,2024-01-23,181
3061,15254,2024-08-12,Wärmepumpe,Technisch,Geräuschentwicklung zu hoch,Positiv,Chat,Mittel,2024-08-16,126
3062,6825,2023-11-07,Wärmepumpe,Technisch,Wartung angefragt,Neutral,App,Niedrig,2023-11-16,80
3063,10406,2023-05-08,Tarif,Vertrag,Preisgarantie Frage,Neutral,Telefon,Mittel,2023-05-11,182
3064,11268,2025-02-09,Smart Meter,Installation,Smart Meter Ablesung fehlerhaft,Neutral,Email,Niedrig,2025-02-15,147
3065,12154,2024-11-20,Allgemein,Service,Allgemeine Anfrage,Neutral,Telefon,Mittel,2024-11-28,98
3066,10297,2025-04-08,Speicher,Technisch,Speicher lädt nicht,Negativ,Telefon,Mittel,2025-04-20,97
3067,10020,2023-07-17,Speicher,Technisch,Speicher lädt nicht,Negativ,Telefon,Niedrig,2023-07-20,147
3068,17463,2025-01-17,Rechnung,Abrechnung,Abschlag anpassen,Neutral,App,Kritisch,2025-01-23,76
3069,16255,2023-09-11,Wallbox,E-Mobility,Ladekarte Probleme,Neutral,Email,Hoch,2023-09-11,145
3070,3670,2023-08-23,Rechnung,Abrechnung,Rechnungsfrage,Neutral,Chat,Niedrig,2023-08-31,27
3071,7801,2024-07-08,Speicher,Technisch,Kapazität gesunken,Neutral,Telefon,Mittel,2024-07-09,160
3072,3820,2023-03-14,Wärmepumpe,Technisch,Effizienz zu niedrig,Neutral,Chat,Niedrig,2023-03-18,195
3073,13672,2023-06-20,Wärmepumpe,Technisch,Geräuschentwicklung zu hoch,Neutral,Telefon,Mittel,2023-06-25,178
3074,19289,2023-06-14,Tarif,Vertrag,Ökostrom Umstellung,Neutral,App,Mittel,2023-06-20,108
3075,4427,2025-02-10,Rechnung,Abrechnung,Zahlungsplan angefragt,Neutral,Telefon,Niedrig,2025-02-17,5
3076,12936,2023-12-02,Rechnung,Abrechnung,Abschlag anpassen,Neutral,App,Kritisch,2023-12-06,21
3077,1218,2023-06-19,Allgemein,Service,Beschwerde,Negativ,App,Mittel,2023-06-23,35
3078,7599,2024-10-09,Tarif,Vertrag,Kündigung,Neutral,App,Niedrig,2024-10-23,121
3079,12685,2024-02-19,Allgemein,Service,Beschwerde,Negativ,Chat,Hoch,2024-02-25,131
3080,15258,2023-06-08,Wallbox,E-Mobility,Ladekarte Probleme,Neutral,Telefon,Mittel,2023-06-12,19
3081,11044,2024-01-02,Allgemein,Service,Kontaktdaten ändern,Positiv,Chat,Mittel,2024-01-04,160
3082,7811,2023-11-18,Smart Meter,Installation,Smart Meter defekt,Negativ,Chat,Niedrig,2023-12-01,32
3083,15164,2023-01-13,Rechnung,Abrechnung,Abschlag anpassen,Negativ,Chat,Niedrig,2023-01-14,168
3084,16650,2024-11-13,Solar,Technisch,Einspeisevergütung Frage,Neutral,Email,Kritisch,2024-11-15,165
3085,8515,2025-06-01,Rechnung,Abrechnung,Zahlungsplan angefragt,Neutral,Chat,Niedrig,2025-06-13,26
3086,16336,2024-12-25,Wallbox,E-Mobility,Wallbox lädt nicht,Negativ,Email,Hoch,2024-12-25,127
3087,4870,2023-05-24,Smart Meter,Installation,Smart Meter zeigt keine Daten,Negativ,App,Niedrig,2023-05-31,54
3088,11885,2023-07-14,Speicher,Technisch,Kapazität gesunken,Neutral,Email,Mittel,2023-07-19,50
3089,17503,2024-10-18,Solar,Technisch,Solaranlage Ertrag niedrig,Neutral,Chat,Mittel,2024-10-25,51
3090,15793,2024-09-27,Tarif,Vertrag,Umzug melden,Neutral,Email,Mittel,2024-10-10,143
3091,3790,2024-05-10,Allgemein,Service,Kontaktdaten ändern,Positiv,Email,Mittel,2024-05-23,104
3092,2154,2024-04-21,Tarif,Vertrag,Umzug melden,Neutral,App,Hoch,2024-04-25,46
3093,15814,2024-10-30,Tarif,Vertrag,Preisgarantie Frage,Positiv,Chat,Niedrig,2024-11-02,35
3094,10132,2023-07-31,Wallbox,E-Mobility,Wallbox Installation angefragt,Negativ,App,Hoch,2023-08-02,165
3095,2074,2025-03-13,Tarif,Vertrag,Umzug melden,Neutral,Email,Hoch,2025-03-20,120
3096,10904,2023-07-05,Rechnung,Abrechnung,Unstimmigkeit in Rechnung,Neutral,Telefon,Mittel,2023-07-06,172
3097,19867,2023-07-09,Smart Meter,Installation,Smart Meter defekt,Negativ,Chat,Hoch,2023-07-16,70
3098,8992,2023-01-07,Wallbox,E-Mobility,Wallbox defekt,Negativ,Telefon,Hoch,2023-01-09,106
3099,13926,2023-04-12,Smart Meter,Installation,Smart Meter zeigt keine Daten,Neutral,App,Hoch,2023-04-19,92
3100,9914,2025-01-09,Solar,Technisch,Einspeisevergütung Frage,Neutral,App,Hoch,2025-01-11,122
3101,12447,2025-01-28,Allgemein,Service,Allgemeine Anfrage,Neutral,Chat,Mittel,2025-02-03,164
3102,7697,2024-12-31,Smart Meter,Installation,Smart Meter zeigt keine Daten,Neutral,App,Hoch,2025-01-06,162
3103,9281,2023-10-28,Allgemein,Service,Beschwerde,Negativ,Chat,Mittel,2023-11-10,193
3104,722,2025-06-12,Solar,Technisch,Solaranlage produziert nicht,Negativ,App,Hoch,2025-06-17,99
3105,9181,2024-02-21,Wärmepumpe,Technisch,Geräuschentwicklung zu hoch,Neutral,Chat,Hoch,2024-02-25,103
3106,5710,2023-10-04,Tarif,Vertrag,Vertragsverlängerung,Neutral,Email,Mittel,2023-10-10,200
3107,13873,2024-06-16,Smart Meter,Installation,Smart Meter Ablesung fehlerhaft,Neutral,App,Mittel,2024-06-21,26
3108,16561,2025-05-07,Smart Meter,Installation,Smart Meter zeigt keine Daten,Negativ,Telefon,Mittel,2025-05-15,188
3109,5667,2025-01-25,Allgemein,Service,Kontaktdaten ändern,Positiv,Email,Mittel,2025-02-07,79
3110,18865,2023-08-03,Wärmepumpe,Technisch,Wärmepumpe Störung,Negativ,Chat,Hoch,2023-08-10,89
3111,6383,2023-02-28,Tarif,Vertrag,Kündigung,Neutral,Chat,Mittel,2023-03-06,73
3112,16662,2025-05-03,Rechnung,Abrechnung,Zahlungsplan angefragt,Neutral,Chat,Mittel,2025-05-17,77
3113,15701,2025-04-10,Solar,Technisch,Solaranlage produziert nicht,Negativ,Telefon,Niedrig,2025-04-18,141
3114,16490,2024-11-18,Allgemein,Service,Allgemeine Anfrage,Neutral,Telefon,Mittel,2024-11-30,78
3115,3217,2025-02-08,Allgemein,Service,Beschwerde,Negativ,App,Kritisch,2025-02-08,67
3116,4801,2024-11-04,Wärmepumpe,Technisch,Wartung angefragt,Neutral,Telefon,Mittel,2024-11-12,192
3117,2102,2025-02-26,Allgemein,Service,Informationsanfrage,Neutral,Chat,Hoch,2025-03-03,28
3118,17890,2024-03-19,Wärmepumpe,Technisch,Effizienz zu niedrig,Neutral,Chat,Mittel,2024-03-26,2
3119,2992,2024-04-27,Allgemein,Service,Lob,Positiv,Email,Niedrig,2024-05-04,124
3120,10784,2023-09-29,Allgemein,Service,Beschwerde,Negativ,Chat,Mittel,2023-10-04,81
3121,6349,2023-05-22,Tarif,Vertrag,Vertragsverlängerung,Neutral,Telefon,Mittel,2023-05-26,85
3122,4125,2023-03-17,Smart Meter,Installation,Smart Meter zeigt keine Daten,Neutral,Telefon,Mittel,2023-03-26,198
3123,12175,2024-12-27,Tarif,Vertrag,Ökostrom Umstellung,Negativ,App,Niedrig,2024-12-27,88
3124,4276,2023-04-25,Solar,Technisch,Solaranlage Ertrag niedrig,Neutral,Chat,Niedrig,2023-05-07,141
3125,16957,2024-10-21,Solar,Technisch,Monitoring nicht verfügbar,Negativ,Telefon,Mittel,2024-11-01,19
3126,6711,2024-02-26,Wärmepumpe,Technisch,Fehlercode E01 angezeigt,Negativ,Email,Hoch,2024-03-03,131
3127,17275,2025-05-27,Wallbox,E-Mobility,Wallbox defekt,Negativ,App,Hoch,2025-05-27,72
3128,12002,2023-04-11,Rechnung,Abrechnung,Rechnungsfrage,Negativ,App,Hoch,2023-04-16,150
3129,11698,2024-07-09,Tarif,Vertrag,Umzug melden,Negativ,Telefon,Mittel,2024-07-12,44
3130,4733,2024-02-22,Solar,Technisch,Wechselrichter Fehler,Neutral,App,Mittel,2024-03-05,15
3131,7115,2023-11-29,Allgemein,Service,Lob,Positiv,Telefon,Niedrig,2023-12-08,11
3132,253,2024-04-28,Rechnung,Abrechnung,Rechnungsfrage,Positiv,Chat,Mittel,2024-05-01,19
3133,2485,2025-06-28,Speicher,Technisch,Speicher lädt nicht,Negativ,Telefon,Mittel,2025-07-06,62
3134,16339,2024-07-19,Tarif,Vertrag,Vertragsverlängerung,Neutral,App,Kritisch,2024-07-22,195
3135,13322,2025-02-23,Wallbox,E-Mobility,Wallbox Installation angefragt,Positiv,Chat,Niedrig,2025-02-26,195
3136,4108,2025-04-27,Wallbox,E-Mobility,App-Verbindung unterbrochen,Neutral,Email,Hoch,2025-04-29,187
3137,5757,2023-10-02,Wärmepumpe,Technisch,Effizienz zu niedrig,Positiv,Telefon,Kritisch,2023-10-06,51
3138,6898,2023-11-05,Smart Meter,Installation,Smart Meter zeigt keine Daten,Neutral,App,Niedrig,2023-11-19,101
3139,8617,2025-01-21,Solar,Technisch,Monitoring nicht verfügbar,Negativ,Telefon,Kritisch,2025-01-22,200
3140,1583,2023-05-12,Wallbox,E-Mobility,Wallbox lädt nicht,Negativ,App,Hoch,2023-05-15,158
3141,1548,2023-03-28,Allgemein,Service,Informationsanfrage,Neutral,Chat,Niedrig,2023-04-05,43
3142,13590,2024-04-29,Tarif,Vertrag,Vertragsverlängerung,Neutral,Telefon,Mittel,2024-05-04,63
3143,10446,2024-02-02,Allgemein,Service,Kontaktdaten ändern,Neutral,Chat,Mittel,2024-02-07,50
3144,11029,2023-07-05,Wärmepumpe,Technisch,Wärmepumpe läuft nicht,Negativ,Telefon,Hoch,2023-07-11,47
3145,17076,2024-08-30,Solar,Technisch,Wechselrichter Fehler,Neutral,Email,Mittel,2024-09-07,135
3146,14341,2024-03-19,Smart Meter,Installation,Smart Meter Installation angefragt,Neutral,Telefon,Niedrig,2024-03-31,17
3147,4590,2025-06-18,Smart Meter,Installation,Smart Meter App funktioniert nicht,Negativ,Email,Niedrig,2025-07-02,51
3148,16559,2023-08-23,Rechnung,Abrechnung,Unstimmigkeit in Rechnung,Positiv,Email,Mittel,2023-09-01,171
3149,16163,2024-12-27,Allgemein,Service,Lob,Positiv,Email,Niedrig,2025-01-10,75
3150,16363,2024-02-06,Allgemein,Service,Kontaktdaten ändern,Neutral,App,Hoch,2024-02-11,66
3151,9431,2024-08-17,Speicher,Technisch,Kapazität gesunken,Neutral,Telefon,Niedrig,2024-08-28,33
3152,15942,2023-10-18,Wärmepumpe,Technisch,Effizienz zu niedrig,Neutral,App,Niedrig,2023-10-27,105
3153,955,2025-05-27,Smart Meter,Installation,Smart Meter defekt,Negativ,Email,Mittel,2025-06-06,23
3154,3728,2023-09-04,Rechnung,Abrechnung,Abschlag zu hoch,Positiv,Email,Niedrig,2023-09-13,129
3155,4321,2025-04-07,Solar,Technisch,Einspeisevergütung Frage,Positiv,Chat,Mittel,2025-04-11,185
3156,16065,2024-07-13,Allgemein,Service,Allgemeine Anfrage,Positiv,Chat,Niedrig,2024-07-18,39
3157,3530,2023-08-04,Smart Meter,Installation,Smart Meter Installation angefragt,Positiv,Telefon,Mittel,2023-08-09,142
3158,16625,2023-12-31,Smart Meter,Installation,Smart Meter defekt,Negativ,Email,Mittel,2024-01-06,123
3159,12036,2024-07-04,Wallbox,E-Mobility,App-Verbindung unterbrochen,Neutral,Chat,Niedrig,2024-07-09,82
3160,1566,2023-07-21,Wallbox,E-Mobility,Wallbox defekt,Negativ,Telefon,Mittel,2023-07-24,2
3161,9981,2024-08-14,Allgemein,Service,Kontaktdaten ändern,Positiv,App,Niedrig,2024-08-18,156
3162,14378,2025-02-22,Wärmepumpe,Technisch,Effizienz zu niedrig,Negativ,Telefon,Mittel,2025-03-08,13
3163,11350,2023-01-18,Tarif,Vertrag,Umzug melden,Neutral,Email,Hoch,2023-01-23,99
3164,14497,2023-02-02,Tarif,Vertrag,Umzug melden,Neutral,Telefon,Mittel,2023-02-08,78
3165,8825,2024-01-24,Speicher,Technisch,Kapazität gesunken,Neutral,Email,Mittel,2024-01-30,180
3166,13802,2024-11-26,Allgemein,Service,Beschwerde,Negativ,Email,Hoch,2024-12-01,198
3167,8898,2024-04-24,Allgemein,Service,Kontaktdaten ändern,Negativ,App,Mittel,2024-04-30,106
3168,8035,2024-02-04,Wärmepumpe,Technisch,Wärmepumpe läuft nicht,Negativ,App,Niedrig,2024-02-14,107
3169,18924,2023-03-13,Tarif,Vertrag,Ökostrom Umstellung,Positiv,Chat,Mittel,2023-03-26,6
3170,18648,2023-04-14,Allgemein,Service,Informationsanfrage,Neutral,Email,Mittel,2023-04-28,186
3171,15605,2023-05-04,Wärmepumpe,Technisch,Wärmepumpe Störung,Negativ,Chat,Kritisch,2023-05-09,166
3172,10346,2023-04-07,Tarif,Vertrag,Ökostrom Umstellung,Neutral,Telefon,Mittel,2023-04-14,161
3173,11065,2023-02-15,Allgemein,Service,Lob,Positiv,Telefon,Niedrig,2023-03-01,61
3174,3747,2023-08-15,Wärmepumpe,Technisch,Fehlercode E01 angezeigt,Neutral,Email,Mittel,2023-08-21,84
3175,17256,2024-01-18,Tarif,Vertrag,Tarifwechsel angefragt,Neutral,Email,Kritisch,2024-01-21,65
3176,19046,2025-06-01,Speicher,Technisch,Speicher lädt nicht,Negativ,App,Mittel,2025-06-09,188
3177,15069,2023-08-28,Smart Meter,Installation,Smart Meter Installation angefragt,Negativ,Telefon,Mittel,2023-08-28,72
3178,561,2024-01-29,Allgemein,Service,Allgemeine Anfrage,Neutral,Email,Niedrig,2024-02-05,120
3179,1996,2024-11-17,Wärmepumpe,Technisch,Wartung angefragt,Negativ,Chat,Niedrig,2024-11-22,106
3180,17010,2023-01-19,Solar,Technisch,Einspeisevergütung Frage,Neutral,Chat,Hoch,2023-01-24,25
3181,13356,2024-07-13,Wärmepumpe,Technisch,Effizienz zu niedrig,Neutral,Telefon,Hoch,2024-07-17,109
3182,9134,2023-02-09,Rechnung,Abrechnung,Abschlag anpassen,Neutral,App,Kritisch,2023-02-14,13
3183,4374,2024-10-17,Wärmepumpe,Technisch,Wartung angefragt,Negativ,Chat,Hoch,2024-10-19,22
3184,4507,2024-11-25,Tarif,Vertrag,Vertragsverlängerung,Positiv,Chat,Mittel,2024-12-06,44
3185,4952,2024-01-15,Speicher,Technisch,Kapazität gesunken,Negativ,Telefon,Niedrig,2024-01-18,175
3186,15210,2023-01-02,Rechnung,Abrechnung,Abschlag anpassen,Neutral,Email,Mittel,2023-01-16,74
3187,19505,2025-03-03,Solar,Technisch,Wechselrichter Fehler,Positiv,App,Hoch,2025-03-06,6
3188,4165,2024-10-22,Speicher,Technisch,Kapazität gesunken,Negativ,Email,Niedrig,2024-10-25,52
3189,12655,2025-03-18,Wallbox,E-Mobility,App-Verbindung unterbrochen,Neutral,Email,Mittel,2025-03-25,79
3190,62,2024-08-16,Solar,Technisch,Wechselrichter Fehler,Neutral,Email,Hoch,2024-08-18,141
3191,3961,2025-04-23,Wallbox,E-Mobility,Wallbox lädt nicht,Negativ,Telefon,Niedrig,2025-05-01,112
3192,13401,2023-01-18,Tarif,Vertrag,Vertragsverlängerung,Neutral,Chat,Mittel,2023-02-01,22
3193,17198,2025-04-15,Wallbox,E-Mobility,Wallbox lädt nicht,Negativ,Telefon,Mittel,2025-04-16,53
3194,14567,2024-03-09,Solar,Technisch,Einspeisevergütung Frage,Neutral,Email,Kritisch,2024-03-14,72
3195,15267,2024-09-10,Tarif,Vertrag,Vertragsverlängerung,Negativ,Chat,Mittel,2024-09-14,68
3196,18242,2024-10-07,Tarif,Vertrag,Kündigung,Neutral,Chat,Niedrig,2024-10-19,100
3197,11175,2024-09-17,Allgemein,Service,Beschwerde,Negativ,Email,Kritisch,2024-09-20,193
3198,19908,2024-12-20,Rechnung,Abrechnung,Gutschrift angefragt,Neutral,Email,Mittel,2024-12-21,59
3199,7472,2025-04-08,Solar,Technisch,Monitoring nicht verfügbar,Negativ,App,Mittel,2025-04-09,134
3200,9072,2023-05-28,Allgemein,Service,Lob,Positiv,Chat,Niedrig,2023-06-03,112
3201,5943,2024-01-09,Rechnung,Abrechnung,Rechnungsfrage,Negativ,Chat,Mittel,2024-01-17,16
3202,5011,2024-02-22,Smart Meter,Installation,Smart Meter Ablesung fehlerhaft,Neutral,App,Mittel,2024-03-06,16
3203,13643,2025-05-23,Allgemein,Service,Allgemeine Anfrage,Neutral,App,Niedrig,2025-05-28,56
3204,9460,2024-04-18,Rechnung,Abrechnung,Zahlungsplan angefragt,Positiv,Telefon,Hoch,2024-04-20,176
3205,3998,2023-06-04,Wallbox,E-Mobility,App-Verbindung unterbrochen,Neutral,Telefon,Hoch,2023-06-05,27
3206,11375,2023-02-13,Solar,Technisch,Solaranlage produziert nicht,Negativ,Chat,Hoch,2023-02-13,51
3207,13450,2024-07-21,Smart Meter,Installation,Smart Meter App funktioniert nicht,Negativ,Email,Kritisch,2024-07-28,178
3208,10049,2023-07-15,Allgemein,Service,Allgemeine Anfrage,Neutral,Telefon,Hoch,2023-07-19,149
3209,2412,2023-05-26,Allgemein,Service,Informationsanfrage,Neutral,App,Mittel,2023-06-07,87
3210,5132,2024-01-25,Tarif,Vertrag,Ökostrom Umstellung,Negativ,App,Kritisch,2024-01-26,35
3211,13008,2024-03-11,Smart Meter,Installation,Smart Meter App funktioniert nicht,Negativ,Chat,Kritisch,2024-03-18,125
3212,9419,2024-07-03,Rechnung,Abrechnung,Gutschrift angefragt,Neutral,Chat,Mittel,2024-07-09,157
3213,14112,2023-12-08,Wärmepumpe,Technisch,Wärmepumpe Störung,Negativ,App,Niedrig,2023-12-16,64
3214,7914,2024-07-11,Allgemein,Service,Allgemeine Anfrage,Neutral,Email,Niedrig,2024-07-16,100
3215,17081,2024-11-03,Wallbox,E-Mobility,Wallbox defekt,Negativ,Email,Mittel,2024-11-16,143
3216,18617,2024-08-15,Smart Meter,Installation,Smart Meter Ablesung fehlerhaft,Neutral,Telefon,Mittel,2024-08-29,49
3217,4101,2023-01-04,Speicher,Technisch,Kapazität gesunken,Neutral,Telefon,Mittel,2023-01-09,123
3218,10153,2023-11-30,Solar,Technisch,Solaranlage produziert nicht,Negativ,Telefon,Hoch,2023-12-06,183
3219,6795,2024-10-27,Rechnung,Abrechnung,Unstimmigkeit in Rechnung,Neutral,Email,Mittel,2024-10-29,101
3220,11618,2023-08-27,Allgemein,Service,Lob,Positiv,Chat,Niedrig,2023-08-28,77
3221,14299,2024-08-17,Allgemein,Service,Informationsanfrage,Positiv,Telefon,Kritisch,2024-08-17,58
3222,19579,2024-01-21,Allgemein,Service,Kontaktdaten ändern,Negativ,Email,Mittel,2024-01-21,78
3223,8524,2024-01-23,Rechnung,Abrechnung,Rechnungsfrage,Neutral,Telefon,Mittel,2024-01-27,169
3224,7496,2024-06-01,Wärmepumpe,Technisch,Wärmepumpe Störung,Negativ,Email,Mittel,2024-06-06,39
3225,19967,2025-05-26,Wallbox,E-Mobility,Ladekarte Probleme,Negativ,Telefon,Mittel,2025-06-09,46
3226,18187,2025-04-06,Wärmepumpe,Technisch,Wärmepumpe läuft nicht,Negativ,Email,Kritisch,2025-04-07,22
3227,13844,2023-01-18,Tarif,Vertrag,Vertragsverlängerung,Negativ,App,Mittel,2023-01-25,15
3228,13547,2025-04-20,Smart Meter,Installation,Smart Meter Installation angefragt,Neutral,Email,Niedrig,2025-05-04,60
3229,780,2025-01-24,Wärmepumpe,Technisch,Geräuschentwicklung zu hoch,Positiv,Telefon,Niedrig,2025-01-30,164
3230,6356,2024-11-26,Allgemein,Service,Allgemeine Anfrage,Positiv,Email,Hoch,2024-12-03,99
3231,3240,2025-03-21,Rechnung,Abrechnung,Zahlungsplan angefragt,Negativ,Email,Hoch,2025-03-28,86
3232,6056,2024-12-15,Smart Meter,Installation,Smart Meter Ablesung fehlerhaft,Negativ,App,Mittel,2024-12-24,153
3233,1408,2023-10-14,Wärmepumpe,Technisch,Effizienz zu niedrig,Negativ,Email,Mittel,2023-10-27,62
3234,12562,2024-07-11,Wallbox,E-Mobility,Wallbox Installation angefragt,Positiv,Telefon,Niedrig,2024-07-22,153
3235,1960,2023-09-04,Rechnung,Abrechnung,Abschlag anpassen,Negativ,Chat,Niedrig,2023-09-11,153
3236,4644,2025-01-26,Smart Meter,Installation,Smart Meter App funktioniert nicht,Negativ,Chat,Mittel,2025-02-06,115
3237,8092,2024-03-11,Rechnung,Abrechnung,Abschlag anpassen,Neutral,Email,Mittel,2024-03-25,32
3238,14138,2024-08-30,Solar,Technisch,Solaranlage Ertrag niedrig,Neutral,Email,Niedrig,2024-09-08,159
3239,17490,2025-02-28,Allgemein,Service,Lob,Positiv,Chat,Niedrig,2025-03-06,185
3240,9728,2025-04-04,Wärmepumpe,Technisch,Wärmepumpe läuft nicht,Negativ,App,Hoch,2025-04-08,49
3241,4214,2023-10-16,Wallbox,E-Mobility,Wallbox defekt,Negativ,Chat,Hoch,2023-10-23,90
3242,8146,2025-01-26,Allgemein,Service,Kontaktdaten ändern,Positiv,Chat,Mittel,2025-01-31,172
3243,6063,2025-02-23,Rechnung,Abrechnung,Rechnungsfrage,Neutral,Email,Niedrig,2025-03-06,58
3244,14654,2024-11-17,Speicher,Technisch,Kapazität gesunken,Neutral,Email,Mittel,2024-12-01,1
3245,2686,2025-02-20,Smart Meter,Installation,Smart Meter defekt,Negativ,App,Mittel,2025-03-03,22
3246,5,2024-07-28,Solar,Technisch,Solaranlage Ertrag niedrig,Positiv,Email,Hoch,2024-08-01,36
3247,14811,2024-02-20,Smart Meter,Installation,Smart Meter Ablesung fehlerhaft,Neutral,Email,Mittel,2024-03-03,188
3248,2570,2024-07-22,Rechnung,Abrechnung,Abschlag zu hoch,Negativ,App,Mittel,2024-07-27,46
3249,7021,2024-06-12,Speicher,Technisch,Kapazität gesunken,Positiv,App,Mittel,2024-06-14,179
3250,570,2024-05-21,Speicher,Technisch,Kapazität gesunken,Positiv,Email,Mittel,2024-06-03,195
3251,19203,2023-09-05,Rechnung,Abrechnung,Abschlag zu hoch,Negativ,Email,Hoch,2023-09-11,52
3252,15635,2023-11-05,Wärmepumpe,Technisch,Fehlercode E01 angezeigt,Negativ,Chat,Mittel,2023-11-17,23
3253,15289,2023-03-26,Smart Meter,Installation,Smart Meter Ablesung fehlerhaft,Negativ,Chat,Mittel,2023-04-01,152
3254,1745,2024-05-03,Smart Meter,Installation,Smart Meter App funktioniert nicht,Negativ,Telefon,Mittel,2024-05-17,160
3255,19327,2024-08-01,Speicher,Technisch,Kapazität gesunken,Positiv,Telefon,Niedrig,2024-08-08,123
3256,15875,2023-02-02,Rechnung,Abrechnung,Rechnungsfrage,Neutral,Chat,Mittel,2023-02-11,149
3257,11186,2023-09-27,Tarif,Vertrag,Ökostrom Umstellung,Neutral,Telefon,Mittel,2023-10-01,111
3258,16648,2024-09-01,Solar,Technisch,Solaranlage produziert nicht,Negativ,Chat,Hoch,2024-09-08,84
3259,1214,2023-06-30,Allgemein,Service,Allgemeine Anfrage,Neutral,App,Hoch,2023-07-04,165
3260,18560,2025-03-09,Solar,Technisch,Monitoring nicht verfügbar,Negativ,Telefon,Mittel,2025-03-21,154
3261,5505,2023-06-28,Wallbox,E-Mobility,Wallbox defekt,Negativ,Email,Niedrig,2023-07-02,80
3262,8379,2024-07-03,Tarif,Vertrag,Ökostrom Umstellung,Neutral,Email,Hoch,2024-07-07,166
3263,4166,2023-08-16,Rechnung,Abrechnung,Abschlag anpassen,Neutral,App,Mittel,2023-08-22,12
3264,12976,2023-10-01,Rechnung,Abrechnung,Abschlag zu hoch,Neutral,Telefon,Mittel,2023-10-13,112
3265,15979,2023-03-16,Rechnung,Abrechnung,Abschlag zu hoch,Negativ,App,Mittel,2023-03-30,176
3266,9652,2023-07-09,Smart Meter,Installation,Smart Meter App funktioniert nicht,Negativ,Email,Mittel,2023-07-14,54
3267,3868,2025-06-22,Smart Meter,Installation,Smart Meter defekt,Negativ,Telefon,Mittel,2025-06-30,113
3268,1518,2024-03-13,Tarif,Vertrag,Vertragsverlängerung,Negativ,Chat,Niedrig,2024-03-23,173
3269,53,2025-04-05,Tarif,Vertrag,Preisgarantie Frage,Neutral,Chat,Niedrig,2025-04-12,153
3270,12282,2023-07-18,Wärmepumpe,Technisch,Geräuschentwicklung zu hoch,Neutral,Email,Hoch,2023-07-18,98
3271,5402,2024-07-05,Wallbox,E-Mobility,Wallbox Installation angefragt,Neutral,Telefon,Mittel,2024-07-08,149
3272,10485,2023-10-28,Tarif,Vertrag,Umzug melden,Neutral,App,Niedrig,2023-11-01,101
3273,9267,2023-02-24,Wärmepumpe,Technisch,Effizienz zu niedrig,Neutral,App,Mittel,2023-02-26,73
3274,7751,2023-01-17,Wärmepumpe,Technisch,Wärmepumpe läuft nicht,Negativ,App,Niedrig,2023-01-23,4
3275,11183,2023-01-18,Smart Meter,Installation,Smart Meter Installation angefragt,Negativ,Telefon,Hoch,2023-01-25,162
3276,4939,2023-02-23,Rechnung,Abrechnung,Gutschrift angefragt,Positiv,App,Mittel,2023-03-07,111
3277,9484,2025-05-25,Speicher,Technisch,Speicher lädt nicht,Negativ,Chat,Hoch,2025-05-31,138
3278,1839,2025-04-08,Wärmepumpe,Technisch,Effizienz zu niedrig,Neutral,App,Mittel,2025-04-13,167
3279,6595,2024-03-08,Wärmepumpe,Technisch,Effizienz zu niedrig,Neutral,Email,Mittel,2024-03-18,70
3280,16426,2024-01-30,Wallbox,E-Mobility,Wallbox lädt nicht,Negativ,Chat,Kritisch,2024-02-01,125
3281,13794,2023-12-12,Solar,Technisch,Monitoring nicht verfügbar,Negativ,Telefon,Niedrig,2023-12-12,87
3282,17035,2025-06-27,Allgemein,Service,Kontaktdaten ändern,Negativ,App,Niedrig,2025-07-02,38
3283,14014,2024-12-26,Speicher,Technisch,Kapazität gesunken,Negativ,App,Hoch,2025-01-01,38
3284,4316,2025-04-22,Rechnung,Abrechnung,Zahlungsplan angefragt,Negativ,Telefon,Hoch,2025-04-29,115
3285,17556,2024-02-08,Wärmepumpe,Technisch,Fehlercode E01 angezeigt,Negativ,Chat,Niedrig,2024-02-20,65
3286,11354,2024-05-21,Tarif,Vertrag,Preisgarantie Frage,Neutral,Chat,Niedrig,2024-05-21,185
3287,13852,2024-06-08,Tarif,Vertrag,Kündigung,Neutral,App,Hoch,2024-06-11,29
3288,8493,2025-02-07,Speicher,Technisch,Speicher lädt nicht,Negativ,App,Kritisch,2025-02-10,112
3289,434,2023-12-14,Allgemein,Service,Beschwerde,Negativ,Telefon,Hoch,2023-12-14,147
3290,10607,2023-11-20,Speicher,Technisch,Speicher lädt nicht,Negativ,App,Hoch,2023-11-27,166
3291,9925,2023-05-30,Rechnung,Abrechnung,Rechnungsfrage,Neutral,Telefon,Niedrig,2023-06-06,95
3292,7315,2024-09-08,Wärmepumpe,Technisch,Wärmepumpe läuft nicht,Negativ,Chat,Hoch,2024-09-11,183
3293,18931,2025-02-27,Tarif,Vertrag,Ökostrom Umstellung,Neutral,Email,Niedrig,2025-03-02,186
3294,12944,2024-07-09,Tarif,Vertrag,Vertragsverlängerung,Neutral,App,Hoch,2024-07-09,48
3295,5140,2023-06-22,Smart Meter,Installation,Smart Meter zeigt keine Daten,Neutral,App,Mittel,2023-06-26,152
3296,5915,2023-10-11,Rechnung,Abrechnung,Gutschrift angefragt,Neutral,App,Niedrig,2023-10-25,87
3297,18973,2024-12-01,Solar,Technisch,Monitoring nicht verfügbar,Negativ,Telefon,Hoch,2024-12-03,153
3298,8557,2025-06-24,Wärmepumpe,Technisch,Fehlercode E01 angezeigt,Negativ,Telefon,Hoch,2025-06-25,22
3299,18522,2023-04-25,Rechnung,Abrechnung,Zahlungsplan angefragt,Neutral,Telefon,Niedrig,2023-05-06,78
3300,17302,2023-03-03,Tarif,Vertrag,Umzug melden,Neutral,Telefon,Kritisch,2023-03-08,138
3301,13363,2023-08-13,Wallbox,E-Mobility,Wallbox lädt nicht,Negativ,Chat,Kritisch,2023-08-18,97
3302,12071,2023-03-26,Rechnung,Abrechnung,Unstimmigkeit in Rechnung,Positiv,Telefon,Mittel,2023-03-28,33
3303,15674,2024-04-12,Tarif,Vertrag,Kündigung,Neutral,Email,Niedrig,2024-04-15,84
3304,15821,2023-05-16,Wärmepumpe,Technisch,Wärmepumpe Störung,Negativ,App,Hoch,2023-05-16,45
3305,270,2025-01-08,Solar,Technisch,Solaranlage produziert nicht,Negativ,Telefon,Kritisch,2025-01-10,73
3306,14808,2024-02-11,Wallbox,E-Mobility,App-Verbindung unterbrochen,Negativ,App,Niedrig,2024-02-21,187
3307,2513,2024-11-24,Solar,Technisch,Monitoring nicht verfügbar,Negativ,Telefon,Mittel,2024-12-08,162
3308,274,2023-06-14,Tarif,Vertrag,Tarifwechsel angefragt,Negativ,App,Mittel,2023-06-17,40
3309,8902,2023-11-29,Speicher,Technisch,Speicher lädt nicht,Negativ,Chat,Hoch,2023-12-02,111
3310,11990,2025-01-11,Wallbox,E-Mobility,Wallbox lädt nicht,Negativ,Telefon,Hoch,2025-01-18,4
3311,12324,2024-08-21,Rechnung,Abrechnung,Zahlungsplan angefragt,Neutral,Email,Kritisch,2024-08-21,67
3312,947,2024-04-26,Wallbox,E-Mobility,Ladekarte Probleme,Positiv,App,Niedrig,2024-04-28,160
3313,2531,2023-08-09,Smart Meter,Installation,Smart Meter Installation angefragt,Neutral,Email,Niedrig,2023-08-13,63
3314,2787,2023-06-09,Solar,Technisch,Solaranlage produziert nicht,Negativ,App,Mittel,2023-06-10,173
3315,15833,2024-09-03,Tarif,Vertrag,Kündigung,Negativ,Email,Mittel,2024-09-14,149
3316,4045,2024-05-10,Wärmepumpe,Technisch,Wartung angefragt,Neutral,Telefon,Mittel,2024-05-18,117
3317,6648,2023-07-01,Smart Meter,Installation,Smart Meter Installation angefragt,Positiv,Chat,Mittel,2023-07-02,159
3318,8817,2023-10-27,Tarif,Vertrag,Vertragsverlängerung,Neutral,Telefon,Niedrig,2023-11-05,123
3319,15117,2024-02-27,Smart Meter,Installation,Smart Meter App funktioniert nicht,Negativ,Telefon,Mittel,2024-02-28,21
3320,6926,2025-06-04,Speicher,Technisch,Kapazität gesunken,Neutral,App,Hoch,2025-06-06,126
3321,15984,2025-01-11,Rechnung,Abrechnung,Abschlag zu hoch,Neutral,App,Niedrig,2025-01-14,12
3322,4118,2025-04-18,Allgemein,Service,Informationsanfrage,Positiv,Chat,Niedrig,2025-04-23,149
3323,11644,2024-09-22,Allgemein,Service,Allgemeine Anfrage,Neutral,Chat,Kritisch,2024-09-28,175
3324,14507,2024-02-04,Smart Meter,Installation,Smart Meter Installation angefragt,Neutral,Telefon,Hoch,2024-02-11,129
3325,17267,2025-01-02,Tarif,Vertrag,Ökostrom Umstellung,Negativ,Telefon,Mittel,2025-01-02,166
3326,6632,2024-11-02,Smart Meter,Installation,Smart Meter App funktioniert nicht,Negativ,Chat,Niedrig,2024-11-08,43
3327,13429,2025-04-25,Smart Meter,Installation,Smart Meter defekt,Negativ,Telefon,Kritisch,2025-04-25,73
3328,18332,2025-06-06,Rechnung,Abrechnung,Gutschrift angefragt,Neutral,App,Mittel,2025-06-17,32
3329,17932,2024-01-23,Wallbox,E-Mobility,App-Verbindung unterbrochen,Positiv,Email,Mittel,2024-01-27,1
3330,1733,2025-01-18,Smart Meter,Installation,Smart Meter Installation angefragt,Positiv,Chat,Mittel,2025-01-28,2
3331,6015,2023-08-28,Wallbox,E-Mobility,Wallbox Installation angefragt,Neutral,Email,Niedrig,2023-08-29,20
3332,18771,2024-12-16,Solar,Technisch,Solaranlage Ertrag niedrig,Neutral,Chat,Hoch,2024-12-21,26
3333,13214,2024-04-16,Wärmepumpe,Technisch,Geräuschentwicklung zu hoch,Positiv,Telefon,Hoch,2024-04-21,92
3334,4691,2023-10-12,Rechnung,Abrechnung,Gutschrift angefragt,Negativ,Chat,Mittel,2023-10-15,4
3335,6139,2025-04-14,Wärmepumpe,Technisch,Fehlercode E01 angezeigt,Neutral,Email,Niedrig,2025-04-22,186
3336,1771,2024-04-21,Rechnung,Abrechnung,Abschlag zu hoch,Positiv,Chat,Hoch,2024-04-27,186
3337,746,2024-02-12,Tarif,Vertrag,Tarifwechsel angefragt,Neutral,Telefon,Hoch,2024-02-16,94
3338,19649,2024-02-01,Wärmepumpe,Technisch,Wärmepumpe läuft nicht,Negativ,Telefon,Kritisch,2024-02-04,152
3339,15918,2024-05-15,Rechnung,Abrechnung,Abschlag anpassen,Positiv,Email,Hoch,2024-05-15,11
3340,8707,2025-02-13,Wallbox,E-Mobility,App-Verbindung unterbrochen,Neutral,Email,Mittel,2025-02-14,8
3341,18913,2023-03-09,Wallbox,E-Mobility,Wallbox defekt,Negativ,Email,Niedrig,2023-03-15,49
3342,17023,2025-05-17,Solar,Technisch,Monitoring nicht verfügbar,Negativ,App,Hoch,2025-05-18,145
3343,5565,2024-06-26,Allgemein,Service,Allgemeine Anfrage,Neutral,Email,Mittel,2024-06-27,134
3344,9431,2024-10-22,Rechnung,Abrechnung,Gutschrift angefragt,Negativ,Chat,Mittel,2024-10-31,118
3345,18114,2023-05-09,Wärmepumpe,Technisch,Effizienz zu niedrig,Positiv,Chat,Mittel,2023-05-16,141
3346,16103,2023-07-17,Rechnung,Abrechnung,Abschlag anpassen,Neutral,Telefon,Niedrig,2023-07-17,56
3347,2968,2024-12-14,Rechnung,Abrechnung,Zahlungsplan angefragt,Neutral,Chat,Kritisch,2024-12-19,14
3348,16865,2025-05-17,Tarif,Vertrag,Vertragsverlängerung,Neutral,App,Hoch,2025-05-21,159
3349,12414,2023-07-24,Wallbox,E-Mobility,Wallbox defekt,Negativ,App,Mittel,2023-07-31,51
3350,14899,2024-02-14,Tarif,Vertrag,Preisgarantie Frage,Neutral,Chat,Niedrig,2024-02-27,134
3351,809,2024-02-22,Wallbox,E-Mobility,Wallbox lädt nicht,Negativ,Chat,Mittel,2024-02-23,47
3352,6185,2023-03-11,Allgemein,Service,Informationsanfrage,Neutral,App,Mittel,2023-03-22,56
3353,8756,2023-10-19,Rechnung,Abrechnung,Rechnungsfrage,Neutral,Chat,Mittel,2023-10-31,77
3354,18494,2024-08-23,Tarif,Vertrag,Tarifwechsel angefragt,Negativ,Telefon,Hoch,2024-08-25,114
3355,3974,2024-07-16,Speicher,Technisch,Speicher lädt nicht,Negativ,Email,Mittel,2024-07-19,126
3356,16573,2024-07-15,Smart Meter,Installation,Smart Meter Ablesung fehlerhaft,Neutral,Telefon,Niedrig,2024-07-25,12
3357,19829,2024-08-26,Smart Meter,Installation,Smart Meter Ablesung fehlerhaft,Neutral,Email,Kritisch,2024-08-29,154
3358,16086,2024-12-25,Allgemein,Service,Kontaktdaten ändern,Neutral,Telefon,Niedrig,2025-01-04,21
3359,11693,2023-06-07,Tarif,Vertrag,Vertragsverlängerung,Neutral,Telefon,Mittel,2023-06-21,86
3360,17998,2023-08-02,Solar,Technisch,Solaranlage Ertrag niedrig,Neutral,Chat,Kritisch,2023-08-08,153
3361,1887,2025-01-03,Tarif,Vertrag,Umzug melden,Negativ,App,Hoch,2025-01-03,56
3362,18854,2023-07-16,Solar,Technisch,Einspeisevergütung Frage,Neutral,Email,Hoch,2023-07-22,5
3363,15192,2024-06-08,Wärmepumpe,Technisch,Wartung angefragt,Positiv,Email,Mittel,2024-06-11,147
3364,9473,2024-02-06,Speicher,Technisch,Speicher lädt nicht,Negativ,Email,Niedrig,2024-02-07,105
3365,19930,2023-10-13,Tarif,Vertrag,Umzug melden,Negativ,App,Mittel,2023-10-17,156
3366,14076,2024-02-15,Solar,Technisch,Solaranlage Ertrag niedrig,Positiv,Email,Mittel,2024-02-15,26
3367,12021,2024-06-12,Tarif,Vertrag,Tarifwechsel angefragt,Positiv,App,Hoch,2024-06-13,195
3368,12557,2025-01-04,Allgemein,Service,Kontaktdaten ändern,Negativ,Email,Niedrig,2025-01-10,15
3369,8996,2023-12-14,Solar,Technisch,Solaranlage produziert nicht,Negativ,Telefon,Hoch,2023-12-18,34
3370,13156,2023-05-28,Solar,Technisch,Monitoring nicht verfügbar,Negativ,Telefon,Kritisch,2023-05-29,23
3371,8338,2023-01-22,Rechnung,Abrechnung,Zahlungsplan angefragt,Neutral,Email,Mittel,2023-02-01,93
3372,10433,2023-06-22,Tarif,Vertrag,Tarifwechsel angefragt,Neutral,Chat,Mittel,2023-06-26,51
3373,4175,2023-05-23,Allgemein,Service,Allgemeine Anfrage,Positiv,Telefon,Niedrig,2023-05-26,57
3374,1472,2023-10-05,Allgemein,Service,Lob,Positiv,Telefon,Niedrig,2023-10-05,103
3375,1154,2025-01-25,Wallbox,E-Mobility,Wallbox Installation angefragt,Neutral,Telefon,Hoch,2025-01-28,53
3376,12905,2023-07-24,Wallbox,E-Mobility,Wallbox defekt,Negativ,App,Hoch,2023-07-30,90
3377,13234,2023-08-29,Tarif,Vertrag,Ökostrom Umstellung,Neutral,App,Hoch,2023-09-01,95
3378,14103,2024-09-05,Wärmepumpe,Technisch,Wärmepumpe Störung,Negativ,Telefon,Hoch,2024-09-06,169
3379,15936,2024-03-10,Tarif,Vertrag,Kündigung,Neutral,Chat,Niedrig,2024-03-23,118
3380,3599,2024-09-18,Allgemein,Service,Kontaktdaten ändern,Neutral,Email,Mittel,2024-10-02,67
3381,7783,2023-04-06,Rechnung,Abrechnung,Abschlag zu hoch,Positiv,App,Niedrig,2023-04-12,191
3382,3832,2024-10-11,Wärmepumpe,Technisch,Wärmepumpe Störung,Negativ,App,Hoch,2024-10-16,69
3383,19707,2024-01-28,Rechnung,Abrechnung,Zahlungsplan angefragt,Positiv,Telefon,Mittel,2024-02-04,146
3384,3976,2023-05-15,Solar,Technisch,Einspeisevergütung Frage,Neutral,Chat,Mittel,2023-05-18,32
3385,4072,2023-07-27,Rechnung,Abrechnung,Abschlag anpassen,Neutral,Chat,Hoch,2023-07-27,86
3386,14339,2023-02-15,Solar,Technisch,Solaranlage Ertrag niedrig,Positiv,App,Mittel,2023-02-15,154
3387,10344,2024-03-21,Wärmepumpe,Technisch,Wärmepumpe läuft nicht,Negativ,Email,Mittel,2024-03-26,93
3388,17581,2024-03-11,Wallbox,E-Mobility,Wallbox Installation angefragt,Neutral,App,Niedrig,2024-03-25,191
3389,13228,2025-04-26,Speicher,Technisch,Batteriespeicher Störung,Negativ,Chat,Mittel,2025-05-10,166
3390,15492,2023-01-07,Smart Meter,Installation,Smart Meter Installation angefragt,Neutral,Telefon,Mittel,2023-01-21,123
3391,18006,2024-03-04,Speicher,Technisch,Batteriespeicher Störung,Negativ,App,Mittel,2024-03-07,1
3392,18975,2023-05-17,Rechnung,Abrechnung,Rechnungsfrage,Neutral,App,Hoch,2023-05-24,97
3393,6377,2024-01-25,Wallbox,E-Mobility,Wallbox defekt,Negativ,Chat,Hoch,2024-01-31,66
3394,8522,2024-05-04,Solar,Technisch,Wechselrichter Fehler,Neutral,Chat,Mittel,2024-05-13,56
3395,4218,2023-01-03,Wärmepumpe,Technisch,Wartung angefragt,Neutral,App,Hoch,2023-01-07,188
3396,18267,2024-10-23,Tarif,Vertrag,Ökostrom Umstellung,Neutral,Telefon,Hoch,2024-10-27,188
3397,15705,2024-10-17,Rechnung,Abrechnung,Unstimmigkeit in Rechnung,Neutral,App,Niedrig,2024-10-22,28
3398,14050,2024-06-08,Smart Meter,Installation,Smart Meter zeigt keine Daten,Positiv,Email,Mittel,2024-06-11,167
3399,620,2025-04-04,Smart Meter,Installation,Smart Meter App funktioniert nicht,Negativ,App,Hoch,2025-04-11,163
3400,1130,2025-01-21,Wärmepumpe,Technisch,Effizienz zu niedrig,Neutral,Email,Niedrig,2025-02-02,91
3401,15004,2023-03-16,Tarif,Vertrag,Kündigung,Neutral,App,Mittel,2023-03-25,12
3402,7040,2024-09-05,Smart Meter,Installation,Smart Meter Ablesung fehlerhaft,Negativ,App,Hoch,2024-09-12,95
3403,7263,2023-11-01,Wärmepumpe,Technisch,Fehlercode E01 angezeigt,Neutral,App,Mittel,2023-11-14,10
3404,16000,2024-09-07,Wallbox,E-Mobility,Ladekarte Probleme,Positiv,Chat,Mittel,2024-09-19,57
3405,14550,2024-09-10,Allgemein,Service,Beschwerde,Negativ,Telefon,Hoch,2024-09-10,85
3406,9094,2024-12-30,Smart Meter,Installation,Smart Meter Ablesung fehlerhaft,Neutral,App,Mittel,2025-01-09,19
3407,16765,2023-09-26,Speicher,Technisch,Speicher lädt nicht,Negativ,App,Hoch,2023-09-28,114
3408,2379,2023-08-06,Speicher,Technisch,Batteriespeicher Störung,Negativ,App,Kritisch,2023-08-11,104
3409,8393,2024-07-12,Allgemein,Service,Lob,Positiv,Email,Niedrig,2024-07-22,159
3410,17336,2024-05-16,Rechnung,Abrechnung,Abschlag anpassen,Neutral,Email,Mittel,2024-05-23,27
3411,18791,2023-11-25,Allgemein,Service,Beschwerde,Negativ,App,Mittel,2023-12-07,142
3412,3894,2023-06-07,Smart Meter,Installation,Smart Meter defekt,Negativ,App,Kritisch,2023-06-14,111
3413,16024,2025-03-25,Wärmepumpe,Technisch,Geräuschentwicklung zu hoch,Neutral,Telefon,Hoch,2025-03-25,105
3414,14188,2025-01-20,Smart Meter,Installation,Smart Meter zeigt keine Daten,Positiv,Email,Mittel,2025-01-23,130
3415,10468,2024-01-12,Allgemein,Service,Kontaktdaten ändern,Positiv,Chat,Niedrig,2024-01-24,48
3416,11031,2025-05-02,Allgemein,Service,Lob,Positiv,Email,Niedrig,2025-05-11,57
3417,16369,2025-04-03,Smart Meter,Installation,Smart Meter zeigt keine Daten,Neutral,App,Mittel,2025-04-13,41
3418,10476,2023-07-17,Solar,Technisch,Monitoring nicht verfügbar,Negativ,Email,Kritisch,2023-07-17,159
3419,2716,2024-05-24,Wärmepumpe,Technisch,Wärmepumpe Störung,Negativ,Chat,Mittel,2024-05-27,129
3420,10766,2024-10-28,Allgemein,Service,Informationsanfrage,Neutral,Email,Mittel,2024-10-29,109
3421,9626,2023-05-24,Wallbox,E-Mobility,Ladekarte Probleme,Positiv,Email,Niedrig,2023-05-30,124
3422,17165,2024-06-19,Solar,Technisch,Solaranlage Ertrag niedrig,Positiv,Chat,Mittel,2024-06-29,57
3423,1434,2023-08-21,Speicher,Technisch,Speicher lädt nicht,Negativ,Chat,Mittel,2023-08-22,162
3424,19049,2025-06-11,Speicher,Technisch,Speicher lädt nicht,Negativ,Email,Hoch,2025-06-16,191
3425,15076,2023-10-29,Speicher,Technisch,Speicher lädt nicht,Negativ,Chat,Kritisch,2023-10-29,38
3426,16144,2023-03-06,Wallbox,E-Mobility,Wallbox Installation angefragt,Neutral,Telefon,Mittel,2023-03-12,171
3427,12784,2023-12-13,Solar,Technisch,Solaranlage Ertrag niedrig,Neutral,Telefon,Niedrig,2023-12-19,67
3428,5319,2025-05-23,Speicher,Technisch,Kapazität gesunken,Neutral,Chat,Mittel,2025-06-01,29
3429,12469,2023-06-25,Solar,Technisch,Solaranlage Ertrag niedrig,Neutral,App,Mittel,2023-07-02,102
3430,10977,2024-05-26,Solar,Technisch,Einspeisevergütung Frage,Neutral,App,Hoch,2024-05-29,67
3431,19845,2023-01-11,Tarif,Vertrag,Kündigung,Negativ,Email,Mittel,2023-01-24,170
3432,312,2025-06-15,Rechnung,Abrechnung,Rechnungsfrage,Neutral,Chat,Mittel,2025-06-28,171
3433,15748,2024-04-06,Smart Meter,Installation,Smart Meter App funktioniert nicht,Negativ,Chat,Hoch,2024-04-13,161
3434,11683,2024-03-14,Wärmepumpe,Technisch,Wärmepumpe Störung,Negativ,App,Hoch,2024-03-19,165
3435,2996,2023-03-26,Wallbox,E-Mobility,Wallbox Installation angefragt,Negativ,Telefon,Niedrig,2023-03-31,104
3436,15839,2024-08-22,Tarif,Vertrag,Kündigung,Neutral,Chat,Mittel,2024-08-23,29
3437,16241,2023-04-03,Allgemein,Service,Lob,Positiv,Chat,Niedrig,2023-04-08,77
3438,3349,2025-05-21,Allgemein,Service,Kontaktdaten ändern,Neutral,Telefon,Mittel,2025-06-01,65
3439,12667,2025-05-29,Smart Meter,Installation,Smart Meter App funktioniert nicht,Negativ,Email,Kritisch,2025-06-04,147
3440,18528,2024-09-10,Wärmepumpe,Technisch,Wartung angefragt,Neutral,App,Mittel,2024-09-13,38
3441,3393,2023-06-25,Rechnung,Abrechnung,Zahlungsplan angefragt,Positiv,Telefon,Mittel,2023-07-09,31
3442,4505,2023-07-01,Wärmepumpe,Technisch,Geräuschentwicklung zu hoch,Negativ,Email,Niedrig,2023-07-07,85
3443,13161,2024-07-04,Smart Meter,Installation,Smart Meter Installation angefragt,Positiv,Chat,Mittel,2024-07-04,42
3444,1419,2024-09-26,Allgemein,Service,Beschwerde,Negativ,Telefon,Mittel,2024-10-01,133
3445,2063,2024-08-10,Solar,Technisch,Einspeisevergütung Frage,Neutral,Email,Niedrig,2024-08-12,104
3446,4386,2023-02-07,Wärmepumpe,Technisch,Effizienz zu niedrig,Negativ,App,Mittel,2023-02-09,180
3447,6517,2024-05-22,Wärmepumpe,Technisch,Wartung angefragt,Neutral,Email,Mittel,2024-06-04,88
3448,4574,2023-11-18,Wallbox,E-Mobility,Wallbox defekt,Negativ,App,Hoch,2023-11-22,113
3449,1673,2023-07-29,Solar,Technisch,Monitoring nicht verfügbar,Negativ,Chat,Mittel,2023-08-09,96
3450,3951,2025-01-11,Wärmepumpe,Technisch,Wärmepumpe läuft nicht,Negativ,Email,Kritisch,2025-01-12,120
3451,12867,2024-06-18,Wallbox,E-Mobility,Ladekarte Probleme,Neutral,Chat,Niedrig,2024-07-02,142
3452,2796,2024-03-29,Smart Meter,Installation,Smart Meter Ablesung fehlerhaft,Neutral,Chat,Hoch,2024-03-29,138
3453,267,2024-05-29,Smart Meter,Installation,Smart Meter App funktioniert nicht,Negativ,App,Mittel,2024-06-09,125
3454,10575,2025-02-02,Smart Meter,Installation,Smart Meter defekt,Negativ,Chat,Mittel,2025-02-14,77
3455,10317,2023-07-12,Solar,Technisch,Einspeisevergütung Frage,Neutral,App,Mittel,2023-07-15,149
3456,18866,2023-09-05,Smart Meter,Installation,Smart Meter App funktioniert nicht,Negativ,App,Hoch,2023-09-09,4
3457,17703,2024-08-29,Allgemein,Service,Informationsanfrage,Negativ,App,Mittel,2024-08-29,97
3458,7505,2024-06-30,Rechnung,Abrechnung,Unstimmigkeit in Rechnung,Positiv,Email,Mittel,2024-07-10,37
3459,4791,2024-01-06,Tarif,Vertrag,Kündigung,Neutral,Telefon,Mittel,2024-01-08,198
3460,11686,2024-07-24,Smart Meter,Installation,Smart Meter defekt,Negativ,Email,Hoch,2024-07-31,175
3461,17593,2024-11-20,Speicher,Technisch,Speicher lädt nicht,Negativ,App,Mittel,2024-12-03,111
3462,15021,2024-06-04,Wärmepumpe,Technisch,Effizienz zu niedrig,Neutral,Telefon,Mittel,2024-06-15,52
3463,13377,2025-03-08,Smart Meter,Installation,Smart Meter defekt,Negativ,Email,Hoch,2025-03-09,67
3464,686,2023-09-10,Wärmepumpe,Technisch,Wärmepumpe läuft nicht,Negativ,App,Mittel,2023-09-12,62
3465,4429,2024-10-23,Solar,Technisch,Solaranlage produziert nicht,Negativ,Email,Hoch,2024-10-26,80
3466,15155,2024-01-07,Smart Meter,Installation,Smart Meter zeigt keine Daten,Negativ,Email,Niedrig,2024-01-16,97
3467,6550,2024-11-04,Speicher,Technisch,Kapazität gesunken,Positiv,Email,Niedrig,2024-11-12,73
3468,1540,2024-09-23,Wärmepumpe,Technisch,Wärmepumpe läuft nicht,Negativ,App,Hoch,2024-09-25,7
3469,16145,2024-06-08,Smart Meter,Installation,Smart Meter Installation angefragt,Neutral,Chat,Hoch,2024-06-13,74
3470,18558,2024-01-02,Tarif,Vertrag,Ökostrom Umstellung,Negativ,Chat,Kritisch,2024-01-03,97
3471,6392,2025-06-02,Smart Meter,Installation,Smart Meter Ablesung fehlerhaft,Negativ,Email,Mittel,2025-06-10,147
3472,1425,2024-02-07,Smart Meter,Installation,Smart Meter defekt,Negativ,Chat,Niedrig,2024-02-19,130
3473,7648,2025-03-15,Allgemein,Service,Kontaktdaten ändern,Neutral,Chat,Mittel,2025-03-19,27
3474,7407,2024-08-08,Rechnung,Abrechnung,Gutschrift angefragt,Neutral,Telefon,Mittel,2024-08-14,7
3475,4179,2024-03-25,Allgemein,Service,Informationsanfrage,Negativ,Chat,Mittel,2024-03-29,15
3476,13418,2023-05-20,Rechnung,Abrechnung,Unstimmigkeit in Rechnung,Neutral,Chat,Mittel,2023-06-01,32
3477,12654,2025-01-08,Wärmepumpe,Technisch,Fehlercode E01 angezeigt,Neutral,Email,Mittel,2025-01-15,61
3478,2250,2025-05-07,Wärmepumpe,Technisch,Wärmepumpe läuft nicht,Negativ,Telefon,Hoch,2025-05-07,142
3479,17416,2023-11-18,Solar,Technisch,Solaranlage Ertrag niedrig,Neutral,Email,Mittel,2023-11-27,40
3480,7696,2023-12-30,Smart Meter,Installation,Smart Meter Ablesung fehlerhaft,Neutral,Email,Mittel,2024-01-01,175
3481,16392,2025-03-19,Speicher,Technisch,Kapazität gesunken,Neutral,Chat,Mittel,2025-03-26,137
3482,14530,2023-01-25,Solar,Technisch,Wechselrichter Fehler,Neutral,Chat,Mittel,2023-02-03,95
3483,2702,2025-01-23,Wärmepumpe,Technisch,Wärmepumpe Störung,Negativ,Telefon,Hoch,2025-01-26,154
3484,1469,2023-01-27,Tarif,Vertrag,Tarifwechsel angefragt,Neutral,Email,Niedrig,2023-01-28,18
3485,19850,2024-06-15,Rechnung,Abrechnung,Abschlag anpassen,Neutral,App,Niedrig,2024-06-22,189
3486,5630,2024-09-05,Wärmepumpe,Technisch,Fehlercode E01 angezeigt,Negativ,Chat,Niedrig,2024-09-18,50
3487,12424,2024-01-29,Wallbox,E-Mobility,Wallbox lädt nicht,Negativ,App,Mittel,2024-02-07,5
3488,13909,2025-06-27,Speicher,Technisch,Speicher lädt nicht,Negativ,Email,Mittel,2025-07-08,106
3489,19779,2024-04-25,Speicher,Technisch,Speicher lädt nicht,Negativ,Telefon,Hoch,2024-04-29,81
3490,10001,2024-08-17,Smart Meter,Installation,Smart Meter Installation angefragt,Neutral,Email,Hoch,2024-08-17,58
3491,3111,2024-02-06,Wallbox,E-Mobility,Wallbox defekt,Negativ,Chat,Mittel,2024-02-16,142
3492,3555,2023-03-27,Wärmepumpe,Technisch,Geräuschentwicklung zu hoch,Neutral,Email,Niedrig,2023-03-29,39
3493,14061,2025-02-08,Smart Meter,Installation,Smart Meter defekt,Negativ,Chat,Kritisch,2025-02-12,138
3494,13944,2024-06-26,Wärmepumpe,Technisch,Effizienz zu niedrig,Positiv,App,Mittel,2024-07-05,124
3495,8999,2023-05-10,Solar,Technisch,Einspeisevergütung Frage,Neutral,Chat,Mittel,2023-05-15,174
3496,8224,2024-01-04,Wallbox,E-Mobility,Wallbox lädt nicht,Negativ,Chat,Hoch,2024-01-10,103
3497,16158,2024-01-29,Smart Meter,Installation,Smart Meter defekt,Negativ,Chat,Kritisch,2024-02-05,59
3498,16415,2024-08-22,Smart Meter,Installation,Smart Meter zeigt keine Daten,Neutral,App,Mittel,2024-09-03,33
3499,18567,2025-05-27,Wärmepumpe,Technisch,Wartung angefragt,Negativ,Email,Mittel,2025-05-27,66
3500,10222,2025-05-10,Wallbox,E-Mobility,App-Verbindung unterbrochen,Neutral,Email,Mittel,2025-05-19,78
3501,8920,2025-05-31,Tarif,Vertrag,Kündigung,Neutral,Telefon,Niedrig,2025-06-08,195
3502,1374,2023-11-29,Tarif,Vertrag,Preisgarantie Frage,Neutral,App,Mittel,2023-12-02,55
3503,7957,2023-07-06,Solar,Technisch,Monitoring nicht verfügbar,Negativ,App,Hoch,2023-07-09,20
3504,5154,2023-07-21,Tarif,Vertrag,Vertragsverlängerung,Neutral,Email,Niedrig,2023-07-26,172
3505,18952,2025-03-27,Speicher,Technisch,Batteriespeicher Störung,Negativ,Chat,Kritisch,2025-04-01,101
3506,11638,2024-03-17,Speicher,Technisch,Speicher lädt nicht,Negativ,Telefon,Niedrig,2024-03-31,158
3507,15264,2023-05-28,Allgemein,Service,Informationsanfrage,Neutral,App,Hoch,2023-05-28,52
3508,15980,2023-07-20,Tarif,Vertrag,Ökostrom Umstellung,Negativ,App,Hoch,2023-07-22,90
3509,2945,2023-06-27,Wärmepumpe,Technisch,Effizienz zu niedrig,Neutral,App,Niedrig,2023-07-01,126
3510,19546,2025-02-15,Speicher,Technisch,Batteriespeicher Störung,Negativ,Telefon,Mittel,2025-02-22,169
3511,15455,2023-08-22,Rechnung,Abrechnung,Abschlag anpassen,Negativ,Chat,Mittel,2023-09-03,44
3512,9162,2025-03-16,Wärmepumpe,Technisch,Geräuschentwicklung zu hoch,Positiv,Chat,Mittel,2025-03-24,158
3513,8462,2024-03-01,Tarif,Vertrag,Kündigung,Neutral,Email,Mittel,2024-03-08,28
3514,1209,2024-03-18,Wallbox,E-Mobility,Wallbox defekt,Negativ,App,Mittel,2024-03-22,74
3515,5097,2024-09-05,Speicher,Technisch,Kapazität gesunken,Negativ,App,Hoch,2024-09-07,62
3516,5696,2024-04-08,Wärmepumpe,Technisch,Wärmepumpe Störung,Negativ,Chat,Kritisch,2024-04-12,139
3517,176,2025-02-27,Speicher,Technisch,Speicher lädt nicht,Negativ,Telefon,Hoch,2025-02-28,166
3518,190,2023-07-29,Allgemein,Service,Informationsanfrage,Negativ,Telefon,Kritisch,2023-07-30,137
3519,18382,2025-05-29,Wärmepumpe,Technisch,Wärmepumpe Störung,Negativ,Telefon,Kritisch,2025-06-01,35
3520,5923,2025-02-07,Smart Meter,Installation,Smart Meter Installation angefragt,Neutral,Email,Kritisch,2025-02-11,10
3521,11886,2024-07-26,Wärmepumpe,Technisch,Wärmepumpe läuft nicht,Negativ,Chat,Niedrig,2024-08-02,184
3522,2799,2025-05-24,Rechnung,Abrechnung,Unstimmigkeit in Rechnung,Positiv,Chat,Niedrig,2025-06-07,160
3523,6548,2025-06-02,Wallbox,E-Mobility,Wallbox lädt nicht,Negativ,App,Mittel,2025-06-09,199
3524,3666,2024-10-15,Rechnung,Abrechnung,Unstimmigkeit in Rechnung,Neutral,Telefon,Mittel,2024-10-16,74
3525,110,2023-09-02,Wallbox,E-Mobility,Wallbox defekt,Negativ,Telefon,Hoch,2023-09-08,153
3526,16162,2024-01-21,Speicher,Technisch,Kapazität gesunken,Neutral,Email,Niedrig,2024-02-03,170
3527,15289,2023-05-21,Wallbox,E-Mobility,Wallbox Installation angefragt,Neutral,Email,Niedrig,2023-06-03,74
3528,6706,2023-10-18,Wallbox,E-Mobility,Wallbox defekt,Negativ,App,Hoch,2023-10-23,120
3529,9553,2023-04-12,Rechnung,Abrechnung,Abschlag anpassen,Neutral,Chat,Niedrig,2023-04-14,77
3530,5275,2024-05-16,Rechnung,Abrechnung,Gutschrift angefragt,Positiv,Email,Kritisch,2024-05-17,159
3531,5782,2024-11-30,Wärmepumpe,Technisch,Wärmepumpe läuft nicht,Negativ,Telefon,Kritisch,2024-12-06,70
3532,3896,2024-01-23,Tarif,Vertrag,Vertragsverlängerung,Neutral,Telefon,Mittel,2024-02-05,63
3533,19684,2023-05-16,Speicher,Technisch,Batteriespeicher Störung,Negativ,Chat,Hoch,2023-05-19,80
3534,9730,2024-08-22,Rechnung,Abrechnung,Abschlag zu hoch,Neutral,Email,Mittel,2024-08-29,86
3535,10844,2025-04-05,Solar,Technisch,Einspeisevergütung Frage,Positiv,App,Niedrig,2025-04-19,106
3536,8298,2024-10-01,Wärmepumpe,Technisch,Geräuschentwicklung zu hoch,Neutral,App,Niedrig,2024-10-14,37
3537,4926,2023-09-20,Allgemein,Service,Informationsanfrage,Neutral,Email,Hoch,2023-09-25,195
3538,1639,2024-04-04,Tarif,Vertrag,Tarifwechsel angefragt,Negativ,Email,Mittel,2024-04-08,37
3539,5070,2023-04-24,Solar,Technisch,Einspeisevergütung Frage,Negativ,App,Mittel,2023-04-27,190
3540,2865,2024-11-11,Wärmepumpe,Technisch,Wärmepumpe Störung,Negativ,Chat,Hoch,2024-11-13,118
3541,14462,2023-08-09,Tarif,Vertrag,Vertragsverlängerung,Neutral,App,Mittel,2023-08-13,143
3542,3114,2023-12-07,Speicher,Technisch,Speicher lädt nicht,Negativ,Email,Kritisch,2023-12-13,79
3543,3097,2023-07-20,Speicher,Technisch,Kapazität gesunken,Neutral,Telefon,Niedrig,2023-07-29,124
3544,2705,2024-07-12,Smart Meter,Installation,Smart Meter defekt,Negativ,Telefon,Mittel,2024-07-16,3
3545,18953,2024-04-18,Rechnung,Abrechnung,Gutschrift angefragt,Neutral,Email,Hoch,2024-04-23,167
3546,3792,2023-11-18,Solar,Technisch,Wechselrichter Fehler,Neutral,Telefon,Mittel,2023-11-25,18
3547,19648,2023-06-30,Rechnung,Abrechnung,Gutschrift angefragt,Neutral,Email,Mittel,2023-07-08,81
3548,10688,2023-10-22,Tarif,Vertrag,Vertragsverlängerung,Positiv,App,Niedrig,2023-10-22,164
3549,15093,2023-03-27,Rechnung,Abrechnung,Zahlungsplan angefragt,Neutral,Telefon,Niedrig,2023-04-06,33
3550,17860,2023-09-26,Smart Meter,Installation,Smart Meter App funktioniert nicht,Negativ,App,Niedrig,2023-09-29,114
3551,16109,2023-02-03,Rechnung,Abrechnung,Zahlungsplan angefragt,Positiv,Telefon,Niedrig,2023-02-12,194
3552,15905,2023-12-13,Rechnung,Abrechnung,Abschlag anpassen,Neutral,Email,Mittel,2023-12-16,62
3553,7743,2025-04-01,Rechnung,Abrechnung,Abschlag anpassen,Neutral,App,Niedrig,2025-04-07,174
3554,7183,2025-05-31,Speicher,Technisch,Batteriespeicher Störung,Negativ,App,Kritisch,2025-06-05,108
3555,17780,2023-07-30,Solar,Technisch,Monitoring nicht verfügbar,Negativ,Telefon,Kritisch,2023-08-01,184
3556,14701,2023-09-03,Tarif,Vertrag,Vertragsverlängerung,Neutral,Chat,Mittel,2023-09-07,9
3557,9360,2024-02-14,Smart Meter,Installation,Smart Meter Ablesung fehlerhaft,Neutral,App,Mittel,2024-02-28,75
3558,19194,2023-07-17,Speicher,Technisch,Speicher lädt nicht,Negativ,Email,Niedrig,2023-07-21,115
3559,4943,2024-02-19,Solar,Technisch,Solaranlage produziert nicht,Negativ,Chat,Hoch,2024-02-24,157
3560,12703,2023-07-03,Solar,Technisch,Einspeisevergütung Frage,Neutral,Chat,Mittel,2023-07-16,7
3561,5799,2024-11-22,Wallbox,E-Mobility,Ladekarte Probleme,Neutral,Email,Mittel,2024-11-24,105
3562,1370,2023-03-28,Solar,Technisch,Solaranlage Ertrag niedrig,Neutral,Telefon,Mittel,2023-04-01,88
3563,1431,2025-03-04,Allgemein,Service,Allgemeine Anfrage,Neutral,Email,Mittel,2025-03-17,86
3564,18831,2025-02-12,Wärmepumpe,Technisch,Wartung angefragt,Neutral,Telefon,Hoch,2025-02-19,69
3565,2641,2023-11-04,Solar,Technisch,Solaranlage produziert nicht,Negativ,Chat,Hoch,2023-11-08,133
3566,6188,2025-03-07,Smart Meter,Installation,Smart Meter Ablesung fehlerhaft,Neutral,App,Niedrig,2025-03-20,61
3567,3609,2025-01-05,Rechnung,Abrechnung,Rechnungsfrage,Negativ,Telefon,Niedrig,2025-01-19,177
3568,19188,2025-01-06,Solar,Technisch,Solaranlage produziert nicht,Negativ,Telefon,Mittel,2025-01-16,64
3569,18299,2024-11-13,Wärmepumpe,Technisch,Wärmepumpe läuft nicht,Negativ,App,Hoch,2024-11-13,181
3570,1201,2024-01-05,Rechnung,Abrechnung,Abschlag zu hoch,Neutral,App,Mittel,2024-01-05,183
3571,6452,2023-11-26,Solar,Technisch,Einspeisevergütung Frage,Negativ,Chat,Mittel,2023-12-10,79
3572,3140,2025-04-14,Solar,Technisch,Monitoring nicht verfügbar,Negativ,App,Hoch,2025-04-18,145
3573,11768,2024-03-08,Tarif,Vertrag,Preisgarantie Frage,Neutral,App,Niedrig,2024-03-22,137
3574,18346,2024-07-25,Wallbox,E-Mobility,Wallbox lädt nicht,Negativ,Email,Hoch,2024-07-29,25
3575,5223,2024-06-01,Wärmepumpe,Technisch,Geräuschentwicklung zu hoch,Neutral,Email,Niedrig,2024-06-06,46
3576,6799,2024-08-07,Smart Meter,Installation,Smart Meter Installation angefragt,Positiv,App,Niedrig,2024-08-15,16
3577,18639,2024-02-12,Wärmepumpe,Technisch,Fehlercode E01 angezeigt,Neutral,Telefon,Mittel,2024-02-18,16
3578,3280,2023-06-11,Allgemein,Service,Kontaktdaten ändern,Neutral,App,Mittel,2023-06-19,200
3579,5647,2025-06-04,Speicher,Technisch,Batteriespeicher Störung,Negativ,Email,Hoch,2025-06-06,80
3580,5023,2023-02-06,Solar,Technisch,Monitoring nicht verfügbar,Negativ,Chat,Hoch,2023-02-11,100
3581,18520,2023-02-02,Speicher,Technisch,Speicher lädt nicht,Negativ,Email,Kritisch,2023-02-09,70
3582,3330,2023-03-10,Allgemein,Service,Informationsanfrage,Negativ,Telefon,Mittel,2023-03-23,142
3583,11089,2023-07-24,Tarif,Vertrag,Tarifwechsel angefragt,Neutral,Telefon,Mittel,2023-07-26,6
3584,14334,2024-08-25,Speicher,Technisch,Batteriespeicher Störung,Negativ,Chat,Mittel,2024-09-04,153
3585,6407,2024-05-13,Rechnung,Abrechnung,Zahlungsplan angefragt,Neutral,App,Hoch,2024-05-18,13
3586,18861,2023-10-09,Tarif,Vertrag,Tarifwechsel angefragt,Negativ,Chat,Mittel,2023-10-20,149
3587,9113,2025-05-15,Wärmepumpe,Technisch,Fehlercode E01 angezeigt,Neutral,Chat,Mittel,2025-05-19,142
3588,6232,2024-02-20,Smart Meter,Installation,Smart Meter Installation angefragt,Neutral,Telefon,Niedrig,2024-02-29,93
3589,12200,2023-06-18,Speicher,Technisch,Kapazität gesunken,Negativ,Chat,Mittel,2023-06-20,37
3590,1687,2023-01-01,Smart Meter,Installation,Smart Meter Installation angefragt,Neutral,Telefon,Mittel,2023-01-11,177
3591,3111,2024-08-13,Solar,Technisch,Wechselrichter Fehler,Positiv,Email,Hoch,2024-08-14,126
3592,17688,2024-04-04,Rechnung,Abrechnung,Gutschrift angefragt,Neutral,App,Niedrig,2024-04-11,167
3593,2876,2023-07-06,Allgemein,Service,Kontaktdaten ändern,Positiv,Telefon,Mittel,2023-07-20,11
3594,7446,2023-05-20,Solar,Technisch,Solaranlage Ertrag niedrig,Positiv,Email,Hoch,2023-05-24,39
3595,12976,2023-12-06,Wallbox,E-Mobility,App-Verbindung unterbrochen,Neutral,Telefon,Mittel,2023-12-14,42
3596,5183,2024-06-11,Tarif,Vertrag,Preisgarantie Frage,Neutral,Email,Mittel,2024-06-21,192
3597,11301,2024-12-22,Wärmepumpe,Technisch,Wärmepumpe läuft nicht,Negativ,App,Hoch,2024-12-28,182
3598,4183,2024-11-08,Solar,Technisch,Einspeisevergütung Frage,Neutral,Chat,Niedrig,2024-11-17,80
3599,9483,2023-11-11,Smart Meter,Installation,Smart Meter Ablesung fehlerhaft,Neutral,Telefon,Mittel,2023-11-24,70
3600,53,2023-09-18,Allgemein,Service,Lob,Positiv,Telefon,Niedrig,2023-10-01,159
3601,5201,2024-01-03,Tarif,Vertrag,Preisgarantie Frage,Neutral,Telefon,Niedrig,2024-01-12,126
3602,738,2024-05-31,Tarif,Vertrag,Ökostrom Umstellung,Neutral,App,Mittel,2024-06-09,21
3603,12823,2024-09-04,Solar,Technisch,Monitoring nicht verfügbar,Negativ,Email,Kritisch,2024-09-06,189
3604,4868,2024-05-30,Rechnung,Abrechnung,Unstimmigkeit in Rechnung,Neutral,App,Mittel,2024-06-12,66
3605,15539,2023-01-31,Tarif,Vertrag,Kündigung,Neutral,App,Niedrig,2023-02-04,196
3606,10451,2025-05-25,Smart Meter,Installation,Smart Meter Installation angefragt,Neutral,App,Mittel,2025-05-29,183
3607,3795,2025-04-15,Tarif,Vertrag,Ökostrom Umstellung,Positiv,App,Niedrig,2025-04-27,172
3608,913,2024-07-22,Speicher,Technisch,Speicher lädt nicht,Negativ,Email,Mittel,2024-07-25,178
3609,2544,2024-08-11,Speicher,Technisch,Kapazität gesunken,Neutral,Chat,Mittel,2024-08-17,126
3610,8172,2023-01-04,Tarif,Vertrag,Umzug melden,Neutral,Email,Mittel,2023-01-17,58
3611,650,2023-01-13,Smart Meter,Installation,Smart Meter Installation angefragt,Neutral,App,Hoch,2023-01-13,80
3612,6003,2023-04-29,Tarif,Vertrag,Vertragsverlängerung,Neutral,Chat,Mittel,2023-05-11,64
3613,8459,2023-01-02,Speicher,Technisch,Kapazität gesunken,Neutral,Chat,Hoch,2023-01-06,6
3614,14955,2025-01-13,Solar,Technisch,Einspeisevergütung Frage,Negativ,App,Hoch,2025-01-14,182
3615,15320,2023-11-03,Wärmepumpe,Technisch,Effizienz zu niedrig,Neutral,Chat,Niedrig,2023-11-03,196
3616,11819,2023-08-01,Speicher,Technisch,Batteriespeicher Störung,Negativ,Chat,Hoch,2023-08-06,118
3617,8767,2025-05-04,Wallbox,E-Mobility,Wallbox Installation angefragt,Negativ,Chat,Niedrig,2025-05-14,110
3618,2976,2023-10-08,Tarif,Vertrag,Tarifwechsel angefragt,Neutral,App,Mittel,2023-10-14,11
3619,16651,2024-07-11,Solar,Technisch,Solaranlage Ertrag niedrig,Positiv,Chat,Mittel,2024-07-16,165
3620,1509,2023-02-13,Rechnung,Abrechnung,Abschlag anpassen,Positiv,Email,Mittel,2023-02-15,123
3621,17892,2024-01-14,Wärmepumpe,Technisch,Effizienz zu niedrig,Neutral,Email,Mittel,2024-01-15,20
3622,9363,2023-02-12,Solar,Technisch,Wechselrichter Fehler,Neutral,Telefon,Niedrig,2023-02-19,164
3623,16051,2024-10-09,Wärmepumpe,Technisch,Geräuschentwicklung zu hoch,Negativ,Chat,Hoch,2024-10-10,180
3624,19117,2024-07-14,Rechnung,Abrechnung,Abschlag zu hoch,Neutral,Chat,Niedrig,2024-07-22,39
3625,11193,2025-01-02,Tarif,Vertrag,Vertragsverlängerung,Neutral,Chat,Mittel,2025-01-10,20
3626,13923,2023-06-10,Solar,Technisch,Monitoring nicht verfügbar,Negativ,App,Hoch,2023-06-10,47
3627,10292,2023-07-25,Wallbox,E-Mobility,Wallbox lädt nicht,Negativ,Email,Mittel,2023-08-07,76
3628,3616,2025-01-06,Speicher,Technisch,Kapazität gesunken,Neutral,Telefon,Mittel,2025-01-15,188
3629,12453,2024-01-01,Tarif,Vertrag,Umzug melden,Neutral,Email,Mittel,2024-01-06,8
3630,4822,2024-01-24,Speicher,Technisch,Speicher lädt nicht,Negativ,Telefon,Niedrig,2024-01-30,28
3631,4248,2024-03-31,Smart Meter,Installation,Smart Meter Ablesung fehlerhaft,Neutral,Email,Kritisch,2024-04-01,74
3632,8989,2024-07-24,Solar,Technisch,Solaranlage produziert nicht,Negativ,Chat,Mittel,2024-07-27,165
3633,1292,2024-01-16,Smart Meter,Installation,Smart Meter zeigt keine Daten,Neutral,App,Niedrig,2024-01-21,127
3634,1167,2025-03-14,Wärmepumpe,Technisch,Wärmepumpe Störung,Negativ,Telefon,Hoch,2025-03-15,195
3635,5877,2024-05-30,Tarif,Vertrag,Umzug melden,Neutral,App,Niedrig,2024-06-03,100
3636,2033,2023-03-01,Speicher,Technisch,Kapazität gesunken,Neutral,Email,Niedrig,2023-03-06,85
3637,11927,2023-05-10,Solar,Technisch,Wechselrichter Fehler,Negativ,Chat,Kritisch,2023-05-16,76
3638,16672,2025-05-09,Solar,Technisch,Solaranlage produziert nicht,Negativ,App,Hoch,2025-05-11,35
3639,4215,2024-07-12,Tarif,Vertrag,Ökostrom Umstellung,Negativ,Telefon,Mittel,2024-07-14,160
3640,3901,2025-01-19,Tarif,Vertrag,Vertragsverlängerung,Neutral,Telefon,Niedrig,2025-01-22,132
3641,2172,2025-06-09,Speicher,Technisch,Batteriespeicher Störung,Negativ,Telefon,Hoch,2025-06-15,71
3642,14367,2024-09-10,Allgemein,Service,Informationsanfrage,Neutral,Chat,Mittel,2024-09-20,171
3643,15218,2025-03-09,Smart Meter,Installation,Smart Meter Ablesung fehlerhaft,Negativ,Email,Niedrig,2025-03-18,137
3644,11970,2024-01-18,Rechnung,Abrechnung,Abschlag zu hoch,Neutral,App,Mittel,2024-01-27,192
3645,2659,2024-10-23,Wallbox,E-Mobility,Wallbox Installation angefragt,Positiv,Chat,Mittel,2024-10-29,67
3646,5149,2023-05-19,Speicher,Technisch,Speicher lädt nicht,Negativ,Chat,Hoch,2023-05-26,13
3647,16408,2023-04-17,Wallbox,E-Mobility,Wallbox Installation angefragt,Negativ,Email,Niedrig,2023-04-29,98
3648,2376,2025-01-27,Wärmepumpe,Technisch,Wartung angefragt,Neutral,Chat,Mittel,2025-02-06,99
3649,9106,2025-04-03,Wärmepumpe,Technisch,Effizienz zu niedrig,Neutral,App,Hoch,2025-04-04,94
3650,13486,2023-02-18,Solar,Technisch,Monitoring nicht verfügbar,Negativ,Telefon,Hoch,2023-02-19,127
3651,4420,2025-01-26,Solar,Technisch,Solaranlage produziert nicht,Negativ,Chat,Hoch,2025-01-28,74
3652,2661,2023-02-11,Wallbox,E-Mobility,App-Verbindung unterbrochen,Neutral,App,Kritisch,2023-02-16,199
3653,6710,2023-01-08,Rechnung,Abrechnung,Abschlag anpassen,Neutral,App,Mittel,2023-01-19,198
3654,4051,2024-04-24,Rechnung,Abrechnung,Abschlag zu hoch,Negativ,App,Mittel,2024-05-03,183
3655,3357,2024-05-21,Speicher,Technisch,Batteriespeicher Störung,Negativ,Telefon,Mittel,2024-05-30,195
3656,8183,2025-04-02,Allgemein,Service,Allgemeine Anfrage,Positiv,App,Mittel,2025-04-05,147
3657,4482,2025-05-04,Wärmepumpe,Technisch,Geräuschentwicklung zu hoch,Neutral,Chat,Hoch,2025-05-05,93
3658,182,2023-08-27,Allgemein,Service,Allgemeine Anfrage,Neutral,Email,Kritisch,2023-09-03,167
3659,14143,2024-12-09,Wallbox,E-Mobility,App-Verbindung unterbrochen,Neutral,Email,Hoch,2024-12-16,167
3660,9461,2023-09-07,Rechnung,Abrechnung,Zahlungsplan angefragt,Positiv,App,Kritisch,2023-09-08,99
3661,305,2023-03-20,Tarif,Vertrag,Kündigung,Neutral,Email,Mittel,2023-04-03,177
3662,15961,2025-03-22,Rechnung,Abrechnung,Abschlag zu hoch,Neutral,Telefon,Mittel,2025-03-23,13
3663,18062,2024-07-15,Tarif,Vertrag,Vertragsverlängerung,Negativ,Email,Mittel,2024-07-27,86
3664,5658,2024-09-29,Smart Meter,Installation,Smart Meter Ablesung fehlerhaft,Neutral,Telefon,Niedrig,2024-10-07,72
3665,5286,2023-07-04,Solar,Technisch,Monitoring nicht verfügbar,Negativ,Chat,Hoch,2023-07-06,67
3666,19690,2023-10-07,Smart Meter,Installation,Smart Meter Ablesung fehlerhaft,Negativ,Email,Niedrig,2023-10-20,192
3667,15234,2023-06-05,Solar,Technisch,Einspeisevergütung Frage,Neutral,Email,Hoch,2023-06-10,80
3668,8243,2024-05-09,Tarif,Vertrag,Vertragsverlängerung,Neutral,Chat,Niedrig,2024-05-09,160
3669,15059,2024-09-23,Smart Meter,Installation,Smart Meter defekt,Negativ,Telefon,Hoch,2024-09-24,156
3670,9551,2024-11-15,Speicher,Technisch,Speicher lädt nicht,Negativ,Chat,Hoch,2024-11-20,60
3671,4786,2023-02-09,Rechnung,Abrechnung,Abschlag anpassen,Negativ,Telefon,Mittel,2023-02-22,152
3672,8142,2024-10-17,Tarif,Vertrag,Umzug melden,Positiv,Chat,Mittel,2024-10-28,119
3673,9769,2024-10-12,Wärmepumpe,Technisch,Effizienz zu niedrig,Neutral,Email,Mittel,2024-10-18,117
3674,17190,2024-04-15,Wallbox,E-Mobility,Wallbox lädt nicht,Negativ,App,Kritisch,2024-04-22,50
3675,2186,2023-05-23,Speicher,Technisch,Speicher lädt nicht,Negativ,App,Mittel,2023-05-23,128
3676,2547,2024-10-04,Solar,Technisch,Solaranlage Ertrag niedrig,Positiv,Chat,Mittel,2024-10-05,62
3677,18725,2025-01-01,Solar,Technisch,Wechselrichter Fehler,Neutral,App,Mittel,2025-01-04,12
3678,9956,2024-10-15,Smart Meter,Installation,Smart Meter App funktioniert nicht,Negativ,Telefon,Kritisch,2024-10-19,125
3679,8910,2024-03-25,Solar,Technisch,Wechselrichter Fehler,Positiv,Telefon,Mittel,2024-04-03,91
3680,11493,2025-06-14,Solar,Technisch,Solaranlage Ertrag niedrig,Neutral,Chat,Mittel,2025-06-19,86
3681,19586,2023-06-04,Speicher,Technisch,Kapazität gesunken,Neutral,Email,Kritisch,2023-06-10,40
3682,2743,2023-06-28,Wärmepumpe,Technisch,Fehlercode E01 angezeigt,Negativ,Chat,Mittel,2023-07-09,165
3683,4547,2024-08-14,Wärmepumpe,Technisch,Wärmepumpe Störung,Negativ,Email,Mittel,2024-08-18,10
3684,11963,2024-10-17,Wallbox,E-Mobility,Wallbox lädt nicht,Negativ,Email,Hoch,2024-10-24,151
3685,4796,2024-02-20,Speicher,Technisch,Kapazität gesunken,Negativ,Telefon,Mittel,2024-02-23,1
3686,3135,2024-06-05,Solar,Technisch,Einspeisevergütung Frage,Positiv,Chat,Hoch,2024-06-06,121
3687,2771,2023-07-20,Solar,Technisch,Solaranlage produziert nicht,Negativ,Telefon,Hoch,2023-07-22,110
3688,18528,2023-12-18,Speicher,Technisch,Kapazität gesunken,Neutral,App,Niedrig,2023-12-21,20
3689,10055,2025-05-29,Speicher,Technisch,Kapazität gesunken,Positiv,Chat,Hoch,2025-06-01,157
3690,14276,2023-10-22,Wallbox,E-Mobility,Wallbox lädt nicht,Negativ,Telefon,Mittel,2023-11-05,41
3691,12127,2025-03-28,Tarif,Vertrag,Kündigung,Neutral,Chat,Mittel,2025-04-04,84
3692,6242,2025-02-18,Wärmepumpe,Technisch,Wärmepumpe Störung,Negativ,App,Hoch,2025-02-24,70
3693,14990,2023-05-21,Smart Meter,Installation,Smart Meter Installation angefragt,Neutral,App,Niedrig,2023-05-21,37
3694,14772,2023-11-01,Wärmepumpe,Technisch,Wärmepumpe Störung,Negativ,Chat,Kritisch,2023-11-04,85
3695,4001,2023-04-27,Allgemein,Service,Kontaktdaten ändern,Neutral,App,Niedrig,2023-05-04,13
3696,18135,2024-03-08,Smart Meter,Installation,Smart Meter App funktioniert nicht,Negativ,Email,Kritisch,2024-03-13,125
3697,2902,2025-01-16,Smart Meter,Installation,Smart Meter defekt,Negativ,Telefon,Mittel,2025-01-25,27
3698,17659,2024-11-07,Speicher,Technisch,Speicher lädt nicht,Negativ,Chat,Niedrig,2024-11-18,50
3699,812,2024-04-28,Solar,Technisch,Solaranlage Ertrag niedrig,Neutral,Telefon,Mittel,2024-05-09,6
3700,13197,2024-08-17,Smart Meter,Installation,Smart Meter zeigt keine Daten,Negativ,Email,Kritisch,2024-08-20,155
3701,2517,2023-06-19,Tarif,Vertrag,Preisgarantie Frage,Neutral,Email,Niedrig,2023-06-26,46
3702,5825,2023-03-23,Tarif,Vertrag,Tarifwechsel angefragt,Negativ,Email,Mittel,2023-04-04,78
3703,11966,2024-11-26,Allgemein,Service,Allgemeine Anfrage,Neutral,Telefon,Kritisch,2024-12-02,135
3704,1735,2024-08-25,Tarif,Vertrag,Umzug melden,Negativ,Telefon,Kritisch,2024-08-29,53
3705,19746,2025-03-16,Solar,Technisch,Solaranlage Ertrag niedrig,Neutral,Chat,Mittel,2025-03-24,128
3706,16187,2023-08-29,Smart Meter,Installation,Smart Meter App funktioniert nicht,Negativ,Chat,Hoch,2023-08-29,197
3707,13256,2025-05-26,Wallbox,E-Mobility,Ladekarte Probleme,Neutral,Chat,Mittel,2025-05-28,104
3708,12028,2025-04-12,Smart Meter,Installation,Smart Meter defekt,Negativ,App,Hoch,2025-04-13,131
3709,3272,2024-03-25,Tarif,Vertrag,Kündigung,Neutral,Telefon,Mittel,2024-03-29,138
3710,209,2023-03-21,Speicher,Technisch,Batteriespeicher Störung,Negativ,Email,Mittel,2023-03-24,116
3711,3704,2024-01-10,Wärmepumpe,Technisch,Effizienz zu niedrig,Neutral,Email,Niedrig,2024-01-23,181
3712,17988,2024-09-20,Tarif,Vertrag,Kündigung,Neutral,Chat,Mittel,2024-09-26,52
3713,3086,2024-03-05,Smart Meter,Installation,Smart Meter zeigt keine Daten,Neutral,App,Mittel,2024-03-06,154
3714,13656,2023-09-11,Wärmepumpe,Technisch,Fehlercode E01 angezeigt,Neutral,Email,Mittel,2023-09-11,181
3715,17541,2023-10-25,Wärmepumpe,Technisch,Wärmepumpe Störung,Negativ,Telefon,Mittel,2023-11-08,53
3716,12447,2024-10-12,Allgemein,Service,Kontaktdaten ändern,Neutral,Email,Mittel,2024-10-20,78
3717,10168,2024-02-17,Speicher,Technisch,Batteriespeicher Störung,Negativ,Telefon,Mittel,2024-02-29,158
3718,18657,2024-07-03,Wärmepumpe,Technisch,Geräuschentwicklung zu hoch,Neutral,Chat,Niedrig,2024-07-15,149
3719,6719,2025-03-20,Wärmepumpe,Technisch,Geräuschentwicklung zu hoch,Neutral,Chat,Mittel,2025-03-30,162
3720,1110,2023-10-15,Allgemein,Service,Informationsanfrage,Negativ,App,Niedrig,2023-10-21,107
3721,8591,2024-08-13,Rechnung,Abrechnung,Gutschrift angefragt,Neutral,Email,Niedrig,2024-08-27,135
3722,18243,2023-03-14,Rechnung,Abrechnung,Gutschrift angefragt,Positiv,Telefon,Niedrig,2023-03-16,125
3723,9363,2023-02-19,Rechnung,Abrechnung,Gutschrift angefragt,Positiv,Telefon,Mittel,2023-02-25,137
3724,10755,2024-10-20,Speicher,Technisch,Batteriespeicher Störung,Negativ,Email,Mittel,2024-10-31,51
3725,12988,2023-05-06,Speicher,Technisch,Speicher lädt nicht,Negativ,Chat,Hoch,2023-05-12,149
3726,11469,2023-09-08,Speicher,Technisch,Batteriespeicher Störung,Negativ,Email,Mittel,2023-09-14,119
3727,3613,2025-05-15,Speicher,Technisch,Batteriespeicher Störung,Negativ,App,Kritisch,2025-05-20,121
3728,15766,2023-07-05,Rechnung,Abrechnung,Rechnungsfrage,Neutral,Chat,Mittel,2023-07-12,51
3729,969,2024-10-31,Speicher,Technisch,Kapazität gesunken,Neutral,Email,Niedrig,2024-11-09,175
3730,13504,2023-12-20,Smart Meter,Installation,Smart Meter Installation angefragt,Negativ,Email,Niedrig,2023-12-30,33
3731,8373,2023-11-18,Wallbox,E-Mobility,Wallbox Installation angefragt,Positiv,Chat,Mittel,2023-11-20,142
3732,11947,2023-08-26,Solar,Technisch,Solaranlage Ertrag niedrig,Neutral,Email,Niedrig,2023-09-02,116
3733,5265,2024-06-27,Speicher,Technisch,Speicher lädt nicht,Negativ,Chat,Kritisch,2024-06-28,116
3734,18785,2023-11-01,Rechnung,Abrechnung,Rechnungsfrage,Neutral,Email,Mittel,2023-11-11,94
3735,16287,2023-04-09,Wallbox,E-Mobility,Wallbox Installation angefragt,Neutral,Email,Niedrig,2023-04-19,147
3736,18087,2024-08-21,Rechnung,Abrechnung,Abschlag zu hoch,Neutral,Chat,Mittel,2024-08-29,185
3737,11497,2024-01-05,Allgemein,Service,Informationsanfrage,Neutral,Chat,Mittel,2024-01-07,37
3738,4840,2025-05-10,Speicher,Technisch,Kapazität gesunken,Positiv,Telefon,Mittel,2025-05-21,141
3739,4369,2024-05-08,Rechnung,Abrechnung,Rechnungsfrage,Neutral,Chat,Kritisch,2024-05-09,181
3740,6249,2023-03-08,Wallbox,E-Mobility,Wallbox Installation angefragt,Positiv,Email,Hoch,2023-03-12,182
3741,8824,2024-10-04,Allgemein,Service,Kontaktdaten ändern,Neutral,Chat,Hoch,2024-10-04,81
3742,15486,2025-06-13,Solar,Technisch,Wechselrichter Fehler,Neutral,Chat,Kritisch,2025-06-14,82
3743,11996,2025-04-24,Rechnung,Abrechnung,Gutschrift angefragt,Neutral,App,Hoch,2025-04-25,15
3744,4733,2024-03-22,Allgemein,Service,Informationsanfrage,Positiv,Chat,Niedrig,2024-03-26,154
3745,1710,2023-01-29,Allgemein,Service,Kontaktdaten ändern,Negativ,Telefon,Mittel,2023-02-12,30
3746,13473,2023-06-18,Wärmepumpe,Technisch,Geräuschentwicklung zu hoch,Negativ,App,Niedrig,2023-06-22,41
3747,9270,2023-12-05,Allgemein,Service,Kontaktdaten ändern,Neutral,App,Mittel,2023-12-05,80
3748,18458,2024-11-06,Allgemein,Service,Lob,Positiv,App,Niedrig,2024-11-20,172
3749,15796,2023-05-15,Wallbox,E-Mobility,Wallbox lädt nicht,Negativ,Chat,Mittel,2023-05-16,163
3750,8422,2023-02-08,Wärmepumpe,Technisch,Effizienz zu niedrig,Negativ,Chat,Mittel,2023-02-18,31
3751,8787,2024-05-30,Solar,Technisch,Monitoring nicht verfügbar,Negativ,Telefon,Hoch,2024-06-06,144
3752,421,2024-09-03,Smart Meter,Installation,Smart Meter App funktioniert nicht,Negativ,Email,Mittel,2024-09-10,140
3753,14941,2023-04-18,Allgemein,Service,Informationsanfrage,Negativ,Email,Mittel,2023-04-28,183
3754,10656,2025-05-18,Tarif,Vertrag,Umzug melden,Neutral,Telefon,Niedrig,2025-05-22,107
3755,18031,2024-02-25,Smart Meter,Installation,Smart Meter Installation angefragt,Negativ,Email,Niedrig,2024-03-06,29
3756,19635,2024-03-15,Wallbox,E-Mobility,Ladekarte Probleme,Neutral,App,Hoch,2024-03-20,21
3757,4195,2025-04-17,Wärmepumpe,Technisch,Geräuschentwicklung zu hoch,Neutral,Email,Mittel,2025-04-24,159
3758,10796,2025-02-14,Wallbox,E-Mobility,App-Verbindung unterbrochen,Negativ,Telefon,Hoch,2025-02-19,137
3759,16535,2025-04-01,Wärmepumpe,Technisch,Wartung angefragt,Neutral,Chat,Niedrig,2025-04-12,28
3760,18781,2024-05-09,Smart Meter,Installation,Smart Meter Installation angefragt,Positiv,App,Niedrig,2024-05-15,30
3761,9147,2023-03-10,Smart Meter,Installation,Smart Meter zeigt keine Daten,Neutral,Chat,Hoch,2023-03-15,76
3762,1657,2023-10-25,Wallbox,E-Mobility,Wallbox defekt,Negativ,Chat,Kritisch,2023-10-28,34
3763,11890,2023-11-20,Wärmepumpe,Technisch,Effizienz zu niedrig,Neutral,Telefon,Niedrig,2023-11-23,92
3764,7122,2024-11-22,Tarif,Vertrag,Preisgarantie Frage,Neutral,Chat,Mittel,2024-11-29,28
3765,19177,2025-02-02,Rechnung,Abrechnung,Abschlag zu hoch,Neutral,App,Niedrig,2025-02-11,14
3766,959,2025-04-17,Allgemein,Service,Allgemeine Anfrage,Neutral,Telefon,Mittel,2025-04-20,73
3767,11592,2023-02-20,Solar,Technisch,Solaranlage Ertrag niedrig,Neutral,Email,Niedrig,2023-03-02,180
3768,13871,2024-02-20,Wärmepumpe,Technisch,Wärmepumpe läuft nicht,Negativ,Chat,Kritisch,2024-02-20,64
3769,3795,2023-09-13,Smart Meter,Installation,Smart Meter zeigt keine Daten,Positiv,Email,Mittel,2023-09-16,144
3770,18133,2024-07-04,Rechnung,Abrechnung,Zahlungsplan angefragt,Neutral,Telefon,Hoch,2024-07-05,71
3771,19846,2023-12-19,Speicher,Technisch,Kapazität gesunken,Negativ,App,Kritisch,2023-12-22,43
3772,15933,2024-02-22,Wärmepumpe,Technisch,Geräuschentwicklung zu hoch,Neutral,App,Mittel,2024-03-04,184
3773,17380,2024-02-13,Allgemein,Service,Kontaktdaten ändern,Neutral,Telefon,Mittel,2024-02-16,34
3774,18866,2023-03-07,Solar,Technisch,Einspeisevergütung Frage,Positiv,Telefon,Mittel,2023-03-16,93
3775,14729,2025-04-05,Smart Meter,Installation,Smart Meter App funktioniert nicht,Negativ,Telefon,Hoch,2025-04-08,187
3776,12774,2025-04-18,Speicher,Technisch,Kapazität gesunken,Neutral,Email,Niedrig,2025-04-19,126
3777,7724,2023-12-06,Allgemein,Service,Lob,Positiv,Chat,Niedrig,2023-12-19,171
3778,19263,2024-03-04,Allgemein,Service,Allgemeine Anfrage,Neutral,Telefon,Hoch,2024-03-04,187
3779,19763,2024-06-27,Solar,Technisch,Monitoring nicht verfügbar,Negativ,Telefon,Mittel,2024-06-30,20
3780,18946,2023-03-18,Solar,Technisch,Monitoring nicht verfügbar,Negativ,Telefon,Niedrig,2023-03-22,51
3781,9980,2024-09-11,Solar,Technisch,Monitoring nicht verfügbar,Negativ,Telefon,Kritisch,2024-09-14,83
3782,13121,2023-01-11,Wärmepumpe,Technisch,Geräuschentwicklung zu hoch,Negativ,Email,Hoch,2023-01-18,66
3783,12511,2024-01-24,Tarif,Vertrag,Umzug melden,Neutral,App,Kritisch,2024-01-28,75
3784,7131,2023-12-28,Tarif,Vertrag,Vertragsverlängerung,Negativ,Chat,Niedrig,2024-01-11,55
3785,1973,2025-05-22,Rechnung,Abrechnung,Abschlag zu hoch,Neutral,Chat,Mittel,2025-05-25,154
3786,13345,2025-04-24,Speicher,Technisch,Batteriespeicher Störung,Negativ,Chat,Mittel,2025-04-26,55
3787,11407,2023-06-22,Rechnung,Abrechnung,Zahlungsplan angefragt,Neutral,Email,Niedrig,2023-06-26,119
3788,6224,2024-09-09,Wärmepumpe,Technisch,Fehlercode E01 angezeigt,Positiv,App,Mittel,2024-09-23,147
3789,7669,2023-02-18,Speicher,Technisch,Speicher lädt nicht,Negativ,Chat,Hoch,2023-02-23,9
3790,7876,2023-10-26,Tarif,Vertrag,Ökostrom Umstellung,Positiv,Email,Mittel,2023-10-30,21
3791,9452,2024-07-03,Wallbox,E-Mobility,Wallbox lädt nicht,Negativ,Chat,Mittel,2024-07-12,149
3792,18905,2024-09-18,Tarif,Vertrag,Ökostrom Umstellung,Neutral,Chat,Kritisch,2024-09-21,139
3793,5254,2024-10-13,Tarif,Vertrag,Umzug melden,Neutral,Chat,Mittel,2024-10-14,105
3794,8780,2024-06-11,Wallbox,E-Mobility,Wallbox Installation angefragt,Neutral,Email,Mittel,2024-06-23,178
3795,19680,2024-08-19,Smart Meter,Installation,Smart Meter defekt,Negativ,Chat,Niedrig,2024-08-30,160
3796,559,2025-03-07,Allgemein,Service,Allgemeine Anfrage,Neutral,App,Mittel,2025-03-13,146
3797,7345,2023-11-29,Rechnung,Abrechnung,Zahlungsplan angefragt,Negativ,Telefon,Mittel,2023-11-30,175
3798,14353,2024-09-27,Rechnung,Abrechnung,Unstimmigkeit in Rechnung,Neutral,App,Hoch,2024-10-01,53
3799,16040,2023-11-14,Smart Meter,Installation,Smart Meter zeigt keine Daten,Neutral,App,Niedrig,2023-11-16,54
3800,4391,2023-06-01,Speicher,Technisch,Batteriespeicher Störung,Negativ,Telefon,Niedrig,2023-06-07,151
3801,17433,2024-04-19,Tarif,Vertrag,Tarifwechsel angefragt,Negativ,Chat,Mittel,2024-04-29,108
3802,329,2024-03-26,Rechnung,Abrechnung,Zahlungsplan angefragt,Negativ,Email,Niedrig,2024-04-07,67
3803,4774,2023-05-02,Wallbox,E-Mobility,Ladekarte Probleme,Neutral,Email,Mittel,2023-05-06,144
3804,9899,2024-10-07,Wärmepumpe,Technisch,Wärmepumpe läuft nicht,Negativ,Email,Hoch,2024-10-11,7
3805,1894,2023-12-17,Speicher,Technisch,Kapazität gesunken,Neutral,Email,Mittel,2023-12-29,172
3806,18114,2023-06-19,Tarif,Vertrag,Preisgarantie Frage,Negativ,App,Kritisch,2023-06-23,154
3807,6336,2024-06-11,Rechnung,Abrechnung,Abschlag anpassen,Neutral,App,Mittel,2024-06-22,143
3808,17220,2025-02-22,Rechnung,Abrechnung,Abschlag anpassen,Neutral,Telefon,Hoch,2025-03-01,159
3809,13840,2023-05-09,Rechnung,Abrechnung,Rechnungsfrage,Neutral,App,Mittel,2023-05-11,69
3810,5518,2025-02-21,Rechnung,Abrechnung,Gutschrift angefragt,Neutral,Email,Kritisch,2025-02-23,185
3811,8748,2023-05-07,Allgemein,Service,Informationsanfrage,Neutral,Telefon,Mittel,2023-05-12,19
3812,11349,2024-01-09,Smart Meter,Installation,Smart Meter defekt,Negativ,Email,Hoch,2024-01-15,139
3813,291,2025-05-20,Rechnung,Abrechnung,Abschlag zu hoch,Neutral,Email,Hoch,2025-05-24,170
3814,3897,2024-09-18,Speicher,Technisch,Batteriespeicher Störung,Negativ,Telefon,Niedrig,2024-09-30,88
3815,18231,2023-05-09,Wallbox,E-Mobility,Wallbox defekt,Negativ,Chat,Mittel,2023-05-18,24
3816,4983,2024-08-23,Rechnung,Abrechnung,Zahlungsplan angefragt,Neutral,Telefon,Niedrig,2024-08-29,109
3817,17389,2024-06-24,Speicher,Technisch,Speicher lädt nicht,Negativ,Email,Kritisch,2024-06-30,28
3818,5685,2025-02-18,Tarif,Vertrag,Preisgarantie Frage,Positiv,Telefon,Mittel,2025-03-04,192
3819,13879,2023-04-18,Allgemein,Service,Kontaktdaten ändern,Positiv,Email,Mittel,2023-04-30,1
3820,19307,2023-10-28,Solar,Technisch,Einspeisevergütung Frage,Negativ,Telefon,Niedrig,2023-11-07,89
3821,10748,2023-03-03,Smart Meter,Installation,Smart Meter defekt,Negativ,App,Kritisch,2023-03-06,36
3822,15710,2023-05-25,Speicher,Technisch,Batteriespeicher Störung,Negativ,App,Kritisch,2023-05-25,187
3823,3808,2023-02-22,Tarif,Vertrag,Umzug melden,Negativ,Chat,Niedrig,2023-03-06,90
3824,13118,2023-11-27,Wallbox,E-Mobility,Wallbox defekt,Negativ,Telefon,Hoch,2023-11-28,170
3825,32,2023-01-08,Wallbox,E-Mobility,Wallbox lädt nicht,Negativ,App,Niedrig,2023-01-14,136
3826,16714,2025-06-19,Wallbox,E-Mobility,Wallbox defekt,Negativ,Email,Hoch,2025-06-21,179
3827,11753,2025-03-30,Solar,Technisch,Wechselrichter Fehler,Positiv,App,Niedrig,2025-04-03,44
3828,6665,2023-12-08,Rechnung,Abrechnung,Abschlag zu hoch,Neutral,Email,Mittel,2023-12-20,49
3829,8732,2023-05-11,Speicher,Technisch,Kapazität gesunken,Neutral,App,Niedrig,2023-05-22,86
3830,6920,2023-07-23,Allgemein,Service,Kontaktdaten ändern,Negativ,Email,Hoch,2023-07-27,85
3831,16816,2024-07-18,Wärmepumpe,Technisch,Wärmepumpe Störung,Negativ,Telefon,Hoch,2024-07-22,12
3832,6646,2023-07-09,Tarif,Vertrag,Ökostrom Umstellung,Positiv,Chat,Niedrig,2023-07-20,156
3833,10318,2025-06-17,Tarif,Vertrag,Umzug melden,Neutral,Chat,Niedrig,2025-06-17,187
3834,2608,2024-04-24,Tarif,Vertrag,Vertragsverlängerung,Neutral,Email,Mittel,2024-04-28,135
3835,13923,2024-09-12,Rechnung,Abrechnung,Rechnungsfrage,Neutral,Email,Hoch,2024-09-13,2
3836,12230,2024-08-08,Wärmepumpe,Technisch,Wärmepumpe läuft nicht,Negativ,Telefon,Kritisch,2024-08-11,1
3837,15689,2023-10-31,Wärmepumpe,Technisch,Wärmepumpe läuft nicht,Negativ,Email,Mittel,2023-11-14,4
3838,18701,2025-04-18,Allgemein,Service,Kontaktdaten ändern,Neutral,Email,Hoch,2025-04-24,184
3839,17928,2023-01-18,Solar,Technisch,Einspeisevergütung Frage,Neutral,Email,Mittel,2023-01-20,153
3840,12134,2023-03-26,Rechnung,Abrechnung,Abschlag zu hoch,Neutral,Email,Hoch,2023-04-01,56
3841,2948,2023-07-01,Speicher,Technisch,Kapazität gesunken,Neutral,Email,Niedrig,2023-07-10,9
3842,5976,2024-04-23,Smart Meter,Installation,Smart Meter defekt,Negativ,Telefon,Hoch,2024-04-23,37
3843,7734,2024-01-24,Tarif,Vertrag,Preisgarantie Frage,Neutral,Chat,Niedrig,2024-01-24,125
3844,2196,2023-09-03,Tarif,Vertrag,Tarifwechsel angefragt,Neutral,Email,Niedrig,2023-09-16,175
3845,18975,2023-11-19,Rechnung,Abrechnung,Zahlungsplan angefragt,Neutral,Chat,Niedrig,2023-11-20,75
3846,356,2024-11-07,Solar,Technisch,Solaranlage Ertrag niedrig,Neutral,App,Hoch,2024-11-09,3
3847,14641,2023-09-16,Speicher,Technisch,Kapazität gesunken,Neutral,Email,Mittel,2023-09-18,181
3848,5773,2024-04-21,Tarif,Vertrag,Vertragsverlängerung,Negativ,Chat,Niedrig,2024-04-25,175
3849,14836,2023-10-26,Smart Meter,Installation,Smart Meter defekt,Negativ,Chat,Kritisch,2023-11-02,71
3850,8308,2023-12-05,Speicher,Technisch,Kapazität gesunken,Neutral,Chat,Mittel,2023-12-07,120
3851,17684,2024-06-29,Speicher,Technisch,Speicher lädt nicht,Negativ,Telefon,Mittel,2024-07-09,168
3852,1139,2023-09-11,Tarif,Vertrag,Ökostrom Umstellung,Positiv,Telefon,Niedrig,2023-09-11,180
3853,15920,2024-09-22,Smart Meter,Installation,Smart Meter Installation angefragt,Neutral,App,Niedrig,2024-10-06,17
3854,17554,2024-05-09,Wärmepumpe,Technisch,Fehlercode E01 angezeigt,Negativ,App,Niedrig,2024-05-14,130
3855,13326,2025-03-18,Rechnung,Abrechnung,Zahlungsplan angefragt,Neutral,Telefon,Mittel,2025-03-24,132
3856,9106,2023-08-05,Allgemein,Service,Kontaktdaten ändern,Neutral,Email,Mittel,2023-08-17,181
3857,12552,2024-05-28,Wärmepumpe,Technisch,Effizienz zu niedrig,Neutral,Telefon,Niedrig,2024-06-05,198
3858,17676,2024-11-23,Wallbox,E-Mobility,Wallbox defekt,Negativ,Email,Hoch,2024-11-23,72
3859,4355,2024-05-03,Speicher,Technisch,Batteriespeicher Störung,Negativ,Email,Hoch,2024-05-04,178
3860,4951,2023-11-22,Wärmepumpe,Technisch,Fehlercode E01 angezeigt,Neutral,App,Mittel,2023-11-26,84
3861,12552,2023-07-18,Allgemein,Service,Allgemeine Anfrage,Positiv,Telefon,Kritisch,2023-07-20,184
3862,10808,2025-05-09,Tarif,Vertrag,Preisgarantie Frage,Positiv,Chat,Hoch,2025-05-10,167
3863,15590,2023-01-01,Solar,Technisch,Einspeisevergütung Frage,Negativ,Chat,Mittel,2023-01-04,15
3864,13716,2023-11-06,Wallbox,E-Mobility,App-Verbindung unterbrochen,Neutral,Chat,Mittel,2023-11-11,155
3865,5213,2025-06-29,Wärmepumpe,Technisch,Effizienz zu niedrig,Neutral,Chat,Mittel,2025-06-29,48
3866,3124,2023-10-21,Tarif,Vertrag,Kündigung,Negativ,App,Mittel,2023-10-29,102
3867,4782,2024-04-11,Solar,Technisch,Solaranlage produziert nicht,Negativ,Telefon,Niedrig,2024-04-22,62
3868,3166,2023-11-28,Smart Meter,Installation,Smart Meter zeigt keine Daten,Neutral,Chat,Niedrig,2023-12-04,125
3869,13940,2023-04-05,Wallbox,E-Mobility,App-Verbindung unterbrochen,Neutral,Chat,Niedrig,2023-04-09,12
3870,19673,2023-01-09,Speicher,Technisch,Kapazität gesunken,Negativ,Email,Niedrig,2023-01-13,12
3871,1968,2024-08-13,Solar,Technisch,Monitoring nicht verfügbar,Negativ,Email,Mittel,2024-08-17,174
3872,7636,2024-08-18,Speicher,Technisch,Batteriespeicher Störung,Negativ,Chat,Kritisch,2024-08-18,25
3873,6609,2024-04-21,Smart Meter,Installation,Smart Meter defekt,Negativ,App,Hoch,2024-04-23,174
3874,10530,2025-05-10,Wärmepumpe,Technisch,Fehlercode E01 angezeigt,Neutral,Email,Mittel,2025-05-17,144
3875,11895,2024-04-28,Tarif,Vertrag,Tarifwechsel angefragt,Neutral,Chat,Hoch,2024-05-02,115
3876,14414,2023-07-24,Rechnung,Abrechnung,Rechnungsfrage,Negativ,App,Mittel,2023-07-26,151
3877,2089,2025-06-15,Wallbox,E-Mobility,App-Verbindung unterbrochen,Negativ,Telefon,Kritisch,2025-06-22,121
3878,11269,2025-06-21,Allgemein,Service,Kontaktdaten ändern,Positiv,Telefon,Hoch,2025-06-22,148
3879,13250,2024-02-18,Wallbox,E-Mobility,Wallbox Installation angefragt,Neutral,Telefon,Mittel,2024-02-28,124
3880,13634,2023-11-03,Wärmepumpe,Technisch,Geräuschentwicklung zu hoch,Neutral,Chat,Niedrig,2023-11-14,167
3881,15946,2024-03-15,Smart Meter,Installation,Smart Meter Ablesung fehlerhaft,Neutral,Email,Hoch,2024-03-20,33
3882,13606,2023-06-17,Smart Meter,Installation,Smart Meter zeigt keine Daten,Neutral,Email,Mittel,2023-06-24,187
3883,4553,2023-05-29,Allgemein,Service,Beschwerde,Negativ,App,Mittel,2023-06-07,91
3884,621,2025-01-13,Rechnung,Abrechnung,Abschlag zu hoch,Neutral,Chat,Mittel,2025-01-14,151
3885,11265,2023-06-08,Smart Meter,Installation,Smart Meter Ablesung fehlerhaft,Neutral,Chat,Mittel,2023-06-16,68
3886,13999,2024-07-27,Smart Meter,Installation,Smart Meter defekt,Negativ,Email,Mittel,2024-08-08,184
3887,10989,2024-02-11,Speicher,Technisch,Batteriespeicher Störung,Negativ,Chat,Mittel,2024-02-14,171
3888,6869,2025-06-13,Rechnung,Abrechnung,Zahlungsplan angefragt,Neutral,Chat,Niedrig,2025-06-15,75
3889,2596,2024-08-15,Speicher,Technisch,Speicher lädt nicht,Negativ,Email,Hoch,2024-08-20,78
3890,9460,2023-04-18,Rechnung,Abrechnung,Abschlag anpassen,Negativ,App,Mittel,2023-04-22,11
3891,12645,2024-03-13,Speicher,Technisch,Speicher lädt nicht,Negativ,Chat,Mittel,2024-03-13,160
3892,8842,2023-10-23,Wallbox,E-Mobility,Ladekarte Probleme,Neutral,App,Niedrig,2023-11-01,12
3893,9064,2025-02-05,Tarif,Vertrag,Kündigung,Positiv,Telefon,Niedrig,2025-02-15,160
3894,15667,2023-08-21,Rechnung,Abrechnung,Zahlungsplan angefragt,Neutral,Telefon,Hoch,2023-08-25,20
3895,14147,2024-01-31,Wallbox,E-Mobility,Wallbox Installation angefragt,Neutral,Chat,Kritisch,2024-02-07,69
3896,7361,2024-10-02,Wärmepumpe,Technisch,Wärmepumpe läuft nicht,Negativ,App,Hoch,2024-10-08,34
3897,8004,2023-04-07,Tarif,Vertrag,Preisgarantie Frage,Negativ,Telefon,Niedrig,2023-04-12,182
3898,3218,2025-06-02,Tarif,Vertrag,Preisgarantie Frage,Positiv,Email,Mittel,2025-06-13,85
3899,14034,2023-03-30,Wallbox,E-Mobility,Wallbox Installation angefragt,Neutral,App,Niedrig,2023-04-04,174
3900,819,2023-08-06,Wallbox,E-Mobility,Wallbox defekt,Negativ,Email,Hoch,2023-08-11,134
3901,18433,2024-09-29,Solar,Technisch,Solaranlage produziert nicht,Negativ,Chat,Niedrig,2024-10-08,78
3902,16517,2024-06-06,Wärmepumpe,Technisch,Wartung angefragt,Neutral,Telefon,Kritisch,2024-06-10,83
3903,7095,2024-09-08,Smart Meter,Installation,Smart Meter Installation angefragt,Positiv,Email,Mittel,2024-09-15,136
3904,9978,2023-02-12,Rechnung,Abrechnung,Gutschrift angefragt,Neutral,Email,Mittel,2023-02-24,93
3905,13606,2024-01-09,Smart Meter,Installation,Smart Meter defekt,Negativ,Email,Niedrig,2024-01-13,67
3906,13777,2024-05-18,Tarif,Vertrag,Ökostrom Umstellung,Positiv,Email,Hoch,2024-05-22,110
3907,4727,2023-07-05,Smart Meter,Installation,Smart Meter Ablesung fehlerhaft,Neutral,Chat,Niedrig,2023-07-19,144
3908,8384,2024-08-02,Smart Meter,Installation,Smart Meter defekt,Negativ,Email,Hoch,2024-08-02,167
3909,3160,2023-02-14,Smart Meter,Installation,Smart Meter Installation angefragt,Neutral,Chat,Mittel,2023-02-26,185
3910,6657,2025-01-19,Tarif,Vertrag,Tarifwechsel angefragt,Neutral,Telefon,Mittel,2025-02-02,22
3911,6514,2023-11-02,Wallbox,E-Mobility,Ladekarte Probleme,Neutral,Chat,Mittel,2023-11-10,34
3912,1836,2024-08-15,Rechnung,Abrechnung,Gutschrift angefragt,Neutral,App,Niedrig,2024-08-29,144
3913,4232,2024-10-10,Wallbox,E-Mobility,App-Verbindung unterbrochen,Positiv,Telefon,Niedrig,2024-10-14,124
3914,12966,2023-04-17,Smart Meter,Installation,Smart Meter defekt,Negativ,Telefon,Mittel,2023-04-29,142
3915,19848,2023-01-16,Rechnung,Abrechnung,Zahlungsplan angefragt,Negativ,Email,Hoch,2023-01-16,9
3916,17235,2023-10-01,Allgemein,Service,Beschwerde,Negativ,App,Mittel,2023-10-03,59
3917,17864,2025-01-18,Wallbox,E-Mobility,Wallbox defekt,Negativ,Email,Kritisch,2025-01-19,28
3918,5930,2023-10-14,Speicher,Technisch,Batteriespeicher Störung,Negativ,Email,Kritisch,2023-10-21,142
3919,10618,2024-05-05,Rechnung,Abrechnung,Abschlag anpassen,Negativ,Chat,Niedrig,2024-05-06,175
3920,4374,2025-01-05,Solar,Technisch,Solaranlage produziert nicht,Negativ,Email,Hoch,2025-01-05,87
3921,14859,2023-04-02,Rechnung,Abrechnung,Zahlungsplan angefragt,Negativ,App,Mittel,2023-04-12,76
3922,11096,2023-09-25,Smart Meter,Installation,Smart Meter App funktioniert nicht,Negativ,Email,Niedrig,2023-10-08,30
3923,11687,2023-08-26,Smart Meter,Installation,Smart Meter Ablesung fehlerhaft,Positiv,Chat,Mittel,2023-09-02,87
3924,3450,2025-03-13,Rechnung,Abrechnung,Abschlag anpassen,Positiv,App,Mittel,2025-03-14,145
3925,13272,2023-06-27,Solar,Technisch,Einspeisevergütung Frage,Neutral,App,Mittel,2023-07-08,128
3926,9311,2023-07-25,Allgemein,Service,Beschwerde,Negativ,Chat,Hoch,2023-07-26,12
3927,17194,2023-01-01,Wärmepumpe,Technisch,Wärmepumpe läuft nicht,Negativ,Chat,Hoch,2023-01-04,143
3928,16801,2024-06-16,Tarif,Vertrag,Preisgarantie Frage,Neutral,App,Kritisch,2024-06-22,146
3929,15801,2025-01-15,Wärmepumpe,Technisch,Wärmepumpe läuft nicht,Negativ,App,Niedrig,2025-01-28,11
3930,1765,2023-10-18,Wallbox,E-Mobility,App-Verbindung unterbrochen,Negativ,App,Mittel,2023-10-21,105
3931,6429,2023-04-30,Allgemein,Service,Beschwerde,Negativ,Chat,Mittel,2023-05-14,114
3932,10508,2024-12-03,Rechnung,Abrechnung,Abschlag zu hoch,Negativ,Telefon,Niedrig,2024-12-17,184
3933,15889,2024-03-31,Wärmepumpe,Technisch,Wärmepumpe Störung,Negativ,Chat,Kritisch,2024-04-03,56
3934,4409,2025-04-02,Rechnung,Abrechnung,Abschlag zu hoch,Neutral,App,Niedrig,2025-04-06,190
3935,1286,2024-01-14,Smart Meter,Installation,Smart Meter App funktioniert nicht,Negativ,Chat,Mittel,2024-01-19,53
3936,4885,2024-07-31,Rechnung,Abrechnung,Abschlag anpassen,Negativ,Chat,Niedrig,2024-08-09,15
3937,2322,2023-11-10,Smart Meter,Installation,Smart Meter Ablesung fehlerhaft,Negativ,Telefon,Mittel,2023-11-19,51
3938,10793,2024-02-22,Wärmepumpe,Technisch,Effizienz zu niedrig,Neutral,Chat,Niedrig,2024-02-22,119
3939,18750,2023-07-14,Wallbox,E-Mobility,Wallbox lädt nicht,Negativ,Email,Hoch,2023-07-18,32
3940,6275,2023-12-13,Rechnung,Abrechnung,Gutschrift angefragt,Neutral,Telefon,Niedrig,2023-12-13,193
3941,11544,2023-10-21,Speicher,Technisch,Batteriespeicher Störung,Negativ,Telefon,Mittel,2023-10-29,122
3942,9491,2024-05-06,Wärmepumpe,Technisch,Wärmepumpe läuft nicht,Negativ,Email,Mittel,2024-05-06,134
3943,16192,2025-01-05,Rechnung,Abrechnung,Rechnungsfrage,Negativ,App,Hoch,2025-01-05,42
3944,8711,2025-01-14,Smart Meter,Installation,Smart Meter Installation angefragt,Positiv,Telefon,Niedrig,2025-01-15,154
3945,10643,2023-04-21,Speicher,Technisch,Batteriespeicher Störung,Negativ,Telefon,Hoch,2023-04-24,122
3946,2782,2024-03-08,Wallbox,E-Mobility,Wallbox defekt,Negativ,Email,Hoch,2024-03-11,161
3947,5292,2023-12-20,Tarif,Vertrag,Umzug melden,Negativ,Chat,Hoch,2023-12-24,137
3948,596,2024-09-18,Rechnung,Abrechnung,Abschlag anpassen,Neutral,Telefon,Niedrig,2024-09-26,136
3949,8221,2024-02-28,Tarif,Vertrag,Kündigung,Neutral,Chat,Niedrig,2024-03-05,64
3950,14329,2023-06-30,Smart Meter,Installation,Smart Meter Ablesung fehlerhaft,Neutral,Chat,Mittel,2023-07-08,153
3951,8400,2025-03-18,Tarif,Vertrag,Ökostrom Umstellung,Neutral,Email,Niedrig,2025-03-21,183
3952,15277,2023-09-19,Solar,Technisch,Solaranlage produziert nicht,Negativ,Email,Hoch,2023-09-20,164
3953,13242,2023-01-11,Allgemein,Service,Allgemeine Anfrage,Neutral,App,Kritisch,2023-01-18,134
3954,10630,2024-06-15,Rechnung,Abrechnung,Abschlag anpassen,Neutral,Chat,Niedrig,2024-06-20,166
3955,19142,2023-07-28,Wallbox,E-Mobility,Ladekarte Probleme,Negativ,Email,Kritisch,2023-07-29,29
3956,3004,2023-07-12,Smart Meter,Installation,Smart Meter defekt,Negativ,App,Hoch,2023-07-18,187
3957,7169,2023-05-02,Allgemein,Service,Informationsanfrage,Neutral,Telefon,Niedrig,2023-05-04,190
3958,7029,2023-07-06,Speicher,Technisch,Batteriespeicher Störung,Negativ,Telefon,Hoch,2023-07-12,70
3959,19672,2023-01-14,Allgemein,Service,Informationsanfrage,Negativ,Chat,Mittel,2023-01-25,92
3960,11025,2024-03-30,Solar,Technisch,Solaranlage Ertrag niedrig,Neutral,Chat,Niedrig,2024-03-30,175
3961,15537,2025-01-03,Allgemein,Service,Kontaktdaten ändern,Negativ,App,Mittel,2025-01-12,152
3962,8563,2025-03-12,Tarif,Vertrag,Umzug melden,Negativ,App,Hoch,2025-03-14,152
3963,17805,2025-03-14,Smart Meter,Installation,Smart Meter defekt,Negativ,Telefon,Hoch,2025-03-15,34
3964,14980,2024-10-31,Wärmepumpe,Technisch,Wärmepumpe Störung,Negativ,Chat,Mittel,2024-11-09,171
3965,5403,2024-08-22,Allgemein,Service,Kontaktdaten ändern,Neutral,Chat,Niedrig,2024-08-23,121
3966,11535,2025-04-27,Wallbox,E-Mobility,Wallbox Installation angefragt,Neutral,App,Hoch,2025-05-04,84
3967,13957,2024-05-19,Wärmepumpe,Technisch,Geräuschentwicklung zu hoch,Neutral,Telefon,Hoch,2024-05-23,25
3968,7775,2024-08-10,Solar,Technisch,Solaranlage Ertrag niedrig,Neutral,Email,Mittel,2024-08-18,35
3969,1288,2025-01-20,Wallbox,E-Mobility,App-Verbindung unterbrochen,Neutral,App,Mittel,2025-01-20,192
3970,4865,2024-06-03,Speicher,Technisch,Speicher lädt nicht,Negativ,Email,Niedrig,2024-06-12,30
3971,5564,2024-12-02,Allgemein,Service,Beschwerde,Negativ,Chat,Hoch,2024-12-06,170
3972,15389,2025-04-23,Solar,Technisch,Einspeisevergütung Frage,Positiv,Telefon,Hoch,2025-04-27,136
3973,11198,2025-05-16,Allgemein,Service,Beschwerde,Negativ,Email,Hoch,2025-05-16,141
3974,13814,2024-05-04,Tarif,Vertrag,Preisgarantie Frage,Neutral,Telefon,Mittel,2024-05-14,108
3975,5317,2023-11-09,Solar,Technisch,Wechselrichter Fehler,Neutral,Email,Mittel,2023-11-18,64
3976,18939,2025-03-31,Wärmepumpe,Technisch,Wärmepumpe Störung,Negativ,Chat,Hoch,2025-03-31,86
3977,18959,2023-12-05,Allgemein,Service,Allgemeine Anfrage,Neutral,Email,Mittel,2023-12-12,114
3978,18984,2024-07-08,Wallbox,E-Mobility,App-Verbindung unterbrochen,Positiv,Telefon,Mittel,2024-07-09,107
3979,10394,2024-10-08,Smart Meter,Installation,Smart Meter defekt,Negativ,Telefon,Kritisch,2024-10-14,105
3980,17477,2023-01-19,Smart Meter,Installation,Smart Meter Ablesung fehlerhaft,Neutral,Chat,Mittel,2023-01-21,53
3981,8971,2024-10-13,Solar,Technisch,Wechselrichter Fehler,Negativ,Email,Niedrig,2024-10-17,57
3982,10448,2024-06-07,Speicher,Technisch,Speicher lädt nicht,Negativ,Telefon,Kritisch,2024-06-14,53
3983,17548,2024-12-24,Wärmepumpe,Technisch,Wärmepumpe Störung,Negativ,Chat,Hoch,2024-12-27,50
3984,12674,2024-09-27,Wallbox,E-Mobility,Wallbox Installation angefragt,Positiv,Chat,Mittel,2024-10-03,9
3985,13420,2024-04-12,Wallbox,E-Mobility,Wallbox defekt,Negativ,Chat,Kritisch,2024-04-14,120
3986,12261,2024-08-20,Tarif,Vertrag,Umzug melden,Neutral,App,Mittel,2024-08-21,14
3987,17391,2023-10-16,Smart Meter,Installation,Smart Meter zeigt keine Daten,Neutral,App,Mittel,2023-10-25,146
3988,16243,2023-01-03,Allgemein,Service,Lob,Positiv,Telefon,Niedrig,2023-01-14,83
3989,3784,2023-01-27,Speicher,Technisch,Batteriespeicher Störung,Negativ,Telefon,Hoch,2023-01-28,193
3990,7296,2024-11-18,Tarif,Vertrag,Ökostrom Umstellung,Positiv,Telefon,Hoch,2024-11-23,38
3991,7744,2023-03-31,Smart Meter,Installation,Smart Meter defekt,Negativ,Chat,Mittel,2023-04-12,198
3992,10526,2023-02-01,Speicher,Technisch,Speicher lädt nicht,Negativ,Telefon,Mittel,2023-02-02,88
3993,10472,2024-10-23,Rechnung,Abrechnung,Rechnungsfrage,Neutral,Email,Niedrig,2024-10-25,153
3994,13713,2025-04-22,Allgemein,Service,Beschwerde,Negativ,Email,Kritisch,2025-04-27,43
3995,18785,2023-11-19,Speicher,Technisch,Kapazität gesunken,Negativ,Chat,Mittel,2023-11-23,64
3996,17644,2023-10-06,Speicher,Technisch,Batteriespeicher Störung,Negativ,Chat,Kritisch,2023-10-11,89
3997,8272,2023-10-16,Speicher,Technisch,Speicher lädt nicht,Negativ,Telefon,Hoch,2023-10-16,12
3998,9548,2025-04-05,Wärmepumpe,Technisch,Geräuschentwicklung zu hoch,Neutral,Chat,Mittel,2025-04-11,42
3999,6562,2024-12-02,Smart Meter,Installation,Smart Meter Ablesung fehlerhaft,Neutral,Email,Mittel,2024-12-08,46
4000,19991,2024-05-13,Allgemein,Service,Kontaktdaten ändern,Neutral,App,Niedrig,2024-05-21,2
4001,9801,2024-09-13,Rechnung,Abrechnung,Abschlag zu hoch,Negativ,App,Mittel,2024-09-27,177
4002,1441,2024-12-01,Tarif,Vertrag,Ökostrom Umstellung,Neutral,App,Hoch,2024-12-01,26
4003,8584,2024-10-24,Rechnung,Abrechnung,Unstimmigkeit in Rechnung,Negativ,Chat,Niedrig,2024-11-02,142
4004,17029,2024-10-30,Wallbox,E-Mobility,Wallbox lädt nicht,Negativ,Telefon,Kritisch,2024-11-03,110
4005,19626,2024-03-08,Allgemein,Service,Kontaktdaten ändern,Neutral,App,Mittel,2024-03-13,171
4006,12740,2024-01-31,Rechnung,Abrechnung,Gutschrift angefragt,Neutral,Chat,Mittel,2024-02-04,60
4007,8513,2024-05-29,Rechnung,Abrechnung,Abschlag zu hoch,Neutral,Email,Mittel,2024-06-06,139
4008,2533,2023-04-22,Rechnung,Abrechnung,Gutschrift angefragt,Positiv,Chat,Mittel,2023-05-01,189
4009,17542,2025-02-05,Wallbox,E-Mobility,Ladekarte Probleme,Neutral,Email,Niedrig,2025-02-14,121
4010,807,2023-04-21,Wärmepumpe,Technisch,Geräuschentwicklung zu hoch,Positiv,Chat,Hoch,2023-04-26,67
4011,3589,2023-01-15,Smart Meter,Installation,Smart Meter Installation angefragt,Neutral,Chat,Niedrig,2023-01-27,122
4012,14726,2023-01-19,Smart Meter,Installation,Smart Meter zeigt keine Daten,Positiv,Telefon,Mittel,2023-01-21,37
4013,10428,2024-01-04,Wallbox,E-Mobility,Ladekarte Probleme,Neutral,Chat,Niedrig,2024-01-08,175
4014,4277,2023-03-25,Tarif,Vertrag,Vertragsverlängerung,Neutral,Telefon,Mittel,2023-04-08,140
4015,3411,2024-12-03,Solar,Technisch,Solaranlage Ertrag niedrig,Negativ,App,Niedrig,2024-12-11,132
4016,9590,2024-06-29,Tarif,Vertrag,Kündigung,Positiv,Email,Mittel,2024-07-04,139
4017,17414,2023-09-12,Speicher,Technisch,Speicher lädt nicht,Negativ,App,Hoch,2023-09-13,23
4018,11125,2025-04-12,Rechnung,Abrechnung,Zahlungsplan angefragt,Negativ,Chat,Niedrig,2025-04-26,32
4019,7105,2023-08-22,Allgemein,Service,Beschwerde,Negativ,App,Hoch,2023-08-25,87
4020,7479,2024-11-30,Tarif,Vertrag,Kündigung,Neutral,Email,Mittel,2024-12-06,3
4021,2873,2024-05-27,Speicher,Technisch,Batteriespeicher Störung,Negativ,Telefon,Kritisch,2024-05-29,54
4022,16412,2025-03-01,Rechnung,Abrechnung,Abschlag anpassen,Neutral,Chat,Mittel,2025-03-14,10
4023,4438,2024-07-02,Rechnung,Abrechnung,Abschlag zu hoch,Neutral,App,Niedrig,2024-07-03,137
4024,4601,2023-12-22,Speicher,Technisch,Kapazität gesunken,Neutral,App,Niedrig,2024-01-05,72
4025,12411,2023-03-14,Speicher,Technisch,Batteriespeicher Störung,Negativ,Email,Mittel,2023-03-19,136
4026,14272,2023-08-27,Wallbox,E-Mobility,Ladekarte Probleme,Neutral,Telefon,Mittel,2023-08-27,70
4027,5499,2023-06-26,Rechnung,Abrechnung,Zahlungsplan angefragt,Neutral,Email,Mittel,2023-07-07,20
4028,19949,2023-01-27,Wallbox,E-Mobility,Wallbox defekt,Negativ,Telefon,Niedrig,2023-02-01,166
4029,18680,2024-03-24,Wärmepumpe,Technisch,Geräuschentwicklung zu hoch,Neutral,Chat,Niedrig,2024-04-02,110
4030,11200,2024-02-11,Allgemein,Service,Allgemeine Anfrage,Neutral,Telefon,Mittel,2024-02-12,135
4031,16594,2023-04-26,Tarif,Vertrag,Tarifwechsel angefragt,Neutral,Chat,Mittel,2023-04-29,96
4032,17326,2024-11-12,Smart Meter,Installation,Smart Meter defekt,Negativ,Email,Hoch,2024-11-17,114
4033,1908,2024-05-30,Tarif,Vertrag,Ökostrom Umstellung,Negativ,Email,Mittel,2024-06-02,144
4034,9728,2023-07-24,Smart Meter,Installation,Smart Meter App funktioniert nicht,Negativ,Chat,Hoch,2023-07-27,182
4035,16166,2023-05-19,Rechnung,Abrechnung,Abschlag anpassen,Neutral,App,Niedrig,2023-05-27,9
4036,14296,2024-05-27,Smart Meter,Installation,Smart Meter Installation angefragt,Neutral,Telefon,Kritisch,2024-06-03,143
4037,19871,2025-05-15,Rechnung,Abrechnung,Unstimmigkeit in Rechnung,Neutral,Email,Mittel,2025-05-18,89
4038,17941,2024-07-03,Rechnung,Abrechnung,Unstimmigkeit in Rechnung,Neutral,App,Mittel,2024-07-13,97
4039,14442,2024-07-19,Wärmepumpe,Technisch,Wärmepumpe Störung,Negativ,Email,Mittel,2024-07-20,183
4040,19516,2025-03-02,Solar,Technisch,Wechselrichter Fehler,Neutral,Telefon,Kritisch,2025-03-09,1
4041,8496,2023-03-02,Wallbox,E-Mobility,Wallbox lädt nicht,Negativ,Telefon,Hoch,2023-03-07,77
4042,18906,2025-02-13,Rechnung,Abrechnung,Abschlag anpassen,Neutral,Telefon,Kritisch,2025-02-19,25
4043,1353,2024-10-14,Smart Meter,Installation,Smart Meter zeigt keine Daten,Neutral,Chat,Niedrig,2024-10-22,64
4044,9485,2025-04-09,Allgemein,Service,Beschwerde,Negativ,Email,Hoch,2025-04-11,43
4045,4957,2024-06-20,Smart Meter,Installation,Smart Meter App funktioniert nicht,Negativ,App,Hoch,2024-06-25,134
4046,14378,2025-01-28,Wärmepumpe,Technisch,Fehlercode E01 angezeigt,Neutral,Chat,Mittel,2025-01-28,4
4047,7994,2023-02-15,Rechnung,Abrechnung,Unstimmigkeit in Rechnung,Neutral,Telefon,Mittel,2023-02-27,64
4048,11379,2025-06-15,Allgemein,Service,Informationsanfrage,Negativ,Chat,Mittel,2025-06-25,33
4049,9022,2023-05-19,Speicher,Technisch,Kapazität gesunken,Negativ,App,Mittel,2023-06-01,72
4050,13025,2024-02-09,Solar,Technisch,Monitoring nicht verfügbar,Negativ,Chat,Hoch,2024-02-13,154
4051,9145,2024-08-19,Tarif,Vertrag,Preisgarantie Frage,Neutral,Telefon,Niedrig,2024-08-26,177
4052,4620,2023-11-03,Tarif,Vertrag,Tarifwechsel angefragt,Neutral,Chat,Mittel,2023-11-15,3
4053,1524,2025-04-30,Wärmepumpe,Technisch,Wartung angefragt,Neutral,Telefon,Niedrig,2025-05-09,86
4054,16511,2024-12-03,Speicher,Technisch,Speicher lädt nicht,Negativ,Telefon,Hoch,2024-12-09,80
4055,2645,2023-08-12,Wallbox,E-Mobility,Ladekarte Probleme,Negativ,Email,Mittel,2023-08-13,175
4056,9111,2024-08-30,Speicher,Technisch,Batteriespeicher Störung,Negativ,App,Niedrig,2024-09-12,79
4057,9653,2025-02-27,Speicher,Technisch,Speicher lädt nicht,Negativ,Chat,Mittel,2025-02-27,155
4058,11571,2024-12-05,Wallbox,E-Mobility,Wallbox Installation angefragt,Neutral,Telefon,Mittel,2024-12-15,100
4059,4913,2025-01-16,Speicher,Technisch,Speicher lädt nicht,Negativ,Email,Hoch,2025-01-21,125
4060,3010,2024-11-10,Rechnung,Abrechnung,Rechnungsfrage,Neutral,Email,Mittel,2024-11-19,105
4061,6679,2024-02-02,Solar,Technisch,Einspeisevergütung Frage,Neutral,App,Mittel,2024-02-04,83
4062,17829,2023-03-27,Rechnung,Abrechnung,Gutschrift angefragt,Negativ,Telefon,Niedrig,2023-04-02,50
4063,8966,2025-06-23,Rechnung,Abrechnung,Zahlungsplan angefragt,Neutral,Telefon,Niedrig,2025-06-29,56
4064,18841,2023-08-13,Wallbox,E-Mobility,Wallbox Installation angefragt,Positiv,Chat,Mittel,2023-08-19,44
4065,270,2023-09-03,Speicher,Technisch,Kapazität gesunken,Neutral,Telefon,Mittel,2023-09-04,198
4066,214,2025-05-29,Solar,Technisch,Einspeisevergütung Frage,Negativ,Email,Mittel,2025-06-03,27
4067,16976,2024-10-18,Solar,Technisch,Solaranlage Ertrag niedrig,Neutral,Chat,Mittel,2024-10-19,192
4068,15872,2023-02-06,Wärmepumpe,Technisch,Wartung angefragt,Neutral,Chat,Hoch,2023-02-09,11
4069,8718,2024-04-12,Wärmepumpe,Technisch,Effizienz zu niedrig,Neutral,Chat,Niedrig,2024-04-17,195
4070,12646,2023-01-08,Tarif,Vertrag,Ökostrom Umstellung,Neutral,App,Hoch,2023-01-15,128
4071,11899,2024-07-02,Solar,Technisch,Solaranlage Ertrag niedrig,Negativ,Telefon,Mittel,2024-07-15,173
4072,7994,2024-12-30,Allgemein,Service,Lob,Positiv,Chat,Niedrig,2025-01-06,14
4073,9628,2024-08-05,Tarif,Vertrag,Umzug melden,Negativ,Telefon,Mittel,2024-08-07,119
4074,18484,2024-09-15,Allgemein,Service,Beschwerde,Negativ,App,Niedrig,2024-09-16,161
4075,1091,2024-03-07,Speicher,Technisch,Kapazität gesunken,Neutral,App,Niedrig,2024-03-16,120
4076,12993,2023-09-17,Wärmepumpe,Technisch,Wärmepumpe läuft nicht,Negativ,App,Mittel,2023-09-24,130
4077,1411,2024-11-05,Rechnung,Abrechnung,Unstimmigkeit in Rechnung,Positiv,Chat,Niedrig,2024-11-16,134
4078,653,2024-09-25,Allgemein,Service,Kontaktdaten ändern,Positiv,Telefon,Niedrig,2024-09-27,84
4079,2034,2025-03-24,Solar,Technisch,Solaranlage produziert nicht,Negativ,Email,Mittel,2025-03-28,134
4080,14048,2024-09-11,Tarif,Vertrag,Kündigung,Positiv,App,Mittel,2024-09-18,182
4081,16005,2025-02-18,Smart Meter,Installation,Smart Meter Ablesung fehlerhaft,Positiv,Chat,Mittel,2025-02-18,169
4082,5991,2024-04-27,Rechnung,Abrechnung,Zahlungsplan angefragt,Neutral,Chat,Mittel,2024-04-27,51
4083,15126,2024-06-19,Tarif,Vertrag,Preisgarantie Frage,Negativ,Chat,Kritisch,2024-06-23,138
4084,12232,2023-04-17,Speicher,Technisch,Kapazität gesunken,Neutral,Telefon,Mittel,2023-04-22,185
4085,1028,2023-03-20,Wallbox,E-Mobility,Ladekarte Probleme,Negativ,App,Mittel,2023-03-22,100
4086,1340,2024-01-06,Tarif,Vertrag,Tarifwechsel angefragt,Negativ,App,Mittel,2024-01-09,44
4087,14517,2024-11-06,Solar,Technisch,Monitoring nicht verfügbar,Negativ,Email,Kritisch,2024-11-06,120
4088,16657,2023-07-24,Wärmepumpe,Technisch,Geräuschentwicklung zu hoch,Neutral,App,Niedrig,2023-07-26,134
4089,9003,2024-04-02,Tarif,Vertrag,Ökostrom Umstellung,Positiv,App,Mittel,2024-04-03,153
4090,6340,2025-03-20,Speicher,Technisch,Kapazität gesunken,Neutral,Email,Mittel,2025-03-28,20
4091,9664,2023-10-22,Rechnung,Abrechnung,Gutschrift angefragt,Negativ,App,Niedrig,2023-10-31,179
4092,13548,2023-03-29,Allgemein,Service,Beschwerde,Negativ,Email,Kritisch,2023-03-31,25
4093,5883,2023-04-23,Smart Meter,Installation,Smart Meter zeigt keine Daten,Neutral,Email,Hoch,2023-04-25,44
4094,497,2025-01-11,Allgemein,Service,Informationsanfrage,Negativ,Telefon,Niedrig,2025-01-23,96
4095,11649,2024-08-26,Smart Meter,Installation,Smart Meter Installation angefragt,Neutral,Chat,Niedrig,2024-08-29,186
4096,18464,2025-01-16,Tarif,Vertrag,Tarifwechsel angefragt,Neutral,Email,Niedrig,2025-01-20,165
4097,11979,2024-05-23,Wärmepumpe,Technisch,Wärmepumpe Störung,Negativ,Chat,Mittel,2024-05-27,88
4098,18110,2023-02-22,Solar,Technisch,Wechselrichter Fehler,Negativ,App,Niedrig,2023-03-03,64
4099,7170,2024-12-05,Rechnung,Abrechnung,Abschlag anpassen,Neutral,Email,Hoch,2024-12-09,86
4100,4000,2024-08-30,Solar,Technisch,Wechselrichter Fehler,Neutral,Email,Mittel,2024-09-02,117
4101,2533,2025-05-30,Solar,Technisch,Solaranlage Ertrag niedrig,Neutral,Telefon,Mittel,2025-06-13,33
4102,15136,2024-12-19,Rechnung,Abrechnung,Zahlungsplan angefragt,Neutral,App,Niedrig,2024-12-31,78
4103,150,2023-09-05,Allgemein,Service,Informationsanfrage,Neutral,Email,Niedrig,2023-09-18,179
4104,5527,2023-06-30,Rechnung,Abrechnung,Unstimmigkeit in Rechnung,Negativ,App,Mittel,2023-07-08,40
4105,18944,2023-04-02,Solar,Technisch,Solaranlage produziert nicht,Negativ,App,Kritisch,2023-04-05,122
4106,10958,2023-12-16,Wärmepumpe,Technisch,Effizienz zu niedrig,Neutral,Telefon,Mittel,2023-12-23,31
4107,17530,2023-09-21,Rechnung,Abrechnung,Rechnungsfrage,Neutral,Telefon,Niedrig,2023-09-26,197
4108,19700,2024-12-27,Speicher,Technisch,Kapazität gesunken,Neutral,Chat,Mittel,2025-01-05,21
4109,8081,2024-12-27,Allgemein,Service,Beschwerde,Negativ,Email,Kritisch,2024-12-31,51
4110,10697,2023-04-21,Speicher,Technisch,Batteriespeicher Störung,Negativ,Chat,Mittel,2023-05-05,160
4111,684,2024-10-29,Rechnung,Abrechnung,Rechnungsfrage,Neutral,Telefon,Mittel,2024-11-03,85
4112,14080,2023-09-27,Wallbox,E-Mobility,Wallbox Installation angefragt,Positiv,Email,Niedrig,2023-09-27,4
4113,18168,2025-02-03,Wärmepumpe,Technisch,Wärmepumpe läuft nicht,Negativ,Email,Kritisch,2025-02-05,88
4114,18840,2024-04-15,Speicher,Technisch,Kapazität gesunken,Neutral,Email,Mittel,2024-04-26,190
4115,14315,2023-04-22,Solar,Technisch,Einspeisevergütung Frage,Neutral,Email,Niedrig,2023-04-22,171
4116,12922,2024-02-04,Wallbox,E-Mobility,Wallbox Installation angefragt,Neutral,Email,Niedrig,2024-02-16,169
4117,7495,2024-04-20,Wallbox,E-Mobility,Wallbox lädt nicht,Negativ,Email,Hoch,2024-04-21,126
4118,19251,2025-04-03,Solar,Technisch,Solaranlage produziert nicht,Negativ,Telefon,Mittel,2025-04-08,123
4119,18626,2024-12-17,Rechnung,Abrechnung,Abschlag anpassen,Negativ,Telefon,Niedrig,2024-12-31,107
4120,12634,2023-04-02,Allgemein,Service,Lob,Positiv,App,Niedrig,2023-04-10,100
4121,3786,2025-03-27,Allgemein,Service,Lob,Positiv,Email,Niedrig,2025-03-31,156
4122,7303,2025-01-18,Tarif,Vertrag,Tarifwechsel angefragt,Neutral,App,Mittel,2025-01-26,17
4123,17334,2024-11-16,Wärmepumpe,Technisch,Fehlercode E01 angezeigt,Neutral,App,Niedrig,2024-11-17,88
4124,1293,2024-08-27,Smart Meter,Installation,Smart Meter App funktioniert nicht,Negativ,Email,Hoch,2024-08-31,127
4125,5730,2023-09-18,Tarif,Vertrag,Preisgarantie Frage,Neutral,Telefon,Mittel,2023-09-20,12
4126,11124,2024-09-21,Rechnung,Abrechnung,Rechnungsfrage,Positiv,App,Mittel,2024-09-24,9
4127,16821,2023-07-12,Wallbox,E-Mobility,Wallbox defekt,Negativ,Chat,Mittel,2023-07-26,33
4128,3653,2024-02-18,Rechnung,Abrechnung,Unstimmigkeit in Rechnung,Neutral,Email,Hoch,2024-02-21,85
4129,3055,2023-01-02,Rechnung,Abrechnung,Unstimmigkeit in Rechnung,Neutral,Chat,Niedrig,2023-01-10,144
4130,182,2025-03-10,Wallbox,E-Mobility,Wallbox defekt,Negativ,Email,Kritisch,2025-03-17,195
4131,11082,2023-07-11,Smart Meter,Installation,Smart Meter Ablesung fehlerhaft,Neutral,Email,Niedrig,2023-07-25,119
4132,3813,2025-06-23,Speicher,Technisch,Speicher lädt nicht,Negativ,Email,Niedrig,2025-06-25,47
4133,2383,2025-06-27,Smart Meter,Installation,Smart Meter defekt,Negativ,Telefon,Hoch,2025-07-02,145
4134,18023,2025-02-12,Solar,Technisch,Solaranlage produziert nicht,Negativ,Chat,Hoch,2025-02-15,47
4135,9936,2023-05-23,Rechnung,Abrechnung,Rechnungsfrage,Negativ,Telefon,Mittel,2023-05-29,24
4136,3998,2025-02-03,Wärmepumpe,Technisch,Wartung angefragt,Positiv,Chat,Niedrig,2025-02-03,36
4137,12890,2024-11-01,Speicher,Technisch,Kapazität gesunken,Negativ,Telefon,Niedrig,2024-11-09,102
4138,9404,2023-10-27,Allgemein,Service,Kontaktdaten ändern,Negativ,Email,Niedrig,2023-10-27,126
4139,13808,2023-07-25,Allgemein,Service,Lob,Positiv,Chat,Niedrig,2023-08-03,15
4140,17101,2025-05-31,Rechnung,Abrechnung,Unstimmigkeit in Rechnung,Negativ,Telefon,Niedrig,2025-06-10,48
4141,2631,2023-10-04,Rechnung,Abrechnung,Rechnungsfrage,Negativ,Telefon,Mittel,2023-10-05,66
4142,15838,2023-01-17,Solar,Technisch,Solaranlage Ertrag niedrig,Neutral,Chat,Mittel,2023-01-18,119
4143,4197,2024-08-04,Allgemein,Service,Lob,Positiv,App,Niedrig,2024-08-07,88
4144,18414,2024-06-10,Wärmepumpe,Technisch,Wärmepumpe läuft nicht,Negativ,App,Mittel,2024-06-19,132
4145,3968,2024-11-20,Solar,Technisch,Monitoring nicht verfügbar,Negativ,Telefon,Kritisch,2024-11-26,96
4146,14244,2025-06-14,Solar,Technisch,Solaranlage produziert nicht,Negativ,Email,Mittel,2025-06-21,99
4147,5471,2024-09-18,Wärmepumpe,Technisch,Wärmepumpe Störung,Negativ,Email,Hoch,2024-09-20,122
4148,17477,2023-08-16,Tarif,Vertrag,Umzug melden,Neutral,Email,Hoch,2023-08-22,167
4149,16914,2024-08-04,Wallbox,E-Mobility,Wallbox Installation angefragt,Neutral,Telefon,Hoch,2024-08-11,38
4150,4170,2025-03-14,Wärmepumpe,Technisch,Wärmepumpe Störung,Negativ,App,Hoch,2025-03-21,95
4151,6245,2025-06-26,Solar,Technisch,Solaranlage produziert nicht,Negativ,Email,Mittel,2025-06-28,164
4152,7419,2024-09-29,Wärmepumpe,Technisch,Fehlercode E01 angezeigt,Negativ,App,Niedrig,2024-10-12,134
4153,17347,2023-03-28,Wallbox,E-Mobility,Ladekarte Probleme,Neutral,App,Mittel,2023-04-11,126
4154,14157,2025-05-14,Smart Meter,Installation,Smart Meter Ablesung fehlerhaft,Neutral,App,Niedrig,2025-05-17,70
4155,19707,2024-01-09,Smart Meter,Installation,Smart Meter App funktioniert nicht,Negativ,Telefon,Hoch,2024-01-09,83
4156,16455,2023-08-10,Rechnung,Abrechnung,Abschlag anpassen,Negativ,Email,Niedrig,2023-08-21,23
4157,15289,2025-06-04,Speicher,Technisch,Speicher lädt nicht,Negativ,Telefon,Kritisch,2025-06-11,116
4158,9570,2024-06-20,Tarif,Vertrag,Umzug melden,Positiv,Email,Mittel,2024-06-28,50
4159,17258,2023-05-27,Allgemein,Service,Allgemeine Anfrage,Neutral,Chat,Kritisch,2023-05-28,58
4160,12601,2023-03-29,Rechnung,Abrechnung,Abschlag anpassen,Positiv,Email,Mittel,2023-03-31,147
4161,17977,2025-01-31,Allgemein,Service,Allgemeine Anfrage,Negativ,Telefon,Kritisch,2025-02-01,48
4162,3313,2023-04-01,Rechnung,Abrechnung,Unstimmigkeit in Rechnung,Neutral,Telefon,Hoch,2023-04-01,51
4163,3090,2025-01-24,Solar,Technisch,Solaranlage Ertrag niedrig,Negativ,Telefon,Niedrig,2025-01-31,195
4164,11773,2024-08-24,Tarif,Vertrag,Ökostrom Umstellung,Negativ,Chat,Mittel,2024-08-30,76
4165,10156,2024-10-08,Solar,Technisch,Solaranlage produziert nicht,Negativ,Email,Hoch,2024-10-12,61
4166,7887,2023-01-25,Rechnung,Abrechnung,Unstimmigkeit in Rechnung,Negativ,Chat,Mittel,2023-01-28,115
4167,7823,2023-01-21,Wallbox,E-Mobility,Wallbox defekt,Negativ,App,Niedrig,2023-01-23,85
4168,10080,2024-11-14,Tarif,Vertrag,Vertragsverlängerung,Neutral,Chat,Mittel,2024-11-26,118
4169,2380,2024-12-28,Wallbox,E-Mobility,Wallbox lädt nicht,Negativ,Chat,Hoch,2024-12-30,68
4170,8880,2023-03-01,Tarif,Vertrag,Ökostrom Umstellung,Neutral,Telefon,Niedrig,2023-03-13,75
4171,1878,2024-05-01,Speicher,Technisch,Speicher lädt nicht,Negativ,Email,Hoch,2024-05-04,17
4172,12764,2023-11-11,Smart Meter,Installation,Smart Meter Installation angefragt,Neutral,App,Niedrig,2023-11-12,111
4173,2061,2023-07-20,Solar,Technisch,Solaranlage Ertrag niedrig,Negativ,App,Mittel,2023-07-24,23
4174,2717,2023-05-04,Wärmepumpe,Technisch,Wartung angefragt,Neutral,Email,Mittel,2023-05-15,78
4175,4180,2023-01-30,Rechnung,Abrechnung,Zahlungsplan angefragt,Neutral,Telefon,Mittel,2023-01-30,130
4176,7696,2024-06-12,Wallbox,E-Mobility,Wallbox lädt nicht,Negativ,Email,Kritisch,2024-06-15,130
4177,19107,2025-06-05,Smart Meter,Installation,Smart Meter App funktioniert nicht,Negativ,Telefon,Hoch,2025-06-07,164
4178,19579,2023-04-19,Allgemein,Service,Allgemeine Anfrage,Positiv,Chat,Mittel,2023-04-22,97
4179,19783,2023-04-26,Tarif,Vertrag,Umzug melden,Negativ,Chat,Niedrig,2023-05-05,33
4180,1110,2025-06-06,Rechnung,Abrechnung,Zahlungsplan angefragt,Neutral,Chat,Mittel,2025-06-17,76
4181,8865,2024-08-14,Tarif,Vertrag,Ökostrom Umstellung,Neutral,Email,Hoch,2024-08-19,117
4182,8601,2024-11-12,Rechnung,Abrechnung,Abschlag anpassen,Neutral,Chat,Niedrig,2024-11-21,184
4183,19594,2025-05-05,Wärmepumpe,Technisch,Wartung angefragt,Neutral,Chat,Mittel,2025-05-08,174
4184,9063,2023-01-21,Tarif,Vertrag,Ökostrom Umstellung,Negativ,App,Mittel,2023-01-30,59
4185,19056,2023-11-16,Wallbox,E-Mobility,Wallbox Installation angefragt,Positiv,Telefon,Hoch,2023-11-19,75
4186,17010,2024-05-07,Smart Meter,Installation,Smart Meter App funktioniert nicht,Negativ,Telefon,Mittel,2024-05-19,154
4187,3163,2025-04-10,Wärmepumpe,Technisch,Wärmepumpe Störung,Negativ,Telefon,Kritisch,2025-04-15,130
4188,7661,2024-06-03,Rechnung,Abrechnung,Zahlungsplan angefragt,Positiv,Telefon,Mittel,2024-06-16,112
4189,13498,2023-01-04,Wallbox,E-Mobility,App-Verbindung unterbrochen,Neutral,App,Niedrig,2023-01-10,71
4190,19952,2023-12-18,Wärmepumpe,Technisch,Wärmepumpe Störung,Negativ,Chat,Hoch,2023-12-21,128
4191,7860,2024-12-19,Tarif,Vertrag,Kündigung,Neutral,App,Hoch,2024-12-20,184
4192,18839,2023-10-05,Wallbox,E-Mobility,Ladekarte Probleme,Negativ,Email,Mittel,2023-10-18,184
4193,3425,2024-03-29,Wallbox,E-Mobility,Wallbox defekt,Negativ,Email,Mittel,2024-04-02,63
4194,8681,2023-11-30,Tarif,Vertrag,Tarifwechsel angefragt,Neutral,App,Mittel,2023-12-09,105
4195,4061,2023-12-14,Rechnung,Abrechnung,Rechnungsfrage,Negativ,Chat,Niedrig,2023-12-17,3
4196,9781,2023-02-05,Allgemein,Service,Lob,Positiv,App,Niedrig,2023-02-08,94
4197,4152,2023-07-06,Allgemein,Service,Lob,Positiv,Telefon,Niedrig,2023-07-15,194
4198,3247,2023-10-21,Speicher,Technisch,Speicher lädt nicht,Negativ,App,Mittel,2023-11-03,157
4199,9173,2023-07-22,Solar,Technisch,Einspeisevergütung Frage,Neutral,Chat,Niedrig,2023-08-04,57
4200,19993,2023-08-15,Allgemein,Service,Lob,Positiv,Chat,Niedrig,2023-08-29,31
4201,1408,2024-02-24,Wallbox,E-Mobility,App-Verbindung unterbrochen,Neutral,Email,Niedrig,2024-02-25,124
4202,8981,2023-05-20,Wärmepumpe,Technisch,Wärmepumpe Störung,Negativ,Email,Hoch,2023-05-20,104
4203,2900,2023-10-03,Wärmepumpe,Technisch,Fehlercode E01 angezeigt,Neutral,App,Mittel,2023-10-04,24
4204,4823,2023-12-10,Smart Meter,Installation,Smart Meter zeigt keine Daten,Neutral,App,Hoch,2023-12-17,174
4205,8943,2024-11-20,Speicher,Technisch,Batteriespeicher Störung,Negativ,Telefon,Kritisch,2024-11-21,182
4206,11019,2024-09-16,Allgemein,Service,Allgemeine Anfrage,Positiv,Chat,Mittel,2024-09-24,165
4207,7062,2024-02-18,Tarif,Vertrag,Preisgarantie Frage,Neutral,App,Hoch,2024-02-19,92
4208,7340,2025-01-29,Rechnung,Abrechnung,Gutschrift angefragt,Neutral,App,Hoch,2025-02-03,134
4209,12087,2025-05-01,Wärmepumpe,Technisch,Fehlercode E01 angezeigt,Positiv,App,Niedrig,2025-05-03,185
4210,18101,2024-04-15,Wärmepumpe,Technisch,Wärmepumpe läuft nicht,Negativ,Email,Mittel,2024-04-29,153
4211,19829,2024-08-25,Rechnung,Abrechnung,Abschlag anpassen,Neutral,Email,Mittel,2024-09-07,140
4212,14475,2023-11-23,Wallbox,E-Mobility,Ladekarte Probleme,Neutral,Email,Mittel,2023-12-05,85
4213,4988,2024-03-23,Wallbox,E-Mobility,Ladekarte Probleme,Negativ,Telefon,Mittel,2024-03-31,83
4214,2210,2024-05-23,Solar,Technisch,Solaranlage produziert nicht,Negativ,Telefon,Niedrig,2024-05-31,125
4215,12262,2025-04-10,Rechnung,Abrechnung,Zahlungsplan angefragt,Negativ,Chat,Hoch,2025-04-14,124
4216,16287,2023-09-01,Allgemein,Service,Kontaktdaten ändern,Positiv,Email,Mittel,2023-09-06,178
4217,2157,2023-06-12,Smart Meter,Installation,Smart Meter Ablesung fehlerhaft,Neutral,Chat,Mittel,2023-06-12,82
4218,11073,2023-12-07,Rechnung,Abrechnung,Rechnungsfrage,Neutral,Telefon,Niedrig,2023-12-16,118
4219,35,2025-02-15,Rechnung,Abrechnung,Unstimmigkeit in Rechnung,Neutral,App,Mittel,2025-02-28,149
4220,9303,2024-09-27,Tarif,Vertrag,Tarifwechsel angefragt,Positiv,Telefon,Niedrig,2024-10-11,38
4221,15870,2024-06-07,Tarif,Vertrag,Umzug melden,Neutral,App,Kritisch,2024-06-11,2
4222,14386,2024-11-06,Wärmepumpe,Technisch,Fehlercode E01 angezeigt,Neutral,Email,Niedrig,2024-11-12,46
4223,16142,2024-01-11,Tarif,Vertrag,Vertragsverlängerung,Negativ,App,Niedrig,2024-01-11,55
4224,12832,2025-01-21,Speicher,Technisch,Speicher lädt nicht,Negativ,Chat,Mittel,2025-02-02,190
4225,11514,2023-04-19,Smart Meter,Installation,Smart Meter Installation angefragt,Neutral,Chat,Mittel,2023-04-19,117
4226,13529,2024-12-02,Allgemein,Service,Informationsanfrage,Negativ,Telefon,Mittel,2024-12-15,161
4227,966,2024-12-09,Wallbox,E-Mobility,App-Verbindung unterbrochen,Neutral,App,Mittel,2024-12-21,114
4228,1508,2023-02-15,Wallbox,E-Mobility,Wallbox Installation angefragt,Neutral,Email,Mittel,2023-02-27,52
4229,12668,2024-09-11,Wärmepumpe,Technisch,Geräuschentwicklung zu hoch,Positiv,Chat,Mittel,2024-09-13,114
4230,5705,2024-06-12,Rechnung,Abrechnung,Abschlag anpassen,Neutral,Telefon,Mittel,2024-06-12,100
4231,12008,2024-04-19,Wallbox,E-Mobility,Ladekarte Probleme,Neutral,App,Kritisch,2024-04-21,147
4232,15654,2024-12-31,Speicher,Technisch,Batteriespeicher Störung,Negativ,App,Hoch,2025-01-03,167
4233,10554,2025-06-20,Rechnung,Abrechnung,Abschlag anpassen,Neutral,Chat,Niedrig,2025-06-30,114
4234,15184,2023-01-02,Wallbox,E-Mobility,App-Verbindung unterbrochen,Neutral,Chat,Mittel,2023-01-07,187
4235,4608,2023-09-29,Tarif,Vertrag,Vertragsverlängerung,Positiv,App,Hoch,2023-10-05,17
4236,894,2024-02-21,Smart Meter,Installation,Smart Meter App funktioniert nicht,Negativ,App,Hoch,2024-02-24,19
4237,10548,2023-08-14,Speicher,Technisch,Batteriespeicher Störung,Negativ,Chat,Mittel,2023-08-23,77
4238,6929,2024-07-07,Wärmepumpe,Technisch,Wartung angefragt,Neutral,Telefon,Mittel,2024-07-08,166
4239,17861,2023-03-10,Wärmepumpe,Technisch,Fehlercode E01 angezeigt,Negativ,App,Niedrig,2023-03-18,149
4240,16492,2023-06-18,Rechnung,Abrechnung,Zahlungsplan angefragt,Neutral,App,Mittel,2023-06-24,181
4241,15975,2024-05-24,Smart Meter,Installation,Smart Meter Installation angefragt,Neutral,Email,Mittel,2024-06-03,109
4242,13435,2023-04-21,Rechnung,Abrechnung,Abschlag anpassen,Neutral,App,Mittel,2023-05-01,142
4243,13484,2023-06-25,Speicher,Technisch,Batteriespeicher Störung,Negativ,Chat,Hoch,2023-06-29,15
4244,8209,2024-08-10,Allgemein,Service,Informationsanfrage,Negativ,Telefon,Niedrig,2024-08-13,147
4245,18875,2024-08-07,Smart Meter,Installation,Smart Meter Installation angefragt,Neutral,Email,Niedrig,2024-08-11,185
4246,6326,2024-03-28,Speicher,Technisch,Batteriespeicher Störung,Negativ,App,Mittel,2024-03-30,62
4247,13328,2024-07-17,Rechnung,Abrechnung,Rechnungsfrage,Negativ,App,Mittel,2024-07-22,81
4248,15258,2024-12-02,Speicher,Technisch,Speicher lädt nicht,Negativ,App,Mittel,2024-12-05,140
4249,16102,2023-07-23,Allgemein,Service,Informationsanfrage,Neutral,Email,Mittel,2023-08-05,115
4250,10166,2024-08-28,Allgemein,Service,Kontaktdaten ändern,Negativ,Email,Mittel,2024-09-03,44
4251,5,2025-03-24,Speicher,Technisch,Batteriespeicher Störung,Negativ,Telefon,Hoch,2025-03-31,106
4252,1286,2024-09-29,Wallbox,E-Mobility,App-Verbindung unterbrochen,Neutral,Telefon,Niedrig,2024-09-30,88
4253,8242,2024-09-24,Tarif,Vertrag,Ökostrom Umstellung,Neutral,App,Niedrig,2024-10-08,163
4254,16109,2023-01-16,Tarif,Vertrag,Vertragsverlängerung,Neutral,Email,Mittel,2023-01-17,23
4255,16181,2024-08-15,Allgemein,Service,Kontaktdaten ändern,Neutral,Email,Mittel,2024-08-18,136
4256,10503,2023-08-14,Smart Meter,Installation,Smart Meter zeigt keine Daten,Neutral,Chat,Kritisch,2023-08-20,70
4257,9730,2025-05-25,Rechnung,Abrechnung,Gutschrift angefragt,Neutral,Chat,Hoch,2025-05-25,26
4258,9433,2023-03-13,Solar,Technisch,Solaranlage Ertrag niedrig,Neutral,App,Mittel,2023-03-13,23
4259,3561,2025-05-26,Wallbox,E-Mobility,App-Verbindung unterbrochen,Neutral,Email,Mittel,2025-06-04,95
4260,16866,2024-05-26,Tarif,Vertrag,Preisgarantie Frage,Neutral,App,Mittel,2024-05-31,17
4261,18011,2023-01-15,Tarif,Vertrag,Preisgarantie Frage,Neutral,App,Mittel,2023-01-17,33
4262,18455,2025-06-04,Allgemein,Service,Informationsanfrage,Neutral,Telefon,Niedrig,2025-06-10,68
4263,9126,2024-05-11,Speicher,Technisch,Speicher lädt nicht,Negativ,Chat,Mittel,2024-05-18,110
4264,6897,2024-08-26,Tarif,Vertrag,Vertragsverlängerung,Neutral,Email,Mittel,2024-09-07,20
4265,9419,2023-10-13,Tarif,Vertrag,Preisgarantie Frage,Neutral,App,Hoch,2023-10-17,1
4266,19790,2025-04-06,Smart Meter,Installation,Smart Meter App funktioniert nicht,Negativ,App,Hoch,2025-04-13,197
4267,1894,2024-04-05,Rechnung,Abrechnung,Rechnungsfrage,Negativ,Chat,Hoch,2024-04-06,169
4268,5222,2023-12-14,Solar,Technisch,Solaranlage produziert nicht,Negativ,Chat,Mittel,2023-12-17,25
4269,6865,2025-05-14,Wärmepumpe,Technisch,Geräuschentwicklung zu hoch,Neutral,App,Mittel,2025-05-21,115
4270,18601,2023-09-12,Wärmepumpe,Technisch,Wartung angefragt,Neutral,App,Niedrig,2023-09-25,71
4271,7926,2024-02-22,Solar,Technisch,Wechselrichter Fehler,Neutral,Email,Niedrig,2024-03-07,100
4272,18446,2024-08-05,Tarif,Vertrag,Kündigung,Neutral,App,Niedrig,2024-08-16,47
4273,19160,2023-07-25,Wallbox,E-Mobility,Wallbox defekt,Negativ,Chat,Hoch,2023-07-30,134
4274,11931,2024-06-18,Allgemein,Service,Beschwerde,Negativ,Telefon,Mittel,2024-06-29,164
4275,6142,2024-09-08,Wärmepumpe,Technisch,Fehlercode E01 angezeigt,Neutral,Chat,Niedrig,2024-09-18,99
4276,2413,2023-08-13,Solar,Technisch,Solaranlage produziert nicht,Negativ,Telefon,Hoch,2023-08-13,49
4277,11513,2024-09-05,Rechnung,Abrechnung,Abschlag anpassen,Neutral,Telefon,Mittel,2024-09-06,95
4278,17754,2023-12-25,Solar,Technisch,Einspeisevergütung Frage,Negativ,App,Niedrig,2024-01-06,177
4279,14062,2023-11-23,Tarif,Vertrag,Tarifwechsel angefragt,Neutral,App,Hoch,2023-11-26,126
4280,6525,2024-01-26,Rechnung,Abrechnung,Rechnungsfrage,Neutral,App,Niedrig,2024-02-03,118
4281,10881,2024-09-18,Smart Meter,Installation,Smart Meter Installation angefragt,Positiv,Telefon,Niedrig,2024-09-28,28
4282,6223,2025-02-12,Wärmepumpe,Technisch,Wartung angefragt,Neutral,Email,Mittel,2025-02-21,64
4283,5267,2023-07-23,Allgemein,Service,Informationsanfrage,Negativ,Chat,Mittel,2023-07-29,165
4284,18881,2024-10-22,Solar,Technisch,Monitoring nicht verfügbar,Negativ,Telefon,Hoch,2024-10-28,9
4285,11845,2024-05-07,Smart Meter,Installation,Smart Meter Installation angefragt,Negativ,Email,Mittel,2024-05-16,23
4286,16832,2025-06-29,Wallbox,E-Mobility,Ladekarte Probleme,Positiv,App,Mittel,2025-07-04,30
4287,14566,2025-05-04,Wallbox,E-Mobility,Wallbox Installation angefragt,Negativ,Email,Mittel,2025-05-16,89
4288,6129,2023-07-13,Smart Meter,Installation,Smart Meter Installation angefragt,Neutral,Email,Mittel,2023-07-14,3
4289,14976,2024-01-16,Rechnung,Abrechnung,Gutschrift angefragt,Neutral,Email,Mittel,2024-01-21,59
4290,7620,2024-01-05,Rechnung,Abrechnung,Unstimmigkeit in Rechnung,Neutral,Email,Mittel,2024-01-19,166
4291,18612,2023-12-23,Smart Meter,Installation,Smart Meter App funktioniert nicht,Negativ,Telefon,Mittel,2024-01-06,200
4292,12600,2023-02-27,Speicher,Technisch,Speicher lädt nicht,Negativ,App,Hoch,2023-03-04,132
4293,10229,2023-09-21,Smart Meter,Installation,Smart Meter Installation angefragt,Neutral,App,Mittel,2023-10-05,5
4294,16946,2023-06-24,Wallbox,E-Mobility,Wallbox lädt nicht,Negativ,Email,Kritisch,2023-06-24,127
4295,18338,2024-09-30,Smart Meter,Installation,Smart Meter defekt,Negativ,Chat,Hoch,2024-10-05,166
4296,15495,2023-05-14,Rechnung,Abrechnung,Unstimmigkeit in Rechnung,Neutral,App,Mittel,2023-05-17,3
4297,6955,2025-02-07,Solar,Technisch,Monitoring nicht verfügbar,Negativ,Telefon,Mittel,2025-02-14,38
4298,8805,2023-02-12,Wärmepumpe,Technisch,Fehlercode E01 angezeigt,Neutral,Telefon,Mittel,2023-02-22,41
4299,9182,2023-03-23,Wallbox,E-Mobility,Wallbox defekt,Negativ,Email,Niedrig,2023-03-31,22
4300,2257,2024-10-12,Rechnung,Abrechnung,Abschlag zu hoch,Neutral,Email,Mittel,2024-10-14,93
4301,3520,2025-05-09,Wärmepumpe,Technisch,Effizienz zu niedrig,Neutral,Telefon,Niedrig,2025-05-20,107
4302,10562,2023-01-17,Tarif,Vertrag,Preisgarantie Frage,Neutral,Telefon,Mittel,2023-01-22,71
4303,3875,2025-05-21,Smart Meter,Installation,Smart Meter Installation angefragt,Negativ,App,Mittel,2025-05-24,46
4304,12049,2025-04-23,Speicher,Technisch,Kapazität gesunken,Negativ,Chat,Niedrig,2025-04-23,112
4305,13040,2023-03-20,Allgemein,Service,Informationsanfrage,Neutral,App,Mittel,2023-03-23,107
4306,8032,2023-05-15,Tarif,Vertrag,Kündigung,Neutral,Telefon,Niedrig,2023-05-18,58
4307,7897,2024-11-01,Allgemein,Service,Lob,Positiv,Telefon,Niedrig,2024-11-04,129
4308,3997,2025-03-20,Allgemein,Service,Lob,Positiv,Email,Niedrig,2025-03-24,66
4309,10845,2025-05-04,Wärmepumpe,Technisch,Wartung angefragt,Neutral,Chat,Niedrig,2025-05-16,30
4310,10510,2023-11-02,Allgemein,Service,Allgemeine Anfrage,Positiv,App,Hoch,2023-11-07,84
4311,3693,2023-12-07,Solar,Technisch,Monitoring nicht verfügbar,Negativ,Email,Hoch,2023-12-09,186
4312,16877,2024-03-02,Wärmepumpe,Technisch,Wärmepumpe läuft nicht,Negativ,Email,Mittel,2024-03-11,177
4313,1386,2024-04-05,Wärmepumpe,Technisch,Fehlercode E01 angezeigt,Negativ,App,Mittel,2024-04-11,187
4314,57,2024-09-14,Speicher,Technisch,Kapazität gesunken,Negativ,App,Mittel,2024-09-19,138
4315,6581,2024-07-25,Solar,Technisch,Einspeisevergütung Frage,Neutral,Chat,Niedrig,2024-08-05,63
4316,1906,2025-05-02,Wärmepumpe,Technisch,Wärmepumpe läuft nicht,Negativ,App,Hoch,2025-05-04,186
4317,1947,2025-03-06,Wallbox,E-Mobility,Ladekarte Probleme,Positiv,App,Hoch,2025-03-09,83
4318,1599,2023-04-11,Smart Meter,Installation,Smart Meter Ablesung fehlerhaft,Negativ,App,Mittel,2023-04-16,56
4319,14734,2024-03-13,Smart Meter,Installation,Smart Meter defekt,Negativ,App,Niedrig,2024-03-13,131
4320,11549,2023-05-21,Speicher,Technisch,Kapazität gesunken,Neutral,App,Niedrig,2023-05-26,179
4321,11262,2023-02-23,Allgemein,Service,Allgemeine Anfrage,Negativ,Chat,Niedrig,2023-03-02,21
4322,9162,2024-12-26,Wallbox,E-Mobility,Wallbox lädt nicht,Negativ,Email,Hoch,2025-01-02,85
4323,3787,2024-07-03,Solar,Technisch,Wechselrichter Fehler,Neutral,App,Hoch,2024-07-04,139
4324,8267,2023-12-21,Allgemein,Service,Lob,Positiv,Email,Niedrig,2024-01-01,176
4325,19854,2023-12-03,Smart Meter,Installation,Smart Meter App funktioniert nicht,Negativ,Email,Kritisch,2023-12-06,105
4326,17922,2024-07-24,Allgemein,Service,Lob,Positiv,Telefon,Niedrig,2024-07-27,99
4327,14131,2024-04-19,Solar,Technisch,Monitoring nicht verfügbar,Negativ,App,Hoch,2024-04-26,67
4328,19915,2024-02-18,Smart Meter,Installation,Smart Meter Installation angefragt,Negativ,Email,Kritisch,2024-02-20,50
4329,2142,2025-04-29,Speicher,Technisch,Speicher lädt nicht,Negativ,Email,Hoch,2025-04-30,125
4330,6846,2024-11-15,Tarif,Vertrag,Kündigung,Neutral,Telefon,Niedrig,2024-11-28,128
4331,3306,2024-12-01,Tarif,Vertrag,Tarifwechsel angefragt,Neutral,Telefon,Hoch,2024-12-05,92
4332,6022,2023-11-20,Allgemein,Service,Beschwerde,Negativ,Email,Hoch,2023-11-20,177
4333,16275,2023-05-01,Tarif,Vertrag,Vertragsverlängerung,Neutral,Email,Mittel,2023-05-12,3
4334,4196,2023-03-08,Rechnung,Abrechnung,Rechnungsfrage,Neutral,Email,Niedrig,2023-03-11,147
4335,6311,2023-12-05,Rechnung,Abrechnung,Zahlungsplan angefragt,Positiv,Email,Niedrig,2023-12-09,193
4336,17468,2025-03-20,Allgemein,Service,Allgemeine Anfrage,Negativ,App,Mittel,2025-03-26,122
4337,2017,2023-05-19,Speicher,Technisch,Batteriespeicher Störung,Negativ,App,Hoch,2023-05-23,43
4338,6630,2025-05-10,Smart Meter,Installation,Smart Meter Installation angefragt,Negativ,Chat,Niedrig,2025-05-21,198
4339,17253,2025-04-05,Rechnung,Abrechnung,Gutschrift angefragt,Negativ,Telefon,Hoch,2025-04-05,163
4340,13375,2023-12-09,Rechnung,Abrechnung,Rechnungsfrage,Negativ,Email,Kritisch,2023-12-10,153
4341,18918,2024-07-05,Tarif,Vertrag,Kündigung,Neutral,Email,Niedrig,2024-07-16,126
4342,936,2024-04-20,Solar,Technisch,Solaranlage Ertrag niedrig,Neutral,Telefon,Mittel,2024-04-23,133
4343,11805,2023-05-13,Allgemein,Service,Allgemeine Anfrage,Positiv,Telefon,Mittel,2023-05-25,154
4344,16840,2024-05-11,Tarif,Vertrag,Umzug melden,Positiv,Email,Mittel,2024-05-17,110
4345,12409,2025-04-30,Speicher,Technisch,Kapazität gesunken,Neutral,Telefon,Niedrig,2025-05-08,175
4346,5530,2024-05-08,Allgemein,Service,Lob,Positiv,Email,Niedrig,2024-05-16,183
4347,18951,2024-12-22,Allgemein,Service,Lob,Positiv,Email,Niedrig,2024-12-31,2
4348,14801,2023-02-12,Wallbox,E-Mobility,Wallbox lädt nicht,Negativ,Email,Mittel,2023-02-19,172
4349,8689,2024-01-05,Wärmepumpe,Technisch,Wärmepumpe Störung,Negativ,Chat,Hoch,2024-01-07,158
4350,1149,2025-04-02,Solar,Technisch,Wechselrichter Fehler,Neutral,App,Hoch,2025-04-03,60
4351,19352,2025-03-07,Tarif,Vertrag,Preisgarantie Frage,Neutral,Email,Niedrig,2025-03-13,123
4352,17547,2023-07-11,Speicher,Technisch,Speicher lädt nicht,Negativ,App,Hoch,2023-07-14,141
4353,15830,2024-03-09,Wallbox,E-Mobility,Wallbox Installation angefragt,Negativ,Email,Niedrig,2024-03-20,126
4354,17635,2024-07-23,Solar,Technisch,Einspeisevergütung Frage,Neutral,Chat,Niedrig,2024-07-27,67
4355,6196,2024-07-03,Rechnung,Abrechnung,Rechnungsfrage,Neutral,Email,Niedrig,2024-07-04,98
4356,2478,2025-02-10,Tarif,Vertrag,Preisgarantie Frage,Neutral,App,Niedrig,2025-02-23,44
4357,1856,2024-01-22,Solar,Technisch,Monitoring nicht verfügbar,Negativ,Email,Hoch,2024-01-28,165
4358,6117,2024-04-02,Speicher,Technisch,Speicher lädt nicht,Negativ,Email,Mittel,2024-04-04,123
4359,12220,2023-07-15,Smart Meter,Installation,Smart Meter App funktioniert nicht,Negativ,Email,Hoch,2023-07-16,111
4360,13629,2025-02-06,Rechnung,Abrechnung,Unstimmigkeit in Rechnung,Neutral,Chat,Mittel,2025-02-16,164
4361,16720,2025-03-11,Allgemein,Service,Beschwerde,Negativ,Chat,Kritisch,2025-03-11,111
4362,12663,2024-04-09,Rechnung,Abrechnung,Abschlag zu hoch,Neutral,App,Kritisch,2024-04-10,200
4363,14722,2025-02-07,Wärmepumpe,Technisch,Wärmepumpe läuft nicht,Negativ,App,Mittel,2025-02-11,188
4364,15043,2023-06-29,Smart Meter,Installation,Smart Meter Ablesung fehlerhaft,Neutral,Telefon,Mittel,2023-06-29,128
4365,7995,2023-12-06,Allgemein,Service,Kontaktdaten ändern,Negativ,App,Niedrig,2023-12-17,81
4366,11536,2024-07-07,Wallbox,E-Mobility,App-Verbindung unterbrochen,Neutral,Telefon,Mittel,2024-07-07,78
4367,16779,2025-06-19,Allgemein,Service,Beschwerde,Negativ,Chat,Mittel,2025-06-26,27
4368,4970,2023-10-16,Wallbox,E-Mobility,Wallbox lädt nicht,Negativ,App,Mittel,2023-10-21,102
4369,9971,2023-09-18,Speicher,Technisch,Kapazität gesunken,Neutral,Chat,Mittel,2023-09-30,35
4370,17371,2024-07-26,Solar,Technisch,Einspeisevergütung Frage,Neutral,Telefon,Mittel,2024-07-29,199
4371,6280,2023-10-16,Smart Meter,Installation,Smart Meter Ablesung fehlerhaft,Neutral,Telefon,Niedrig,2023-10-18,196
4372,12978,2024-10-05,Tarif,Vertrag,Vertragsverlängerung,Neutral,Chat,Mittel,2024-10-15,130
4373,167,2023-10-14,Speicher,Technisch,Batteriespeicher Störung,Negativ,Email,Hoch,2023-10-15,98
4374,7112,2025-03-18,Smart Meter,Installation,Smart Meter App funktioniert nicht,Negativ,Chat,Kritisch,2025-03-20,7
4375,5172,2023-08-03,Wärmepumpe,Technisch,Fehlercode E01 angezeigt,Negativ,Telefon,Hoch,2023-08-09,1
4376,863,2024-12-14,Smart Meter,Installation,Smart Meter Ablesung fehlerhaft,Negativ,Telefon,Mittel,2024-12-16,58
4377,3378,2023-06-09,Rechnung,Abrechnung,Gutschrift angefragt,Neutral,Chat,Mittel,2023-06-16,109
4378,12553,2023-03-12,Smart Meter,Installation,Smart Meter Installation angefragt,Neutral,Telefon,Hoch,2023-03-13,53
4379,7448,2025-03-26,Rechnung,Abrechnung,Abschlag anpassen,Negativ,App,Mittel,2025-04-05,161
4380,13141,2023-08-12,Smart Meter,Installation,Smart Meter defekt,Negativ,Email,Kritisch,2023-08-19,61
4381,5498,2023-03-10,Wärmepumpe,Technisch,Fehlercode E01 angezeigt,Negativ,Email,Mittel,2023-03-12,32
4382,4596,2023-09-09,Wärmepumpe,Technisch,Wärmepumpe Störung,Negativ,Chat,Mittel,2023-09-20,146
4383,917,2023-09-29,Smart Meter,Installation,Smart Meter Ablesung fehlerhaft,Neutral,App,Mittel,2023-10-08,168
4384,5208,2024-05-02,Wärmepumpe,Technisch,Wärmepumpe läuft nicht,Negativ,Email,Kritisch,2024-05-07,34
4385,865,2024-05-01,Speicher,Technisch,Kapazität gesunken,Neutral,Chat,Hoch,2024-05-01,154
4386,11021,2023-04-11,Wärmepumpe,Technisch,Wartung angefragt,Neutral,Email,Niedrig,2023-04-24,77
4387,1072,2023-09-22,Allgemein,Service,Allgemeine Anfrage,Neutral,Email,Niedrig,2023-10-04,94
4388,19050,2025-01-25,Wallbox,E-Mobility,App-Verbindung unterbrochen,Negativ,Email,Hoch,2025-01-31,113
4389,6689,2024-12-22,Speicher,Technisch,Kapazität gesunken,Positiv,Email,Niedrig,2024-12-23,75
4390,2034,2024-09-02,Wallbox,E-Mobility,Wallbox defekt,Negativ,Telefon,Hoch,2024-09-06,123
4391,18534,2025-01-09,Speicher,Technisch,Speicher lädt nicht,Negativ,App,Mittel,2025-01-11,147
4392,17713,2025-03-11,Tarif,Vertrag,Umzug melden,Neutral,App,Niedrig,2025-03-20,43
4393,16106,2024-01-31,Speicher,Technisch,Kapazität gesunken,Neutral,Telefon,Hoch,2024-02-06,18
4394,18064,2025-02-05,Smart Meter,Installation,Smart Meter defekt,Negativ,App,Mittel,2025-02-16,40
4395,6117,2025-06-28,Wallbox,E-Mobility,Wallbox defekt,Negativ,Chat,Niedrig,2025-07-07,33
4396,1165,2024-06-27,Tarif,Vertrag,Preisgarantie Frage,Positiv,Email,Mittel,2024-07-11,44
4397,8613,2024-10-15,Solar,Technisch,Solaranlage Ertrag niedrig,Neutral,Telefon,Niedrig,2024-10-21,148
4398,9589,2023-01-27,Solar,Technisch,Solaranlage Ertrag niedrig,Negativ,Chat,Mittel,2023-01-28,32
4399,6779,2023-06-10,Solar,Technisch,Solaranlage produziert nicht,Negativ,Email,Niedrig,2023-06-14,96
4400,5300,2023-10-03,Wallbox,E-Mobility,Wallbox lädt nicht,Negativ,Telefon,Mittel,2023-10-17,29
4401,5334,2025-05-19,Wärmepumpe,Technisch,Wärmepumpe Störung,Negativ,App,Niedrig,2025-05-20,168
4402,4001,2025-05-31,Rechnung,Abrechnung,Abschlag zu hoch,Neutral,Telefon,Niedrig,2025-06-05,162
4403,7304,2024-11-21,Speicher,Technisch,Kapazität gesunken,Positiv,App,Mittel,2024-12-01,170
4404,12802,2025-02-02,Tarif,Vertrag,Ökostrom Umstellung,Neutral,Chat,Kritisch,2025-02-05,90
4405,1304,2024-01-20,Speicher,Technisch,Batteriespeicher Störung,Negativ,Chat,Hoch,2024-01-23,18
4406,14269,2023-12-28,Wärmepumpe,Technisch,Fehlercode E01 angezeigt,Negativ,Email,Mittel,2024-01-06,122
4407,9461,2023-11-29,Wärmepumpe,Technisch,Wartung angefragt,Neutral,App,Niedrig,2023-12-10,55
4408,7685,2024-11-29,Rechnung,Abrechnung,Gutschrift angefragt,Neutral,Telefon,Mittel,2024-12-02,193
4409,15254,2024-04-15,Wallbox,E-Mobility,Wallbox Installation angefragt,Neutral,App,Hoch,2024-04-15,35
4410,10809,2024-04-23,Wallbox,E-Mobility,Wallbox defekt,Negativ,Telefon,Niedrig,2024-05-02,166
4411,19847,2024-07-26,Allgemein,Service,Informationsanfrage,Neutral,Chat,Mittel,2024-08-04,57
4412,6824,2023-10-23,Allgemein,Service,Informationsanfrage,Neutral,Telefon,Mittel,2023-11-01,153
4413,864,2023-01-25,Wärmepumpe,Technisch,Wartung angefragt,Neutral,Chat,Mittel,2023-02-01,160
4414,14074,2024-12-22,Wallbox,E-Mobility,Wallbox Installation angefragt,Neutral,Chat,Mittel,2025-01-03,150
4415,535,2024-10-26,Rechnung,Abrechnung,Abschlag anpassen,Positiv,Chat,Mittel,2024-11-02,49
4416,19551,2023-03-27,Smart Meter,Installation,Smart Meter defekt,Negativ,Telefon,Mittel,2023-04-08,49
4417,6365,2024-05-23,Wallbox,E-Mobility,Ladekarte Probleme,Neutral,Chat,Mittel,2024-05-26,113
4418,2575,2023-02-24,Allgemein,Service,Kontaktdaten ändern,Negativ,Email,Hoch,2023-03-03,193
4419,19505,2023-06-10,Speicher,Technisch,Kapazität gesunken,Neutral,Chat,Mittel,2023-06-14,41
4420,9553,2023-04-05,Rechnung,Abrechnung,Unstimmigkeit in Rechnung,Negativ,App,Niedrig,2023-04-09,168
4421,9166,2023-02-06,Solar,Technisch,Einspeisevergütung Frage,Negativ,Chat,Mittel,2023-02-15,121
4422,18051,2023-11-03,Solar,Technisch,Solaranlage produziert nicht,Negativ,Chat,Mittel,2023-11-09,65
4423,17944,2024-10-24,Wärmepumpe,Technisch,Wärmepumpe läuft nicht,Negativ,Telefon,Kritisch,2024-10-31,29
4424,7685,2024-06-01,Wallbox,E-Mobility,Wallbox defekt,Negativ,App,Mittel,2024-06-04,9
4425,18246,2024-05-03,Solar,Technisch,Monitoring nicht verfügbar,Negativ,Email,Mittel,2024-05-09,194
4426,16411,2023-03-07,Wallbox,E-Mobility,Wallbox Installation angefragt,Neutral,App,Mittel,2023-03-09,33
4427,5234,2024-02-19,Smart Meter,Installation,Smart Meter App funktioniert nicht,Negativ,Telefon,Mittel,2024-02-28,130
4428,46,2023-02-27,Wärmepumpe,Technisch,Geräuschentwicklung zu hoch,Positiv,App,Mittel,2023-03-02,144
4429,12731,2023-10-14,Tarif,Vertrag,Ökostrom Umstellung,Neutral,Email,Hoch,2023-10-21,9
4430,5133,2025-01-25,Allgemein,Service,Kontaktdaten ändern,Neutral,Telefon,Niedrig,2025-02-07,42
4431,11770,2023-07-31,Solar,Technisch,Solaranlage Ertrag niedrig,Neutral,App,Mittel,2023-08-09,109
4432,9630,2025-04-03,Rechnung,Abrechnung,Gutschrift angefragt,Neutral,Telefon,Niedrig,2025-04-16,30
4433,14558,2025-03-22,Rechnung,Abrechnung,Rechnungsfrage,Neutral,Chat,Niedrig,2025-04-01,188
4434,6631,2023-09-25,Wallbox,E-Mobility,App-Verbindung unterbrochen,Positiv,Chat,Niedrig,2023-09-27,173
4435,9486,2025-03-06,Solar,Technisch,Einspeisevergütung Frage,Neutral,App,Kritisch,2025-03-07,92
4436,12893,2024-03-06,Tarif,Vertrag,Kündigung,Neutral,Chat,Hoch,2024-03-10,170
4437,12382,2024-02-16,Speicher,Technisch,Batteriespeicher Störung,Negativ,App,Kritisch,2024-02-21,43
4438,9493,2024-04-22,Rechnung,Abrechnung,Unstimmigkeit in Rechnung,Positiv,Chat,Mittel,2024-05-05,173
4439,4278,2023-06-27,Rechnung,Abrechnung,Gutschrift angefragt,Positiv,Email,Mittel,2023-06-27,99
4440,15153,2024-10-06,Allgemein,Service,Kontaktdaten ändern,Neutral,Chat,Hoch,2024-10-06,130
4441,1045,2023-09-17,Tarif,Vertrag,Umzug melden,Neutral,App,Mittel,2023-09-29,37
4442,15942,2025-06-20,Smart Meter,Installation,Smart Meter App funktioniert nicht,Negativ,Chat,Hoch,2025-06-24,199
4443,10876,2024-07-10,Allgemein,Service,Informationsanfrage,Neutral,Chat,Mittel,2024-07-11,108
4444,10046,2024-12-08,Speicher,Technisch,Kapazität gesunken,Negativ,Chat,Niedrig,2024-12-12,198
4445,7395,2023-03-22,Tarif,Vertrag,Umzug melden,Neutral,Email,Niedrig,2023-04-03,142
4446,1537,2024-04-04,Smart Meter,Installation,Smart Meter zeigt keine Daten,Neutral,Telefon,Mittel,2024-04-17,124
4447,18021,2023-07-30,Tarif,Vertrag,Preisgarantie Frage,Neutral,Email,Mittel,2023-08-11,104
4448,755,2024-01-31,Wärmepumpe,Technisch,Geräuschentwicklung zu hoch,Neutral,Telefon,Niedrig,2024-02-06,197
4449,7297,2024-08-18,Speicher,Technisch,Kapazität gesunken,Positiv,Chat,Niedrig,2024-08-23,2
4450,10427,2023-03-27,Rechnung,Abrechnung,Zahlungsplan angefragt,Neutral,Telefon,Niedrig,2023-03-29,136
4451,16930,2023-07-06,Allgemein,Service,Allgemeine Anfrage,Neutral,Chat,Kritisch,2023-07-10,91
4452,737,2023-05-12,Solar,Technisch,Wechselrichter Fehler,Negativ,Email,Niedrig,2023-05-24,46
4453,16634,2024-01-15,Smart Meter,Installation,Smart Meter defekt,Negativ,Chat,Hoch,2024-01-16,188
4454,3929,2024-04-30,Wallbox,E-Mobility,Ladekarte Probleme,Neutral,Email,Niedrig,2024-05-14,171
4455,18173,2024-05-14,Wärmepumpe,Technisch,Geräuschentwicklung zu hoch,Neutral,Email,Mittel,2024-05-19,167
4456,15598,2024-10-27,Speicher,Technisch,Kapazität gesunken,Neutral,Email,Mittel,2024-11-10,39
4457,3411,2023-02-05,Wallbox,E-Mobility,Wallbox Installation angefragt,Negativ,App,Kritisch,2023-02-08,196
4458,4633,2023-11-15,Allgemein,Service,Allgemeine Anfrage,Neutral,Chat,Mittel,2023-11-20,5
4459,15973,2023-10-27,Solar,Technisch,Monitoring nicht verfügbar,Negativ,App,Hoch,2023-10-27,15
4460,12850,2024-08-25,Wallbox,E-Mobility,Wallbox Installation angefragt,Neutral,Email,Mittel,2024-08-31,17
4461,17832,2023-08-30,Rechnung,Abrechnung,Abschlag anpassen,Neutral,Email,Niedrig,2023-09-12,116
4462,6298,2023-03-29,Wärmepumpe,Technisch,Wartung angefragt,Neutral,Chat,Mittel,2023-04-12,138
4463,7016,2025-04-10,Wärmepumpe,Technisch,Wartung angefragt,Neutral,Chat,Niedrig,2025-04-16,156
4464,7258,2024-11-28,Wärmepumpe,Technisch,Wärmepumpe läuft nicht,Negativ,App,Niedrig,2024-11-30,154
4465,15906,2024-04-12,Rechnung,Abrechnung,Unstimmigkeit in Rechnung,Neutral,Email,Mittel,2024-04-16,176
4466,5645,2024-04-30,Wärmepumpe,Technisch,Fehlercode E01 angezeigt,Neutral,Chat,Niedrig,2024-05-01,193
4467,11150,2023-07-05,Allgemein,Service,Kontaktdaten ändern,Neutral,Email,Mittel,2023-07-07,116
4468,1106,2025-04-10,Wallbox,E-Mobility,App-Verbindung unterbrochen,Neutral,Email,Mittel,2025-04-21,85
4469,18623,2025-06-22,Allgemein,Service,Informationsanfrage,Negativ,Chat,Niedrig,2025-07-05,147
4470,7354,2023-02-16,Speicher,Technisch,Speicher lädt nicht,Negativ,Telefon,Mittel,2023-03-01,72
4471,16658,2023-01-07,Speicher,Technisch,Speicher lädt nicht,Negativ,Email,Hoch,2023-01-08,83
4472,18961,2025-06-10,Wärmepumpe,Technisch,Wartung angefragt,Neutral,Email,Mittel,2025-06-14,31
4473,7349,2023-11-18,Solar,Technisch,Wechselrichter Fehler,Negativ,Email,Mittel,2023-11-20,189
4474,539,2023-06-29,Allgemein,Service,Beschwerde,Negativ,App,Hoch,2023-06-30,135
4475,18804,2024-03-21,Speicher,Technisch,Batteriespeicher Störung,Negativ,Chat,Hoch,2024-03-24,72
4476,9653,2023-11-23,Rechnung,Abrechnung,Zahlungsplan angefragt,Neutral,Email,Niedrig,2023-12-04,87
4477,619,2025-03-16,Wallbox,E-Mobility,Wallbox lädt nicht,Negativ,App,Kritisch,2025-03-22,134
4478,11152,2024-02-02,Rechnung,Abrechnung,Zahlungsplan angefragt,Neutral,App,Niedrig,2024-02-08,181
4479,15010,2024-07-04,Rechnung,Abrechnung,Abschlag zu hoch,Negativ,Chat,Kritisch,2024-07-07,91
4480,3925,2023-02-24,Speicher,Technisch,Kapazität gesunken,Neutral,Chat,Mittel,2023-02-26,123
4481,17415,2023-10-11,Rechnung,Abrechnung,Unstimmigkeit in Rechnung,Negativ,App,Mittel,2023-10-16,196
4482,2999,2023-03-18,Rechnung,Abrechnung,Rechnungsfrage,Negativ,Telefon,Mittel,2023-03-25,103
4483,8821,2024-02-29,Allgemein,Service,Informationsanfrage,Neutral,Chat,Niedrig,2024-03-14,109
4484,4031,2023-03-08,Speicher,Technisch,Kapazität gesunken,Neutral,App,Niedrig,2023-03-16,40
4485,19520,2024-12-30,Solar,Technisch,Wechselrichter Fehler,Negativ,Telefon,Niedrig,2025-01-03,6
4486,5609,2023-07-13,Speicher,Technisch,Speicher lädt nicht,Negativ,Telefon,Mittel,2023-07-16,180
4487,4012,2025-06-08,Smart Meter,Installation,Smart Meter Ablesung fehlerhaft,Positiv,Chat,Hoch,2025-06-14,118
4488,12233,2023-02-04,Tarif,Vertrag,Vertragsverlängerung,Neutral,Chat,Niedrig,2023-02-06,11
4489,11040,2023-06-17,Smart Meter,Installation,Smart Meter defekt,Negativ,App,Hoch,2023-06-24,174
4490,12266,2024-06-12,Wallbox,E-Mobility,Wallbox lädt nicht,Negativ,Chat,Mittel,2024-06-17,99
4491,2573,2023-06-11,Solar,Technisch,Wechselrichter Fehler,Neutral,Email,Mittel,2023-06-11,95
4492,19246,2024-08-11,Wallbox,E-Mobility,Wallbox Installation angefragt,Neutral,App,Niedrig,2024-08-13,192
4493,5014,2023-08-18,Wallbox,E-Mobility,Ladekarte Probleme,Neutral,Telefon,Niedrig,2023-08-22,156
4494,15315,2024-11-01,Wallbox,E-Mobility,Wallbox Installation angefragt,Neutral,Email,Niedrig,2024-11-15,59
4495,15312,2023-02-24,Speicher,Technisch,Speicher lädt nicht,Negativ,Chat,Hoch,2023-02-25,130
4496,13575,2024-04-24,Speicher,Technisch,Batteriespeicher Störung,Negativ,App,Kritisch,2024-04-27,137
4497,15774,2023-02-24,Allgemein,Service,Allgemeine Anfrage,Neutral,Telefon,Mittel,2023-02-26,79
4498,7024,2023-06-09,Allgemein,Service,Lob,Positiv,App,Niedrig,2023-06-17,75
4499,6573,2023-10-28,Smart Meter,Installation,Smart Meter Ablesung fehlerhaft,Negativ,Email,Niedrig,2023-11-07,171
4500,1757,2023-07-02,Allgemein,Service,Beschwerde,Negativ,Telefon,Niedrig,2023-07-11,9
4501,6163,2023-04-06,Allgemein,Service,Kontaktdaten ändern,Neutral,Telefon,Mittel,2023-04-14,146
4502,9998,2024-06-17,Solar,Technisch,Monitoring nicht verfügbar,Negativ,Chat,Hoch,2024-06-23,109
4503,3825,2023-12-09,Solar,Technisch,Monitoring nicht verfügbar,Negativ,App,Kritisch,2023-12-14,54
4504,7368,2023-03-06,Rechnung,Abrechnung,Rechnungsfrage,Positiv,Chat,Mittel,2023-03-06,86
4505,17684,2025-04-09,Speicher,Technisch,Kapazität gesunken,Neutral,Email,Hoch,2025-04-15,190
4506,4669,2023-09-17,Wärmepumpe,Technisch,Wärmepumpe Störung,Negativ,App,Mittel,2023-09-18,163
4507,7679,2023-07-09,Rechnung,Abrechnung,Abschlag anpassen,Neutral,App,Mittel,2023-07-20,173
4508,19402,2025-02-04,Smart Meter,Installation,Smart Meter App funktioniert nicht,Negativ,Chat,Mittel,2025-02-05,178
4509,15656,2024-08-15,Wärmepumpe,Technisch,Wärmepumpe läuft nicht,Negativ,Chat,Niedrig,2024-08-15,10
4510,8510,2025-06-13,Rechnung,Abrechnung,Rechnungsfrage,Neutral,Email,Mittel,2025-06-17,6
4511,13587,2023-03-01,Solar,Technisch,Einspeisevergütung Frage,Negativ,Telefon,Mittel,2023-03-03,13
4512,8012,2023-07-13,Wallbox,E-Mobility,Wallbox Installation angefragt,Neutral,App,Hoch,2023-07-13,186
4513,9832,2025-03-10,Wallbox,E-Mobility,App-Verbindung unterbrochen,Neutral,Email,Niedrig,2025-03-14,167
4514,8401,2023-06-17,Speicher,Technisch,Speicher lädt nicht,Negativ,App,Mittel,2023-06-26,198
4515,4842,2025-06-16,Solar,Technisch,Solaranlage produziert nicht,Negativ,Chat,Niedrig,2025-06-22,80
4516,18029,2025-02-06,Wallbox,E-Mobility,Ladekarte Probleme,Neutral,Email,Mittel,2025-02-16,83
4517,15377,2024-08-25,Smart Meter,Installation,Smart Meter App funktioniert nicht,Negativ,App,Mittel,2024-09-01,90
4518,4702,2024-09-08,Solar,Technisch,Monitoring nicht verfügbar,Negativ,Email,Niedrig,2024-09-17,33
4519,16219,2023-08-02,Solar,Technisch,Einspeisevergütung Frage,Positiv,Chat,Niedrig,2023-08-04,180
4520,13830,2023-09-18,Tarif,Vertrag,Ökostrom Umstellung,Negativ,App,Hoch,2023-09-21,177
4521,3058,2025-01-12,Wärmepumpe,Technisch,Wartung angefragt,Neutral,Chat,Mittel,2025-01-18,140
4522,7771,2023-01-14,Solar,Technisch,Monitoring nicht verfügbar,Negativ,Email,Kritisch,2023-01-18,17
4523,3487,2024-01-30,Allgemein,Service,Informationsanfrage,Neutral,Email,Mittel,2024-02-07,56
4524,10747,2023-04-02,Allgemein,Service,Informationsanfrage,Negativ,App,Mittel,2023-04-15,48
4525,16118,2023-06-17,Solar,Technisch,Wechselrichter Fehler,Neutral,Email,Mittel,2023-06-24,55
4526,2544,2023-01-21,Solar,Technisch,Wechselrichter Fehler,Positiv,Chat,Niedrig,2023-01-30,64
4527,14874,2024-06-22,Rechnung,Abrechnung,Unstimmigkeit in Rechnung,Neutral,App,Mittel,2024-06-28,56
4528,2481,2023-05-01,Wallbox,E-Mobility,Ladekarte Probleme,Neutral,Chat,Mittel,2023-05-15,160
4529,17321,2023-10-22,Wallbox,E-Mobility,Wallbox Installation angefragt,Neutral,Telefon,Niedrig,2023-11-02,127
4530,6030,2025-04-05,Speicher,Technisch,Batteriespeicher Störung,Negativ,Chat,Hoch,2025-04-05,187
4531,2050,2024-08-11,Speicher,Technisch,Kapazität gesunken,Neutral,Email,Niedrig,2024-08-23,103
4532,7907,2025-02-14,Solar,Technisch,Solaranlage produziert nicht,Negativ,App,Mittel,2025-02-28,93
4533,4408,2025-05-01,Speicher,Technisch,Speicher lädt nicht,Negativ,App,Hoch,2025-05-01,120
4534,13368,2023-07-19,Wärmepumpe,Technisch,Wartung angefragt,Negativ,App,Mittel,2023-07-31,180
4535,10024,2024-07-23,Smart Meter,Installation,Smart Meter Ablesung fehlerhaft,Positiv,Telefon,Hoch,2024-07-24,95
4536,9138,2023-05-19,Wärmepumpe,Technisch,Effizienz zu niedrig,Neutral,Chat,Mittel,2023-05-25,168
4537,12058,2024-05-16,Solar,Technisch,Wechselrichter Fehler,Neutral,App,Niedrig,2024-05-30,182
4538,28,2023-04-05,Allgemein,Service,Allgemeine Anfrage,Neutral,Telefon,Niedrig,2023-04-17,40
4539,6083,2024-01-06,Smart Meter,Installation,Smart Meter defekt,Negativ,Chat,Mittel,2024-01-20,188
4540,7097,2025-06-23,Tarif,Vertrag,Ökostrom Umstellung,Positiv,Chat,Niedrig,2025-07-04,97
4541,9646,2023-09-16,Speicher,Technisch,Kapazität gesunken,Neutral,Chat,Mittel,2023-09-16,15
4542,2117,2023-06-01,Rechnung,Abrechnung,Rechnungsfrage,Neutral,Chat,Niedrig,2023-06-03,2
4543,7425,2023-06-16,Tarif,Vertrag,Tarifwechsel angefragt,Neutral,App,Kritisch,2023-06-22,120
4544,16318,2023-03-16,Allgemein,Service,Informationsanfrage,Neutral,Email,Niedrig,2023-03-25,141
4545,10395,2023-12-30,Solar,Technisch,Monitoring nicht verfügbar,Negativ,App,Kritisch,2023-12-31,148
4546,2282,2023-04-15,Rechnung,Abrechnung,Unstimmigkeit in Rechnung,Neutral,Email,Mittel,2023-04-17,4
4547,5591,2025-05-05,Wallbox,E-Mobility,Wallbox Installation angefragt,Neutral,Chat,Mittel,2025-05-19,86
4548,16339,2024-11-18,Smart Meter,Installation,Smart Meter Installation angefragt,Neutral,Telefon,Mittel,2024-11-26,50
4549,10683,2023-08-12,Rechnung,Abrechnung,Unstimmigkeit in Rechnung,Neutral,App,Mittel,2023-08-21,90
4550,313,2024-03-15,Solar,Technisch,Wechselrichter Fehler,Neutral,Telefon,Niedrig,2024-03-18,169
4551,1953,2023-09-13,Speicher,Technisch,Speicher lädt nicht,Negativ,Email,Hoch,2023-09-19,175
4552,16463,2023-11-02,Smart Meter,Installation,Smart Meter App funktioniert nicht,Negativ,Email,Hoch,2023-11-06,75
4553,16616,2025-04-03,Wärmepumpe,Technisch,Fehlercode E01 angezeigt,Positiv,Email,Niedrig,2025-04-05,182
4554,4534,2023-08-10,Rechnung,Abrechnung,Zahlungsplan angefragt,Neutral,App,Mittel,2023-08-15,181
4555,3509,2023-04-16,Tarif,Vertrag,Umzug melden,Positiv,Email,Mittel,2023-04-20,110
4556,6645,2023-02-14,Wärmepumpe,Technisch,Fehlercode E01 angezeigt,Neutral,App,Mittel,2023-02-23,33
4557,718,2023-09-21,Speicher,Technisch,Batteriespeicher Störung,Negativ,Telefon,Hoch,2023-09-24,195
4558,16860,2023-03-30,Rechnung,Abrechnung,Rechnungsfrage,Negativ,App,Niedrig,2023-03-31,131
4559,10263,2023-10-18,Wallbox,E-Mobility,Wallbox defekt,Negativ,App,Hoch,2023-10-18,121
4560,15625,2024-06-18,Wärmepumpe,Technisch,Geräuschentwicklung zu hoch,Neutral,App,Niedrig,2024-06-27,92
4561,4251,2024-06-01,Wallbox,E-Mobility,App-Verbindung unterbrochen,Neutral,Email,Hoch,2024-06-04,155
4562,6447,2024-10-29,Speicher,Technisch,Kapazität gesunken,Negativ,App,Mittel,2024-10-30,129
4563,9298,2023-03-05,Wärmepumpe,Technisch,Wärmepumpe läuft nicht,Negativ,App,Hoch,2023-03-06,62
4564,13124,2023-08-25,Solar,Technisch,Wechselrichter Fehler,Neutral,Chat,Mittel,2023-09-06,177
4565,1619,2024-08-09,Wärmepumpe,Technisch,Fehlercode E01 angezeigt,Neutral,App,Niedrig,2024-08-17,24
4566,2744,2024-01-10,Speicher,Technisch,Batteriespeicher Störung,Negativ,Chat,Kritisch,2024-01-16,66
4567,6734,2023-07-03,Solar,Technisch,Wechselrichter Fehler,Neutral,Chat,Mittel,2023-07-10,103
4568,14427,2023-12-01,Smart Meter,Installation,Smart Meter App funktioniert nicht,Negativ,Telefon,Hoch,2023-12-08,11
4569,5657,2023-07-10,Smart Meter,Installation,Smart Meter zeigt keine Daten,Neutral,Email,Mittel,2023-07-12,120
4570,19031,2025-04-14,Speicher,Technisch,Speicher lädt nicht,Negativ,Chat,Mittel,2025-04-24,70
4571,18805,2023-01-12,Allgemein,Service,Informationsanfrage,Negativ,App,Hoch,2023-01-14,52
4572,13119,2024-11-22,Tarif,Vertrag,Vertragsverlängerung,Neutral,App,Mittel,2024-11-25,187
4573,11459,2025-02-05,Allgemein,Service,Lob,Positiv,Telefon,Niedrig,2025-02-18,177
4574,501,2025-02-12,Solar,Technisch,Solaranlage Ertrag niedrig,Neutral,App,Mittel,2025-02-24,19
4575,5441,2023-05-10,Wärmepumpe,Technisch,Effizienz zu niedrig,Neutral,Email,Hoch,2023-05-12,160
4576,7956,2024-01-19,Wallbox,E-Mobility,Wallbox lädt nicht,Negativ,Telefon,Mittel,2024-02-01,23
4577,17932,2024-10-06,Smart Meter,Installation,Smart Meter defekt,Negativ,Chat,Kritisch,2024-10-11,28
4578,3301,2023-06-03,Rechnung,Abrechnung,Abschlag zu hoch,Positiv,App,Mittel,2023-06-10,100
4579,5652,2023-10-17,Wärmepumpe,Technisch,Wartung angefragt,Neutral,Email,Mittel,2023-10-29,94
4580,102,2025-01-11,Speicher,Technisch,Speicher lädt nicht,Negativ,Telefon,Kritisch,2025-01-16,66
4581,3442,2023-01-13,Allgemein,Service,Kontaktdaten ändern,Neutral,Chat,Mittel,2023-01-17,160
4582,16074,2023-04-13,Rechnung,Abrechnung,Rechnungsfrage,Neutral,Telefon,Niedrig,2023-04-18,39
4583,14588,2023-05-01,Speicher,Technisch,Speicher lädt nicht,Negativ,App,Hoch,2023-05-07,91
4584,8395,2024-04-12,Rechnung,Abrechnung,Gutschrift angefragt,Positiv,Chat,Niedrig,2024-04-21,109
4585,17811,2024-10-30,Tarif,Vertrag,Kündigung,Negativ,Telefon,Mittel,2024-10-30,20
4586,1512,2023-11-09,Wärmepumpe,Technisch,Effizienz zu niedrig,Negativ,Email,Niedrig,2023-11-20,30
4587,5572,2024-11-05,Speicher,Technisch,Batteriespeicher Störung,Negativ,Chat,Hoch,2024-11-05,4
4588,14235,2023-12-05,Smart Meter,Installation,Smart Meter zeigt keine Daten,Neutral,Chat,Mittel,2023-12-06,11
4589,9771,2025-05-15,Speicher,Technisch,Batteriespeicher Störung,Negativ,Telefon,Hoch,2025-05-20,180
4590,11292,2024-10-09,Rechnung,Abrechnung,Unstimmigkeit in Rechnung,Neutral,Telefon,Mittel,2024-10-15,130
4591,19566,2024-06-10,Rechnung,Abrechnung,Rechnungsfrage,Neutral,Telefon,Mittel,2024-06-15,104
4592,15199,2024-10-23,Tarif,Vertrag,Umzug melden,Neutral,Telefon,Niedrig,2024-11-02,189
4593,8132,2025-05-05,Tarif,Vertrag,Vertragsverlängerung,Negativ,Telefon,Mittel,2025-05-15,1
4594,3545,2023-09-03,Allgemein,Service,Lob,Positiv,Email,Niedrig,2023-09-07,31
4595,1940,2023-01-29,Wallbox,E-Mobility,Ladekarte Probleme,Neutral,App,Mittel,2023-02-08,18
4596,15263,2023-09-05,Wallbox,E-Mobility,Ladekarte Probleme,Negativ,Email,Mittel,2023-09-17,95
4597,17666,2023-09-07,Solar,Technisch,Solaranlage Ertrag niedrig,Neutral,Chat,Niedrig,2023-09-19,132
4598,3137,2023-11-21,Rechnung,Abrechnung,Unstimmigkeit in Rechnung,Neutral,App,Mittel,2023-11-21,103
4599,6675,2024-08-01,Solar,Technisch,Solaranlage Ertrag niedrig,Neutral,Email,Mittel,2024-08-12,97
4600,9958,2025-03-13,Smart Meter,Installation,Smart Meter Installation angefragt,Neutral,Telefon,Mittel,2025-03-19,6
4601,6591,2024-10-30,Rechnung,Abrechnung,Zahlungsplan angefragt,Neutral,Telefon,Mittel,2024-11-10,25
4602,10925,2023-01-14,Wärmepumpe,Technisch,Effizienz zu niedrig,Negativ,App,Mittel,2023-01-15,59
4603,11651,2023-08-11,Wärmepumpe,Technisch,Effizienz zu niedrig,Positiv,App,Niedrig,2023-08-23,162
4604,12761,2024-01-15,Smart Meter,Installation,Smart Meter App funktioniert nicht,Negativ,App,Mittel,2024-01-15,172
4605,15179,2024-12-15,Smart Meter,Installation,Smart Meter Installation angefragt,Neutral,Email,Kritisch,2024-12-19,48
4606,1228,2024-12-21,Allgemein,Service,Kontaktdaten ändern,Negativ,Email,Niedrig,2024-12-21,9
4607,8895,2023-09-06,Tarif,Vertrag,Vertragsverlängerung,Positiv,Email,Mittel,2023-09-20,165
4608,12235,2024-11-18,Wärmepumpe,Technisch,Effizienz zu niedrig,Neutral,Chat,Mittel,2024-11-30,128
4609,9815,2024-06-18,Solar,Technisch,Wechselrichter Fehler,Neutral,Chat,Mittel,2024-06-24,127
4610,10171,2025-02-01,Tarif,Vertrag,Tarifwechsel angefragt,Neutral,Telefon,Niedrig,2025-02-14,175
4611,13678,2024-01-01,Tarif,Vertrag,Kündigung,Neutral,App,Mittel,2024-01-09,171
4612,2183,2024-06-06,Speicher,Technisch,Speicher lädt nicht,Negativ,Email,Hoch,2024-06-09,137
4613,564,2025-06-06,Wärmepumpe,Technisch,Fehlercode E01 angezeigt,Neutral,Email,Niedrig,2025-06-09,177
4614,10168,2024-04-12,Wallbox,E-Mobility,Wallbox lädt nicht,Negativ,Chat,Hoch,2024-04-16,100
4615,763,2025-01-22,Speicher,Technisch,Batteriespeicher Störung,Negativ,Email,Hoch,2025-01-25,96
4616,5004,2024-03-28,Allgemein,Service,Allgemeine Anfrage,Neutral,Telefon,Mittel,2024-04-02,191
4617,1591,2024-05-28,Smart Meter,Installation,Smart Meter App funktioniert nicht,Negativ,Chat,Hoch,2024-05-28,62
4618,3347,2024-03-04,Tarif,Vertrag,Kündigung,Negativ,Email,Hoch,2024-03-10,5
4619,14795,2023-06-20,Rechnung,Abrechnung,Rechnungsfrage,Neutral,Chat,Mittel,2023-06-28,192
4620,19694,2023-05-15,Rechnung,Abrechnung,Abschlag anpassen,Negativ,Chat,Mittel,2023-05-25,65
4621,8280,2024-06-14,Wallbox,E-Mobility,Ladekarte Probleme,Neutral,Telefon,Mittel,2024-06-18,69
4622,16638,2024-07-12,Solar,Technisch,Solaranlage Ertrag niedrig,Neutral,Telefon,Niedrig,2024-07-26,116
4623,8513,2024-09-23,Smart Meter,Installation,Smart Meter Installation angefragt,Neutral,Chat,Mittel,2024-09-28,20
4624,11620,2024-02-21,Wallbox,E-Mobility,Wallbox defekt,Negativ,Email,Mittel,2024-02-23,31
4625,11022,2024-04-19,Solar,Technisch,Wechselrichter Fehler,Negativ,Email,Niedrig,2024-04-23,71
4626,7204,2023-06-06,Allgemein,Service,Allgemeine Anfrage,Neutral,App,Mittel,2023-06-09,43
4627,9938,2023-02-10,Wärmepumpe,Technisch,Wartung angefragt,Neutral,Email,Mittel,2023-02-19,130
4628,3432,2025-01-15,Wärmepumpe,Technisch,Wartung angefragt,Neutral,Telefon,Niedrig,2025-01-28,161
4629,19158,2024-12-12,Smart Meter,Installation,Smart Meter defekt,Negativ,Email,Mittel,2024-12-13,51
4630,3946,2025-02-09,Allgemein,Service,Lob,Positiv,Email,Niedrig,2025-02-15,166
4631,7077,2024-05-30,Solar,Technisch,Wechselrichter Fehler,Neutral,Email,Mittel,2024-06-07,110
4632,3986,2023-11-19,Rechnung,Abrechnung,Abschlag anpassen,Neutral,App,Mittel,2023-11-25,105
4633,18398,2023-08-17,Tarif,Vertrag,Kündigung,Neutral,Email,Mittel,2023-08-28,153
4634,2752,2024-03-30,Tarif,Vertrag,Vertragsverlängerung,Positiv,Chat,Mittel,2024-04-06,2
4635,4185,2024-05-01,Wärmepumpe,Technisch,Wartung angefragt,Neutral,Telefon,Niedrig,2024-05-02,117
4636,3752,2025-05-24,Wallbox,E-Mobility,Ladekarte Probleme,Neutral,App,Mittel,2025-05-24,33
4637,18274,2023-12-25,Allgemein,Service,Allgemeine Anfrage,Neutral,App,Mittel,2023-12-31,92
4638,3015,2024-10-29,Wärmepumpe,Technisch,Wartung angefragt,Negativ,Telefon,Mittel,2024-11-04,167
4639,7828,2024-12-21,Wallbox,E-Mobility,Wallbox Installation angefragt,Neutral,Telefon,Hoch,2024-12-24,135
4640,16321,2024-10-25,Allgemein,Service,Beschwerde,Negativ,Telefon,Kritisch,2024-10-26,101
4641,13242,2025-05-24,Speicher,Technisch,Batteriespeicher Störung,Negativ,Telefon,Hoch,2025-05-29,12
4642,7390,2025-05-07,Solar,Technisch,Monitoring nicht verfügbar,Negativ,App,Hoch,2025-05-07,160
4643,2284,2024-04-20,Wallbox,E-Mobility,Wallbox defekt,Negativ,App,Hoch,2024-04-20,47
4644,10057,2024-04-17,Wärmepumpe,Technisch,Fehlercode E01 angezeigt,Neutral,Chat,Niedrig,2024-05-01,79
4645,19168,2024-01-18,Rechnung,Abrechnung,Abschlag zu hoch,Negativ,Email,Mittel,2024-01-29,147
4646,17353,2024-07-28,Wallbox,E-Mobility,Wallbox lädt nicht,Negativ,Chat,Mittel,2024-08-03,21
4647,3605,2025-03-18,Speicher,Technisch,Kapazität gesunken,Neutral,App,Niedrig,2025-03-31,28
4648,19322,2023-05-03,Allgemein,Service,Allgemeine Anfrage,Negativ,Chat,Hoch,2023-05-08,9
4649,12591,2024-06-15,Tarif,Vertrag,Vertragsverlängerung,Neutral,Telefon,Niedrig,2024-06-24,120
4650,12106,2023-01-22,Allgemein,Service,Kontaktdaten ändern,Negativ,Email,Mittel,2023-01-25,5
4651,10270,2023-08-17,Rechnung,Abrechnung,Gutschrift angefragt,Neutral,Email,Mittel,2023-08-28,187
4652,17587,2023-06-18,Smart Meter,Installation,Smart Meter Ablesung fehlerhaft,Neutral,Telefon,Niedrig,2023-07-01,179
4653,12363,2024-09-05,Smart Meter,Installation,Smart Meter defekt,Negativ,App,Kritisch,2024-09-10,69
4654,1000,2025-06-24,Wärmepumpe,Technisch,Wärmepumpe Störung,Negativ,Telefon,Hoch,2025-06-29,3
4655,14496,2023-05-08,Smart Meter,Installation,Smart Meter App funktioniert nicht,Negativ,Email,Hoch,2023-05-09,60
4656,19068,2025-05-02,Rechnung,Abrechnung,Abschlag anpassen,Neutral,App,Mittel,2025-05-11,91
4657,17343,2024-04-03,Smart Meter,Installation,Smart Meter defekt,Negativ,Telefon,Mittel,2024-04-10,197
4658,12988,2024-11-11,Rechnung,Abrechnung,Gutschrift angefragt,Neutral,App,Niedrig,2024-11-16,170
4659,16974,2024-02-20,Speicher,Technisch,Speicher lädt nicht,Negativ,Chat,Hoch,2024-02-26,62
4660,7684,2023-08-06,Speicher,Technisch,Batteriespeicher Störung,Negativ,Telefon,Mittel,2023-08-09,181
4661,19081,2025-06-20,Tarif,Vertrag,Vertragsverlängerung,Negativ,App,Hoch,2025-06-24,17
4662,4164,2023-04-22,Tarif,Vertrag,Ökostrom Umstellung,Negativ,Chat,Mittel,2023-05-03,59
4663,16239,2024-04-04,Rechnung,Abrechnung,Gutschrift angefragt,Positiv,App,Niedrig,2024-04-07,132
4664,4900,2023-11-30,Wallbox,E-Mobility,App-Verbindung unterbrochen,Positiv,App,Hoch,2023-12-05,19
4665,10443,2023-05-15,Rechnung,Abrechnung,Gutschrift angefragt,Neutral,Telefon,Mittel,2023-05-17,49
4666,4016,2025-01-22,Allgemein,Service,Beschwerde,Negativ,Telefon,Mittel,2025-01-28,14
4667,17042,2023-10-29,Rechnung,Abrechnung,Gutschrift angefragt,Neutral,Telefon,Mittel,2023-11-05,82
4668,1374,2024-01-26,Solar,Technisch,Monitoring nicht verfügbar,Negativ,Email,Mittel,2024-01-31,53
4669,18320,2023-02-06,Wärmepumpe,Technisch,Effizienz zu niedrig,Neutral,Telefon,Niedrig,2023-02-20,21
4670,2170,2025-01-17,Wallbox,E-Mobility,Wallbox defekt,Negativ,App,Hoch,2025-01-21,27
4671,8802,2024-10-20,Wallbox,E-Mobility,Wallbox defekt,Negativ,Chat,Kritisch,2024-10-25,41
4672,15555,2024-04-22,Allgemein,Service,Beschwerde,Negativ,Email,Hoch,2024-04-29,166
4673,7295,2025-02-24,Speicher,Technisch,Batteriespeicher Störung,Negativ,App,Niedrig,2025-03-03,184
4674,13310,2023-07-03,Solar,Technisch,Monitoring nicht verfügbar,Negativ,App,Mittel,2023-07-08,69
4675,4810,2025-06-26,Wallbox,E-Mobility,Wallbox lädt nicht,Negativ,App,Hoch,2025-06-26,40
4676,2377,2023-09-07,Smart Meter,Installation,Smart Meter Installation angefragt,Neutral,Telefon,Niedrig,2023-09-15,156
4677,1138,2024-10-12,Wärmepumpe,Technisch,Wärmepumpe Störung,Negativ,App,Mittel,2024-10-20,184
4678,19166,2023-03-16,Speicher,Technisch,Speicher lädt nicht,Negativ,Email,Hoch,2023-03-20,156
4679,832,2025-02-12,Speicher,Technisch,Speicher lädt nicht,Negativ,App,Hoch,2025-02-14,104
4680,11128,2024-10-06,Allgemein,Service,Lob,Positiv,Email,Niedrig,2024-10-13,120
4681,4614,2023-09-27,Smart Meter,Installation,Smart Meter Ablesung fehlerhaft,Neutral,Chat,Hoch,2023-10-04,72
4682,6101,2024-04-09,Smart Meter,Installation,Smart Meter zeigt keine Daten,Neutral,Email,Mittel,2024-04-13,2
4683,8154,2024-09-16,Rechnung,Abrechnung,Abschlag zu hoch,Neutral,App,Mittel,2024-09-19,131
4684,2968,2023-06-19,Rechnung,Abrechnung,Rechnungsfrage,Negativ,Telefon,Mittel,2023-07-03,79
4685,10870,2024-09-05,Solar,Technisch,Wechselrichter Fehler,Neutral,Email,Niedrig,2024-09-05,5
4686,761,2024-12-03,Solar,Technisch,Einspeisevergütung Frage,Negativ,Telefon,Mittel,2024-12-04,169
4687,7888,2024-06-22,Speicher,Technisch,Kapazität gesunken,Negativ,Telefon,Niedrig,2024-06-23,103
4688,17771,2025-01-14,Wallbox,E-Mobility,App-Verbindung unterbrochen,Neutral,Telefon,Hoch,2025-01-19,73
4689,3940,2023-04-20,Allgemein,Service,Kontaktdaten ändern,Neutral,App,Mittel,2023-04-21,102
4690,166,2024-12-12,Smart Meter,Installation,Smart Meter Ablesung fehlerhaft,Positiv,Chat,Niedrig,2024-12-24,60
4691,15502,2023-04-20,Wärmepumpe,Technisch,Effizienz zu niedrig,Neutral,Chat,Niedrig,2023-04-21,161
4692,16251,2024-12-02,Wärmepumpe,Technisch,Wärmepumpe läuft nicht,Negativ,Chat,Kritisch,2024-12-05,32
4693,6551,2025-02-23,Solar,Technisch,Einspeisevergütung Frage,Neutral,Telefon,Mittel,2025-03-06,82
4694,11796,2023-04-29,Wärmepumpe,Technisch,Wärmepumpe Störung,Negativ,App,Hoch,2023-05-02,8
4695,8097,2024-03-28,Rechnung,Abrechnung,Abschlag anpassen,Neutral,Email,Mittel,2024-04-05,150
4696,9853,2023-04-10,Rechnung,Abrechnung,Abschlag zu hoch,Neutral,Telefon,Hoch,2023-04-13,194
4697,7951,2024-04-02,Allgemein,Service,Allgemeine Anfrage,Positiv,App,Kritisch,2024-04-07,3
4698,18817,2023-12-04,Solar,Technisch,Einspeisevergütung Frage,Neutral,Telefon,Niedrig,2023-12-16,79
4699,14059,2025-06-23,Wallbox,E-Mobility,Wallbox Installation angefragt,Neutral,Chat,Mittel,2025-06-23,72
4700,18509,2024-09-15,Wärmepumpe,Technisch,Wärmepumpe läuft nicht,Negativ,Email,Hoch,2024-09-16,13
4701,6301,2025-03-15,Speicher,Technisch,Batteriespeicher Störung,Negativ,Email,Hoch,2025-03-20,69
4702,18156,2025-01-03,Speicher,Technisch,Kapazität gesunken,Neutral,Chat,Niedrig,2025-01-16,87
4703,11016,2023-09-21,Solar,Technisch,Monitoring nicht verfügbar,Negativ,App,Mittel,2023-09-26,6
4704,15285,2023-01-02,Allgemein,Service,Lob,Positiv,App,Niedrig,2023-01-05,115
4705,2322,2024-11-27,Rechnung,Abrechnung,Abschlag zu hoch,Negativ,Email,Mittel,2024-12-10,192
4706,4507,2023-07-11,Smart Meter,Installation,Smart Meter App funktioniert nicht,Negativ,Email,Hoch,2023-07-16,101
4707,9081,2023-03-13,Smart Meter,Installation,Smart Meter App funktioniert nicht,Negativ,Chat,Hoch,2023-03-19,48
4708,7678,2024-02-27,Wärmepumpe,Technisch,Fehlercode E01 angezeigt,Positiv,Telefon,Niedrig,2024-03-05,94
4709,17570,2023-06-30,Allgemein,Service,Lob,Positiv,Chat,Niedrig,2023-07-12,28
4710,17533,2023-01-24,Tarif,Vertrag,Ökostrom Umstellung,Positiv,Email,Mittel,2023-02-01,101
4711,16295,2023-04-11,Speicher,Technisch,Batteriespeicher Störung,Negativ,Chat,Hoch,2023-04-15,144
4712,16590,2024-07-02,Wallbox,E-Mobility,Wallbox Installation angefragt,Neutral,App,Niedrig,2024-07-04,172
4713,6740,2024-12-16,Wallbox,E-Mobility,App-Verbindung unterbrochen,Positiv,App,Mittel,2024-12-29,102
4714,189,2024-07-22,Tarif,Vertrag,Tarifwechsel angefragt,Neutral,App,Mittel,2024-07-31,47
4715,15436,2024-06-17,Wärmepumpe,Technisch,Wartung angefragt,Neutral,Telefon,Hoch,2024-06-22,84
4716,17719,2024-08-18,Rechnung,Abrechnung,Zahlungsplan angefragt,Neutral,Chat,Hoch,2024-08-20,135
4717,13696,2025-02-04,Wärmepumpe,Technisch,Effizienz zu niedrig,Neutral,Email,Niedrig,2025-02-16,124
4718,7261,2025-05-22,Wärmepumpe,Technisch,Fehlercode E01 angezeigt,Neutral,Telefon,Mittel,2025-05-30,155
4719,9734,2024-05-09,Solar,Technisch,Solaranlage Ertrag niedrig,Neutral,App,Mittel,2024-05-22,122
4720,17752,2023-02-03,Allgemein,Service,Allgemeine Anfrage,Neutral,App,Mittel,2023-02-13,181
4721,13712,2025-06-08,Allgemein,Service,Informationsanfrage,Neutral,App,Niedrig,2025-06-22,195
4722,6298,2024-02-29,Rechnung,Abrechnung,Gutschrift angefragt,Neutral,Chat,Mittel,2024-03-02,63
4723,4694,2023-07-16,Solar,Technisch,Monitoring nicht verfügbar,Negativ,App,Hoch,2023-07-21,66
4724,11886,2024-05-29,Wärmepumpe,Technisch,Effizienz zu niedrig,Neutral,Email,Mittel,2024-05-31,100
4725,16839,2024-04-12,Wallbox,E-Mobility,Ladekarte Probleme,Negativ,Telefon,Mittel,2024-04-26,145
4726,7634,2025-06-04,Wallbox,E-Mobility,Wallbox lädt nicht,Negativ,App,Hoch,2025-06-09,17
4727,3132,2024-02-24,Wärmepumpe,Technisch,Effizienz zu niedrig,Negativ,Email,Mittel,2024-03-01,20
4728,228,2023-07-10,Wallbox,E-Mobility,Ladekarte Probleme,Positiv,Email,Mittel,2023-07-12,113
4729,5979,2025-02-05,Rechnung,Abrechnung,Abschlag zu hoch,Neutral,Telefon,Mittel,2025-02-13,179
4730,16104,2024-03-10,Wallbox,E-Mobility,Wallbox defekt,Negativ,App,Mittel,2024-03-22,102
4731,331,2023-12-18,Speicher,Technisch,Kapazität gesunken,Negativ,App,Mittel,2023-12-25,133
4732,3828,2025-06-16,Solar,Technisch,Einspeisevergütung Frage,Neutral,App,Mittel,2025-06-17,42
4733,11791,2023-10-26,Wärmepumpe,Technisch,Fehlercode E01 angezeigt,Neutral,Email,Niedrig,2023-11-03,32
4734,3615,2023-05-17,Smart Meter,Installation,Smart Meter App funktioniert nicht,Negativ,App,Kritisch,2023-05-21,195
4735,7510,2025-02-28,Smart Meter,Installation,Smart Meter Ablesung fehlerhaft,Neutral,Email,Hoch,2025-02-28,160
4736,191,2023-08-17,Tarif,Vertrag,Umzug melden,Neutral,Telefon,Mittel,2023-08-18,157
4737,10219,2024-07-12,Smart Meter,Installation,Smart Meter defekt,Negativ,App,Mittel,2024-07-23,61
4738,18625,2023-06-01,Rechnung,Abrechnung,Abschlag zu hoch,Neutral,Telefon,Mittel,2023-06-06,113
4739,19836,2024-12-07,Speicher,Technisch,Speicher lädt nicht,Negativ,Email,Hoch,2024-12-13,2
4740,14120,2024-06-05,Wärmepumpe,Technisch,Effizienz zu niedrig,Positiv,Chat,Niedrig,2024-06-13,149
4741,10733,2023-02-14,Allgemein,Service,Kontaktdaten ändern,Neutral,App,Mittel,2023-02-27,87
4742,5131,2024-06-17,Solar,Technisch,Einspeisevergütung Frage,Neutral,App,Mittel,2024-07-01,193
4743,18878,2025-06-16,Smart Meter,Installation,Smart Meter defekt,Negativ,Telefon,Mittel,2025-06-21,26
4744,7515,2025-01-17,Solar,Technisch,Monitoring nicht verfügbar,Negativ,Telefon,Kritisch,2025-01-19,121
4745,14540,2023-11-08,Tarif,Vertrag,Vertragsverlängerung,Negativ,App,Hoch,2023-11-10,38
4746,18232,2024-01-10,Rechnung,Abrechnung,Rechnungsfrage,Neutral,App,Hoch,2024-01-12,189
4747,15754,2024-02-10,Smart Meter,Installation,Smart Meter zeigt keine Daten,Negativ,App,Mittel,2024-02-10,7
4748,19619,2025-05-25,Tarif,Vertrag,Kündigung,Negativ,Email,Niedrig,2025-06-07,43
4749,16447,2023-07-08,Tarif,Vertrag,Vertragsverlängerung,Neutral,Telefon,Hoch,2023-07-12,102
4750,2298,2023-05-14,Wallbox,E-Mobility,App-Verbindung unterbrochen,Neutral,Telefon,Mittel,2023-05-28,133
4751,4995,2024-10-07,Smart Meter,Installation,Smart Meter Installation angefragt,Positiv,Email,Mittel,2024-10-11,45
4752,325,2024-06-15,Smart Meter,Installation,Smart Meter App funktioniert nicht,Negativ,Email,Hoch,2024-06-17,75
4753,5655,2023-06-04,Rechnung,Abrechnung,Rechnungsfrage,Neutral,Chat,Mittel,2023-06-09,12
4754,10821,2023-12-14,Speicher,Technisch,Kapazität gesunken,Neutral,Email,Mittel,2023-12-22,177
4755,4086,2024-12-19,Rechnung,Abrechnung,Gutschrift angefragt,Negativ,Chat,Hoch,2024-12-20,197
4756,6155,2023-09-11,Rechnung,Abrechnung,Zahlungsplan angefragt,Neutral,Email,Niedrig,2023-09-16,93
4757,7748,2025-04-06,Wallbox,E-Mobility,Wallbox defekt,Negativ,App,Hoch,2025-04-10,165
4758,932,2024-06-27,Allgemein,Service,Beschwerde,Negativ,Email,Hoch,2024-07-02,71
4759,6541,2024-11-02,Wärmepumpe,Technisch,Wärmepumpe Störung,Negativ,Email,Niedrig,2024-11-09,104
4760,18923,2024-11-27,Wärmepumpe,Technisch,Wartung angefragt,Positiv,Email,Niedrig,2024-11-30,142
4761,585,2023-04-20,Wallbox,E-Mobility,Wallbox Installation angefragt,Neutral,Email,Mittel,2023-05-01,143
4762,10810,2023-02-19,Speicher,Technisch,Speicher lädt nicht,Negativ,Chat,Kritisch,2023-02-25,10
4763,11954,2024-04-01,Wärmepumpe,Technisch,Effizienz zu niedrig,Negativ,Telefon,Mittel,2024-04-03,194
4764,17108,2024-10-23,Wärmepumpe,Technisch,Effizienz zu niedrig,Neutral,App,Mittel,2024-11-04,194
4765,19142,2024-10-14,Rechnung,Abrechnung,Unstimmigkeit in Rechnung,Neutral,App,Hoch,2024-10-16,29
4766,4254,2024-02-09,Rechnung,Abrechnung,Zahlungsplan angefragt,Neutral,App,Kritisch,2024-02-13,150
4767,17480,2025-02-27,Tarif,Vertrag,Preisgarantie Frage,Neutral,Email,Mittel,2025-02-27,105
4768,12602,2025-05-08,Tarif,Vertrag,Vertragsverlängerung,Neutral,Email,Mittel,2025-05-19,118
4769,14212,2023-07-05,Smart Meter,Installation,Smart Meter Installation angefragt,Neutral,Chat,Mittel,2023-07-17,66
4770,5458,2024-05-06,Allgemein,Service,Allgemeine Anfrage,Negativ,Telefon,Kritisch,2024-05-06,25
4771,14243,2023-09-15,Smart Meter,Installation,Smart Meter App funktioniert nicht,Negativ,Telefon,Kritisch,2023-09-18,175
4772,9150,2024-07-12,Smart Meter,Installation,Smart Meter Ablesung fehlerhaft,Neutral,Email,Hoch,2024-07-13,187
4773,10695,2025-05-03,Wärmepumpe,Technisch,Effizienz zu niedrig,Positiv,Email,Mittel,2025-05-17,68
4774,16982,2024-05-19,Speicher,Technisch,Batteriespeicher Störung,Negativ,Chat,Hoch,2024-05-21,44
4775,2344,2023-08-27,Smart Meter,Installation,Smart Meter defekt,Negativ,App,Mittel,2023-09-06,80
4776,3253,2024-08-06,Wärmepumpe,Technisch,Fehlercode E01 angezeigt,Negativ,App,Niedrig,2024-08-07,91
4777,17601,2023-05-07,Wallbox,E-Mobility,Wallbox lädt nicht,Negativ,App,Kritisch,2023-05-13,54
4778,11180,2023-08-28,Wärmepumpe,Technisch,Effizienz zu niedrig,Neutral,App,Mittel,2023-09-03,96
4779,10726,2023-02-07,Wärmepumpe,Technisch,Geräuschentwicklung zu hoch,Positiv,Chat,Niedrig,2023-02-20,37
4780,1254,2025-03-02,Wallbox,E-Mobility,Wallbox defekt,Negativ,Email,Mittel,2025-03-16,146
4781,10399,2023-12-25,Solar,Technisch,Solaranlage Ertrag niedrig,Neutral,Email,Niedrig,2024-01-07,58
4782,18548,2024-06-18,Speicher,Technisch,Kapazität gesunken,Neutral,Telefon,Mittel,2024-06-23,200
4783,17842,2024-09-17,Tarif,Vertrag,Preisgarantie Frage,Positiv,Email,Mittel,2024-09-30,20
4784,7074,2023-10-22,Smart Meter,Installation,Smart Meter App funktioniert nicht,Negativ,App,Hoch,2023-10-24,27
4785,17008,2025-05-23,Wärmepumpe,Technisch,Wärmepumpe läuft nicht,Negativ,Email,Mittel,2025-05-27,84
4786,9154,2023-02-23,Wärmepumpe,Technisch,Wärmepumpe Störung,Negativ,App,Hoch,2023-02-23,77
4787,4410,2024-08-24,Wärmepumpe,Technisch,Geräuschentwicklung zu hoch,Positiv,Email,Mittel,2024-08-30,56
4788,14227,2024-12-25,Solar,Technisch,Wechselrichter Fehler,Positiv,Email,Hoch,2024-12-29,60
4789,3507,2023-01-02,Smart Meter,Installation,Smart Meter Installation angefragt,Negativ,Telefon,Mittel,2023-01-03,13
4790,3142,2025-01-29,Speicher,Technisch,Batteriespeicher Störung,Negativ,Telefon,Mittel,2025-01-29,96
4791,17624,2023-11-01,Solar,Technisch,Einspeisevergütung Frage,Neutral,App,Mittel,2023-11-15,105
4792,15985,2024-04-19,Rechnung,Abrechnung,Abschlag anpassen,Neutral,Telefon,Niedrig,2024-05-03,109
4793,13594,2023-04-21,Allgemein,Service,Allgemeine Anfrage,Neutral,Telefon,Niedrig,2023-04-23,179
4794,6689,2025-04-24,Wärmepumpe,Technisch,Geräuschentwicklung zu hoch,Neutral,App,Mittel,2025-05-03,168
4795,8779,2023-05-12,Speicher,Technisch,Speicher lädt nicht,Negativ,App,Mittel,2023-05-18,112
4796,10294,2024-05-30,Speicher,Technisch,Kapazität gesunken,Negativ,Email,Mittel,2024-06-01,172
4797,8149,2025-04-27,Wallbox,E-Mobility,Wallbox Installation angefragt,Positiv,Email,Mittel,2025-05-06,9
4798,17510,2023-04-19,Wärmepumpe,Technisch,Geräuschentwicklung zu hoch,Neutral,Telefon,Niedrig,2023-04-22,154
4799,13587,2024-10-07,Speicher,Technisch,Kapazität gesunken,Negativ,App,Mittel,2024-10-17,121
4800,8874,2024-06-11,Rechnung,Abrechnung,Abschlag zu hoch,Negativ,Email,Mittel,2024-06-17,188
4801,17763,2024-11-01,Rechnung,Abrechnung,Abschlag anpassen,Neutral,Chat,Niedrig,2024-11-15,199
4802,16830,2024-05-23,Allgemein,Service,Allgemeine Anfrage,Neutral,Chat,Niedrig,2024-05-31,40
4803,18212,2023-10-05,Smart Meter,Installation,Smart Meter defekt,Negativ,Chat,Hoch,2023-10-10,46
4804,15044,2025-04-03,Smart Meter,Installation,Smart Meter Ablesung fehlerhaft,Neutral,App,Mittel,2025-04-04,182
4805,9513,2024-05-04,Wärmepumpe,Technisch,Effizienz zu niedrig,Neutral,App,Mittel,2024-05-16,89
4806,446,2023-10-25,Solar,Technisch,Solaranlage produziert nicht,Negativ,Telefon,Hoch,2023-10-25,164
4807,5767,2024-12-31,Allgemein,Service,Kontaktdaten ändern,Neutral,Email,Hoch,2025-01-04,176
4808,1702,2023-10-18,Wärmepumpe,Technisch,Effizienz zu niedrig,Neutral,Chat,Hoch,2023-10-20,68
4809,19424,2023-12-26,Wärmepumpe,Technisch,Geräuschentwicklung zu hoch,Positiv,App,Niedrig,2024-01-06,64
4810,19168,2024-10-25,Solar,Technisch,Monitoring nicht verfügbar,Negativ,Chat,Hoch,2024-10-29,69
4811,10064,2024-02-10,Solar,Technisch,Wechselrichter Fehler,Neutral,Chat,Hoch,2024-02-14,142
4812,19578,2024-11-16,Wärmepumpe,Technisch,Wartung angefragt,Neutral,Email,Niedrig,2024-11-29,103
4813,4824,2025-05-23,Wallbox,E-Mobility,Wallbox lädt nicht,Negativ,Email,Hoch,2025-05-23,183
4814,9425,2024-01-08,Smart Meter,Installation,Smart Meter Installation angefragt,Neutral,Telefon,Hoch,2024-01-10,144
4815,17599,2024-01-04,Wärmepumpe,Technisch,Effizienz zu niedrig,Neutral,App,Mittel,2024-01-15,166
4816,1178,2023-12-19,Smart Meter,Installation,Smart Meter Installation angefragt,Neutral,Telefon,Niedrig,2023-12-25,188
4817,7457,2023-03-10,Tarif,Vertrag,Preisgarantie Frage,Neutral,App,Mittel,2023-03-24,120
4818,4399,2024-01-29,Tarif,Vertrag,Ökostrom Umstellung,Neutral,Telefon,Hoch,2024-02-04,54
4819,4155,2023-11-03,Allgemein,Service,Beschwerde,Negativ,App,Mittel,2023-11-03,99
4820,10525,2023-04-05,Wärmepumpe,Technisch,Wartung angefragt,Negativ,Chat,Hoch,2023-04-12,122
4821,17579,2023-06-21,Wallbox,E-Mobility,Wallbox Installation angefragt,Neutral,Email,Hoch,2023-06-23,69
4822,12351,2023-10-24,Rechnung,Abrechnung,Abschlag anpassen,Neutral,Email,Mittel,2023-11-01,59
4823,17631,2024-12-18,Wallbox,E-Mobility,Ladekarte Probleme,Neutral,Chat,Mittel,2024-12-26,100
4824,11085,2025-02-19,Speicher,Technisch,Speicher lädt nicht,Negativ,App,Kritisch,2025-02-22,31
4825,16328,2024-03-04,Wallbox,E-Mobility,Wallbox lädt nicht,Negativ,Telefon,Kritisch,2024-03-05,127
4826,7096,2024-02-29,Rechnung,Abrechnung,Abschlag anpassen,Positiv,Telefon,Mittel,2024-03-04,145
4827,983,2023-01-22,Solar,Technisch,Wechselrichter Fehler,Neutral,App,Mittel,2023-01-25,186
4828,9628,2024-07-31,Rechnung,Abrechnung,Zahlungsplan angefragt,Neutral,Chat,Mittel,2024-07-31,24
4829,4712,2025-04-29,Tarif,Vertrag,Kündigung,Negativ,Email,Mittel,2025-05-11,198
4830,8350,2023-06-25,Allgemein,Service,Beschwerde,Negativ,App,Hoch,2023-06-30,135
4831,669,2024-07-06,Tarif,Vertrag,Kündigung,Neutral,Email,Mittel,2024-07-07,29
4832,383,2023-03-02,Wallbox,E-Mobility,Ladekarte Probleme,Negativ,Email,Mittel,2023-03-15,99
4833,12893,2024-05-25,Allgemein,Service,Allgemeine Anfrage,Neutral,App,Mittel,2024-06-04,122
4834,10191,2024-08-21,Speicher,Technisch,Speicher lädt nicht,Negativ,Email,Kritisch,2024-08-27,130
4835,15786,2024-03-01,Smart Meter,Installation,Smart Meter Ablesung fehlerhaft,Neutral,Email,Mittel,2024-03-13,42
4836,16569,2024-01-08,Allgemein,Service,Allgemeine Anfrage,Neutral,Chat,Mittel,2024-01-18,107
4837,9495,2023-11-27,Wärmepumpe,Technisch,Wärmepumpe Störung,Negativ,Email,Kritisch,2023-11-27,51
4838,10640,2024-07-23,Solar,Technisch,Solaranlage produziert nicht,Negativ,App,Hoch,2024-07-25,185
4839,16196,2023-04-22,Speicher,Technisch,Batteriespeicher Störung,Negativ,Telefon,Kritisch,2023-04-29,100
4840,18878,2023-05-19,Wärmepumpe,Technisch,Wärmepumpe Störung,Negativ,Chat,Niedrig,2023-05-30,35
4841,18867,2024-10-12,Wärmepumpe,Technisch,Geräuschentwicklung zu hoch,Neutral,Chat,Mittel,2024-10-22,145
4842,7101,2024-04-21,Wärmepumpe,Technisch,Wartung angefragt,Neutral,App,Mittel,2024-05-03,101
4843,16486,2023-07-09,Rechnung,Abrechnung,Gutschrift angefragt,Neutral,Chat,Mittel,2023-07-13,4
4844,13945,2024-05-01,Speicher,Technisch,Speicher lädt nicht,Negativ,Chat,Kritisch,2024-05-02,95
4845,4636,2023-12-09,Smart Meter,Installation,Smart Meter Ablesung fehlerhaft,Negativ,Telefon,Hoch,2023-12-10,92
4846,14348,2024-11-01,Tarif,Vertrag,Kündigung,Positiv,Chat,Mittel,2024-11-01,28
4847,14652,2023-02-02,Speicher,Technisch,Batteriespeicher Störung,Negativ,Chat,Kritisch,2023-02-04,99
4848,16978,2024-10-10,Smart Meter,Installation,Smart Meter Ablesung fehlerhaft,Positiv,Email,Mittel,2024-10-10,94
4849,19939,2023-04-07,Speicher,Technisch,Speicher lädt nicht,Negativ,Chat,Kritisch,2023-04-11,177
4850,16326,2024-03-29,Smart Meter,Installation,Smart Meter Installation angefragt,Negativ,Email,Niedrig,2024-04-12,112
4851,18285,2024-12-11,Solar,Technisch,Solaranlage Ertrag niedrig,Neutral,Chat,Kritisch,2024-12-18,147
4852,18378,2023-05-11,Solar,Technisch,Wechselrichter Fehler,Neutral,App,Mittel,2023-05-24,61
4853,19448,2023-09-06,Wallbox,E-Mobility,Ladekarte Probleme,Neutral,Email,Mittel,2023-09-18,115
4854,15515,2023-07-26,Wärmepumpe,Technisch,Wartung angefragt,Neutral,App,Mittel,2023-07-26,79
4855,5058,2023-12-08,Solar,Technisch,Solaranlage Ertrag niedrig,Neutral,Chat,Hoch,2023-12-11,185
4856,18058,2024-10-21,Allgemein,Service,Kontaktdaten ändern,Negativ,Telefon,Mittel,2024-10-23,111
4857,6027,2024-09-29,Wärmepumpe,Technisch,Effizienz zu niedrig,Neutral,App,Kritisch,2024-10-04,109
4858,16451,2024-07-03,Solar,Technisch,Wechselrichter Fehler,Neutral,App,Mittel,2024-07-15,189
4859,3500,2024-07-08,Smart Meter,Installation,Smart Meter Ablesung fehlerhaft,Negativ,App,Mittel,2024-07-21,171
4860,14695,2025-03-07,Allgemein,Service,Lob,Positiv,Email,Niedrig,2025-03-14,164
4861,5427,2023-01-28,Allgemein,Service,Kontaktdaten ändern,Neutral,Telefon,Niedrig,2023-02-07,24
4862,15158,2024-01-18,Wallbox,E-Mobility,Wallbox defekt,Negativ,Email,Mittel,2024-01-23,197
4863,7074,2024-12-07,Wärmepumpe,Technisch,Wartung angefragt,Neutral,Telefon,Niedrig,2024-12-14,120
4864,18932,2024-10-31,Solar,Technisch,Monitoring nicht verfügbar,Negativ,Telefon,Hoch,2024-11-03,69
4865,12299,2024-05-08,Rechnung,Abrechnung,Gutschrift angefragt,Negativ,Chat,Mittel,2024-05-17,120
4866,9093,2024-08-01,Allgemein,Service,Informationsanfrage,Positiv,Email,Niedrig,2024-08-06,142
4867,6375,2024-09-27,Smart Meter,Installation,Smart Meter zeigt keine Daten,Neutral,Telefon,Niedrig,2024-10-04,169
4868,257,2024-09-01,Rechnung,Abrechnung,Zahlungsplan angefragt,Neutral,Chat,Mittel,2024-09-04,190
4869,5175,2023-01-15,Tarif,Vertrag,Tarifwechsel angefragt,Neutral,Telefon,Niedrig,2023-01-15,110
4870,4548,2024-05-10,Speicher,Technisch,Batteriespeicher Störung,Negativ,Telefon,Kritisch,2024-05-12,148
4871,19562,2024-11-09,Wallbox,E-Mobility,Wallbox lädt nicht,Negativ,App,Kritisch,2024-11-15,75
4872,2558,2024-06-22,Smart Meter,Installation,Smart Meter App funktioniert nicht,Negativ,Email,Mittel,2024-07-06,172
4873,12803,2025-04-18,Wärmepumpe,Technisch,Effizienz zu niedrig,Neutral,Email,Niedrig,2025-04-23,8
4874,567,2024-05-27,Smart Meter,Installation,Smart Meter zeigt keine Daten,Positiv,App,Mittel,2024-05-30,55
4875,11804,2024-02-09,Wärmepumpe,Technisch,Fehlercode E01 angezeigt,Neutral,App,Niedrig,2024-02-19,134
4876,15155,2024-07-04,Rechnung,Abrechnung,Zahlungsplan angefragt,Neutral,Telefon,Mittel,2024-07-16,21
4877,563,2025-03-17,Wärmepumpe,Technisch,Effizienz zu niedrig,Positiv,Email,Niedrig,2025-03-26,29
4878,14096,2024-11-05,Wärmepumpe,Technisch,Geräuschentwicklung zu hoch,Negativ,Telefon,Niedrig,2024-11-17,63
4879,14242,2024-01-05,Tarif,Vertrag,Umzug melden,Neutral,Chat,Mittel,2024-01-16,69
4880,15778,2024-02-20,Tarif,Vertrag,Ökostrom Umstellung,Negativ,Chat,Kritisch,2024-02-25,7
4881,3102,2024-06-04,Wallbox,E-Mobility,Wallbox lädt nicht,Negativ,Email,Niedrig,2024-06-11,173
4882,18906,2024-08-30,Wallbox,E-Mobility,Wallbox lädt nicht,Negativ,Telefon,Hoch,2024-09-01,156
4883,7629,2024-11-12,Allgemein,Service,Lob,Positiv,Telefon,Niedrig,2024-11-25,109
4884,10354,2023-02-15,Rechnung,Abrechnung,Unstimmigkeit in Rechnung,Neutral,Telefon,Niedrig,2023-02-28,36
4885,1732,2024-07-19,Speicher,Technisch,Batteriespeicher Störung,Negativ,Chat,Niedrig,2024-07-26,51
4886,19117,2023-02-02,Wallbox,E-Mobility,Wallbox Installation angefragt,Neutral,App,Hoch,2023-02-04,195
4887,16658,2024-05-11,Allgemein,Service,Informationsanfrage,Positiv,Chat,Niedrig,2024-05-12,177
4888,13652,2024-06-15,Speicher,Technisch,Speicher lädt nicht,Negativ,Telefon,Mittel,2024-06-16,114
4889,7420,2023-03-15,Allgemein,Service,Informationsanfrage,Neutral,Chat,Mittel,2023-03-17,149
4890,4298,2024-05-07,Solar,Technisch,Monitoring nicht verfügbar,Negativ,App,Mittel,2024-05-15,51
4891,2621,2023-01-26,Speicher,Technisch,Batteriespeicher Störung,Negativ,Email,Niedrig,2023-01-30,178
4892,12148,2025-04-04,Solar,Technisch,Solaranlage Ertrag niedrig,Negativ,App,Mittel,2025-04-11,107
4893,11849,2023-06-26,Tarif,Vertrag,Tarifwechsel angefragt,Positiv,Telefon,Niedrig,2023-07-08,72
4894,7549,2024-04-18,Tarif,Vertrag,Preisgarantie Frage,Negativ,Email,Mittel,2024-04-25,112
4895,15164,2024-03-19,Wärmepumpe,Technisch,Fehlercode E01 angezeigt,Positiv,Chat,Mittel,2024-03-24,56
4896,11450,2023-01-02,Solar,Technisch,Solaranlage produziert nicht,Negativ,Chat,Hoch,2023-01-07,70
4897,9548,2024-05-31,Smart Meter,Installation,Smart Meter defekt,Negativ,Chat,Hoch,2024-06-03,149
4898,14425,2024-12-26,Speicher,Technisch,Batteriespeicher Störung,Negativ,App,Mittel,2024-12-27,160
4899,11002,2023-07-05,Wärmepumpe,Technisch,Geräuschentwicklung zu hoch,Positiv,Email,Mittel,2023-07-07,146
4900,6283,2023-09-21,Rechnung,Abrechnung,Gutschrift angefragt,Neutral,Telefon,Niedrig,2023-09-29,93
4901,19436,2024-03-27,Allgemein,Service,Informationsanfrage,Neutral,Chat,Niedrig,2024-04-05,144
4902,941,2023-03-21,Allgemein,Service,Kontaktdaten ändern,Neutral,Email,Mittel,2023-03-31,129
4903,15765,2024-07-01,Speicher,Technisch,Batteriespeicher Störung,Negativ,Email,Kritisch,2024-07-02,109
4904,9249,2025-04-06,Speicher,Technisch,Kapazität gesunken,Neutral,Telefon,Hoch,2025-04-09,190
4905,3603,2023-06-09,Wärmepumpe,Technisch,Effizienz zu niedrig,Neutral,Telefon,Mittel,2023-06-15,35
4906,14657,2025-03-28,Speicher,Technisch,Speicher lädt nicht,Negativ,Chat,Hoch,2025-04-02,157
4907,5889,2024-05-08,Rechnung,Abrechnung,Rechnungsfrage,Neutral,Email,Hoch,2024-05-15,73
4908,18481,2024-08-22,Speicher,Technisch,Kapazität gesunken,Neutral,Telefon,Kritisch,2024-08-24,190
4909,14512,2023-11-30,Tarif,Vertrag,Tarifwechsel angefragt,Neutral,Telefon,Mittel,2023-12-11,193
4910,19154,2023-10-16,Speicher,Technisch,Speicher lädt nicht,Negativ,App,Mittel,2023-10-16,97
4911,6586,2023-09-02,Solar,Technisch,Solaranlage Ertrag niedrig,Neutral,Chat,Niedrig,2023-09-02,171
4912,4379,2023-12-21,Solar,Technisch,Solaranlage Ertrag niedrig,Neutral,Telefon,Mittel,2023-12-28,159
4913,19641,2024-03-22,Solar,Technisch,Solaranlage Ertrag niedrig,Positiv,Telefon,Hoch,2024-03-23,114
4914,4382,2023-01-09,Tarif,Vertrag,Preisgarantie Frage,Neutral,Email,Mittel,2023-01-09,34
4915,18125,2023-11-01,Rechnung,Abrechnung,Zahlungsplan angefragt,Neutral,Email,Hoch,2023-11-04,119
4916,8228,2024-05-11,Solar,Technisch,Wechselrichter Fehler,Neutral,Chat,Mittel,2024-05-22,25
4917,6972,2024-11-16,Solar,Technisch,Solaranlage produziert nicht,Negativ,Chat,Mittel,2024-11-29,7
4918,908,2023-01-28,Allgemein,Service,Lob,Positiv,Chat,Niedrig,2023-02-06,47
4919,14839,2023-11-22,Allgemein,Service,Lob,Positiv,App,Niedrig,2023-11-24,12
4920,16854,2025-02-27,Solar,Technisch,Wechselrichter Fehler,Neutral,Email,Hoch,2025-03-01,198
4921,12866,2023-02-18,Solar,Technisch,Monitoring nicht verfügbar,Negativ,Email,Kritisch,2023-02-22,7
4922,18792,2023-04-13,Wallbox,E-Mobility,Wallbox defekt,Negativ,Chat,Kritisch,2023-04-15,54
4923,18309,2023-06-30,Solar,Technisch,Solaranlage produziert nicht,Negativ,Chat,Hoch,2023-07-05,99
4924,12706,2023-10-18,Allgemein,Service,Beschwerde,Negativ,Telefon,Hoch,2023-10-19,158
4925,10728,2024-03-09,Wärmepumpe,Technisch,Wärmepumpe Störung,Negativ,App,Mittel,2024-03-21,92
4926,4090,2025-03-05,Solar,Technisch,Einspeisevergütung Frage,Neutral,Chat,Mittel,2025-03-09,125
4927,4174,2025-03-19,Wärmepumpe,Technisch,Fehlercode E01 angezeigt,Neutral,Email,Niedrig,2025-03-31,38
4928,6034,2023-08-06,Tarif,Vertrag,Umzug melden,Neutral,App,Mittel,2023-08-12,146
4929,9454,2025-06-03,Wärmepumpe,Technisch,Geräuschentwicklung zu hoch,Neutral,Telefon,Mittel,2025-06-13,34
4930,18908,2023-11-30,Rechnung,Abrechnung,Rechnungsfrage,Neutral,Chat,Mittel,2023-12-01,115
4931,18335,2024-11-05,Allgemein,Service,Kontaktdaten ändern,Neutral,App,Mittel,2024-11-09,107
4932,4085,2023-04-20,Rechnung,Abrechnung,Abschlag anpassen,Neutral,App,Hoch,2023-04-27,180
4933,13678,2025-02-16,Rechnung,Abrechnung,Rechnungsfrage,Neutral,Chat,Hoch,2025-02-22,160
4934,17255,2023-01-29,Wärmepumpe,Technisch,Geräuschentwicklung zu hoch,Positiv,Telefon,Mittel,2023-02-07,69
4935,15611,2025-05-03,Speicher,Technisch,Batteriespeicher Störung,Negativ,Chat,Hoch,2025-05-05,197
4936,3309,2025-05-09,Solar,Technisch,Einspeisevergütung Frage,Negativ,App,Mittel,2025-05-22,66
4937,13540,2023-10-30,Tarif,Vertrag,Umzug melden,Neutral,Telefon,Mittel,2023-11-04,138
4938,15267,2025-03-20,Smart Meter,Installation,Smart Meter zeigt keine Daten,Neutral,Telefon,Niedrig,2025-04-02,46
4939,15589,2025-04-27,Allgemein,Service,Beschwerde,Negativ,Telefon,Niedrig,2025-05-03,35
4940,18304,2025-04-21,Speicher,Technisch,Batteriespeicher Störung,Negativ,App,Mittel,2025-04-21,11
4941,1552,2023-11-22,Solar,Technisch,Monitoring nicht verfügbar,Negativ,Email,Hoch,2023-11-27,23
4942,10035,2023-02-09,Smart Meter,Installation,Smart Meter zeigt keine Daten,Neutral,Chat,Mittel,2023-02-21,147
4943,17058,2024-04-13,Allgemein,Service,Beschwerde,Negativ,Email,Mittel,2024-04-27,136
4944,15123,2023-11-16,Wärmepumpe,Technisch,Effizienz zu niedrig,Neutral,Chat,Niedrig,2023-11-18,68
4945,15835,2023-04-15,Speicher,Technisch,Batteriespeicher Störung,Negativ,Email,Hoch,2023-04-21,4
4946,19121,2024-08-09,Wallbox,E-Mobility,Wallbox Installation angefragt,Positiv,Chat,Niedrig,2024-08-23,115
4947,19345,2024-03-17,Smart Meter,Installation,Smart Meter defekt,Negativ,Telefon,Mittel,2024-03-23,144
4948,5186,2024-01-24,Allgemein,Service,Lob,Positiv,App,Niedrig,2024-01-28,144
4949,8138,2023-12-27,Solar,Technisch,Solaranlage Ertrag niedrig,Neutral,Chat,Mittel,2023-12-29,100
4950,452,2024-12-15,Tarif,Vertrag,Umzug melden,Neutral,Chat,Niedrig,2024-12-18,73
4951,18505,2025-05-04,Tarif,Vertrag,Ökostrom Umstellung,Neutral,App,Mittel,2025-05-07,47
4952,13093,2023-05-21,Solar,Technisch,Solaranlage Ertrag niedrig,Neutral,App,Mittel,2023-05-22,149
4953,3138,2025-06-17,Rechnung,Abrechnung,Zahlungsplan angefragt,Neutral,Email,Mittel,2025-06-18,29
4954,6074,2024-05-25,Wallbox,E-Mobility,Wallbox lädt nicht,Negativ,App,Kritisch,2024-05-26,149
4955,6897,2023-08-06,Wärmepumpe,Technisch,Wärmepumpe läuft nicht,Negativ,Chat,Mittel,2023-08-11,12
4956,15953,2023-02-20,Wärmepumpe,Technisch,Fehlercode E01 angezeigt,Negativ,App,Mittel,2023-03-02,103
4957,548,2024-02-10,Smart Meter,Installation,Smart Meter zeigt keine Daten,Neutral,Telefon,Niedrig,2024-02-20,81
4958,10012,2023-01-12,Solar,Technisch,Monitoring nicht verfügbar,Negativ,Email,Hoch,2023-01-13,137
4959,4487,2023-02-27,Solar,Technisch,Monitoring nicht verfügbar,Negativ,Email,Kritisch,2023-02-27,16
4960,383,2025-04-26,Solar,Technisch,Wechselrichter Fehler,Neutral,App,Mittel,2025-05-01,40
4961,274,2025-05-19,Wärmepumpe,Technisch,Effizienz zu niedrig,Neutral,Chat,Mittel,2025-05-21,139
4962,3551,2023-06-30,Wallbox,E-Mobility,Ladekarte Probleme,Neutral,Email,Mittel,2023-07-06,25
4963,3500,2023-02-28,Smart Meter,Installation,Smart Meter zeigt keine Daten,Neutral,Email,Niedrig,2023-03-05,147
4964,4431,2023-09-26,Rechnung,Abrechnung,Abschlag zu hoch,Neutral,Telefon,Mittel,2023-10-06,77
4965,14752,2023-06-13,Allgemein,Service,Informationsanfrage,Neutral,Email,Mittel,2023-06-20,183
4966,17912,2024-01-14,Wärmepumpe,Technisch,Geräuschentwicklung zu hoch,Neutral,Email,Mittel,2024-01-26,36
4967,5307,2023-11-13,Wärmepumpe,Technisch,Geräuschentwicklung zu hoch,Neutral,App,Mittel,2023-11-26,97
4968,16695,2025-02-05,Wallbox,E-Mobility,Ladekarte Probleme,Neutral,App,Mittel,2025-02-17,70
4969,9603,2023-06-03,Tarif,Vertrag,Vertragsverlängerung,Positiv,Telefon,Mittel,2023-06-12,121
4970,11766,2024-04-25,Smart Meter,Installation,Smart Meter defekt,Negativ,Telefon,Kritisch,2024-05-01,128
4971,2980,2025-01-05,Allgemein,Service,Lob,Positiv,Chat,Niedrig,2025-01-12,103
4972,2208,2023-09-03,Allgemein,Service,Informationsanfrage,Neutral,Email,Mittel,2023-09-09,100
4973,11754,2025-04-30,Solar,Technisch,Einspeisevergütung Frage,Neutral,App,Niedrig,2025-05-06,166
4974,6021,2024-04-05,Allgemein,Service,Allgemeine Anfrage,Neutral,Chat,Niedrig,2024-04-13,29
4975,13358,2024-05-30,Wärmepumpe,Technisch,Wartung angefragt,Negativ,Chat,Mittel,2024-06-08,125
4976,18809,2023-08-19,Speicher,Technisch,Kapazität gesunken,Positiv,Email,Niedrig,2023-08-22,137
4977,3129,2025-04-13,Tarif,Vertrag,Preisgarantie Frage,Negativ,Telefon,Niedrig,2025-04-19,38
4978,4875,2024-09-13,Wallbox,E-Mobility,App-Verbindung unterbrochen,Neutral,Telefon,Niedrig,2024-09-23,169
4979,14127,2024-04-03,Wärmepumpe,Technisch,Wärmepumpe läuft nicht,Negativ,Email,Hoch,2024-04-05,25
4980,484,2025-01-26,Rechnung,Abrechnung,Rechnungsfrage,Neutral,App,Mittel,2025-02-07,155
4981,13953,2024-04-16,Tarif,Vertrag,Ökostrom Umstellung,Negativ,Telefon,Mittel,2024-04-17,28
4982,12344,2023-04-26,Smart Meter,Installation,Smart Meter Ablesung fehlerhaft,Neutral,Telefon,Mittel,2023-04-28,179
4983,3137,2023-10-24,Smart Meter,Installation,Smart Meter zeigt keine Daten,Neutral,App,Niedrig,2023-11-03,8
4984,18679,2023-08-20,Wallbox,E-Mobility,Wallbox lädt nicht,Negativ,App,Kritisch,2023-08-24,52
4985,11311,2024-02-12,Tarif,Vertrag,Vertragsverlängerung,Neutral,App,Kritisch,2024-02-12,99
4986,5871,2023-10-13,Allgemein,Service,Beschwerde,Negativ,Telefon,Mittel,2023-10-25,138
4987,11574,2024-08-24,Wallbox,E-Mobility,Wallbox lädt nicht,Negativ,Chat,Hoch,2024-08-24,171
4988,7002,2024-11-22,Wallbox,E-Mobility,Wallbox defekt,Negativ,Email,Mittel,2024-11-25,59
4989,3018,2024-01-12,Wallbox,E-Mobility,Wallbox lädt nicht,Negativ,Chat,Niedrig,2024-01-15,22
4990,10855,2023-06-26,Allgemein,Service,Informationsanfrage,Negativ,Telefon,Niedrig,2023-06-28,43
4991,7248,2023-03-07,Tarif,Vertrag,Vertragsverlängerung,Positiv,Chat,Hoch,2023-03-11,115
4992,12186,2025-01-15,Smart Meter,Installation,Smart Meter zeigt keine Daten,Positiv,App,Mittel,2025-01-17,129
4993,5308,2023-09-29,Wärmepumpe,Technisch,Effizienz zu niedrig,Neutral,Chat,Niedrig,2023-10-04,133
4994,11412,2024-12-09,Speicher,Technisch,Kapazität gesunken,Neutral,Email,Mittel,2024-12-11,11
4995,19642,2023-10-18,Speicher,Technisch,Speicher lädt nicht,Negativ,Email,Hoch,2023-10-24,120
4996,10458,2023-03-23,Rechnung,Abrechnung,Rechnungsfrage,Neutral,Chat,Mittel,2023-04-06,32
4997,82,2025-02-21,Speicher,Technisch,Kapazität gesunken,Neutral,Chat,Niedrig,2025-02-28,133
4998,11858,2024-02-09,Wärmepumpe,Technisch,Fehlercode E01 angezeigt,Neutral,Telefon,Hoch,2024-02-11,64
4999,8701,2024-12-19,Solar,Technisch,Solaranlage Ertrag niedrig,Neutral,App,Niedrig,2024-12-19,17
5000,9303,2023-06-12,Solar,Technisch,Wechselrichter Fehler,Negativ,Chat,Hoch,2023-06-18,84
5001,8295,2025-06-08,Wallbox,E-Mobility,Wallbox defekt,Negativ,Email,Kritisch,2025-06-13,179
5002,17583,2024-02-20,Wallbox,E-Mobility,Ladekarte Probleme,Neutral,Telefon,Mittel,2024-02-28,34
5003,13343,2023-03-15,Wallbox,E-Mobility,Wallbox Installation angefragt,Neutral,Email,Mittel,2023-03-29,130
5004,1646,2023-11-16,Tarif,Vertrag,Kündigung,Neutral,App,Mittel,2023-11-28,191
5005,14344,2025-01-01,Speicher,Technisch,Speicher lädt nicht,Negativ,Email,Hoch,2025-01-03,104
5006,11438,2025-05-31,Wärmepumpe,Technisch,Wärmepumpe läuft nicht,Negativ,App,Mittel,2025-06-13,68
5007,12986,2024-02-15,Tarif,Vertrag,Ökostrom Umstellung,Neutral,Email,Mittel,2024-02-29,124
5008,9348,2024-10-12,Smart Meter,Installation,Smart Meter zeigt keine Daten,Neutral,App,Hoch,2024-10-13,80
5009,11551,2024-06-10,Allgemein,Service,Lob,Positiv,Email,Niedrig,2024-06-21,5
5010,6832,2023-10-05,Speicher,Technisch,Speicher lädt nicht,Negativ,Email,Mittel,2023-10-13,64
5011,157,2023-12-27,Wärmepumpe,Technisch,Wartung angefragt,Neutral,Chat,Mittel,2024-01-05,136
5012,5550,2024-09-20,Solar,Technisch,Wechselrichter Fehler,Positiv,Chat,Hoch,2024-09-23,117
5013,17550,2024-07-26,Speicher,Technisch,Batteriespeicher Störung,Negativ,Telefon,Mittel,2024-08-09,27
5014,2162,2023-05-12,Speicher,Technisch,Batteriespeicher Störung,Negativ,Chat,Kritisch,2023-05-18,135
5015,3483,2023-02-09,Smart Meter,Installation,Smart Meter defekt,Negativ,App,Hoch,2023-02-11,37
5016,15635,2024-04-11,Speicher,Technisch,Speicher lädt nicht,Negativ,Telefon,Hoch,2024-04-15,60
5017,6261,2024-08-27,Speicher,Technisch,Batteriespeicher Störung,Negativ,Email,Hoch,2024-08-31,167
5018,15550,2024-12-10,Allgemein,Service,Lob,Positiv,App,Niedrig,2024-12-16,84
5019,2072,2025-03-05,Smart Meter,Installation,Smart Meter Ablesung fehlerhaft,Neutral,Chat,Niedrig,2025-03-19,17
5020,13997,2025-06-13,Rechnung,Abrechnung,Zahlungsplan angefragt,Negativ,Email,Mittel,2025-06-20,89
5021,6232,2023-12-30,Rechnung,Abrechnung,Zahlungsplan angefragt,Neutral,Chat,Hoch,2024-01-04,57
5022,18304,2023-07-10,Allgemein,Service,Informationsanfrage,Neutral,Email,Niedrig,2023-07-20,175
5023,12793,2025-06-06,Speicher,Technisch,Batteriespeicher Störung,Negativ,Chat,Mittel,2025-06-16,6
5024,1407,2024-09-20,Tarif,Vertrag,Umzug melden,Positiv,Telefon,Niedrig,2024-09-29,39
5025,10036,2025-05-28,Wärmepumpe,Technisch,Wartung angefragt,Neutral,App,Hoch,2025-06-01,200
5026,11063,2024-04-04,Speicher,Technisch,Batteriespeicher Störung,Negativ,Chat,Niedrig,2024-04-05,31
5027,9893,2025-01-28,Smart Meter,Installation,Smart Meter App funktioniert nicht,Negativ,App,Hoch,2025-01-30,123
5028,5561,2023-04-12,Speicher,Technisch,Kapazität gesunken,Negativ,Chat,Mittel,2023-04-19,34
5029,3660,2024-08-12,Wärmepumpe,Technisch,Effizienz zu niedrig,Neutral,Chat,Mittel,2024-08-22,117
5030,16607,2024-09-04,Wärmepumpe,Technisch,Fehlercode E01 angezeigt,Neutral,App,Hoch,2024-09-05,69
5031,3554,2023-03-30,Wärmepumpe,Technisch,Geräuschentwicklung zu hoch,Neutral,Email,Mittel,2023-04-13,142
5032,18266,2024-07-28,Speicher,Technisch,Speicher lädt nicht,Negativ,Chat,Hoch,2024-07-28,100
5033,11193,2024-12-16,Smart Meter,Installation,Smart Meter Ablesung fehlerhaft,Neutral,App,Mittel,2024-12-18,93
5034,13485,2023-05-21,Rechnung,Abrechnung,Zahlungsplan angefragt,Neutral,Telefon,Mittel,2023-05-21,113
5035,13025,2024-08-14,Allgemein,Service,Lob,Positiv,Chat,Niedrig,2024-08-17,136
5036,17353,2025-04-24,Rechnung,Abrechnung,Rechnungsfrage,Neutral,Email,Mittel,2025-04-24,123
5037,4411,2023-05-06,Smart Meter,Installation,Smart Meter Installation angefragt,Neutral,Chat,Mittel,2023-05-10,28
5038,3921,2025-02-08,Tarif,Vertrag,Preisgarantie Frage,Neutral,Telefon,Mittel,2025-02-11,117
5039,7434,2024-02-05,Wallbox,E-Mobility,Wallbox lädt nicht,Negativ,Chat,Mittel,2024-02-05,78
5040,16357,2023-08-02,Wärmepumpe,Technisch,Wartung angefragt,Neutral,Telefon,Hoch,2023-08-08,51
5041,11760,2024-07-19,Solar,Technisch,Wechselrichter Fehler,Neutral,Chat,Niedrig,2024-08-02,151
5042,4090,2024-01-18,Wallbox,E-Mobility,App-Verbindung unterbrochen,Neutral,Email,Niedrig,2024-01-27,55
5043,13150,2025-03-03,Wärmepumpe,Technisch,Effizienz zu niedrig,Negativ,Email,Niedrig,2025-03-14,7
5044,11825,2023-08-18,Solar,Technisch,Solaranlage produziert nicht,Negativ,Chat,Mittel,2023-08-31,160
5045,1733,2024-05-06,Speicher,Technisch,Speicher lädt nicht,Negativ,Telefon,Hoch,2024-05-11,129
5046,1476,2023-10-10,Tarif,Vertrag,Vertragsverlängerung,Neutral,Chat,Mittel,2023-10-13,92
5047,9030,2024-04-15,Tarif,Vertrag,Tarifwechsel angefragt,Neutral,Chat,Niedrig,2024-04-29,143
5048,16760,2025-02-24,Wärmepumpe,Technisch,Geräuschentwicklung zu hoch,Neutral,Chat,Mittel,2025-03-01,64
5049,8109,2023-12-03,Rechnung,Abrechnung,Abschlag zu hoch,Neutral,Telefon,Niedrig,2023-12-05,101
5050,6076,2023-06-26,Solar,Technisch,Monitoring nicht verfügbar,Negativ,App,Hoch,2023-06-27,188
5051,7338,2024-08-16,Wallbox,E-Mobility,Wallbox lädt nicht,Negativ,Email,Hoch,2024-08-21,102
5052,9312,2024-04-11,Tarif,Vertrag,Preisgarantie Frage,Positiv,Telefon,Niedrig,2024-04-15,1
5053,12171,2024-11-13,Tarif,Vertrag,Preisgarantie Frage,Neutral,Email,Mittel,2024-11-25,198
5054,13200,2024-08-01,Rechnung,Abrechnung,Abschlag anpassen,Neutral,Chat,Mittel,2024-08-11,151
5055,16730,2024-10-23,Wallbox,E-Mobility,Ladekarte Probleme,Neutral,Chat,Hoch,2024-10-26,154
5056,3606,2024-02-01,Smart Meter,Installation,Smart Meter defekt,Negativ,Chat,Kritisch,2024-02-06,101
5057,4254,2024-05-12,Allgemein,Service,Allgemeine Anfrage,Neutral,Chat,Mittel,2024-05-20,173
5058,2617,2025-03-02,Speicher,Technisch,Batteriespeicher Störung,Negativ,Email,Hoch,2025-03-04,155
5059,15417,2025-01-12,Wärmepumpe,Technisch,Wärmepumpe Störung,Negativ,Email,Kritisch,2025-01-18,146
5060,6652,2025-04-14,Speicher,Technisch,Batteriespeicher Störung,Negativ,Chat,Hoch,2025-04-14,150
5061,16548,2023-06-02,Allgemein,Service,Informationsanfrage,Neutral,Chat,Niedrig,2023-06-08,198
5062,9486,2024-02-06,Tarif,Vertrag,Tarifwechsel angefragt,Positiv,App,Mittel,2024-02-11,2
5063,921,2024-09-05,Solar,Technisch,Wechselrichter Fehler,Neutral,Chat,Niedrig,2024-09-19,191
5064,8114,2024-01-18,Tarif,Vertrag,Preisgarantie Frage,Neutral,Telefon,Niedrig,2024-01-28,50
5065,7387,2024-11-23,Tarif,Vertrag,Tarifwechsel angefragt,Neutral,App,Niedrig,2024-12-05,158
5066,537,2023-03-08,Allgemein,Service,Beschwerde,Negativ,Chat,Kritisch,2023-03-08,88
5067,13254,2023-08-27,Wallbox,E-Mobility,Wallbox Installation angefragt,Negativ,Chat,Mittel,2023-09-02,65
5068,3289,2023-04-20,Wärmepumpe,Technisch,Geräuschentwicklung zu hoch,Neutral,Email,Niedrig,2023-05-04,8
5069,15404,2023-05-02,Speicher,Technisch,Speicher lädt nicht,Negativ,Telefon,Kritisch,2023-05-04,103
5070,3230,2025-05-02,Smart Meter,Installation,Smart Meter defekt,Negativ,Email,Mittel,2025-05-05,10
5071,18300,2023-03-21,Wärmepumpe,Technisch,Wärmepumpe Störung,Negativ,Chat,Hoch,2023-03-24,78
5072,11854,2024-02-18,Wallbox,E-Mobility,Wallbox defekt,Negativ,Telefon,Kritisch,2024-02-21,184
5073,12093,2024-08-22,Wärmepumpe,Technisch,Wärmepumpe Störung,Negativ,Chat,Hoch,2024-08-25,46
5074,11427,2024-07-21,Tarif,Vertrag,Ökostrom Umstellung,Neutral,App,Mittel,2024-07-29,10
5075,13056,2023-09-18,Rechnung,Abrechnung,Gutschrift angefragt,Neutral,App,Niedrig,2023-09-23,23
5076,15409,2025-03-17,Smart Meter,Installation,Smart Meter Ablesung fehlerhaft,Neutral,Email,Hoch,2025-03-22,199
5077,14391,2024-07-26,Speicher,Technisch,Speicher lädt nicht,Negativ,Telefon,Hoch,2024-07-26,22
5078,2990,2024-06-26,Speicher,Technisch,Speicher lädt nicht,Negativ,Telefon,Mittel,2024-07-10,103
5079,1170,2023-10-16,Wallbox,E-Mobility,App-Verbindung unterbrochen,Negativ,Telefon,Mittel,2023-10-25,6
5080,7886,2024-11-14,Wallbox,E-Mobility,Ladekarte Probleme,Neutral,App,Mittel,2024-11-24,52
5081,1203,2023-10-25,Smart Meter,Installation,Smart Meter App funktioniert nicht,Negativ,App,Hoch,2023-10-31,171
5082,1107,2023-02-21,Allgemein,Service,Lob,Positiv,Email,Niedrig,2023-03-05,181
5083,6328,2024-05-09,Allgemein,Service,Allgemeine Anfrage,Neutral,App,Mittel,2024-05-18,153
5084,17067,2023-05-29,Speicher,Technisch,Batteriespeicher Störung,Negativ,Email,Niedrig,2023-06-12,56
5085,1303,2023-02-26,Wallbox,E-Mobility,Wallbox lädt nicht,Negativ,Email,Hoch,2023-03-01,126
5086,2607,2023-06-10,Wärmepumpe,Technisch,Wärmepumpe läuft nicht,Negativ,Telefon,Hoch,2023-06-14,26
5087,2598,2024-12-09,Solar,Technisch,Monitoring nicht verfügbar,Negativ,Telefon,Kritisch,2024-12-15,68
5088,15764,2024-05-28,Speicher,Technisch,Speicher lädt nicht,Negativ,Chat,Mittel,2024-06-07,58
5089,1565,2023-10-25,Speicher,Technisch,Batteriespeicher Störung,Negativ,App,Hoch,2023-10-29,5
5090,18926,2024-09-11,Rechnung,Abrechnung,Abschlag anpassen,Neutral,Email,Mittel,2024-09-24,123
5091,17778,2024-02-13,Rechnung,Abrechnung,Gutschrift angefragt,Positiv,Chat,Mittel,2024-02-24,103
5092,4034,2024-10-28,Tarif,Vertrag,Umzug melden,Neutral,Telefon,Hoch,2024-11-04,131
5093,3342,2023-05-07,Solar,Technisch,Solaranlage produziert nicht,Negativ,Chat,Niedrig,2023-05-18,147
5094,15634,2024-02-09,Speicher,Technisch,Batteriespeicher Störung,Negativ,App,Kritisch,2024-02-13,146
5095,15393,2023-02-18,Wärmepumpe,Technisch,Wartung angefragt,Neutral,App,Mittel,2023-02-22,106
5096,11159,2023-12-04,Allgemein,Service,Allgemeine Anfrage,Negativ,Chat,Mittel,2023-12-16,39
5097,886,2023-12-06,Speicher,Technisch,Speicher lädt nicht,Negativ,App,Hoch,2023-12-13,159
5098,13080,2023-03-25,Speicher,Technisch,Batteriespeicher Störung,Negativ,Chat,Hoch,2023-03-30,128
5099,7459,2023-09-05,Wallbox,E-Mobility,App-Verbindung unterbrochen,Neutral,Telefon,Niedrig,2023-09-15,125
5100,7832,2023-04-23,Tarif,Vertrag,Vertragsverlängerung,Neutral,Chat,Hoch,2023-04-28,84
5101,7599,2023-10-31,Speicher,Technisch,Batteriespeicher Störung,Negativ,Telefon,Hoch,2023-10-31,178
5102,5059,2023-05-21,Speicher,Technisch,Batteriespeicher Störung,Negativ,Chat,Mittel,2023-06-01,181
5103,14,2024-03-01,Smart Meter,Installation,Smart Meter Installation angefragt,Neutral,App,Mittel,2024-03-04,107
5104,1096,2023-09-09,Wallbox,E-Mobility,Wallbox Installation angefragt,Neutral,Telefon,Mittel,2023-09-11,120
5105,10998,2023-01-21,Smart Meter,Installation,Smart Meter Ablesung fehlerhaft,Neutral,Chat,Mittel,2023-01-29,106
5106,3181,2024-11-21,Wallbox,E-Mobility,Wallbox defekt,Negativ,Telefon,Mittel,2024-11-21,191
5107,3745,2023-04-09,Wärmepumpe,Technisch,Wärmepumpe läuft nicht,Negativ,App,Hoch,2023-04-11,160
5108,8443,2023-03-26,Smart Meter,Installation,Smart Meter defekt,Negativ,App,Mittel,2023-03-27,39
5109,15695,2023-09-05,Rechnung,Abrechnung,Abschlag anpassen,Neutral,App,Mittel,2023-09-17,92
5110,18608,2024-07-15,Wallbox,E-Mobility,Wallbox lädt nicht,Negativ,Telefon,Hoch,2024-07-22,114
5111,800,2025-02-06,Rechnung,Abrechnung,Rechnungsfrage,Neutral,Chat,Mittel,2025-02-08,133
5112,14230,2024-12-01,Speicher,Technisch,Kapazität gesunken,Negativ,Chat,Hoch,2024-12-07,14
5113,806,2023-11-08,Wallbox,E-Mobility,App-Verbindung unterbrochen,Neutral,Telefon,Mittel,2023-11-21,64
5114,7160,2025-05-04,Speicher,Technisch,Speicher lädt nicht,Negativ,Chat,Hoch,2025-05-10,65
5115,10267,2024-02-21,Tarif,Vertrag,Ökostrom Umstellung,Neutral,Chat,Mittel,2024-02-23,3
5116,10014,2023-12-30,Smart Meter,Installation,Smart Meter zeigt keine Daten,Neutral,Telefon,Hoch,2024-01-04,113
5117,14684,2025-04-14,Allgemein,Service,Beschwerde,Negativ,Telefon,Niedrig,2025-04-27,80
5118,968,2023-11-27,Tarif,Vertrag,Umzug melden,Neutral,App,Mittel,2023-12-09,177
5119,1815,2023-11-20,Allgemein,Service,Beschwerde,Negativ,Chat,Hoch,2023-11-26,107
5120,15756,2024-06-26,Smart Meter,Installation,Smart Meter Installation angefragt,Neutral,Chat,Niedrig,2024-07-09,57
5121,15454,2024-05-15,Speicher,Technisch,Speicher lädt nicht,Negativ,Email,Hoch,2024-05-20,120
5122,3852,2025-01-04,Rechnung,Abrechnung,Zahlungsplan angefragt,Negativ,Chat,Niedrig,2025-01-04,161
5123,1331,2024-10-15,Smart Meter,Installation,Smart Meter zeigt keine Daten,Neutral,Telefon,Mittel,2024-10-21,197
5124,10708,2023-05-23,Wallbox,E-Mobility,Ladekarte Probleme,Negativ,App,Niedrig,2023-05-28,195
5125,4072,2024-07-11,Tarif,Vertrag,Tarifwechsel angefragt,Neutral,Telefon,Mittel,2024-07-22,46
5126,4047,2024-06-17,Wärmepumpe,Technisch,Geräuschentwicklung zu hoch,Neutral,App,Hoch,2024-06-21,155
5127,18818,2023-12-08,Allgemein,Service,Allgemeine Anfrage,Positiv,App,Mittel,2023-12-22,117
5128,17702,2023-02-13,Solar,Technisch,Einspeisevergütung Frage,Neutral,Telefon,Mittel,2023-02-20,79
5129,4404,2024-12-26,Speicher,Technisch,Speicher lädt nicht,Negativ,Email,Mittel,2025-01-02,131
5130,16492,2024-04-02,Wärmepumpe,Technisch,Fehlercode E01 angezeigt,Neutral,Email,Mittel,2024-04-05,100
5131,15612,2024-03-15,Tarif,Vertrag,Preisgarantie Frage,Neutral,App,Kritisch,2024-03-20,120
5132,6621,2025-02-13,Speicher,Technisch,Batteriespeicher Störung,Negativ,Chat,Hoch,2025-02-17,113
5133,7472,2025-04-30,Allgemein,Service,Allgemeine Anfrage,Positiv,Email,Mittel,2025-05-13,18
5134,6828,2023-01-21,Smart Meter,Installation,Smart Meter defekt,Negativ,Chat,Kritisch,2023-01-27,111
5135,11577,2023-11-17,Wallbox,E-Mobility,Ladekarte Probleme,Positiv,Email,Mittel,2023-11-22,101
5136,12745,2025-05-27,Smart Meter,Installation,Smart Meter defekt,Negativ,Email,Niedrig,2025-06-09,195
5137,11929,2024-07-27,Wärmepumpe,Technisch,Fehlercode E01 angezeigt,Positiv,App,Niedrig,2024-08-08,93
5138,16980,2025-05-26,Wallbox,E-Mobility,Ladekarte Probleme,Neutral,Email,Mittel,2025-05-27,39
5139,5558,2025-03-26,Wärmepumpe,Technisch,Effizienz zu niedrig,Neutral,Telefon,Mittel,2025-04-03,147
5140,14589,2023-03-30,Wallbox,E-Mobility,App-Verbindung unterbrochen,Neutral,App,Mittel,2023-04-08,121
5141,11496,2024-05-10,Tarif,Vertrag,Ökostrom Umstellung,Neutral,Chat,Mittel,2024-05-12,71
5142,11645,2024-02-25,Smart Meter,Installation,Smart Meter App funktioniert nicht,Negativ,Chat,Hoch,2024-02-28,91
5143,16471,2024-11-07,Wallbox,E-Mobility,App-Verbindung unterbrochen,Neutral,Chat,Mittel,2024-11-09,166
5144,18998,2023-11-04,Speicher,Technisch,Batteriespeicher Störung,Negativ,Email,Niedrig,2023-11-06,181
5145,10022,2024-06-14,Rechnung,Abrechnung,Abschlag anpassen,Negativ,Email,Mittel,2024-06-14,136
5146,16759,2023-05-04,Speicher,Technisch,Batteriespeicher Störung,Negativ,Chat,Hoch,2023-05-07,167
5147,7206,2024-01-07,Smart Meter,Installation,Smart Meter Installation angefragt,Neutral,Email,Hoch,2024-01-13,39
5148,18491,2024-11-13,Tarif,Vertrag,Umzug melden,Neutral,Email,Niedrig,2024-11-20,4
5149,2733,2023-05-14,Speicher,Technisch,Batteriespeicher Störung,Negativ,Chat,Hoch,2023-05-21,1
5150,19826,2024-10-20,Rechnung,Abrechnung,Unstimmigkeit in Rechnung,Neutral,Telefon,Hoch,2024-10-21,156
5151,2127,2023-06-14,Tarif,Vertrag,Ökostrom Umstellung,Neutral,Email,Niedrig,2023-06-22,26
5152,6580,2024-11-07,Smart Meter,Installation,Smart Meter zeigt keine Daten,Positiv,Chat,Niedrig,2024-11-12,73
5153,4888,2024-08-23,Speicher,Technisch,Speicher lädt nicht,Negativ,Email,Hoch,2024-08-28,32
5154,13477,2023-09-22,Speicher,Technisch,Kapazität gesunken,Neutral,App,Mittel,2023-09-29,41
5155,17121,2023-11-12,Speicher,Technisch,Speicher lädt nicht,Negativ,Email,Mittel,2023-11-25,183
5156,6885,2023-01-19,Allgemein,Service,Kontaktdaten ändern,Neutral,Chat,Mittel,2023-01-25,183
5157,15655,2023-12-15,Allgemein,Service,Beschwerde,Negativ,Chat,Hoch,2023-12-15,8
5158,19020,2023-01-27,Solar,Technisch,Solaranlage Ertrag niedrig,Neutral,Chat,Niedrig,2023-01-27,130
5159,7868,2023-09-15,Allgemein,Service,Beschwerde,Negativ,Chat,Mittel,2023-09-26,22
5160,12591,2025-01-25,Rechnung,Abrechnung,Gutschrift angefragt,Neutral,App,Mittel,2025-02-03,158
5161,19806,2024-10-02,Wallbox,E-Mobility,Wallbox defekt,Negativ,Chat,Kritisch,2024-10-05,153
5162,1697,2023-11-19,Speicher,Technisch,Speicher lädt nicht,Negativ,Email,Hoch,2023-11-25,65
5163,17077,2023-02-05,Wallbox,E-Mobility,Wallbox lädt nicht,Negativ,Chat,Hoch,2023-02-10,70
5164,6098,2023-10-15,Smart Meter,Installation,Smart Meter App funktioniert nicht,Negativ,Telefon,Kritisch,2023-10-20,17
5165,533,2025-03-09,Rechnung,Abrechnung,Abschlag zu hoch,Neutral,Chat,Niedrig,2025-03-15,75
5166,12312,2023-01-26,Allgemein,Service,Lob,Positiv,Email,Niedrig,2023-01-28,142
5167,2885,2025-06-29,Rechnung,Abrechnung,Abschlag zu hoch,Neutral,Email,Niedrig,2025-06-30,105
5168,18238,2024-07-26,Speicher,Technisch,Speicher lädt nicht,Negativ,Email,Niedrig,2024-08-08,17
5169,18720,2023-07-09,Smart Meter,Installation,Smart Meter Ablesung fehlerhaft,Negativ,Chat,Hoch,2023-07-16,186
5170,14355,2024-05-11,Smart Meter,Installation,Smart Meter App funktioniert nicht,Negativ,App,Kritisch,2024-05-17,156
5171,4078,2023-09-28,Tarif,Vertrag,Ökostrom Umstellung,Positiv,Email,Mittel,2023-09-30,19
5172,9460,2024-02-23,Wallbox,E-Mobility,Wallbox defekt,Negativ,Telefon,Mittel,2024-02-24,66
5173,14320,2024-07-12,Smart Meter,Installation,Smart Meter Installation angefragt,Neutral,Chat,Kritisch,2024-07-12,134
5174,8805,2023-10-05,Wallbox,E-Mobility,Wallbox lädt nicht,Negativ,Chat,Kritisch,2023-10-10,65
5175,1285,2023-03-04,Smart Meter,Installation,Smart Meter defekt,Negativ,Chat,Kritisch,2023-03-07,9
5176,1024,2024-11-27,Wärmepumpe,Technisch,Effizienz zu niedrig,Neutral,Email,Niedrig,2024-12-09,14
5177,16917,2023-06-26,Smart Meter,Installation,Smart Meter zeigt keine Daten,Positiv,Telefon,Niedrig,2023-06-29,55
5178,8430,2023-06-10,Solar,Technisch,Solaranlage Ertrag niedrig,Negativ,App,Hoch,2023-06-10,81
5179,18142,2023-12-07,Wärmepumpe,Technisch,Effizienz zu niedrig,Neutral,Email,Niedrig,2023-12-07,82
5180,6693,2025-04-16,Smart Meter,Installation,Smart Meter defekt,Negativ,Telefon,Mittel,2025-04-24,30
5181,9481,2023-05-09,Smart Meter,Installation,Smart Meter zeigt keine Daten,Neutral,Chat,Mittel,2023-05-20,48
5182,12339,2024-12-28,Rechnung,Abrechnung,Unstimmigkeit in Rechnung,Neutral,Email,Mittel,2025-01-01,37
5183,3037,2025-02-16,Speicher,Technisch,Speicher lädt nicht,Negativ,Email,Hoch,2025-02-23,25
5184,15990,2025-01-20,Rechnung,Abrechnung,Abschlag anpassen,Neutral,App,Niedrig,2025-01-20,56
5185,2342,2024-11-05,Solar,Technisch,Einspeisevergütung Frage,Negativ,App,Niedrig,2024-11-18,163
5186,19026,2024-02-02,Smart Meter,Installation,Smart Meter Ablesung fehlerhaft,Negativ,Telefon,Mittel,2024-02-05,99
5187,4853,2024-05-22,Tarif,Vertrag,Kündigung,Neutral,Telefon,Niedrig,2024-06-05,163
5188,17118,2024-09-24,Tarif,Vertrag,Preisgarantie Frage,Positiv,Chat,Mittel,2024-10-02,176
5189,5009,2024-02-19,Smart Meter,Installation,Smart Meter zeigt keine Daten,Negativ,App,Mittel,2024-02-25,14
5190,15646,2023-10-13,Allgemein,Service,Kontaktdaten ändern,Neutral,Email,Mittel,2023-10-21,116
5191,2441,2023-02-06,Rechnung,Abrechnung,Zahlungsplan angefragt,Neutral,Telefon,Mittel,2023-02-06,171
5192,13867,2024-11-09,Rechnung,Abrechnung,Abschlag zu hoch,Positiv,App,Mittel,2024-11-12,117
5193,1236,2024-05-12,Smart Meter,Installation,Smart Meter zeigt keine Daten,Positiv,App,Mittel,2024-05-13,88
5194,14636,2023-02-21,Wallbox,E-Mobility,Ladekarte Probleme,Neutral,Chat,Hoch,2023-02-28,176
5195,19604,2024-03-05,Rechnung,Abrechnung,Zahlungsplan angefragt,Neutral,App,Hoch,2024-03-12,155
5196,1241,2024-10-23,Rechnung,Abrechnung,Abschlag anpassen,Positiv,Email,Mittel,2024-10-25,89
5197,17166,2024-10-17,Smart Meter,Installation,Smart Meter App funktioniert nicht,Negativ,App,Hoch,2024-10-23,88
5198,18709,2024-07-09,Wärmepumpe,Technisch,Wärmepumpe läuft nicht,Negativ,App,Niedrig,2024-07-11,151
5199,8035,2023-02-26,Speicher,Technisch,Batteriespeicher Störung,Negativ,Chat,Mittel,2023-03-08,151
5200,1246,2024-05-18,Speicher,Technisch,Kapazität gesunken,Neutral,App,Mittel,2024-05-19,43
5201,19398,2024-02-14,Solar,Technisch,Wechselrichter Fehler,Neutral,Telefon,Mittel,2024-02-14,114
5202,1914,2024-04-29,Speicher,Technisch,Batteriespeicher Störung,Negativ,App,Niedrig,2024-05-03,38
5203,8391,2023-12-04,Rechnung,Abrechnung,Zahlungsplan angefragt,Neutral,Telefon,Mittel,2023-12-14,186
5204,11188,2024-12-13,Allgemein,Service,Informationsanfrage,Neutral,Telefon,Mittel,2024-12-16,54
5205,10860,2023-06-21,Tarif,Vertrag,Preisgarantie Frage,Negativ,Telefon,Mittel,2023-07-03,80
5206,12313,2023-01-07,Wallbox,E-Mobility,Ladekarte Probleme,Positiv,Email,Hoch,2023-01-07,103
5207,3258,2023-12-01,Smart Meter,Installation,Smart Meter zeigt keine Daten,Neutral,Chat,Mittel,2023-12-10,141
5208,16825,2024-06-26,Smart Meter,Installation,Smart Meter zeigt keine Daten,Negativ,Telefon,Hoch,2024-06-26,152
5209,2965,2023-11-30,Wärmepumpe,Technisch,Effizienz zu niedrig,Neutral,Email,Niedrig,2023-12-11,63
5210,6684,2023-01-11,Speicher,Technisch,Kapazität gesunken,Neutral,Telefon,Mittel,2023-01-19,84
5211,3979,2024-07-11,Solar,Technisch,Monitoring nicht verfügbar,Negativ,Email,Hoch,2024-07-12,1
5212,11268,2023-10-16,Rechnung,Abrechnung,Rechnungsfrage,Neutral,Email,Niedrig,2023-10-28,1
5213,8082,2023-04-21,Allgemein,Service,Lob,Positiv,App,Niedrig,2023-04-25,143
5214,3691,2023-02-22,Wärmepumpe,Technisch,Fehlercode E01 angezeigt,Positiv,Telefon,Mittel,2023-02-22,181
5215,993,2024-08-17,Wärmepumpe,Technisch,Wärmepumpe Störung,Negativ,Email,Hoch,2024-08-21,124
5216,13936,2023-05-22,Wärmepumpe,Technisch,Geräuschentwicklung zu hoch,Neutral,Telefon,Niedrig,2023-05-25,170
5217,10467,2024-09-21,Tarif,Vertrag,Vertragsverlängerung,Positiv,Email,Mittel,2024-09-24,76
5218,13005,2023-05-18,Wärmepumpe,Technisch,Wärmepumpe Störung,Negativ,Email,Hoch,2023-05-24,158
5219,17238,2023-10-04,Allgemein,Service,Allgemeine Anfrage,Neutral,Chat,Kritisch,2023-10-07,102
5220,13897,2025-03-31,Wallbox,E-Mobility,Wallbox lädt nicht,Negativ,Chat,Hoch,2025-04-07,111
5221,13757,2024-07-18,Speicher,Technisch,Batteriespeicher Störung,Negativ,Telefon,Hoch,2024-07-25,125
5222,16814,2024-12-19,Smart Meter,Installation,Smart Meter defekt,Negativ,App,Niedrig,2024-12-22,187
5223,2392,2025-04-29,Allgemein,Service,Allgemeine Anfrage,Neutral,Email,Mittel,2025-05-04,10
5224,10998,2023-10-07,Wärmepumpe,Technisch,Wärmepumpe Störung,Negativ,Chat,Mittel,2023-10-16,40
5225,9084,2023-03-20,Wärmepumpe,Technisch,Wartung angefragt,Negativ,Email,Mittel,2023-03-28,141
5226,7541,2023-11-26,Rechnung,Abrechnung,Zahlungsplan angefragt,Positiv,Chat,Mittel,2023-12-05,178
5227,5089,2023-04-29,Wallbox,E-Mobility,Wallbox Installation angefragt,Neutral,Chat,Kritisch,2023-05-03,45
5228,13356,2023-09-04,Speicher,Technisch,Speicher lädt nicht,Negativ,App,Mittel,2023-09-15,51
5229,12843,2023-12-29,Rechnung,Abrechnung,Gutschrift angefragt,Positiv,Chat,Hoch,2023-12-30,93
5230,15721,2024-08-23,Allgemein,Service,Lob,Positiv,App,Niedrig,2024-08-29,155
5231,16992,2023-01-25,Wallbox,E-Mobility,Wallbox Installation angefragt,Negativ,Telefon,Mittel,2023-01-28,151
5232,13804,2025-05-19,Allgemein,Service,Allgemeine Anfrage,Neutral,Telefon,Niedrig,2025-05-25,53
5233,19489,2023-02-19,Tarif,Vertrag,Preisgarantie Frage,Neutral,Email,Mittel,2023-02-24,88
5234,16039,2025-01-12,Wärmepumpe,Technisch,Effizienz zu niedrig,Neutral,App,Mittel,2025-01-22,99
5235,18736,2024-12-22,Solar,Technisch,Monitoring nicht verfügbar,Negativ,Chat,Kritisch,2024-12-26,44
5236,17603,2025-02-09,Wallbox,E-Mobility,Wallbox lädt nicht,Negativ,App,Kritisch,2025-02-13,128
5237,6986,2024-02-21,Allgemein,Service,Allgemeine Anfrage,Neutral,App,Mittel,2024-03-03,2
5238,11507,2024-12-09,Allgemein,Service,Informationsanfrage,Negativ,App,Niedrig,2024-12-16,157
5239,3195,2024-02-07,Tarif,Vertrag,Ökostrom Umstellung,Positiv,Telefon,Mittel,2024-02-21,95
5240,7316,2023-12-16,Wärmepumpe,Technisch,Effizienz zu niedrig,Positiv,Email,Hoch,2023-12-20,54
5241,13178,2023-09-26,Rechnung,Abrechnung,Rechnungsfrage,Neutral,Email,Niedrig,2023-10-03,117
5242,18038,2023-05-18,Solar,Technisch,Monitoring nicht verfügbar,Negativ,Email,Mittel,2023-05-28,77
5243,13206,2025-01-29,Rechnung,Abrechnung,Gutschrift angefragt,Negativ,Email,Niedrig,2025-02-12,138
5244,8095,2023-11-25,Smart Meter,Installation,Smart Meter Ablesung fehlerhaft,Neutral,Chat,Niedrig,2023-12-07,77
5245,9715,2024-01-18,Speicher,Technisch,Batteriespeicher Störung,Negativ,App,Mittel,2024-01-24,25
5246,216,2025-04-05,Wärmepumpe,Technisch,Wärmepumpe Störung,Negativ,Email,Hoch,2025-04-10,13
5247,5022,2024-12-30,Speicher,Technisch,Speicher lädt nicht,Negativ,Chat,Mittel,2025-01-13,183
5248,2074,2024-10-10,Solar,Technisch,Solaranlage produziert nicht,Negativ,Telefon,Hoch,2024-10-17,43
5249,14807,2023-05-07,Solar,Technisch,Solaranlage Ertrag niedrig,Negativ,App,Mittel,2023-05-17,90
5250,4341,2024-01-03,Solar,Technisch,Wechselrichter Fehler,Neutral,App,Mittel,2024-01-12,177
5251,17464,2024-01-30,Allgemein,Service,Beschwerde,Negativ,Chat,Niedrig,2024-02-07,118
5252,19112,2024-04-18,Allgemein,Service,Allgemeine Anfrage,Positiv,Email,Kritisch,2024-04-18,45
5253,13705,2024-09-27,Allgemein,Service,Kontaktdaten ändern,Neutral,Email,Mittel,2024-09-29,169
5254,4107,2024-06-17,Smart Meter,Installation,Smart Meter zeigt keine Daten,Neutral,Email,Mittel,2024-06-26,92
5255,14168,2024-03-22,Tarif,Vertrag,Tarifwechsel angefragt,Negativ,Telefon,Niedrig,2024-04-01,176
5256,4710,2024-07-13,Wärmepumpe,Technisch,Wärmepumpe Störung,Negativ,Email,Hoch,2024-07-18,75
5257,18813,2024-06-12,Rechnung,Abrechnung,Gutschrift angefragt,Negativ,Telefon,Niedrig,2024-06-18,87
5258,7914,2025-03-01,Smart Meter,Installation,Smart Meter defekt,Negativ,Telefon,Mittel,2025-03-05,5
5259,5015,2023-12-18,Speicher,Technisch,Kapazität gesunken,Positiv,App,Niedrig,2023-12-30,158
5260,537,2023-07-17,Speicher,Technisch,Speicher lädt nicht,Negativ,Chat,Mittel,2023-07-24,179
5261,9179,2024-05-13,Rechnung,Abrechnung,Abschlag anpassen,Neutral,Email,Hoch,2024-05-17,140
5262,19848,2024-07-02,Speicher,Technisch,Speicher lädt nicht,Negativ,App,Mittel,2024-07-03,91
5263,4336,2024-11-01,Solar,Technisch,Solaranlage Ertrag niedrig,Neutral,App,Niedrig,2024-11-01,17
5264,7107,2024-10-13,Smart Meter,Installation,Smart Meter Ablesung fehlerhaft,Negativ,Email,Mittel,2024-10-13,66
5265,7727,2024-05-10,Wärmepumpe,Technisch,Effizienz zu niedrig,Negativ,Telefon,Mittel,2024-05-16,185
5266,10738,2024-01-11,Wärmepumpe,Technisch,Fehlercode E01 angezeigt,Neutral,App,Mittel,2024-01-24,162
5267,13162,2025-04-19,Wallbox,E-Mobility,App-Verbindung unterbrochen,Positiv,App,Mittel,2025-05-02,155
5268,18267,2023-10-18,Solar,Technisch,Monitoring nicht verfügbar,Negativ,Chat,Hoch,2023-10-19,149
5269,7632,2023-06-01,Speicher,Technisch,Kapazität gesunken,Negativ,App,Mittel,2023-06-05,79
5270,14214,2023-08-19,Smart Meter,Installation,Smart Meter zeigt keine Daten,Negativ,Email,Mittel,2023-08-20,129
5271,3423,2024-02-20,Smart Meter,Installation,Smart Meter defekt,Negativ,Chat,Kritisch,2024-02-26,171
5272,19174,2023-10-29,Wallbox,E-Mobility,Wallbox Installation angefragt,Neutral,Telefon,Hoch,2023-11-05,41
5273,13308,2025-02-11,Allgemein,Service,Beschwerde,Negativ,Telefon,Mittel,2025-02-15,25
5274,14601,2024-12-13,Rechnung,Abrechnung,Unstimmigkeit in Rechnung,Neutral,Telefon,Mittel,2024-12-19,162
5275,15986,2024-06-16,Smart Meter,Installation,Smart Meter App funktioniert nicht,Negativ,Email,Kritisch,2024-06-23,124
5276,17842,2025-03-20,Speicher,Technisch,Kapazität gesunken,Positiv,App,Mittel,2025-03-31,131
5277,2312,2024-08-19,Allgemein,Service,Allgemeine Anfrage,Neutral,Chat,Mittel,2024-08-19,34
5278,8229,2025-01-21,Speicher,Technisch,Kapazität gesunken,Neutral,Email,Niedrig,2025-02-03,194
5279,3068,2025-04-12,Wärmepumpe,Technisch,Wärmepumpe Störung,Negativ,App,Mittel,2025-04-24,71
5280,18025,2023-01-15,Speicher,Technisch,Batteriespeicher Störung,Negativ,App,Niedrig,2023-01-26,164
5281,11465,2023-01-13,Allgemein,Service,Lob,Positiv,App,Niedrig,2023-01-13,183
5282,8712,2023-11-06,Wallbox,E-Mobility,Wallbox Installation angefragt,Neutral,App,Mittel,2023-11-07,178
5283,17793,2023-04-10,Wallbox,E-Mobility,Wallbox defekt,Negativ,Email,Mittel,2023-04-12,39
5284,12380,2025-01-20,Speicher,Technisch,Batteriespeicher Störung,Negativ,App,Kritisch,2025-01-24,58
5285,14099,2023-02-10,Tarif,Vertrag,Preisgarantie Frage,Neutral,App,Hoch,2023-02-11,152
5286,13126,2023-06-28,Solar,Technisch,Wechselrichter Fehler,Negativ,Chat,Niedrig,2023-07-06,53
5287,7702,2023-11-22,Wallbox,E-Mobility,Wallbox defekt,Negativ,Telefon,Kritisch,2023-11-29,122
5288,297,2023-11-02,Allgemein,Service,Beschwerde,Negativ,Chat,Hoch,2023-11-09,11
5289,6372,2024-07-13,Solar,Technisch,Monitoring nicht verfügbar,Negativ,Telefon,Mittel,2024-07-17,98
5290,16348,2024-10-08,Speicher,Technisch,Kapazität gesunken,Neutral,Chat,Niedrig,2024-10-18,128
5291,19416,2024-11-11,Rechnung,Abrechnung,Rechnungsfrage,Neutral,Chat,Niedrig,2024-11-13,85
5292,10640,2024-08-04,Allgemein,Service,Lob,Positiv,App,Niedrig,2024-08-12,184
5293,17554,2025-04-28,Allgemein,Service,Allgemeine Anfrage,Negativ,Email,Niedrig,2025-05-04,106
5294,841,2023-12-06,Allgemein,Service,Informationsanfrage,Neutral,Telefon,Niedrig,2023-12-08,49
5295,6936,2025-03-12,Rechnung,Abrechnung,Gutschrift angefragt,Neutral,Email,Mittel,2025-03-24,54
5296,4395,2024-09-05,Speicher,Technisch,Speicher lädt nicht,Negativ,Telefon,Kritisch,2024-09-09,145
5297,17468,2023-09-13,Smart Meter,Installation,Smart Meter Installation angefragt,Neutral,Chat,Mittel,2023-09-20,60
5298,1305,2023-12-24,Allgemein,Service,Kontaktdaten ändern,Neutral,Email,Mittel,2024-01-07,170
5299,15359,2024-03-03,Smart Meter,Installation,Smart Meter zeigt keine Daten,Positiv,App,Mittel,2024-03-11,30
5300,6616,2025-01-23,Wallbox,E-Mobility,App-Verbindung unterbrochen,Neutral,Email,Niedrig,2025-01-25,191
5301,18145,2024-10-06,Tarif,Vertrag,Vertragsverlängerung,Neutral,Telefon,Niedrig,2024-10-19,138
5302,15579,2023-02-27,Speicher,Technisch,Kapazität gesunken,Negativ,Telefon,Hoch,2023-03-03,132
5303,15783,2023-06-10,Speicher,Technisch,Kapazität gesunken,Neutral,App,Mittel,2023-06-21,99
5304,16708,2024-09-21,Rechnung,Abrechnung,Unstimmigkeit in Rechnung,Neutral,App,Niedrig,2024-10-03,101
5305,18591,2023-03-02,Rechnung,Abrechnung,Rechnungsfrage,Neutral,Chat,Mittel,2023-03-06,94
5306,13239,2024-10-18,Speicher,Technisch,Kapazität gesunken,Neutral,App,Hoch,2024-10-19,12
5307,599,2025-06-19,Speicher,Technisch,Speicher lädt nicht,Negativ,App,Kritisch,2025-06-20,187
5308,1777,2024-12-16,Wallbox,E-Mobility,Wallbox defekt,Negativ,Email,Hoch,2024-12-20,200
5309,9443,2023-10-25,Smart Meter,Installation,Smart Meter zeigt keine Daten,Neutral,App,Mittel,2023-11-03,27
5310,16794,2023-02-11,Smart Meter,Installation,Smart Meter Ablesung fehlerhaft,Neutral,Email,Mittel,2023-02-20,125
5311,11367,2024-11-22,Tarif,Vertrag,Umzug melden,Neutral,Telefon,Hoch,2024-11-24,162
5312,11122,2024-12-15,Solar,Technisch,Wechselrichter Fehler,Neutral,Telefon,Mittel,2024-12-19,46
5313,18220,2024-09-08,Smart Meter,Installation,Smart Meter zeigt keine Daten,Neutral,App,Mittel,2024-09-11,1
5314,7249,2023-01-11,Wallbox,E-Mobility,Wallbox lädt nicht,Negativ,Chat,Niedrig,2023-01-13,34
5315,11037,2023-03-17,Tarif,Vertrag,Kündigung,Positiv,Telefon,Mittel,2023-03-25,92
5316,7599,2024-11-24,Tarif,Vertrag,Ökostrom Umstellung,Positiv,App,Mittel,2024-12-01,22
5317,5042,2024-10-24,Wärmepumpe,Technisch,Geräuschentwicklung zu hoch,Neutral,Chat,Mittel,2024-10-27,76
5318,6566,2024-04-19,Rechnung,Abrechnung,Gutschrift angefragt,Positiv,Chat,Hoch,2024-04-25,126
5319,6921,2023-07-25,Allgemein,Service,Informationsanfrage,Positiv,Chat,Mittel,2023-07-30,10
5320,12222,2024-04-14,Allgemein,Service,Informationsanfrage,Positiv,App,Mittel,2024-04-20,25
5321,11365,2023-08-11,Allgemein,Service,Beschwerde,Negativ,Telefon,Hoch,2023-08-14,115
5322,1349,2024-05-06,Speicher,Technisch,Speicher lädt nicht,Negativ,Chat,Kritisch,2024-05-11,107
5323,8181,2025-05-15,Tarif,Vertrag,Vertragsverlängerung,Negativ,Telefon,Mittel,2025-05-15,195
5324,15265,2025-02-12,Wärmepumpe,Technisch,Geräuschentwicklung zu hoch,Neutral,App,Mittel,2025-02-13,45
5325,13250,2023-06-14,Solar,Technisch,Solaranlage produziert nicht,Negativ,Telefon,Mittel,2023-06-20,49
5326,71,2025-03-02,Wärmepumpe,Technisch,Geräuschentwicklung zu hoch,Neutral,Chat,Hoch,2025-03-06,174
5327,19204,2024-06-28,Speicher,Technisch,Batteriespeicher Störung,Negativ,App,Mittel,2024-07-06,116
5328,11484,2024-04-08,Wärmepumpe,Technisch,Fehlercode E01 angezeigt,Neutral,Email,Niedrig,2024-04-17,109
5329,4084,2025-01-30,Allgemein,Service,Kontaktdaten ändern,Neutral,Chat,Niedrig,2025-02-11,92
5330,18697,2023-05-18,Speicher,Technisch,Batteriespeicher Störung,Negativ,Email,Kritisch,2023-05-19,160
5331,15707,2025-03-24,Wärmepumpe,Technisch,Wärmepumpe Störung,Negativ,App,Mittel,2025-03-28,170
5332,3433,2024-11-10,Solar,Technisch,Wechselrichter Fehler,Negativ,Email,Mittel,2024-11-10,76
5333,18069,2025-01-10,Smart Meter,Installation,Smart Meter zeigt keine Daten,Positiv,Telefon,Mittel,2025-01-10,156
5334,17301,2023-05-08,Speicher,Technisch,Speicher lädt nicht,Negativ,Telefon,Hoch,2023-05-13,150
5335,17744,2024-11-04,Smart Meter,Installation,Smart Meter Ablesung fehlerhaft,Negativ,Chat,Mittel,2024-11-10,2
5336,14813,2024-04-20,Rechnung,Abrechnung,Unstimmigkeit in Rechnung,Neutral,Email,Mittel,2024-05-02,10
5337,969,2023-12-04,Smart Meter,Installation,Smart Meter Installation angefragt,Neutral,Chat,Mittel,2023-12-11,65
5338,296,2025-02-20,Tarif,Vertrag,Vertragsverlängerung,Neutral,Chat,Niedrig,2025-02-21,8
5339,2305,2024-12-23,Solar,Technisch,Monitoring nicht verfügbar,Negativ,Chat,Hoch,2024-12-26,11
5340,16279,2024-10-06,Tarif,Vertrag,Kündigung,Neutral,Email,Niedrig,2024-10-09,115
5341,4214,2024-01-24,Tarif,Vertrag,Ökostrom Umstellung,Neutral,Telefon,Niedrig,2024-01-29,178
5342,15685,2023-02-05,Smart Meter,Installation,Smart Meter App funktioniert nicht,Negativ,App,Mittel,2023-02-09,93
5343,7947,2024-08-31,Speicher,Technisch,Batteriespeicher Störung,Negativ,Email,Mittel,2024-09-09,142
5344,11130,2024-05-04,Speicher,Technisch,Speicher lädt nicht,Negativ,Email,Niedrig,2024-05-05,35
5345,2696,2024-08-24,Speicher,Technisch,Speicher lädt nicht,Negativ,Telefon,Niedrig,2024-08-24,150
5346,12710,2023-07-25,Rechnung,Abrechnung,Gutschrift angefragt,Neutral,Chat,Mittel,2023-08-02,74
5347,14704,2023-12-13,Wärmepumpe,Technisch,Geräuschentwicklung zu hoch,Neutral,Email,Hoch,2023-12-20,155
5348,5006,2024-07-06,Wärmepumpe,Technisch,Fehlercode E01 angezeigt,Neutral,App,Niedrig,2024-07-09,99
5349,7231,2025-04-07,Rechnung,Abrechnung,Abschlag anpassen,Positiv,Chat,Kritisch,2025-04-14,191
5350,2347,2023-03-01,Smart Meter,Installation,Smart Meter Installation angefragt,Neutral,Telefon,Niedrig,2023-03-06,200
5351,1510,2024-12-29,Wallbox,E-Mobility,Ladekarte Probleme,Positiv,Chat,Mittel,2025-01-01,163
5352,10118,2025-02-20,Tarif,Vertrag,Preisgarantie Frage,Neutral,Telefon,Mittel,2025-03-02,97
5353,6441,2023-08-12,Wärmepumpe,Technisch,Effizienz zu niedrig,Neutral,Telefon,Niedrig,2023-08-23,116
5354,9172,2025-04-22,Wärmepumpe,Technisch,Wartung angefragt,Neutral,Chat,Mittel,2025-04-26,14
5355,16934,2025-01-02,Tarif,Vertrag,Umzug melden,Neutral,Email,Niedrig,2025-01-02,44
5356,13022,2024-04-25,Wärmepumpe,Technisch,Wärmepumpe Störung,Negativ,Chat,Niedrig,2024-05-03,161
5357,7770,2025-01-05,Solar,Technisch,Solaranlage produziert nicht,Negativ,App,Hoch,2025-01-08,149
5358,5907,2024-11-20,Speicher,Technisch,Kapazität gesunken,Negativ,Telefon,Mittel,2024-12-01,20
5359,19717,2024-05-20,Allgemein,Service,Informationsanfrage,Negativ,Email,Niedrig,2024-06-02,75
5360,12252,2023-07-09,Allgemein,Service,Kontaktdaten ändern,Neutral,Chat,Niedrig,2023-07-16,128
5361,11121,2024-11-15,Tarif,Vertrag,Tarifwechsel angefragt,Neutral,App,Mittel,2024-11-16,102
5362,8893,2024-01-29,Solar,Technisch,Solaranlage Ertrag niedrig,Neutral,Chat,Mittel,2024-02-02,101
5363,16295,2025-05-31,Rechnung,Abrechnung,Gutschrift angefragt,Neutral,Telefon,Mittel,2025-06-07,174
5364,17554,2023-12-16,Allgemein,Service,Beschwerde,Negativ,Email,Hoch,2023-12-22,48
5365,10541,2023-08-09,Wallbox,E-Mobility,Ladekarte Probleme,Positiv,App,Hoch,2023-08-13,44
5366,11689,2024-12-02,Wallbox,E-Mobility,App-Verbindung unterbrochen,Negativ,Chat,Niedrig,2024-12-10,29
5367,13372,2024-07-09,Smart Meter,Installation,Smart Meter defekt,Negativ,Chat,Mittel,2024-07-18,68
5368,9549,2024-07-25,Rechnung,Abrechnung,Unstimmigkeit in Rechnung,Negativ,Telefon,Niedrig,2024-07-28,200
5369,4251,2025-03-24,Tarif,Vertrag,Ökostrom Umstellung,Negativ,Email,Kritisch,2025-03-24,53
5370,17133,2024-08-14,Wärmepumpe,Technisch,Effizienz zu niedrig,Negativ,App,Mittel,2024-08-20,56
5371,12352,2024-08-28,Smart Meter,Installation,Smart Meter App funktioniert nicht,Negativ,Email,Kritisch,2024-08-28,135
5372,5184,2024-08-15,Wallbox,E-Mobility,Wallbox Installation angefragt,Neutral,Chat,Mittel,2024-08-28,200
5373,12207,2024-03-24,Wärmepumpe,Technisch,Wärmepumpe läuft nicht,Negativ,App,Hoch,2024-03-31,36
5374,1067,2023-04-19,Wärmepumpe,Technisch,Effizienz zu niedrig,Neutral,Telefon,Mittel,2023-05-02,139
5375,10570,2023-01-02,Rechnung,Abrechnung,Unstimmigkeit in Rechnung,Neutral,Telefon,Mittel,2023-01-07,82
5376,8463,2024-08-18,Allgemein,Service,Informationsanfrage,Negativ,Telefon,Mittel,2024-08-22,195
5377,15364,2025-05-09,Allgemein,Service,Kontaktdaten ändern,Neutral,App,Niedrig,2025-05-19,88
5378,9656,2024-10-28,Smart Meter,Installation,Smart Meter App funktioniert nicht,Negativ,Email,Niedrig,2024-11-08,82
5379,2124,2023-11-24,Rechnung,Abrechnung,Zahlungsplan angefragt,Negativ,Chat,Niedrig,2023-11-26,42
5380,15986,2025-06-15,Solar,Technisch,Wechselrichter Fehler,Negativ,Telefon,Hoch,2025-06-19,196
5381,15683,2025-01-23,Speicher,Technisch,Batteriespeicher Störung,Negativ,Email,Mittel,2025-01-29,159
5382,4455,2024-08-11,Wallbox,E-Mobility,Wallbox Installation angefragt,Neutral,Chat,Mittel,2024-08-25,7
5383,10127,2024-01-30,Smart Meter,Installation,Smart Meter Ablesung fehlerhaft,Neutral,Chat,Mittel,2024-02-09,191
5384,10317,2023-12-04,Solar,Technisch,Solaranlage Ertrag niedrig,Negativ,Telefon,Mittel,2023-12-04,1
5385,3169,2025-05-15,Wallbox,E-Mobility,Wallbox lädt nicht,Negativ,Chat,Mittel,2025-05-23,51
5386,19348,2024-10-17,Allgemein,Service,Allgemeine Anfrage,Neutral,App,Mittel,2024-10-28,43
5387,8383,2023-09-21,Smart Meter,Installation,Smart Meter Ablesung fehlerhaft,Neutral,Telefon,Mittel,2023-10-03,107
5388,6347,2024-06-05,Speicher,Technisch,Batteriespeicher Störung,Negativ,App,Hoch,2024-06-06,8
5389,19448,2024-06-23,Wärmepumpe,Technisch,Wartung angefragt,Neutral,Email,Hoch,2024-06-26,186
5390,2346,2023-06-16,Speicher,Technisch,Speicher lädt nicht,Negativ,Chat,Kritisch,2023-06-21,122
5391,13930,2024-09-24,Wärmepumpe,Technisch,Wärmepumpe Störung,Negativ,Chat,Hoch,2024-09-25,100
5392,6267,2025-04-04,Tarif,Vertrag,Umzug melden,Neutral,Chat,Niedrig,2025-04-17,120
5393,13126,2024-07-17,Rechnung,Abrechnung,Zahlungsplan angefragt,Neutral,App,Niedrig,2024-07-31,61
5394,25,2023-07-31,Tarif,Vertrag,Kündigung,Neutral,App,Mittel,2023-08-06,48
5395,6069,2024-10-03,Wallbox,E-Mobility,Wallbox lädt nicht,Negativ,Email,Hoch,2024-10-03,68
5396,16615,2024-08-11,Allgemein,Service,Informationsanfrage,Neutral,Email,Mittel,2024-08-19,166
5397,19530,2025-03-11,Tarif,Vertrag,Vertragsverlängerung,Neutral,App,Niedrig,2025-03-11,136
5398,6704,2023-07-20,Wärmepumpe,Technisch,Wärmepumpe läuft nicht,Negativ,Telefon,Hoch,2023-07-21,41
5399,12525,2025-02-22,Smart Meter,Installation,Smart Meter defekt,Negativ,Telefon,Mittel,2025-03-03,48
5400,12172,2024-05-28,Wallbox,E-Mobility,App-Verbindung unterbrochen,Neutral,App,Niedrig,2024-06-10,60
5401,14816,2024-01-12,Wärmepumpe,Technisch,Wärmepumpe läuft nicht,Negativ,Telefon,Kritisch,2024-01-16,34
5402,14649,2025-01-08,Solar,Technisch,Wechselrichter Fehler,Neutral,Telefon,Mittel,2025-01-22,133
5403,18500,2024-10-10,Rechnung,Abrechnung,Unstimmigkeit in Rechnung,Neutral,App,Mittel,2024-10-15,108
5404,5742,2024-06-10,Tarif,Vertrag,Preisgarantie Frage,Positiv,Telefon,Hoch,2024-06-12,59
5405,3778,2023-11-30,Tarif,Vertrag,Kündigung,Neutral,Email,Mittel,2023-12-06,162
5406,7464,2025-06-20,Allgemein,Service,Informationsanfrage,Neutral,Telefon,Hoch,2025-06-25,29
5407,2385,2023-06-06,Speicher,Technisch,Batteriespeicher Störung,Negativ,Telefon,Hoch,2023-06-07,149
5408,4315,2023-07-12,Solar,Technisch,Einspeisevergütung Frage,Neutral,Chat,Mittel,2023-07-19,161
5409,17553,2025-04-07,Smart Meter,Installation,Smart Meter Ablesung fehlerhaft,Negativ,App,Hoch,2025-04-14,126
5410,977,2024-03-22,Wärmepumpe,Technisch,Wartung angefragt,Neutral,App,Mittel,2024-03-22,143
5411,14676,2025-03-16,Smart Meter,Installation,Smart Meter defekt,Negativ,App,Niedrig,2025-03-18,134
5412,7898,2023-02-08,Rechnung,Abrechnung,Rechnungsfrage,Neutral,Chat,Mittel,2023-02-16,26
5413,12145,2023-06-19,Speicher,Technisch,Speicher lädt nicht,Negativ,App,Hoch,2023-06-23,54
5414,19129,2024-05-23,Solar,Technisch,Solaranlage produziert nicht,Negativ,Email,Mittel,2024-05-31,196
5415,9291,2024-06-29,Smart Meter,Installation,Smart Meter Ablesung fehlerhaft,Positiv,Email,Niedrig,2024-07-12,127
5416,5774,2025-03-28,Solar,Technisch,Einspeisevergütung Frage,Neutral,Telefon,Niedrig,2025-04-10,146
5417,12991,2023-11-06,Allgemein,Service,Kontaktdaten ändern,Neutral,Chat,Niedrig,2023-11-06,176
5418,4016,2024-09-29,Rechnung,Abrechnung,Unstimmigkeit in Rechnung,Positiv,Email,Kritisch,2024-10-05,36
5419,11867,2023-12-14,Wallbox,E-Mobility,Wallbox defekt,Negativ,Telefon,Kritisch,2023-12-21,45
5420,9738,2025-02-04,Solar,Technisch,Wechselrichter Fehler,Neutral,App,Mittel,2025-02-14,145
5421,12130,2023-05-29,Wallbox,E-Mobility,Wallbox lädt nicht,Negativ,App,Mittel,2023-05-30,146
5422,5455,2023-01-18,Wallbox,E-Mobility,Wallbox Installation angefragt,Negativ,App,Niedrig,2023-01-18,46
5423,5577,2024-02-25,Tarif,Vertrag,Tarifwechsel angefragt,Positiv,Email,Niedrig,2024-03-05,100
5424,7436,2024-05-10,Solar,Technisch,Wechselrichter Fehler,Negativ,Telefon,Niedrig,2024-05-12,171
5425,16642,2023-07-01,Smart Meter,Installation,Smart Meter zeigt keine Daten,Neutral,Email,Mittel,2023-07-11,126
5426,10916,2025-03-28,Smart Meter,Installation,Smart Meter zeigt keine Daten,Negativ,Telefon,Mittel,2025-04-08,114
5427,506,2024-11-16,Tarif,Vertrag,Umzug melden,Neutral,Telefon,Hoch,2024-11-23,150
5428,4997,2024-11-19,Solar,Technisch,Solaranlage Ertrag niedrig,Neutral,Telefon,Kritisch,2024-11-22,140
5429,19634,2024-02-05,Allgemein,Service,Lob,Positiv,Chat,Niedrig,2024-02-13,113
5430,6092,2024-07-17,Wärmepumpe,Technisch,Wärmepumpe Störung,Negativ,Email,Niedrig,2024-07-31,63
5431,9906,2024-12-11,Smart Meter,Installation,Smart Meter App funktioniert nicht,Negativ,App,Kritisch,2024-12-18,185
5432,6859,2024-04-24,Wärmepumpe,Technisch,Effizienz zu niedrig,Negativ,App,Mittel,2024-05-08,150
5433,6330,2023-06-13,Allgemein,Service,Informationsanfrage,Negativ,App,Mittel,2023-06-14,107
5434,13537,2025-06-13,Allgemein,Service,Informationsanfrage,Negativ,App,Niedrig,2025-06-20,144
5435,2703,2024-12-21,Allgemein,Service,Allgemeine Anfrage,Positiv,App,Mittel,2024-12-24,56
5436,11740,2023-01-09,Wallbox,E-Mobility,App-Verbindung unterbrochen,Neutral,App,Niedrig,2023-01-18,113
5437,14574,2023-09-02,Rechnung,Abrechnung,Unstimmigkeit in Rechnung,Neutral,App,Hoch,2023-09-02,81
5438,3382,2023-02-01,Speicher,Technisch,Batteriespeicher Störung,Negativ,Email,Niedrig,2023-02-09,165
5439,7158,2023-08-31,Allgemein,Service,Beschwerde,Negativ,App,Niedrig,2023-09-01,6
5440,19745,2024-12-06,Rechnung,Abrechnung,Rechnungsfrage,Neutral,App,Niedrig,2024-12-11,192
5441,14870,2025-06-27,Wärmepumpe,Technisch,Geräuschentwicklung zu hoch,Negativ,Chat,Mittel,2025-07-05,157
5442,8210,2024-06-14,Speicher,Technisch,Kapazität gesunken,Positiv,Telefon,Mittel,2024-06-23,169
5443,9767,2023-02-20,Speicher,Technisch,Kapazität gesunken,Positiv,Telefon,Niedrig,2023-02-22,118
5444,14743,2025-01-20,Rechnung,Abrechnung,Gutschrift angefragt,Neutral,Email,Niedrig,2025-01-25,27
5445,6632,2024-12-19,Allgemein,Service,Lob,Positiv,Chat,Niedrig,2025-01-01,148
5446,12806,2024-01-10,Rechnung,Abrechnung,Unstimmigkeit in Rechnung,Positiv,App,Mittel,2024-01-11,154
5447,164,2024-02-22,Speicher,Technisch,Kapazität gesunken,Neutral,Email,Mittel,2024-03-01,30
5448,2972,2024-04-10,Smart Meter,Installation,Smart Meter defekt,Negativ,Chat,Hoch,2024-04-14,166
5449,18503,2023-11-14,Allgemein,Service,Beschwerde,Negativ,Chat,Kritisch,2023-11-17,136
5450,828,2024-05-18,Solar,Technisch,Wechselrichter Fehler,Neutral,App,Niedrig,2024-05-30,90
5451,1298,2023-08-22,Tarif,Vertrag,Vertragsverlängerung,Positiv,App,Hoch,2023-08-26,48
5452,14343,2025-05-20,Wallbox,E-Mobility,Wallbox lädt nicht,Negativ,App,Mittel,2025-05-25,84
5453,19264,2023-06-11,Allgemein,Service,Lob,Positiv,Email,Niedrig,2023-06-17,31
5454,19885,2025-02-03,Allgemein,Service,Kontaktdaten ändern,Neutral,App,Niedrig,2025-02-06,62
5455,17782,2024-10-08,Smart Meter,Installation,Smart Meter Installation angefragt,Neutral,Email,Niedrig,2024-10-20,50
5456,15378,2023-10-11,Speicher,Technisch,Batteriespeicher Störung,Negativ,Telefon,Mittel,2023-10-25,141
5457,14480,2024-01-07,Wärmepumpe,Technisch,Geräuschentwicklung zu hoch,Negativ,App,Hoch,2024-01-07,96
5458,6504,2024-10-27,Wärmepumpe,Technisch,Wärmepumpe läuft nicht,Negativ,App,Mittel,2024-10-29,97
5459,10471,2023-01-19,Tarif,Vertrag,Ökostrom Umstellung,Positiv,App,Mittel,2023-01-31,140
5460,10802,2023-10-21,Allgemein,Service,Kontaktdaten ändern,Neutral,App,Mittel,2023-10-23,13
5461,15718,2023-04-23,Speicher,Technisch,Batteriespeicher Störung,Negativ,Chat,Kritisch,2023-04-28,7
5462,10739,2023-02-04,Smart Meter,Installation,Smart Meter Ablesung fehlerhaft,Neutral,Telefon,Mittel,2023-02-11,105
5463,11909,2024-11-29,Wärmepumpe,Technisch,Effizienz zu niedrig,Positiv,Telefon,Mittel,2024-12-04,89
5464,4668,2023-12-02,Wärmepumpe,Technisch,Fehlercode E01 angezeigt,Neutral,Chat,Niedrig,2023-12-09,73
5465,8009,2024-07-08,Rechnung,Abrechnung,Rechnungsfrage,Neutral,App,Hoch,2024-07-15,83
5466,1648,2024-06-28,Wallbox,E-Mobility,Ladekarte Probleme,Neutral,Telefon,Niedrig,2024-07-05,6
5467,8330,2024-06-21,Rechnung,Abrechnung,Gutschrift angefragt,Negativ,Chat,Niedrig,2024-06-27,27
5468,8341,2024-11-05,Allgemein,Service,Allgemeine Anfrage,Positiv,App,Niedrig,2024-11-16,100
5469,6831,2024-03-20,Speicher,Technisch,Kapazität gesunken,Neutral,Chat,Niedrig,2024-03-31,58
5470,14057,2024-04-15,Wallbox,E-Mobility,App-Verbindung unterbrochen,Neutral,Telefon,Mittel,2024-04-17,152
5471,16189,2025-06-21,Wallbox,E-Mobility,Wallbox lädt nicht,Negativ,Email,Hoch,2025-06-24,184
5472,2194,2025-05-02,Wärmepumpe,Technisch,Wärmepumpe läuft nicht,Negativ,Telefon,Hoch,2025-05-08,185
5473,13216,2023-04-10,Wallbox,E-Mobility,Wallbox lädt nicht,Negativ,App,Kritisch,2023-04-14,72
5474,5731,2023-06-11,Tarif,Vertrag,Preisgarantie Frage,Neutral,Email,Niedrig,2023-06-25,12
5475,4452,2024-01-14,Wallbox,E-Mobility,App-Verbindung unterbrochen,Neutral,App,Hoch,2024-01-19,167
5476,19612,2023-02-13,Allgemein,Service,Kontaktdaten ändern,Negativ,Email,Hoch,2023-02-15,5
5477,3697,2023-08-09,Wallbox,E-Mobility,Wallbox Installation angefragt,Neutral,Telefon,Kritisch,2023-08-12,154
5478,9714,2025-06-20,Speicher,Technisch,Kapazität gesunken,Positiv,Telefon,Niedrig,2025-07-01,62
5479,7958,2023-10-02,Solar,Technisch,Solaranlage Ertrag niedrig,Neutral,Email,Hoch,2023-10-03,110
5480,18902,2024-03-08,Speicher,Technisch,Kapazität gesunken,Neutral,Chat,Niedrig,2024-03-15,159
5481,3843,2024-05-19,Solar,Technisch,Einspeisevergütung Frage,Positiv,Email,Niedrig,2024-05-26,40
5482,2096,2024-01-01,Tarif,Vertrag,Ökostrom Umstellung,Neutral,Chat,Niedrig,2024-01-15,155
5483,15406,2024-05-31,Wallbox,E-Mobility,Wallbox defekt,Negativ,Chat,Kritisch,2024-05-31,25
5484,18879,2023-10-08,Rechnung,Abrechnung,Zahlungsplan angefragt,Positiv,Email,Mittel,2023-10-10,108
5485,603,2024-03-10,Smart Meter,Installation,Smart Meter defekt,Negativ,App,Kritisch,2024-03-12,27
5486,1020,2024-06-25,Speicher,Technisch,Kapazität gesunken,Negativ,App,Mittel,2024-06-26,84
5487,9544,2023-11-25,Rechnung,Abrechnung,Gutschrift angefragt,Neutral,Email,Niedrig,2023-12-03,97
5488,4745,2023-10-09,Rechnung,Abrechnung,Abschlag zu hoch,Neutral,Telefon,Niedrig,2023-10-22,133
5489,18683,2023-12-26,Allgemein,Service,Beschwerde,Negativ,Email,Hoch,2024-01-01,108
5490,4028,2024-12-12,Smart Meter,Installation,Smart Meter zeigt keine Daten,Neutral,Telefon,Mittel,2024-12-25,181
5491,13156,2025-01-20,Rechnung,Abrechnung,Zahlungsplan angefragt,Neutral,Telefon,Mittel,2025-01-22,177
5492,2797,2023-02-19,Tarif,Vertrag,Kündigung,Neutral,App,Hoch,2023-02-20,97
5493,9914,2025-06-20,Rechnung,Abrechnung,Abschlag zu hoch,Neutral,App,Mittel,2025-06-21,118
5494,10588,2023-07-04,Smart Meter,Installation,Smart Meter Ablesung fehlerhaft,Positiv,App,Hoch,2023-07-04,65
5495,6673,2023-09-15,Solar,Technisch,Einspeisevergütung Frage,Neutral,Email,Hoch,2023-09-19,107
5496,12333,2023-07-30,Speicher,Technisch,Batteriespeicher Störung,Negativ,Email,Kritisch,2023-08-01,98
5497,10315,2023-11-03,Allgemein,Service,Beschwerde,Negativ,App,Hoch,2023-11-07,196
5498,1522,2023-02-18,Speicher,Technisch,Kapazität gesunken,Negativ,Email,Mittel,2023-03-01,134
5499,12552,2024-12-29,Rechnung,Abrechnung,Gutschrift angefragt,Neutral,App,Mittel,2024-12-29,19
5500,9207,2024-09-15,Solar,Technisch,Einspeisevergütung Frage,Neutral,Telefon,Hoch,2024-09-15,95
5501,3949,2023-04-08,Smart Meter,Installation,Smart Meter Installation angefragt,Neutral,Telefon,Hoch,2023-04-10,68
5502,3001,2024-03-14,Wärmepumpe,Technisch,Wartung angefragt,Neutral,Email,Mittel,2024-03-17,99
5503,11073,2025-06-16,Wallbox,E-Mobility,Wallbox defekt,Negativ,Chat,Mittel,2025-06-17,43
5504,18917,2024-06-14,Tarif,Vertrag,Tarifwechsel angefragt,Negativ,Chat,Mittel,2024-06-18,2
5505,12475,2024-01-06,Tarif,Vertrag,Tarifwechsel angefragt,Neutral,Chat,Kritisch,2024-01-11,144
5506,3585,2023-04-19,Smart Meter,Installation,Smart Meter zeigt keine Daten,Neutral,App,Hoch,2023-04-21,144
5507,248,2025-05-24,Speicher,Technisch,Kapazität gesunken,Neutral,App,Mittel,2025-06-07,189
5508,13050,2023-03-04,Rechnung,Abrechnung,Rechnungsfrage,Neutral,App,Mittel,2023-03-10,137
5509,13305,2023-04-04,Wallbox,E-Mobility,Wallbox lädt nicht,Negativ,App,Kritisch,2023-04-05,60
5510,2625,2025-06-26,Wärmepumpe,Technisch,Wärmepumpe läuft nicht,Negativ,Telefon,Hoch,2025-07-01,58
5511,9342,2024-01-17,Rechnung,Abrechnung,Unstimmigkeit in Rechnung,Neutral,App,Niedrig,2024-01-18,180
5512,15951,2024-09-06,Solar,Technisch,Solaranlage produziert nicht,Negativ,Email,Niedrig,2024-09-08,170
5513,11784,2023-03-21,Allgemein,Service,Allgemeine Anfrage,Neutral,App,Niedrig,2023-04-02,56
5514,7954,2025-05-13,Wärmepumpe,Technisch,Fehlercode E01 angezeigt,Negativ,Email,Niedrig,2025-05-18,142
5515,1816,2024-02-17,Smart Meter,Installation,Smart Meter zeigt keine Daten,Neutral,Email,Niedrig,2024-02-28,59
5516,19665,2025-01-16,Allgemein,Service,Informationsanfrage,Neutral,Telefon,Kritisch,2025-01-18,66
5517,17364,2023-04-14,Solar,Technisch,Wechselrichter Fehler,Neutral,Telefon,Kritisch,2023-04-20,30
5518,14960,2025-06-27,Smart Meter,Installation,Smart Meter zeigt keine Daten,Positiv,Chat,Niedrig,2025-07-02,191
5519,16878,2023-09-22,Solar,Technisch,Solaranlage Ertrag niedrig,Neutral,Email,Mittel,2023-10-03,74
5520,2411,2023-03-28,Solar,Technisch,Einspeisevergütung Frage,Negativ,Email,Niedrig,2023-04-11,197
5521,10932,2025-03-08,Speicher,Technisch,Kapazität gesunken,Neutral,Chat,Niedrig,2025-03-20,86
5522,17283,2023-03-15,Wallbox,E-Mobility,Ladekarte Probleme,Positiv,Telefon,Niedrig,2023-03-16,89
5523,4871,2024-09-08,Tarif,Vertrag,Vertragsverlängerung,Positiv,App,Mittel,2024-09-15,79
5524,2706,2024-01-05,Wärmepumpe,Technisch,Wartung angefragt,Neutral,Chat,Hoch,2024-01-06,17
5525,15658,2023-10-11,Allgemein,Service,Kontaktdaten ändern,Neutral,App,Niedrig,2023-10-18,146
5526,18520,2024-12-05,Tarif,Vertrag,Tarifwechsel angefragt,Positiv,Telefon,Mittel,2024-12-19,73
5527,19911,2023-06-04,Smart Meter,Installation,Smart Meter Ablesung fehlerhaft,Neutral,Chat,Hoch,2023-06-11,91
5528,13751,2023-06-05,Speicher,Technisch,Batteriespeicher Störung,Negativ,App,Hoch,2023-06-12,139
5529,2060,2023-04-24,Wärmepumpe,Technisch,Wartung angefragt,Neutral,Email,Mittel,2023-05-07,136
5530,1672,2025-03-08,Tarif,Vertrag,Umzug melden,Neutral,Telefon,Kritisch,2025-03-14,30
5531,6974,2024-10-25,Tarif,Vertrag,Tarifwechsel angefragt,Negativ,Chat,Niedrig,2024-10-30,73
5532,12316,2024-01-18,Rechnung,Abrechnung,Rechnungsfrage,Neutral,App,Mittel,2024-01-28,182
5533,19626,2025-04-26,Tarif,Vertrag,Vertragsverlängerung,Negativ,Email,Mittel,2025-05-02,179
5534,13018,2024-12-25,Tarif,Vertrag,Kündigung,Neutral,Email,Mittel,2024-12-25,170
5535,16226,2023-06-20,Wallbox,E-Mobility,Wallbox lädt nicht,Negativ,App,Mittel,2023-06-21,182
5536,799,2024-10-27,Solar,Technisch,Monitoring nicht verfügbar,Negativ,Chat,Hoch,2024-11-03,41
5537,8624,2025-03-09,Rechnung,Abrechnung,Unstimmigkeit in Rechnung,Negativ,App,Niedrig,2025-03-23,145
5538,13273,2025-03-02,Rechnung,Abrechnung,Unstimmigkeit in Rechnung,Positiv,Chat,Mittel,2025-03-15,130
5539,14099,2024-12-25,Wallbox,E-Mobility,Ladekarte Probleme,Neutral,App,Niedrig,2024-12-26,79
5540,16209,2024-10-29,Wallbox,E-Mobility,Wallbox defekt,Negativ,App,Kritisch,2024-10-29,4
5541,14358,2023-04-26,Wärmepumpe,Technisch,Geräuschentwicklung zu hoch,Neutral,Telefon,Mittel,2023-04-27,88
5542,1292,2023-01-18,Tarif,Vertrag,Ökostrom Umstellung,Neutral,App,Niedrig,2023-01-27,91
5543,14666,2023-09-24,Smart Meter,Installation,Smart Meter defekt,Negativ,App,Mittel,2023-10-03,80
5544,692,2024-05-19,Tarif,Vertrag,Umzug melden,Neutral,Email,Mittel,2024-06-02,100
5545,1309,2024-08-22,Wärmepumpe,Technisch,Effizienz zu niedrig,Negativ,Chat,Mittel,2024-09-01,22
5546,12416,2024-07-24,Tarif,Vertrag,Ökostrom Umstellung,Neutral,Email,Niedrig,2024-07-24,50
5547,17586,2024-08-23,Tarif,Vertrag,Kündigung,Neutral,App,Mittel,2024-08-31,154
5548,2057,2023-10-06,Tarif,Vertrag,Preisgarantie Frage,Negativ,Telefon,Mittel,2023-10-10,164
5549,5961,2023-07-18,Wärmepumpe,Technisch,Wärmepumpe läuft nicht,Negativ,App,Niedrig,2023-07-27,93
5550,13613,2023-12-06,Smart Meter,Installation,Smart Meter Installation angefragt,Neutral,Email,Mittel,2023-12-12,14
5551,14791,2024-03-31,Smart Meter,Installation,Smart Meter App funktioniert nicht,Negativ,Chat,Kritisch,2024-04-01,93
5552,19449,2025-03-07,Smart Meter,Installation,Smart Meter defekt,Negativ,Telefon,Niedrig,2025-03-14,194
5553,18311,2024-10-30,Tarif,Vertrag,Vertragsverlängerung,Negativ,App,Mittel,2024-11-09,193
5554,9058,2024-12-20,Tarif,Vertrag,Ökostrom Umstellung,Neutral,Telefon,Mittel,2024-12-23,115
5555,9594,2024-09-26,Wallbox,E-Mobility,Wallbox defekt,Negativ,Chat,Mittel,2024-09-28,49
5556,3831,2024-10-16,Wärmepumpe,Technisch,Effizienz zu niedrig,Neutral,Email,Mittel,2024-10-16,103
5557,5033,2024-03-03,Smart Meter,Installation,Smart Meter defekt,Negativ,Chat,Kritisch,2024-03-07,144
5558,18454,2024-10-17,Smart Meter,Installation,Smart Meter Ablesung fehlerhaft,Neutral,Chat,Mittel,2024-10-18,126
5559,9354,2023-02-16,Solar,Technisch,Einspeisevergütung Frage,Neutral,Telefon,Kritisch,2023-02-23,170
5560,16059,2024-03-05,Wärmepumpe,Technisch,Fehlercode E01 angezeigt,Neutral,Email,Mittel,2024-03-19,50
5561,7709,2024-05-14,Rechnung,Abrechnung,Abschlag anpassen,Positiv,Email,Mittel,2024-05-20,194
5562,19341,2023-04-22,Allgemein,Service,Allgemeine Anfrage,Positiv,Email,Niedrig,2023-04-24,112
5563,2798,2024-07-05,Smart Meter,Installation,Smart Meter zeigt keine Daten,Neutral,Telefon,Hoch,2024-07-08,50
5564,3360,2023-12-26,Speicher,Technisch,Batteriespeicher Störung,Negativ,App,Mittel,2024-01-01,118
5565,1441,2023-06-04,Tarif,Vertrag,Preisgarantie Frage,Neutral,App,Mittel,2023-06-13,200
5566,9589,2024-11-08,Smart Meter,Installation,Smart Meter Ablesung fehlerhaft,Neutral,Telefon,Mittel,2024-11-21,59
5567,9692,2024-08-22,Wärmepumpe,Technisch,Effizienz zu niedrig,Neutral,Email,Mittel,2024-08-29,123
5568,13417,2023-12-15,Tarif,Vertrag,Umzug melden,Neutral,Telefon,Niedrig,2023-12-24,155
5569,5477,2025-04-21,Solar,Technisch,Solaranlage produziert nicht,Negativ,App,Kritisch,2025-04-28,199
5570,11636,2023-08-28,Allgemein,Service,Allgemeine Anfrage,Neutral,App,Niedrig,2023-08-30,183
5571,8682,2024-02-24,Wallbox,E-Mobility,Wallbox defekt,Negativ,Email,Niedrig,2024-03-09,114
5572,12022,2025-01-23,Wärmepumpe,Technisch,Wartung angefragt,Positiv,Telefon,Mittel,2025-01-31,132
5573,8337,2024-03-22,Wärmepumpe,Technisch,Wärmepumpe Störung,Negativ,Telefon,Mittel,2024-03-29,113
5574,15341,2024-12-27,Speicher,Technisch,Batteriespeicher Störung,Negativ,Telefon,Niedrig,2024-12-30,33
5575,18284,2023-12-23,Rechnung,Abrechnung,Gutschrift angefragt,Neutral,App,Mittel,2023-12-28,91
5576,6162,2025-05-07,Wärmepumpe,Technisch,Wärmepumpe Störung,Negativ,Chat,Hoch,2025-05-08,42
5577,9925,2025-01-30,Solar,Technisch,Wechselrichter Fehler,Neutral,Telefon,Kritisch,2025-02-06,153
5578,13199,2024-10-22,Solar,Technisch,Solaranlage produziert nicht,Negativ,Telefon,Hoch,2024-10-22,30
5579,417,2025-04-08,Allgemein,Service,Kontaktdaten ändern,Neutral,App,Mittel,2025-04-18,197
5580,19230,2023-06-10,Wallbox,E-Mobility,Wallbox Installation angefragt,Negativ,Chat,Niedrig,2023-06-17,15
5581,9442,2024-11-01,Solar,Technisch,Einspeisevergütung Frage,Neutral,Chat,Mittel,2024-11-15,67
5582,19954,2024-08-10,Speicher,Technisch,Batteriespeicher Störung,Negativ,App,Hoch,2024-08-10,52
5583,16730,2024-06-30,Tarif,Vertrag,Preisgarantie Frage,Neutral,Chat,Mittel,2024-07-12,32
5584,18367,2023-11-06,Smart Meter,Installation,Smart Meter zeigt keine Daten,Neutral,Email,Niedrig,2023-11-14,31
5585,12469,2024-12-04,Allgemein,Service,Allgemeine Anfrage,Neutral,Email,Mittel,2024-12-16,89
5586,7484,2023-10-16,Allgemein,Service,Allgemeine Anfrage,Negativ,Email,Mittel,2023-10-27,14
5587,18075,2024-06-20,Smart Meter,Installation,Smart Meter zeigt keine Daten,Negativ,Chat,Mittel,2024-06-27,35
5588,14,2023-04-12,Smart Meter,Installation,Smart Meter zeigt keine Daten,Positiv,Email,Hoch,2023-04-13,87
5589,14173,2023-02-05,Wallbox,E-Mobility,Ladekarte Probleme,Negativ,Email,Niedrig,2023-02-16,83
5590,12833,2024-02-29,Allgemein,Service,Kontaktdaten ändern,Neutral,Chat,Niedrig,2024-03-14,151
5591,7825,2023-09-28,Rechnung,Abrechnung,Abschlag anpassen,Negativ,Telefon,Mittel,2023-10-05,56
5592,13409,2024-06-26,Smart Meter,Installation,Smart Meter App funktioniert nicht,Negativ,Email,Niedrig,2024-06-28,117
5593,18579,2023-07-21,Solar,Technisch,Einspeisevergütung Frage,Neutral,Telefon,Mittel,2023-07-23,78
5594,8428,2023-10-07,Rechnung,Abrechnung,Zahlungsplan angefragt,Neutral,Email,Hoch,2023-10-11,26
5595,8145,2024-10-29,Solar,Technisch,Solaranlage Ertrag niedrig,Neutral,Telefon,Kritisch,2024-10-29,50
5596,19035,2023-01-18,Wallbox,E-Mobility,Wallbox Installation angefragt,Neutral,Email,Niedrig,2023-01-27,167
5597,7872,2023-07-19,Allgemein,Service,Informationsanfrage,Neutral,Email,Mittel,2023-07-22,73
5598,18369,2023-06-19,Allgemein,Service,Kontaktdaten ändern,Negativ,Email,Mittel,2023-07-02,19
5599,16243,2024-02-03,Allgemein,Service,Beschwerde,Negativ,Email,Hoch,2024-02-10,188
5600,508,2023-05-17,Rechnung,Abrechnung,Abschlag zu hoch,Neutral,Telefon,Mittel,2023-05-26,100
5601,6770,2025-05-16,Tarif,Vertrag,Kündigung,Negativ,App,Mittel,2025-05-20,45
5602,19685,2023-09-08,Smart Meter,Installation,Smart Meter Installation angefragt,Positiv,App,Niedrig,2023-09-11,24
5603,18069,2025-01-25,Speicher,Technisch,Batteriespeicher Störung,Negativ,App,Niedrig,2025-02-01,82
5604,4725,2024-11-29,Tarif,Vertrag,Umzug melden,Neutral,Email,Niedrig,2024-12-08,101
5605,3893,2025-06-02,Smart Meter,Installation,Smart Meter Installation angefragt,Neutral,App,Niedrig,2025-06-07,165
5606,10622,2024-08-06,Wärmepumpe,Technisch,Geräuschentwicklung zu hoch,Neutral,Chat,Mittel,2024-08-18,183
5607,14709,2025-01-14,Wärmepumpe,Technisch,Fehlercode E01 angezeigt,Negativ,Telefon,Niedrig,2025-01-26,72
5608,8342,2024-12-09,Wärmepumpe,Technisch,Wärmepumpe läuft nicht,Negativ,Chat,Niedrig,2024-12-10,106
5609,2874,2025-03-28,Speicher,Technisch,Kapazität gesunken,Neutral,Telefon,Mittel,2025-03-29,76
5610,7752,2023-06-13,Tarif,Vertrag,Ökostrom Umstellung,Neutral,Chat,Mittel,2023-06-23,69
5611,15291,2024-01-30,Speicher,Technisch,Batteriespeicher Störung,Negativ,Telefon,Hoch,2024-02-01,179
5612,16064,2023-04-04,Allgemein,Service,Lob,Positiv,App,Niedrig,2023-04-18,176
5613,8851,2024-02-18,Wärmepumpe,Technisch,Wartung angefragt,Neutral,Email,Hoch,2024-02-24,6
5614,10552,2024-07-14,Rechnung,Abrechnung,Rechnungsfrage,Negativ,App,Niedrig,2024-07-28,69
5615,12353,2023-01-04,Speicher,Technisch,Batteriespeicher Störung,Negativ,Telefon,Mittel,2023-01-04,142
5616,18043,2025-03-08,Smart Meter,Installation,Smart Meter defekt,Negativ,App,Kritisch,2025-03-13,42
5617,264,2023-05-18,Tarif,Vertrag,Vertragsverlängerung,Negativ,Email,Niedrig,2023-06-01,153
5618,16805,2024-05-18,Smart Meter,Installation,Smart Meter Installation angefragt,Neutral,Telefon,Hoch,2024-05-20,27
5619,15658,2024-11-09,Rechnung,Abrechnung,Unstimmigkeit in Rechnung,Neutral,App,Mittel,2024-11-18,101
5620,15661,2024-04-17,Tarif,Vertrag,Umzug melden,Negativ,Email,Mittel,2024-04-29,178
5621,3166,2023-12-11,Wallbox,E-Mobility,App-Verbindung unterbrochen,Negativ,Email,Mittel,2023-12-19,87
5622,11574,2025-03-03,Smart Meter,Installation,Smart Meter Installation angefragt,Neutral,Chat,Niedrig,2025-03-11,21
5623,18574,2023-08-12,Tarif,Vertrag,Preisgarantie Frage,Neutral,Chat,Mittel,2023-08-14,60
5624,13989,2024-08-13,Tarif,Vertrag,Ökostrom Umstellung,Neutral,App,Niedrig,2024-08-17,41
5625,11135,2024-03-10,Speicher,Technisch,Batteriespeicher Störung,Negativ,Chat,Kritisch,2024-03-17,5
5626,7502,2023-02-15,Speicher,Technisch,Speicher lädt nicht,Negativ,Email,Kritisch,2023-02-20,123
5627,17814,2024-01-17,Allgemein,Service,Kontaktdaten ändern,Neutral,Email,Mittel,2024-01-30,140
5628,1384,2024-01-04,Wärmepumpe,Technisch,Geräuschentwicklung zu hoch,Neutral,App,Hoch,2024-01-07,200
5629,15722,2024-09-03,Speicher,Technisch,Batteriespeicher Störung,Negativ,App,Hoch,2024-09-06,64
5630,14071,2023-07-05,Speicher,Technisch,Batteriespeicher Störung,Negativ,App,Kritisch,2023-07-08,188
5631,10242,2024-02-09,Wärmepumpe,Technisch,Wärmepumpe Störung,Negativ,App,Mittel,2024-02-09,80
5632,9379,2024-03-13,Tarif,Vertrag,Preisgarantie Frage,Positiv,Chat,Mittel,2024-03-20,186
5633,13199,2024-05-19,Solar,Technisch,Wechselrichter Fehler,Neutral,Chat,Mittel,2024-06-01,195
5634,5106,2024-02-06,Wallbox,E-Mobility,Wallbox lädt nicht,Negativ,Email,Kritisch,2024-02-07,158
5635,5158,2025-05-24,Tarif,Vertrag,Vertragsverlängerung,Neutral,Telefon,Niedrig,2025-05-26,26
5636,5476,2023-01-02,Rechnung,Abrechnung,Zahlungsplan angefragt,Positiv,Chat,Niedrig,2023-01-09,183
5637,7290,2023-04-01,Speicher,Technisch,Kapazität gesunken,Neutral,Telefon,Hoch,2023-04-05,191
5638,2975,2024-06-21,Wärmepumpe,Technisch,Wärmepumpe läuft nicht,Negativ,App,Hoch,2024-06-25,64
5639,5776,2024-09-06,Smart Meter,Installation,Smart Meter defekt,Negativ,Telefon,Hoch,2024-09-10,41
5640,2515,2023-12-25,Speicher,Technisch,Kapazität gesunken,Neutral,Chat,Niedrig,2024-01-03,185
5641,16252,2025-01-14,Wallbox,E-Mobility,Wallbox defekt,Negativ,Chat,Niedrig,2025-01-16,108
5642,3199,2025-02-04,Solar,Technisch,Monitoring nicht verfügbar,Negativ,Email,Hoch,2025-02-04,105
5643,19118,2025-05-16,Wallbox,E-Mobility,Wallbox Installation angefragt,Neutral,Telefon,Niedrig,2025-05-20,175
5644,1604,2024-06-04,Speicher,Technisch,Speicher lädt nicht,Negativ,App,Hoch,2024-06-04,167
5645,10361,2024-04-12,Rechnung,Abrechnung,Abschlag zu hoch,Negativ,Telefon,Niedrig,2024-04-13,182
5646,2208,2023-02-09,Speicher,Technisch,Speicher lädt nicht,Negativ,Email,Hoch,2023-02-09,29
5647,19564,2023-12-14,Speicher,Technisch,Kapazität gesunken,Neutral,App,Mittel,2023-12-16,101
5648,19513,2023-01-14,Wallbox,E-Mobility,Ladekarte Probleme,Neutral,Email,Hoch,2023-01-14,95
5649,2751,2023-08-18,Solar,Technisch,Einspeisevergütung Frage,Positiv,Telefon,Niedrig,2023-08-30,103
5650,9570,2024-01-29,Solar,Technisch,Einspeisevergütung Frage,Neutral,Email,Niedrig,2024-02-10,130
5651,16630,2023-12-13,Speicher,Technisch,Kapazität gesunken,Neutral,Email,Niedrig,2023-12-27,164
5652,16394,2024-05-27,Wallbox,E-Mobility,Wallbox defekt,Negativ,Email,Hoch,2024-06-03,151
5653,16014,2023-11-14,Wallbox,E-Mobility,Wallbox lädt nicht,Negativ,Email,Mittel,2023-11-22,29
5654,12414,2025-02-27,Tarif,Vertrag,Preisgarantie Frage,Neutral,Telefon,Mittel,2025-03-03,158
5655,10900,2024-10-08,Solar,Technisch,Monitoring nicht verfügbar,Negativ,Email,Niedrig,2024-10-14,200
5656,13406,2024-11-26,Solar,Technisch,Solaranlage Ertrag niedrig,Neutral,Email,Mittel,2024-12-01,62
5657,14056,2023-08-20,Speicher,Technisch,Batteriespeicher Störung,Negativ,Telefon,Mittel,2023-08-29,105
5658,8797,2024-06-22,Allgemein,Service,Beschwerde,Negativ,Chat,Mittel,2024-07-01,45
5659,2546,2024-12-23,Allgemein,Service,Allgemeine Anfrage,Negativ,App,Niedrig,2025-01-01,110
5660,6288,2023-12-27,Rechnung,Abrechnung,Zahlungsplan angefragt,Neutral,Telefon,Mittel,2024-01-06,118
5661,18319,2024-10-29,Allgemein,Service,Kontaktdaten ändern,Neutral,Email,Niedrig,2024-10-31,102
5662,18690,2023-11-06,Rechnung,Abrechnung,Abschlag zu hoch,Neutral,App,Mittel,2023-11-18,36
5663,17874,2025-01-21,Allgemein,Service,Beschwerde,Negativ,Telefon,Mittel,2025-01-25,46
5664,11240,2024-06-14,Wärmepumpe,Technisch,Fehlercode E01 angezeigt,Negativ,App,Niedrig,2024-06-20,180
5665,17146,2024-04-01,Tarif,Vertrag,Kündigung,Negativ,Email,Hoch,2024-04-05,124
5666,14468,2025-04-29,Smart Meter,Installation,Smart Meter App funktioniert nicht,Negativ,Telefon,Hoch,2025-04-29,150
5667,14414,2024-12-23,Speicher,Technisch,Kapazität gesunken,Neutral,Chat,Mittel,2024-12-24,199
5668,10979,2023-07-02,Solar,Technisch,Solaranlage Ertrag niedrig,Positiv,App,Mittel,2023-07-06,148
5669,15742,2025-02-20,Rechnung,Abrechnung,Zahlungsplan angefragt,Neutral,Telefon,Mittel,2025-02-26,32
5670,14313,2024-11-18,Tarif,Vertrag,Kündigung,Positiv,Email,Kritisch,2024-11-20,149
5671,16819,2025-06-23,Wärmepumpe,Technisch,Wärmepumpe läuft nicht,Negativ,Telefon,Hoch,2025-06-29,194
5672,968,2023-03-23,Solar,Technisch,Solaranlage produziert nicht,Negativ,Chat,Hoch,2023-03-24,152
5673,13025,2023-09-11,Speicher,Technisch,Speicher lädt nicht,Negativ,App,Mittel,2023-09-25,196
5674,11734,2024-07-05,Solar,Technisch,Wechselrichter Fehler,Neutral,Telefon,Mittel,2024-07-05,72
5675,12517,2023-10-21,Solar,Technisch,Wechselrichter Fehler,Negativ,App,Hoch,2023-10-27,122
5676,18172,2024-06-11,Rechnung,Abrechnung,Abschlag anpassen,Negativ,Telefon,Niedrig,2024-06-17,187
5677,14032,2023-11-28,Rechnung,Abrechnung,Gutschrift angefragt,Neutral,Email,Niedrig,2023-12-01,186
5678,17722,2024-02-05,Rechnung,Abrechnung,Abschlag zu hoch,Neutral,Email,Kritisch,2024-02-10,167
5679,17130,2024-03-06,Speicher,Technisch,Speicher lädt nicht,Negativ,Chat,Hoch,2024-03-11,166
5680,216,2025-05-17,Rechnung,Abrechnung,Abschlag anpassen,Neutral,Chat,Mittel,2025-05-17,120
5681,4473,2025-02-28,Wallbox,E-Mobility,Wallbox defekt,Negativ,App,Hoch,2025-02-28,189
5682,1388,2024-04-10,Rechnung,Abrechnung,Abschlag anpassen,Neutral,Telefon,Mittel,2024-04-14,128
5683,17799,2023-04-18,Rechnung,Abrechnung,Abschlag zu hoch,Positiv,App,Mittel,2023-04-25,176
5684,18976,2023-01-17,Rechnung,Abrechnung,Rechnungsfrage,Neutral,Telefon,Niedrig,2023-01-27,124
5685,8735,2025-04-09,Rechnung,Abrechnung,Rechnungsfrage,Neutral,Chat,Niedrig,2025-04-20,115
5686,17125,2023-10-14,Wärmepumpe,Technisch,Fehlercode E01 angezeigt,Neutral,Telefon,Hoch,2023-10-17,160
5687,13661,2023-02-05,Allgemein,Service,Kontaktdaten ändern,Neutral,App,Niedrig,2023-02-14,2
5688,3552,2024-10-07,Solar,Technisch,Wechselrichter Fehler,Positiv,Telefon,Mittel,2024-10-14,76
5689,16427,2025-04-12,Wallbox,E-Mobility,Wallbox lädt nicht,Negativ,Email,Hoch,2025-04-16,51
5690,19161,2025-04-08,Allgemein,Service,Informationsanfrage,Negativ,App,Mittel,2025-04-17,179
5691,3011,2023-07-21,Solar,Technisch,Monitoring nicht verfügbar,Negativ,Telefon,Mittel,2023-08-01,42
5692,715,2024-06-26,Allgemein,Service,Beschwerde,Negativ,Chat,Hoch,2024-06-26,123
5693,14043,2025-05-24,Rechnung,Abrechnung,Unstimmigkeit in Rechnung,Positiv,Email,Mittel,2025-06-06,119
5694,424,2024-07-16,Solar,Technisch,Einspeisevergütung Frage,Neutral,Email,Mittel,2024-07-29,185
5695,4395,2025-02-17,Solar,Technisch,Solaranlage produziert nicht,Negativ,Chat,Niedrig,2025-02-27,112
5696,13401,2024-08-27,Smart Meter,Installation,Smart Meter zeigt keine Daten,Neutral,Telefon,Mittel,2024-08-29,39
5697,15096,2025-06-13,Rechnung,Abrechnung,Abschlag anpassen,Neutral,App,Niedrig,2025-06-27,148
5698,8428,2023-09-03,Smart Meter,Installation,Smart Meter Installation angefragt,Neutral,Email,Kritisch,2023-09-06,146
5699,7280,2024-02-04,Tarif,Vertrag,Umzug melden,Negativ,Email,Hoch,2024-02-04,102
5700,18178,2023-04-20,Wallbox,E-Mobility,Wallbox lädt nicht,Negativ,App,Mittel,2023-04-30,115
5701,11807,2024-01-28,Solar,Technisch,Wechselrichter Fehler,Negativ,App,Mittel,2024-02-06,76
5702,19730,2023-01-17,Wärmepumpe,Technisch,Wartung angefragt,Neutral,Telefon,Mittel,2023-01-29,66
5703,10148,2023-11-13,Rechnung,Abrechnung,Abschlag zu hoch,Positiv,App,Mittel,2023-11-25,71
5704,5035,2023-08-09,Tarif,Vertrag,Ökostrom Umstellung,Neutral,Chat,Mittel,2023-08-17,86
5705,11944,2024-08-19,Speicher,Technisch,Kapazität gesunken,Neutral,App,Mittel,2024-08-30,9
5706,7752,2023-08-05,Wallbox,E-Mobility,App-Verbindung unterbrochen,Neutral,Telefon,Mittel,2023-08-10,83
5707,12996,2024-11-12,Allgemein,Service,Beschwerde,Negativ,Telefon,Hoch,2024-11-17,172
5708,19660,2025-04-23,Rechnung,Abrechnung,Unstimmigkeit in Rechnung,Neutral,Telefon,Niedrig,2025-05-04,4
5709,2766,2024-09-27,Tarif,Vertrag,Kündigung,Positiv,Chat,Mittel,2024-09-30,75
5710,9965,2023-07-23,Speicher,Technisch,Speicher lädt nicht,Negativ,Chat,Mittel,2023-07-29,119
5711,3608,2024-04-06,Wärmepumpe,Technisch,Effizienz zu niedrig,Neutral,App,Mittel,2024-04-12,23
5712,44,2024-09-20,Rechnung,Abrechnung,Gutschrift angefragt,Negativ,App,Mittel,2024-09-22,194
5713,11801,2023-07-18,Smart Meter,Installation,Smart Meter Installation angefragt,Neutral,Email,Hoch,2023-07-22,117
5714,4892,2024-01-16,Solar,Technisch,Einspeisevergütung Frage,Neutral,Chat,Mittel,2024-01-28,143
5715,12398,2023-09-20,Allgemein,Service,Informationsanfrage,Positiv,App,Niedrig,2023-09-20,85
5716,11079,2023-04-11,Wallbox,E-Mobility,App-Verbindung unterbrochen,Negativ,Email,Mittel,2023-04-13,196
5717,7948,2024-09-09,Speicher,Technisch,Speicher lädt nicht,Negativ,Email,Hoch,2024-09-11,134
5718,19983,2025-02-09,Solar,Technisch,Wechselrichter Fehler,Negativ,Chat,Mittel,2025-02-15,39
5719,6969,2024-07-13,Wärmepumpe,Technisch,Wärmepumpe läuft nicht,Negativ,Email,Hoch,2024-07-15,169
5720,1119,2024-05-16,Wärmepumpe,Technisch,Wärmepumpe läuft nicht,Negativ,Email,Hoch,2024-05-16,90
5721,2879,2023-07-19,Tarif,Vertrag,Ökostrom Umstellung,Negativ,Telefon,Mittel,2023-07-24,194
5722,3651,2023-10-13,Speicher,Technisch,Speicher lädt nicht,Negativ,App,Kritisch,2023-10-14,114
5723,17637,2023-06-09,Rechnung,Abrechnung,Gutschrift angefragt,Positiv,App,Hoch,2023-06-09,87
5724,1516,2024-02-03,Rechnung,Abrechnung,Unstimmigkeit in Rechnung,Neutral,App,Kritisch,2024-02-08,170
5725,4619,2024-12-22,Rechnung,Abrechnung,Zahlungsplan angefragt,Negativ,Chat,Niedrig,2024-12-25,78
5726,3645,2025-02-17,Solar,Technisch,Solaranlage Ertrag niedrig,Negativ,App,Niedrig,2025-02-25,26
5727,10477,2025-04-18,Allgemein,Service,Informationsanfrage,Neutral,App,Mittel,2025-04-26,46
5728,3052,2024-03-24,Smart Meter,Installation,Smart Meter Ablesung fehlerhaft,Neutral,Email,Niedrig,2024-03-29,106
5729,15513,2024-12-31,Allgemein,Service,Beschwerde,Negativ,Telefon,Mittel,2025-01-09,6
5730,6162,2024-02-24,Rechnung,Abrechnung,Abschlag zu hoch,Neutral,App,Hoch,2024-03-02,178
5731,15881,2023-07-10,Solar,Technisch,Solaranlage produziert nicht,Negativ,Email,Kritisch,2023-07-10,95
5732,16802,2025-01-09,Allgemein,Service,Allgemeine Anfrage,Neutral,Chat,Hoch,2025-01-09,22
5733,284,2023-01-12,Smart Meter,Installation,Smart Meter App funktioniert nicht,Negativ,Telefon,Hoch,2023-01-17,198
5734,17357,2023-07-06,Allgemein,Service,Informationsanfrage,Negativ,Chat,Hoch,2023-07-09,100
5735,19679,2025-03-18,Speicher,Technisch,Speicher lädt nicht,Negativ,Telefon,Mittel,2025-03-20,48
5736,10870,2024-07-16,Allgemein,Service,Allgemeine Anfrage,Neutral,App,Mittel,2024-07-27,124
5737,250,2025-04-26,Wärmepumpe,Technisch,Geräuschentwicklung zu hoch,Neutral,Email,Niedrig,2025-04-30,193
5738,10675,2025-03-12,Wallbox,E-Mobility,Ladekarte Probleme,Positiv,App,Mittel,2025-03-15,77
5739,4688,2024-03-02,Solar,Technisch,Solaranlage produziert nicht,Negativ,App,Mittel,2024-03-15,89
5740,13796,2023-05-19,Wallbox,E-Mobility,App-Verbindung unterbrochen,Neutral,Chat,Mittel,2023-05-31,30
5741,6756,2023-06-19,Solar,Technisch,Einspeisevergütung Frage,Negativ,App,Mittel,2023-07-03,173
5742,12838,2024-04-13,Wärmepumpe,Technisch,Geräuschentwicklung zu hoch,Negativ,Chat,Hoch,2024-04-16,145
5743,15995,2024-12-13,Wärmepumpe,Technisch,Wartung angefragt,Positiv,Chat,Mittel,2024-12-22,200
5744,1700,2024-06-12,Wärmepumpe,Technisch,Fehlercode E01 angezeigt,Positiv,Email,Niedrig,2024-06-14,101
5745,2408,2024-01-23,Wallbox,E-Mobility,Wallbox lädt nicht,Negativ,Email,Niedrig,2024-02-05,6
5746,12498,2023-08-02,Wallbox,E-Mobility,Wallbox defekt,Negativ,Chat,Mittel,2023-08-08,57
5747,7048,2024-07-08,Wallbox,E-Mobility,Wallbox Installation angefragt,Neutral,Chat,Niedrig,2024-07-20,166
5748,19375,2024-01-20,Tarif,Vertrag,Kündigung,Neutral,Email,Niedrig,2024-01-30,9
5749,13510,2023-12-27,Solar,Technisch,Solaranlage produziert nicht,Negativ,App,Hoch,2023-12-30,67
5750,2881,2024-02-29,Smart Meter,Installation,Smart Meter App funktioniert nicht,Negativ,Chat,Niedrig,2024-03-10,96
5751,7160,2025-03-15,Allgemein,Service,Lob,Positiv,App,Niedrig,2025-03-27,182
5752,19617,2023-06-07,Speicher,Technisch,Speicher lädt nicht,Negativ,App,Kritisch,2023-06-08,158
5753,5979,2025-03-26,Wallbox,E-Mobility,Wallbox lädt nicht,Negativ,Telefon,Hoch,2025-04-02,141
5754,12939,2024-12-05,Speicher,Technisch,Speicher lädt nicht,Negativ,Email,Kritisch,2024-12-06,18
5755,8576,2023-01-28,Smart Meter,Installation,Smart Meter zeigt keine Daten,Neutral,App,Mittel,2023-02-08,37
5756,4445,2024-05-06,Wallbox,E-Mobility,Wallbox Installation angefragt,Neutral,Email,Mittel,2024-05-06,58
5757,10890,2025-05-02,Speicher,Technisch,Batteriespeicher Störung,Negativ,Email,Hoch,2025-05-07,144
5758,6697,2025-05-31,Rechnung,Abrechnung,Zahlungsplan angefragt,Negativ,Telefon,Niedrig,2025-06-07,72
5759,4785,2024-09-17,Allgemein,Service,Lob,Positiv,Email,Niedrig,2024-10-01,172
5760,15396,2025-03-03,Tarif,Vertrag,Kündigung,Neutral,App,Niedrig,2025-03-13,141
5761,7710,2024-02-13,Solar,Technisch,Wechselrichter Fehler,Neutral,Email,Kritisch,2024-02-13,50
5762,18926,2024-02-13,Rechnung,Abrechnung,Zahlungsplan angefragt,Neutral,Telefon,Hoch,2024-02-13,80
5763,13012,2024-06-12,Smart Meter,Installation,Smart Meter Installation angefragt,Negativ,Telefon,Niedrig,2024-06-24,198
5764,1740,2024-04-10,Wärmepumpe,Technisch,Wärmepumpe läuft nicht,Negativ,Email,Hoch,2024-04-13,151
5765,6291,2024-02-27,Solar,Technisch,Einspeisevergütung Frage,Neutral,Chat,Mittel,2024-03-01,195
5766,17126,2023-11-29,Speicher,Technisch,Speicher lädt nicht,Negativ,Telefon,Kritisch,2023-12-06,121
5767,5526,2023-05-10,Tarif,Vertrag,Kündigung,Neutral,Chat,Niedrig,2023-05-17,140
5768,3972,2023-07-27,Speicher,Technisch,Kapazität gesunken,Neutral,Chat,Mittel,2023-08-07,184
5769,12937,2024-10-09,Speicher,Technisch,Batteriespeicher Störung,Negativ,Email,Kritisch,2024-10-14,132
5770,17813,2024-10-28,Wallbox,E-Mobility,Ladekarte Probleme,Neutral,Chat,Mittel,2024-10-30,104
5771,2687,2023-11-16,Solar,Technisch,Wechselrichter Fehler,Neutral,Email,Niedrig,2023-11-18,107
5772,16698,2024-02-12,Wallbox,E-Mobility,Wallbox lädt nicht,Negativ,Chat,Mittel,2024-02-13,28
5773,11673,2023-06-15,Smart Meter,Installation,Smart Meter App funktioniert nicht,Negativ,Email,Hoch,2023-06-18,55
5774,289,2024-07-22,Smart Meter,Installation,Smart Meter App funktioniert nicht,Negativ,App,Hoch,2024-07-25,9
5775,4852,2023-07-10,Speicher,Technisch,Kapazität gesunken,Negativ,Chat,Niedrig,2023-07-16,89
5776,2393,2024-04-16,Allgemein,Service,Lob,Positiv,Email,Niedrig,2024-04-19,6
5777,4175,2025-04-26,Solar,Technisch,Solaranlage Ertrag niedrig,Neutral,App,Mittel,2025-04-26,108
5778,696,2023-05-05,Wärmepumpe,Technisch,Fehlercode E01 angezeigt,Neutral,Telefon,Niedrig,2023-05-16,161
5779,12604,2023-07-30,Allgemein,Service,Lob,Positiv,Telefon,Niedrig,2023-08-11,179
5780,7278,2025-05-06,Wallbox,E-Mobility,Wallbox lädt nicht,Negativ,Email,Hoch,2025-05-09,73
5781,1798,2023-02-18,Tarif,Vertrag,Kündigung,Negativ,Telefon,Hoch,2023-02-19,107
5782,13658,2023-07-18,Tarif,Vertrag,Umzug melden,Positiv,Telefon,Kritisch,2023-07-25,71
5783,5978,2023-10-22,Smart Meter,Installation,Smart Meter Installation angefragt,Neutral,Email,Mittel,2023-10-30,15
5784,2876,2024-04-25,Smart Meter,Installation,Smart Meter App funktioniert nicht,Negativ,Chat,Niedrig,2024-05-05,149
5785,7202,2024-11-16,Tarif,Vertrag,Tarifwechsel angefragt,Positiv,Email,Kritisch,2024-11-16,144
5786,17018,2025-03-04,Solar,Technisch,Wechselrichter Fehler,Neutral,Email,Mittel,2025-03-06,96
5787,1207,2023-01-07,Wallbox,E-Mobility,App-Verbindung unterbrochen,Positiv,App,Niedrig,2023-01-21,3
5788,19097,2025-03-13,Allgemein,Service,Allgemeine Anfrage,Positiv,Telefon,Mittel,2025-03-19,194
5789,10634,2023-07-01,Tarif,Vertrag,Kündigung,Positiv,Email,Mittel,2023-07-02,68
5790,1362,2025-06-04,Rechnung,Abrechnung,Abschlag anpassen,Neutral,Email,Mittel,2025-06-07,106
5791,16318,2023-04-06,Wärmepumpe,Technisch,Geräuschentwicklung zu hoch,Neutral,Telefon,Niedrig,2023-04-08,28
5792,16416,2023-11-04,Solar,Technisch,Einspeisevergütung Frage,Neutral,App,Niedrig,2023-11-12,120
5793,11697,2025-04-03,Allgemein,Service,Lob,Positiv,Chat,Niedrig,2025-04-06,87
5794,7753,2025-04-04,Solar,Technisch,Einspeisevergütung Frage,Positiv,Chat,Mittel,2025-04-13,4
5795,16915,2023-02-15,Wallbox,E-Mobility,App-Verbindung unterbrochen,Neutral,Telefon,Hoch,2023-02-22,47
5796,1563,2024-11-23,Smart Meter,Installation,Smart Meter defekt,Negativ,Chat,Niedrig,2024-12-03,144
5797,16158,2024-07-17,Rechnung,Abrechnung,Unstimmigkeit in Rechnung,Neutral,App,Hoch,2024-07-21,39
5798,11241,2025-05-27,Allgemein,Service,Beschwerde,Negativ,App,Niedrig,2025-06-08,192
5799,19435,2024-05-30,Speicher,Technisch,Batteriespeicher Störung,Negativ,Telefon,Mittel,2024-05-31,17
5800,7410,2025-01-23,Wallbox,E-Mobility,App-Verbindung unterbrochen,Neutral,App,Niedrig,2025-02-03,121
5801,14562,2024-05-02,Wärmepumpe,Technisch,Wärmepumpe läuft nicht,Negativ,Email,Kritisch,2024-05-07,85
5802,11929,2024-11-03,Wallbox,E-Mobility,Ladekarte Probleme,Neutral,Email,Kritisch,2024-11-06,37
5803,11034,2023-11-14,Smart Meter,Installation,Smart Meter Ablesung fehlerhaft,Neutral,Email,Niedrig,2023-11-20,103
5804,507,2024-03-20,Speicher,Technisch,Speicher lädt nicht,Negativ,Telefon,Mittel,2024-03-31,187
5805,13218,2023-03-06,Smart Meter,Installation,Smart Meter Installation angefragt,Neutral,Email,Mittel,2023-03-17,176
5806,5974,2025-05-28,Solar,Technisch,Einspeisevergütung Frage,Positiv,Email,Niedrig,2025-06-02,29
5807,17415,2024-12-14,Speicher,Technisch,Batteriespeicher Störung,Negativ,App,Kritisch,2024-12-16,179
5808,13963,2023-06-06,Wärmepumpe,Technisch,Geräuschentwicklung zu hoch,Positiv,Chat,Mittel,2023-06-10,196
5809,1577,2023-11-16,Speicher,Technisch,Kapazität gesunken,Neutral,App,Mittel,2023-11-20,198
5810,4218,2024-12-23,Rechnung,Abrechnung,Abschlag zu hoch,Negativ,Email,Kritisch,2024-12-23,128
5811,637,2023-05-23,Rechnung,Abrechnung,Zahlungsplan angefragt,Neutral,Chat,Niedrig,2023-05-30,133
5812,1300,2023-06-26,Tarif,Vertrag,Kündigung,Negativ,Chat,Mittel,2023-06-27,186
5813,264,2024-12-03,Allgemein,Service,Beschwerde,Negativ,Telefon,Hoch,2024-12-03,138
5814,6034,2023-11-27,Rechnung,Abrechnung,Zahlungsplan angefragt,Neutral,Chat,Mittel,2023-12-06,66
5815,2350,2024-02-16,Speicher,Technisch,Batteriespeicher Störung,Negativ,Email,Hoch,2024-02-16,196
5816,9412,2025-05-01,Tarif,Vertrag,Vertragsverlängerung,Neutral,Email,Niedrig,2025-05-02,118
5817,4514,2024-02-26,Allgemein,Service,Beschwerde,Negativ,Email,Mittel,2024-03-02,91
5818,16317,2023-03-04,Tarif,Vertrag,Tarifwechsel angefragt,Negativ,Chat,Mittel,2023-03-12,79
5819,12723,2024-03-28,Smart Meter,Installation,Smart Meter App funktioniert nicht,Negativ,Telefon,Kritisch,2024-04-03,98
5820,2057,2023-08-26,Tarif,Vertrag,Kündigung,Neutral,Telefon,Mittel,2023-09-07,106
5821,10622,2023-11-04,Speicher,Technisch,Batteriespeicher Störung,Negativ,Telefon,Hoch,2023-11-11,108
5822,9822,2025-05-26,Rechnung,Abrechnung,Gutschrift angefragt,Neutral,App,Niedrig,2025-05-28,163
5823,18191,2023-08-28,Wallbox,E-Mobility,Wallbox Installation angefragt,Positiv,App,Hoch,2023-09-03,179
5824,14176,2023-01-22,Wärmepumpe,Technisch,Wärmepumpe läuft nicht,Negativ,App,Kritisch,2023-01-22,129
5825,5482,2025-06-11,Solar,Technisch,Einspeisevergütung Frage,Negativ,Email,Niedrig,2025-06-17,63
5826,4188,2023-10-11,Wallbox,E-Mobility,Wallbox defekt,Negativ,Email,Hoch,2023-10-18,13
5827,1204,2025-06-24,Wallbox,E-Mobility,Wallbox defekt,Negativ,Email,Mittel,2025-06-26,87
5828,4899,2023-08-24,Rechnung,Abrechnung,Zahlungsplan angefragt,Neutral,Telefon,Mittel,2023-08-30,168
5829,597,2024-01-15,Rechnung,Abrechnung,Abschlag zu hoch,Neutral,Telefon,Mittel,2024-01-18,64
5830,8106,2024-10-14,Wallbox,E-Mobility,Wallbox Installation angefragt,Negativ,Chat,Mittel,2024-10-16,115
5831,17710,2023-05-03,Solar,Technisch,Einspeisevergütung Frage,Neutral,App,Hoch,2023-05-08,73
5832,17965,2024-12-07,Wallbox,E-Mobility,Wallbox Installation angefragt,Neutral,Chat,Hoch,2024-12-12,19
5833,17676,2024-01-05,Tarif,Vertrag,Kündigung,Neutral,Email,Mittel,2024-01-12,198
5834,17603,2024-07-09,Tarif,Vertrag,Umzug melden,Neutral,Email,Mittel,2024-07-12,140
5835,1302,2024-07-07,Wallbox,E-Mobility,Ladekarte Probleme,Neutral,Chat,Mittel,2024-07-08,64
5836,3350,2023-09-16,Rechnung,Abrechnung,Abschlag anpassen,Neutral,App,Hoch,2023-09-20,125
5837,19881,2023-03-01,Tarif,Vertrag,Kündigung,Neutral,App,Niedrig,2023-03-10,23
5838,19289,2024-03-05,Rechnung,Abrechnung,Gutschrift angefragt,Negativ,Chat,Kritisch,2024-03-11,117
5839,9312,2025-04-16,Rechnung,Abrechnung,Gutschrift angefragt,Neutral,Chat,Niedrig,2025-04-19,160
5840,11312,2023-04-28,Wallbox,E-Mobility,Wallbox defekt,Negativ,Email,Hoch,2023-05-05,55
5841,10563,2024-08-17,Solar,Technisch,Monitoring nicht verfügbar,Negativ,Email,Kritisch,2024-08-18,18
5842,2118,2023-01-25,Solar,Technisch,Solaranlage Ertrag niedrig,Neutral,Email,Niedrig,2023-01-25,179
5843,683,2025-02-16,Speicher,Technisch,Batteriespeicher Störung,Negativ,Telefon,Kritisch,2025-02-23,8
5844,1055,2023-09-07,Wallbox,E-Mobility,Wallbox defekt,Negativ,Chat,Hoch,2023-09-07,55
5845,9236,2024-09-19,Speicher,Technisch,Batteriespeicher Störung,Negativ,Telefon,Hoch,2024-09-21,15
5846,1766,2025-01-05,Wärmepumpe,Technisch,Effizienz zu niedrig,Neutral,Chat,Mittel,2025-01-07,24
5847,13462,2025-04-02,Smart Meter,Installation,Smart Meter App funktioniert nicht,Negativ,Chat,Mittel,2025-04-07,145
5848,4068,2025-06-26,Solar,Technisch,Solaranlage produziert nicht,Negativ,Email,Hoch,2025-06-26,65
5849,15468,2024-01-10,Rechnung,Abrechnung,Abschlag zu hoch,Positiv,Email,Mittel,2024-01-10,127
5850,2898,2024-05-15,Speicher,Technisch,Kapazität gesunken,Neutral,Chat,Mittel,2024-05-17,95
5851,13309,2024-08-18,Wallbox,E-Mobility,Wallbox defekt,Negativ,App,Kritisch,2024-08-18,4
5852,15394,2023-02-16,Wärmepumpe,Technisch,Wärmepumpe läuft nicht,Negativ,Telefon,Niedrig,2023-02-22,177
5853,3186,2025-05-06,Allgemein,Service,Informationsanfrage,Neutral,Email,Niedrig,2025-05-17,29
5854,3588,2024-10-27,Solar,Technisch,Monitoring nicht verfügbar,Negativ,Email,Hoch,2024-11-01,17
5855,47,2023-02-09,Speicher,Technisch,Batteriespeicher Störung,Negativ,App,Hoch,2023-02-09,58
5856,7461,2024-01-14,Wallbox,E-Mobility,App-Verbindung unterbrochen,Neutral,Email,Kritisch,2024-01-19,8
5857,8060,2024-11-24,Rechnung,Abrechnung,Abschlag anpassen,Negativ,App,Niedrig,2024-11-29,185
5858,19377,2024-08-12,Smart Meter,Installation,Smart Meter zeigt keine Daten,Neutral,Chat,Niedrig,2024-08-19,13
5859,18034,2023-12-28,Smart Meter,Installation,Smart Meter App funktioniert nicht,Negativ,Telefon,Kritisch,2024-01-01,61
5860,13863,2023-12-15,Rechnung,Abrechnung,Unstimmigkeit in Rechnung,Neutral,Chat,Mittel,2023-12-20,135
5861,1954,2024-06-18,Rechnung,Abrechnung,Zahlungsplan angefragt,Neutral,Chat,Mittel,2024-06-26,181
5862,9374,2024-02-20,Wallbox,E-Mobility,Wallbox Installation angefragt,Negativ,Email,Mittel,2024-03-05,7
5863,9319,2024-03-31,Speicher,Technisch,Batteriespeicher Störung,Negativ,Chat,Kritisch,2024-04-07,96
5864,17703,2024-07-02,Wärmepumpe,Technisch,Wärmepumpe läuft nicht,Negativ,Chat,Hoch,2024-07-06,119
5865,4127,2023-05-12,Wallbox,E-Mobility,Wallbox lädt nicht,Negativ,Chat,Hoch,2023-05-13,63
5866,15157,2024-01-05,Allgemein,Service,Beschwerde,Negativ,Chat,Mittel,2024-01-16,103
5867,8003,2024-03-18,Allgemein,Service,Allgemeine Anfrage,Neutral,Email,Mittel,2024-03-20,94
5868,17060,2023-02-21,Wallbox,E-Mobility,Ladekarte Probleme,Neutral,App,Niedrig,2023-02-23,176
5869,18511,2024-08-07,Allgemein,Service,Lob,Positiv,Chat,Niedrig,2024-08-13,5
5870,4284,2025-03-10,Rechnung,Abrechnung,Unstimmigkeit in Rechnung,Neutral,Chat,Mittel,2025-03-24,41
5871,6332,2024-01-25,Speicher,Technisch,Batteriespeicher Störung,Negativ,App,Mittel,2024-01-25,142
5872,19815,2024-06-30,Wärmepumpe,Technisch,Wärmepumpe Störung,Negativ,Telefon,Mittel,2024-07-06,135
5873,19161,2025-01-11,Wärmepumpe,Technisch,Fehlercode E01 angezeigt,Neutral,Email,Mittel,2025-01-21,3
5874,10392,2024-09-19,Wallbox,E-Mobility,App-Verbindung unterbrochen,Neutral,Telefon,Niedrig,2024-09-28,199
5875,19367,2024-01-10,Allgemein,Service,Kontaktdaten ändern,Neutral,App,Niedrig,2024-01-13,194
5876,10748,2024-06-14,Wallbox,E-Mobility,Wallbox defekt,Negativ,Telefon,Niedrig,2024-06-27,110
5877,7833,2024-06-06,Speicher,Technisch,Speicher lädt nicht,Negativ,Chat,Mittel,2024-06-13,27
5878,514,2023-10-03,Tarif,Vertrag,Umzug melden,Neutral,App,Mittel,2023-10-08,62
5879,19232,2024-01-19,Wärmepumpe,Technisch,Effizienz zu niedrig,Neutral,Email,Niedrig,2024-01-26,197
5880,9669,2023-06-15,Wallbox,E-Mobility,Wallbox defekt,Negativ,App,Hoch,2023-06-21,6
5881,2729,2024-11-24,Speicher,Technisch,Batteriespeicher Störung,Negativ,App,Mittel,2024-12-06,99
5882,14139,2024-01-10,Tarif,Vertrag,Umzug melden,Neutral,Email,Niedrig,2024-01-13,198
5883,13105,2024-08-28,Tarif,Vertrag,Preisgarantie Frage,Negativ,Chat,Mittel,2024-09-11,131
5884,17477,2025-01-08,Wärmepumpe,Technisch,Effizienz zu niedrig,Negativ,App,Mittel,2025-01-19,83
5885,19948,2023-03-08,Allgemein,Service,Informationsanfrage,Neutral,Email,Mittel,2023-03-12,107
5886,1607,2023-09-20,Tarif,Vertrag,Vertragsverlängerung,Negativ,Email,Niedrig,2023-09-25,24
5887,15599,2023-08-05,Solar,Technisch,Solaranlage produziert nicht,Negativ,Telefon,Hoch,2023-08-05,52
5888,13325,2024-08-05,Wärmepumpe,Technisch,Geräuschentwicklung zu hoch,Negativ,Chat,Mittel,2024-08-15,24
5889,516,2025-01-12,Smart Meter,Installation,Smart Meter Installation angefragt,Neutral,Chat,Niedrig,2025-01-21,57
5890,5205,2024-03-01,Smart Meter,Installation,Smart Meter Installation angefragt,Neutral,App,Mittel,2024-03-14,91
5891,6247,2023-09-21,Speicher,Technisch,Kapazität gesunken,Neutral,Chat,Niedrig,2023-10-01,178
5892,15060,2023-09-15,Tarif,Vertrag,Vertragsverlängerung,Neutral,App,Niedrig,2023-09-28,81
5893,12415,2023-01-20,Speicher,Technisch,Kapazität gesunken,Neutral,App,Mittel,2023-01-31,58
5894,16337,2023-04-15,Tarif,Vertrag,Preisgarantie Frage,Positiv,App,Niedrig,2023-04-29,112
5895,14091,2024-10-25,Solar,Technisch,Monitoring nicht verfügbar,Negativ,Chat,Hoch,2024-10-26,147
5896,11224,2025-06-21,Wallbox,E-Mobility,App-Verbindung unterbrochen,Negativ,Email,Niedrig,2025-06-28,127
5897,5295,2023-06-18,Wallbox,E-Mobility,App-Verbindung unterbrochen,Neutral,Telefon,Hoch,2023-06-22,191
5898,13247,2024-06-12,Wallbox,E-Mobility,Wallbox defekt,Negativ,Email,Hoch,2024-06-13,76
5899,17398,2024-02-23,Wärmepumpe,Technisch,Wärmepumpe Störung,Negativ,Email,Hoch,2024-02-27,136
5900,17903,2023-09-01,Solar,Technisch,Monitoring nicht verfügbar,Negativ,App,Hoch,2023-09-05,115
5901,8211,2025-02-05,Allgemein,Service,Allgemeine Anfrage,Neutral,Chat,Niedrig,2025-02-11,63
5902,10869,2023-01-31,Allgemein,Service,Lob,Positiv,Email,Niedrig,2023-02-11,103
5903,16594,2024-02-25,Wallbox,E-Mobility,Wallbox Installation angefragt,Neutral,Telefon,Hoch,2024-03-01,69
5904,5504,2024-12-20,Wärmepumpe,Technisch,Wärmepumpe Störung,Negativ,App,Hoch,2024-12-27,161
5905,975,2024-09-21,Solar,Technisch,Wechselrichter Fehler,Negativ,Chat,Niedrig,2024-09-24,192
5906,7069,2023-10-26,Allgemein,Service,Lob,Positiv,Email,Niedrig,2023-10-28,147
5907,18840,2025-04-16,Tarif,Vertrag,Kündigung,Neutral,App,Kritisch,2025-04-16,81
5908,13615,2023-05-28,Solar,Technisch,Monitoring nicht verfügbar,Negativ,Chat,Hoch,2023-05-30,73
5909,2108,2023-05-22,Speicher,Technisch,Batteriespeicher Störung,Negativ,App,Hoch,2023-05-24,179
5910,4937,2023-03-31,Tarif,Vertrag,Ökostrom Umstellung,Negativ,Email,Niedrig,2023-04-09,48
5911,1662,2023-03-27,Allgemein,Service,Lob,Positiv,Chat,Niedrig,2023-03-31,23
5912,16761,2023-07-31,Speicher,Technisch,Kapazität gesunken,Neutral,Telefon,Mittel,2023-08-14,170
5913,7009,2023-05-30,Rechnung,Abrechnung,Abschlag zu hoch,Neutral,App,Niedrig,2023-05-30,74
5914,19382,2025-04-09,Tarif,Vertrag,Kündigung,Positiv,Email,Mittel,2025-04-22,33
5915,11534,2023-10-23,Tarif,Vertrag,Preisgarantie Frage,Neutral,Telefon,Mittel,2023-11-02,101
5916,19904,2025-06-08,Wallbox,E-Mobility,Wallbox lädt nicht,Negativ,Email,Hoch,2025-06-14,65
5917,12382,2024-06-19,Allgemein,Service,Allgemeine Anfrage,Neutral,Email,Mittel,2024-06-24,98
5918,4041,2023-09-21,Wärmepumpe,Technisch,Geräuschentwicklung zu hoch,Negativ,App,Niedrig,2023-09-21,133
5919,7467,2023-10-08,Tarif,Vertrag,Tarifwechsel angefragt,Neutral,Chat,Niedrig,2023-10-10,7
5920,2631,2025-04-14,Allgemein,Service,Allgemeine Anfrage,Positiv,Chat,Mittel,2025-04-19,88
5921,2412,2023-01-17,Wallbox,E-Mobility,Wallbox defekt,Negativ,Chat,Mittel,2023-01-29,115
5922,16395,2025-05-25,Rechnung,Abrechnung,Abschlag zu hoch,Neutral,App,Niedrig,2025-06-06,121
5923,10996,2024-09-23,Wärmepumpe,Technisch,Effizienz zu niedrig,Neutral,Chat,Mittel,2024-10-02,107
5924,14902,2023-06-23,Speicher,Technisch,Batteriespeicher Störung,Negativ,App,Mittel,2023-06-26,120
5925,18129,2025-05-18,Allgemein,Service,Kontaktdaten ändern,Neutral,Telefon,Mittel,2025-05-25,133
5926,314,2023-04-09,Allgemein,Service,Kontaktdaten ändern,Neutral,App,Niedrig,2023-04-10,130
5927,17422,2024-05-02,Wärmepumpe,Technisch,Wärmepumpe Störung,Negativ,Telefon,Niedrig,2024-05-11,71
5928,13981,2023-12-14,Rechnung,Abrechnung,Unstimmigkeit in Rechnung,Neutral,Telefon,Mittel,2023-12-18,41
5929,14378,2024-01-18,Tarif,Vertrag,Kündigung,Negativ,Email,Mittel,2024-01-28,77
5930,7924,2024-03-12,Wallbox,E-Mobility,Wallbox defekt,Negativ,Chat,Hoch,2024-03-14,183
5931,6755,2024-09-24,Tarif,Vertrag,Preisgarantie Frage,Neutral,Telefon,Niedrig,2024-10-01,102
5932,6614,2023-05-05,Smart Meter,Installation,Smart Meter App funktioniert nicht,Negativ,Telefon,Hoch,2023-05-10,62
5933,6242,2024-06-15,Tarif,Vertrag,Tarifwechsel angefragt,Neutral,Email,Mittel,2024-06-29,37
5934,1947,2023-09-23,Allgemein,Service,Informationsanfrage,Neutral,Telefon,Mittel,2023-09-25,108
5935,4627,2023-12-10,Speicher,Technisch,Speicher lädt nicht,Negativ,Telefon,Hoch,2023-12-15,128
5936,9270,2024-11-27,Rechnung,Abrechnung,Abschlag anpassen,Negativ,App,Mittel,2024-12-10,166
5937,1496,2025-05-02,Rechnung,Abrechnung,Abschlag zu hoch,Negativ,App,Niedrig,2025-05-06,73
5938,17397,2025-02-14,Rechnung,Abrechnung,Gutschrift angefragt,Positiv,Telefon,Mittel,2025-02-27,76
5939,4754,2025-02-17,Speicher,Technisch,Kapazität gesunken,Positiv,Email,Niedrig,2025-02-22,82
5940,1611,2024-05-20,Allgemein,Service,Informationsanfrage,Neutral,Chat,Hoch,2024-05-26,128
5941,14122,2024-08-29,Smart Meter,Installation,Smart Meter Installation angefragt,Neutral,Telefon,Mittel,2024-09-08,147
5942,9124,2023-09-13,Rechnung,Abrechnung,Abschlag zu hoch,Neutral,App,Mittel,2023-09-24,106
5943,1989,2024-08-13,Wärmepumpe,Technisch,Effizienz zu niedrig,Positiv,Chat,Mittel,2024-08-14,54
5944,18238,2023-04-17,Wallbox,E-Mobility,Wallbox defekt,Negativ,Telefon,Hoch,2023-04-22,38
5945,16888,2023-02-15,Speicher,Technisch,Kapazität gesunken,Negativ,Telefon,Mittel,2023-02-23,185
5946,13208,2024-04-02,Tarif,Vertrag,Umzug melden,Neutral,Chat,Mittel,2024-04-13,190
5947,15450,2024-02-07,Solar,Technisch,Solaranlage produziert nicht,Negativ,Telefon,Mittel,2024-02-20,45
5948,13195,2025-03-16,Solar,Technisch,Solaranlage produziert nicht,Negativ,App,Kritisch,2025-03-21,166
5949,1485,2025-02-21,Smart Meter,Installation,Smart Meter App funktioniert nicht,Negativ,Telefon,Kritisch,2025-02-27,30
5950,13830,2023-07-30,Allgemein,Service,Allgemeine Anfrage,Neutral,Telefon,Mittel,2023-08-07,68
5951,11820,2024-06-19,Speicher,Technisch,Kapazität gesunken,Neutral,Telefon,Mittel,2024-06-30,151
5952,5393,2025-01-11,Wärmepumpe,Technisch,Wartung angefragt,Neutral,App,Niedrig,2025-01-22,5
5953,2975,2023-04-05,Tarif,Vertrag,Kündigung,Neutral,Chat,Mittel,2023-04-05,7
5954,14755,2023-09-01,Rechnung,Abrechnung,Rechnungsfrage,Neutral,App,Niedrig,2023-09-04,192
5955,6589,2024-06-07,Smart Meter,Installation,Smart Meter zeigt keine Daten,Negativ,Chat,Hoch,2024-06-09,148
5956,19935,2024-02-14,Wallbox,E-Mobility,App-Verbindung unterbrochen,Negativ,App,Mittel,2024-02-19,160
5957,4614,2025-06-29,Solar,Technisch,Wechselrichter Fehler,Neutral,Telefon,Mittel,2025-07-09,181
5958,16564,2025-01-02,Speicher,Technisch,Speicher lädt nicht,Negativ,Email,Mittel,2025-01-06,164
5959,14416,2025-03-20,Smart Meter,Installation,Smart Meter zeigt keine Daten,Neutral,Telefon,Niedrig,2025-04-01,188
5960,8663,2025-02-03,Rechnung,Abrechnung,Unstimmigkeit in Rechnung,Neutral,Telefon,Mittel,2025-02-12,181
5961,1435,2024-10-06,Allgemein,Service,Beschwerde,Negativ,App,Hoch,2024-10-08,142
5962,16373,2025-05-15,Wärmepumpe,Technisch,Wärmepumpe Störung,Negativ,Telefon,Hoch,2025-05-16,23
5963,14310,2023-01-18,Wärmepumpe,Technisch,Wärmepumpe Störung,Negativ,Email,Kritisch,2023-01-18,71
5964,4104,2023-04-13,Wallbox,E-Mobility,Wallbox lädt nicht,Negativ,Email,Hoch,2023-04-15,10
5965,17224,2024-07-07,Smart Meter,Installation,Smart Meter Ablesung fehlerhaft,Negativ,Email,Mittel,2024-07-08,141
5966,19445,2025-05-23,Wallbox,E-Mobility,Wallbox Installation angefragt,Positiv,Telefon,Mittel,2025-05-29,63
5967,7596,2025-04-27,Allgemein,Service,Lob,Positiv,Chat,Niedrig,2025-05-09,31
5968,13179,2024-06-06,Speicher,Technisch,Batteriespeicher Störung,Negativ,Chat,Hoch,2024-06-08,56
5969,16835,2025-02-24,Rechnung,Abrechnung,Unstimmigkeit in Rechnung,Positiv,Email,Niedrig,2025-03-07,120
5970,5322,2023-06-16,Wärmepumpe,Technisch,Wärmepumpe Störung,Negativ,Email,Mittel,2023-06-20,103
5971,1201,2023-05-29,Wallbox,E-Mobility,Wallbox lädt nicht,Negativ,App,Hoch,2023-06-04,142
5972,1540,2025-05-09,Smart Meter,Installation,Smart Meter defekt,Negativ,Chat,Hoch,2025-05-13,35
5973,12077,2024-01-13,Tarif,Vertrag,Kündigung,Neutral,Telefon,Mittel,2024-01-23,73
5974,1020,2024-02-01,Wallbox,E-Mobility,Wallbox lädt nicht,Negativ,Chat,Hoch,2024-02-08,43
5975,1784,2024-11-28,Solar,Technisch,Einspeisevergütung Frage,Neutral,Telefon,Mittel,2024-12-06,190
5976,5737,2023-04-08,Wallbox,E-Mobility,Wallbox defekt,Negativ,Chat,Mittel,2023-04-10,90
5977,19116,2024-06-06,Wärmepumpe,Technisch,Wärmepumpe läuft nicht,Negativ,Telefon,Mittel,2024-06-20,160
5978,5334,2023-10-10,Solar,Technisch,Solaranlage Ertrag niedrig,Neutral,Chat,Niedrig,2023-10-15,156
5979,8086,2024-02-07,Speicher,Technisch,Batteriespeicher Störung,Negativ,Email,Kritisch,2024-02-10,181
5980,9474,2023-10-13,Allgemein,Service,Beschwerde,Negativ,App,Kritisch,2023-10-13,70
5981,6685,2024-08-19,Speicher,Technisch,Speicher lädt nicht,Negativ,App,Hoch,2024-08-26,28
5982,4037,2024-05-29,Rechnung,Abrechnung,Abschlag anpassen,Neutral,Email,Mittel,2024-06-08,70
5983,16373,2024-06-21,Speicher,Technisch,Batteriespeicher Störung,Negativ,App,Kritisch,2024-06-23,19
5984,11043,2024-04-20,Wallbox,E-Mobility,Wallbox Installation angefragt,Neutral,Email,Niedrig,2024-05-04,175
5985,10472,2025-03-19,Speicher,Technisch,Kapazität gesunken,Neutral,Email,Niedrig,2025-03-29,125
5986,6830,2023-01-03,Smart Meter,Installation,Smart Meter defekt,Negativ,App,Hoch,2023-01-07,118
5987,3137,2023-05-31,Solar,Technisch,Wechselrichter Fehler,Neutral,Email,Mittel,2023-06-12,177
5988,8037,2023-09-16,Smart Meter,Installation,Smart Meter defekt,Negativ,Telefon,Hoch,2023-09-21,154
5989,14258,2023-01-24,Smart Meter,Installation,Smart Meter Installation angefragt,Neutral,Chat,Niedrig,2023-01-26,107
5990,4167,2023-11-12,Tarif,Vertrag,Ökostrom Umstellung,Neutral,App,Niedrig,2023-11-18,102
5991,17660,2024-03-27,Allgemein,Service,Lob,Positiv,App,Niedrig,2024-04-10,148
5992,3988,2023-02-20,Speicher,Technisch,Batteriespeicher Störung,Negativ,App,Kritisch,2023-02-22,183
5993,6548,2024-03-07,Smart Meter,Installation,Smart Meter Ablesung fehlerhaft,Neutral,Telefon,Niedrig,2024-03-09,37
5994,620,2025-01-09,Solar,Technisch,Solaranlage Ertrag niedrig,Negativ,Email,Hoch,2025-01-10,87
5995,5146,2024-07-24,Wallbox,E-Mobility,App-Verbindung unterbrochen,Positiv,Chat,Mittel,2024-07-25,27
5996,1923,2025-01-07,Rechnung,Abrechnung,Abschlag anpassen,Neutral,Chat,Mittel,2025-01-07,83
5997,18693,2025-05-04,Tarif,Vertrag,Vertragsverlängerung,Negativ,Email,Mittel,2025-05-07,128
5998,12338,2023-08-13,Allgemein,Service,Informationsanfrage,Negativ,Telefon,Mittel,2023-08-14,40
5999,4639,2025-05-12,Speicher,Technisch,Batteriespeicher Störung,Negativ,Email,Mittel,2025-05-23,198
6000,12347,2023-01-19,Speicher,Technisch,Batteriespeicher Störung,Negativ,Chat,Mittel,2023-01-20,12
6001,11501,2023-08-04,Wallbox,E-Mobility,Ladekarte Probleme,Negativ,App,Niedrig,2023-08-18,197
6002,6521,2023-10-22,Allgemein,Service,Allgemeine Anfrage,Neutral,Telefon,Mittel,2023-10-31,178
6003,7883,2024-07-15,Wärmepumpe,Technisch,Wärmepumpe Störung,Negativ,App,Hoch,2024-07-19,148
6004,3608,2023-07-29,Smart Meter,Installation,Smart Meter defekt,Negativ,Email,Hoch,2023-07-29,159
6005,1328,2023-10-07,Tarif,Vertrag,Tarifwechsel angefragt,Neutral,Email,Niedrig,2023-10-19,48
6006,19935,2023-11-27,Rechnung,Abrechnung,Abschlag zu hoch,Neutral,Telefon,Niedrig,2023-12-09,35
6007,11502,2024-10-14,Allgemein,Service,Kontaktdaten ändern,Negativ,Email,Mittel,2024-10-21,152
6008,7183,2023-06-05,Tarif,Vertrag,Preisgarantie Frage,Neutral,Email,Niedrig,2023-06-08,184
6009,18155,2025-06-06,Speicher,Technisch,Speicher lädt nicht,Negativ,App,Kritisch,2025-06-08,126
6010,7498,2023-02-05,Solar,Technisch,Solaranlage produziert nicht,Negativ,Telefon,Hoch,2023-02-05,96
6011,15904,2024-05-07,Wärmepumpe,Technisch,Fehlercode E01 angezeigt,Negativ,Telefon,Niedrig,2024-05-11,64
6012,6442,2025-06-29,Tarif,Vertrag,Kündigung,Neutral,Email,Niedrig,2025-07-05,145
6013,9703,2024-08-18,Wärmepumpe,Technisch,Wärmepumpe Störung,Negativ,Email,Mittel,2024-08-31,47
6014,5316,2024-09-14,Wärmepumpe,Technisch,Fehlercode E01 angezeigt,Neutral,App,Mittel,2024-09-28,170
6015,7929,2023-10-14,Wallbox,E-Mobility,Wallbox defekt,Negativ,App,Kritisch,2023-10-19,152
6016,977,2023-03-17,Speicher,Technisch,Batteriespeicher Störung,Negativ,App,Hoch,2023-03-17,25
6017,195,2023-12-12,Wärmepumpe,Technisch,Fehlercode E01 angezeigt,Neutral,Chat,Hoch,2023-12-13,120
6018,12465,2025-03-20,Speicher,Technisch,Kapazität gesunken,Positiv,Email,Mittel,2025-03-29,50
6019,1248,2024-09-22,Wallbox,E-Mobility,Wallbox Installation angefragt,Negativ,Email,Mittel,2024-09-29,123
6020,17444,2023-07-01,Wallbox,E-Mobility,App-Verbindung unterbrochen,Neutral,App,Mittel,2023-07-06,2
6021,3212,2025-05-12,Smart Meter,Installation,Smart Meter Installation angefragt,Neutral,Email,Mittel,2025-05-24,75
6022,6146,2025-04-18,Wärmepumpe,Technisch,Effizienz zu niedrig,Neutral,Email,Hoch,2025-04-25,1
6023,1835,2024-10-02,Wärmepumpe,Technisch,Geräuschentwicklung zu hoch,Neutral,Chat,Hoch,2024-10-05,180
6024,15167,2024-12-09,Solar,Technisch,Monitoring nicht verfügbar,Negativ,Chat,Kritisch,2024-12-14,132
6025,13130,2025-02-12,Solar,Technisch,Solaranlage Ertrag niedrig,Neutral,Chat,Niedrig,2025-02-21,80
6026,11608,2024-08-13,Allgemein,Service,Kontaktdaten ändern,Neutral,Telefon,Mittel,2024-08-20,80
6027,765,2024-07-28,Tarif,Vertrag,Preisgarantie Frage,Negativ,App,Niedrig,2024-07-31,118
6028,16063,2023-04-30,Allgemein,Service,Informationsanfrage,Positiv,Chat,Mittel,2023-05-09,192
6029,8926,2024-08-12,Speicher,Technisch,Kapazität gesunken,Neutral,App,Kritisch,2024-08-13,140
6030,2947,2023-08-29,Speicher,Technisch,Batteriespeicher Störung,Negativ,App,Kritisch,2023-09-01,158
6031,5730,2023-08-20,Solar,Technisch,Wechselrichter Fehler,Neutral,App,Hoch,2023-08-25,172
6032,16016,2024-11-14,Speicher,Technisch,Kapazität gesunken,Neutral,Chat,Mittel,2024-11-14,8
6033,11484,2024-09-19,Wallbox,E-Mobility,Wallbox defekt,Negativ,Chat,Mittel,2024-09-28,184
6034,17249,2025-03-16,Solar,Technisch,Einspeisevergütung Frage,Neutral,App,Kritisch,2025-03-21,45
6035,11044,2023-11-14,Solar,Technisch,Einspeisevergütung Frage,Negativ,Telefon,Niedrig,2023-11-21,146
6036,17705,2023-10-11,Speicher,Technisch,Kapazität gesunken,Neutral,Chat,Mittel,2023-10-23,43
6037,11418,2024-12-25,Tarif,Vertrag,Ökostrom Umstellung,Neutral,App,Mittel,2024-12-30,142
6038,9411,2024-08-04,Tarif,Vertrag,Vertragsverlängerung,Negativ,Telefon,Mittel,2024-08-17,134
6039,3931,2025-05-27,Speicher,Technisch,Batteriespeicher Störung,Negativ,Telefon,Hoch,2025-05-31,132
6040,12512,2023-04-12,Wallbox,E-Mobility,Wallbox Installation angefragt,Neutral,App,Niedrig,2023-04-26,15
6041,14372,2024-07-30,Wallbox,E-Mobility,App-Verbindung unterbrochen,Neutral,App,Mittel,2024-08-07,74
6042,6131,2023-07-03,Tarif,Vertrag,Umzug melden,Neutral,Chat,Niedrig,2023-07-14,22
6043,7162,2023-04-11,Tarif,Vertrag,Vertragsverlängerung,Neutral,App,Niedrig,2023-04-13,71
6044,2325,2023-07-14,Rechnung,Abrechnung,Gutschrift angefragt,Neutral,Email,Mittel,2023-07-18,80
6045,10119,2023-08-18,Tarif,Vertrag,Kündigung,Neutral,Chat,Mittel,2023-08-29,70
6046,18626,2023-09-08,Solar,Technisch,Solaranlage Ertrag niedrig,Neutral,Email,Mittel,2023-09-16,60
6047,13675,2024-06-21,Tarif,Vertrag,Preisgarantie Frage,Neutral,Telefon,Mittel,2024-07-01,177
6048,17501,2025-03-01,Allgemein,Service,Allgemeine Anfrage,Negativ,Telefon,Mittel,2025-03-09,154
6049,13605,2023-02-11,Solar,Technisch,Einspeisevergütung Frage,Negativ,Telefon,Niedrig,2023-02-19,167
6050,8629,2025-05-17,Tarif,Vertrag,Preisgarantie Frage,Positiv,Email,Niedrig,2025-05-25,126
6051,15414,2024-10-22,Wallbox,E-Mobility,Ladekarte Probleme,Positiv,Email,Niedrig,2024-11-01,145
6052,13765,2024-01-11,Allgemein,Service,Kontaktdaten ändern,Neutral,Telefon,Mittel,2024-01-21,107
6053,7053,2024-12-27,Solar,Technisch,Solaranlage Ertrag niedrig,Neutral,App,Niedrig,2025-01-02,14
6054,2232,2024-05-27,Smart Meter,Installation,Smart Meter App funktioniert nicht,Negativ,Chat,Mittel,2024-05-31,103
6055,15872,2023-08-06,Tarif,Vertrag,Ökostrom Umstellung,Positiv,Email,Niedrig,2023-08-08,160
6056,16800,2023-09-19,Tarif,Vertrag,Umzug melden,Positiv,Chat,Mittel,2023-09-28,117
6057,4929,2023-08-24,Allgemein,Service,Lob,Positiv,Chat,Niedrig,2023-08-30,48
6058,14086,2024-01-10,Allgemein,Service,Beschwerde,Negativ,Chat,Hoch,2024-01-15,95
6059,13997,2023-06-10,Allgemein,Service,Beschwerde,Negativ,Email,Mittel,2023-06-24,156
6060,13116,2025-05-29,Wallbox,E-Mobility,Wallbox Installation angefragt,Positiv,Email,Mittel,2025-05-30,200
6061,7933,2024-11-11,Speicher,Technisch,Speicher lädt nicht,Negativ,App,Hoch,2024-11-11,21
6062,19293,2025-06-28,Wärmepumpe,Technisch,Effizienz zu niedrig,Neutral,Chat,Mittel,2025-07-11,2
6063,2737,2024-05-03,Wallbox,E-Mobility,Ladekarte Probleme,Neutral,App,Mittel,2024-05-10,119
6064,1099,2024-05-24,Allgemein,Service,Allgemeine Anfrage,Neutral,Telefon,Mittel,2024-05-29,94
6065,8985,2024-12-23,Solar,Technisch,Solaranlage Ertrag niedrig,Negativ,Telefon,Mittel,2025-01-01,94
6066,19377,2023-04-05,Smart Meter,Installation,Smart Meter defekt,Negativ,Email,Hoch,2023-04-12,10
6067,18308,2024-06-24,Smart Meter,Installation,Smart Meter Ablesung fehlerhaft,Negativ,Email,Mittel,2024-06-25,10
6068,16112,2025-04-06,Allgemein,Service,Informationsanfrage,Neutral,App,Niedrig,2025-04-08,109
6069,17816,2023-10-11,Wärmepumpe,Technisch,Wärmepumpe läuft nicht,Negativ,App,Kritisch,2023-10-18,20
6070,7687,2024-08-14,Solar,Technisch,Solaranlage Ertrag niedrig,Neutral,App,Mittel,2024-08-18,102
6071,2561,2023-04-21,Wallbox,E-Mobility,Wallbox defekt,Negativ,Email,Hoch,2023-04-26,21
6072,19811,2023-12-19,Rechnung,Abrechnung,Zahlungsplan angefragt,Neutral,Chat,Niedrig,2023-12-24,54
6073,9491,2023-10-27,Wärmepumpe,Technisch,Geräuschentwicklung zu hoch,Negativ,Email,Mittel,2023-11-08,149
6074,1761,2024-01-18,Speicher,Technisch,Speicher lädt nicht,Negativ,Email,Niedrig,2024-01-22,190
6075,16898,2025-01-16,Solar,Technisch,Solaranlage produziert nicht,Negativ,App,Hoch,2025-01-22,156
6076,19784,2023-09-08,Allgemein,Service,Lob,Positiv,Chat,Niedrig,2023-09-13,97
6077,1916,2024-12-01,Speicher,Technisch,Kapazität gesunken,Neutral,App,Mittel,2024-12-11,123
6078,14559,2023-11-03,Allgemein,Service,Beschwerde,Negativ,Email,Hoch,2023-11-08,119
6079,10679,2024-05-07,Wärmepumpe,Technisch,Effizienz zu niedrig,Neutral,Email,Niedrig,2024-05-19,178
6080,3730,2023-07-08,Rechnung,Abrechnung,Abschlag zu hoch,Positiv,App,Mittel,2023-07-22,94
6081,18557,2023-07-24,Wallbox,E-Mobility,Wallbox lädt nicht,Negativ,Chat,Hoch,2023-07-24,8
6082,14784,2025-04-16,Solar,Technisch,Monitoring nicht verfügbar,Negativ,Chat,Hoch,2025-04-20,76
6083,786,2024-10-25,Smart Meter,Installation,Smart Meter zeigt keine Daten,Neutral,Chat,Mittel,2024-11-01,123
6084,2698,2024-01-15,Allgemein,Service,Kontaktdaten ändern,Negativ,Chat,Hoch,2024-01-17,15
6085,14828,2023-06-16,Speicher,Technisch,Kapazität gesunken,Neutral,Email,Mittel,2023-06-25,12
6086,13548,2023-05-27,Wallbox,E-Mobility,Ladekarte Probleme,Negativ,Email,Niedrig,2023-05-28,177
6087,18509,2025-01-01,Solar,Technisch,Einspeisevergütung Frage,Neutral,Telefon,Kritisch,2025-01-08,74
6088,986,2024-12-15,Allgemein,Service,Kontaktdaten ändern,Neutral,Telefon,Mittel,2024-12-21,177
6089,13857,2025-06-03,Allgemein,Service,Allgemeine Anfrage,Negativ,App,Mittel,2025-06-08,105
6090,9087,2025-01-11,Tarif,Vertrag,Preisgarantie Frage,Neutral,App,Niedrig,2025-01-23,170
6091,920,2024-08-20,Smart Meter,Installation,Smart Meter Ablesung fehlerhaft,Neutral,App,Hoch,2024-08-26,48
6092,10320,2024-09-03,Wärmepumpe,Technisch,Wärmepumpe läuft nicht,Negativ,Email,Kritisch,2024-09-10,138
6093,11106,2024-09-05,Rechnung,Abrechnung,Zahlungsplan angefragt,Neutral,Chat,Hoch,2024-09-08,80
6094,4496,2023-04-20,Speicher,Technisch,Kapazität gesunken,Neutral,Chat,Mittel,2023-04-22,41
6095,9819,2025-05-07,Solar,Technisch,Solaranlage Ertrag niedrig,Neutral,Email,Mittel,2025-05-16,52
6096,8373,2023-11-27,Allgemein,Service,Kontaktdaten ändern,Negativ,App,Mittel,2023-12-09,198
6097,15291,2024-03-24,Wallbox,E-Mobility,Wallbox defekt,Negativ,Telefon,Mittel,2024-03-25,80
6098,11251,2025-02-07,Tarif,Vertrag,Tarifwechsel angefragt,Neutral,Chat,Mittel,2025-02-09,121
6099,11545,2024-01-20,Smart Meter,Installation,Smart Meter Ablesung fehlerhaft,Neutral,App,Hoch,2024-01-23,47
6100,5496,2024-04-01,Tarif,Vertrag,Vertragsverlängerung,Negativ,Email,Mittel,2024-04-14,132
6101,16111,2025-03-01,Wallbox,E-Mobility,Wallbox defekt,Negativ,App,Mittel,2025-03-09,158
6102,15513,2025-04-28,Wärmepumpe,Technisch,Wartung angefragt,Neutral,App,Mittel,2025-05-06,41
6103,6374,2025-01-10,Rechnung,Abrechnung,Unstimmigkeit in Rechnung,Neutral,Chat,Niedrig,2025-01-24,44
6104,2271,2024-10-25,Allgemein,Service,Allgemeine Anfrage,Positiv,Telefon,Mittel,2024-10-28,192
6105,9051,2025-01-21,Smart Meter,Installation,Smart Meter App funktioniert nicht,Negativ,Email,Kritisch,2025-01-21,183
6106,19049,2024-03-24,Speicher,Technisch,Kapazität gesunken,Neutral,Chat,Hoch,2024-03-28,150
6107,10395,2024-07-09,Solar,Technisch,Wechselrichter Fehler,Neutral,App,Mittel,2024-07-18,142
6108,6824,2024-10-30,Allgemein,Service,Lob,Positiv,Email,Niedrig,2024-10-30,138
6109,14229,2024-07-05,Rechnung,Abrechnung,Zahlungsplan angefragt,Negativ,Telefon,Mittel,2024-07-16,114
6110,19194,2024-02-10,Wärmepumpe,Technisch,Effizienz zu niedrig,Positiv,App,Mittel,2024-02-15,41
6111,5227,2024-03-04,Solar,Technisch,Monitoring nicht verfügbar,Negativ,Chat,Kritisch,2024-03-04,145
6112,10638,2023-04-27,Tarif,Vertrag,Vertragsverlängerung,Negativ,Email,Mittel,2023-05-03,100
6113,9452,2023-06-18,Rechnung,Abrechnung,Abschlag zu hoch,Neutral,Telefon,Hoch,2023-06-20,109
6114,1130,2024-09-08,Tarif,Vertrag,Umzug melden,Neutral,Telefon,Mittel,2024-09-15,61
6115,9162,2025-05-23,Smart Meter,Installation,Smart Meter Installation angefragt,Neutral,Email,Mittel,2025-06-05,137
6116,11526,2023-04-08,Solar,Technisch,Solaranlage produziert nicht,Negativ,Email,Niedrig,2023-04-09,188
6117,7335,2025-05-11,Smart Meter,Installation,Smart Meter Installation angefragt,Neutral,Chat,Hoch,2025-05-14,142
6118,15536,2025-01-27,Rechnung,Abrechnung,Unstimmigkeit in Rechnung,Negativ,App,Niedrig,2025-02-01,72
6119,10511,2025-05-22,Tarif,Vertrag,Ökostrom Umstellung,Neutral,Telefon,Niedrig,2025-06-04,80
6120,5696,2024-10-23,Solar,Technisch,Solaranlage produziert nicht,Negativ,App,Hoch,2024-10-25,129
6121,7416,2023-10-26,Rechnung,Abrechnung,Abschlag anpassen,Neutral,Chat,Mittel,2023-10-27,73
6122,17262,2024-11-26,Rechnung,Abrechnung,Rechnungsfrage,Neutral,Email,Niedrig,2024-11-29,113
6123,787,2024-04-05,Smart Meter,Installation,Smart Meter Ablesung fehlerhaft,Neutral,Chat,Mittel,2024-04-12,38
6124,4091,2024-10-22,Rechnung,Abrechnung,Abschlag zu hoch,Positiv,Chat,Mittel,2024-11-04,185
6125,1760,2024-05-25,Smart Meter,Installation,Smart Meter zeigt keine Daten,Neutral,App,Niedrig,2024-06-08,117
6126,10049,2024-10-10,Wärmepumpe,Technisch,Effizienz zu niedrig,Positiv,App,Hoch,2024-10-12,187
6127,12033,2023-06-03,Speicher,Technisch,Kapazität gesunken,Neutral,Email,Hoch,2023-06-04,24
6128,2000,2023-08-28,Smart Meter,Installation,Smart Meter Ablesung fehlerhaft,Negativ,App,Niedrig,2023-09-11,92
6129,4845,2023-07-12,Smart Meter,Installation,Smart Meter zeigt keine Daten,Neutral,Telefon,Niedrig,2023-07-25,52
6130,14682,2024-09-09,Smart Meter,Installation,Smart Meter App funktioniert nicht,Negativ,App,Niedrig,2024-09-19,138
6131,5903,2025-06-27,Smart Meter,Installation,Smart Meter zeigt keine Daten,Neutral,Email,Hoch,2025-07-02,19
6132,18474,2024-03-30,Wallbox,E-Mobility,Wallbox defekt,Negativ,Chat,Hoch,2024-03-30,6
6133,8216,2025-01-20,Wärmepumpe,Technisch,Wärmepumpe läuft nicht,Negativ,App,Hoch,2025-01-24,46
6134,1204,2024-06-21,Allgemein,Service,Informationsanfrage,Neutral,Chat,Mittel,2024-06-22,170
6135,14419,2024-06-29,Rechnung,Abrechnung,Rechnungsfrage,Neutral,Telefon,Mittel,2024-07-13,113
6136,18234,2025-03-03,Wallbox,E-Mobility,Wallbox lädt nicht,Negativ,Telefon,Mittel,2025-03-12,167
6137,7172,2023-04-23,Rechnung,Abrechnung,Rechnungsfrage,Neutral,Email,Mittel,2023-04-28,34
6138,987,2025-01-19,Smart Meter,Installation,Smart Meter zeigt keine Daten,Neutral,Telefon,Kritisch,2025-01-20,105
6139,19616,2024-01-04,Rechnung,Abrechnung,Zahlungsplan angefragt,Neutral,Chat,Niedrig,2024-01-12,60
6140,6798,2023-10-10,Solar,Technisch,Wechselrichter Fehler,Neutral,App,Niedrig,2023-10-16,165
6141,16287,2024-06-27,Solar,Technisch,Einspeisevergütung Frage,Negativ,App,Niedrig,2024-07-04,113
6142,15556,2024-02-18,Tarif,Vertrag,Preisgarantie Frage,Neutral,App,Niedrig,2024-02-26,98
6143,18072,2023-04-01,Wallbox,E-Mobility,Wallbox defekt,Negativ,Telefon,Kritisch,2023-04-07,135
6144,4723,2023-01-28,Rechnung,Abrechnung,Abschlag zu hoch,Negativ,App,Niedrig,2023-01-29,154
6145,11725,2023-07-19,Speicher,Technisch,Speicher lädt nicht,Negativ,Telefon,Mittel,2023-07-20,7
6146,7218,2023-03-07,Allgemein,Service,Lob,Positiv,App,Niedrig,2023-03-09,4
6147,11705,2024-06-16,Allgemein,Service,Informationsanfrage,Neutral,Telefon,Niedrig,2024-06-30,168
6148,813,2023-10-01,Smart Meter,Installation,Smart Meter defekt,Negativ,App,Mittel,2023-10-10,171
6149,10797,2023-09-05,Smart Meter,Installation,Smart Meter App funktioniert nicht,Negativ,App,Kritisch,2023-09-10,185
6150,11615,2023-12-04,Solar,Technisch,Solaranlage Ertrag niedrig,Positiv,Email,Mittel,2023-12-12,149
6151,8717,2023-02-19,Smart Meter,Installation,Smart Meter defekt,Negativ,Chat,Mittel,2023-02-24,193
6152,3977,2025-02-13,Speicher,Technisch,Batteriespeicher Störung,Negativ,Email,Hoch,2025-02-20,110
6153,12813,2024-11-23,Speicher,Technisch,Speicher lädt nicht,Negativ,Chat,Hoch,2024-11-30,148
6154,2770,2023-04-18,Wärmepumpe,Technisch,Wärmepumpe Störung,Negativ,Telefon,Kritisch,2023-04-18,82
6155,5658,2025-03-31,Wärmepumpe,Technisch,Wartung angefragt,Negativ,Chat,Mittel,2025-04-12,36
6156,12466,2023-10-14,Wärmepumpe,Technisch,Wärmepumpe Störung,Negativ,Email,Kritisch,2023-10-20,159
6157,11876,2023-04-21,Smart Meter,Installation,Smart Meter zeigt keine Daten,Positiv,Email,Hoch,2023-04-28,13
6158,6410,2023-12-23,Tarif,Vertrag,Umzug melden,Neutral,App,Hoch,2023-12-25,32
6159,6696,2023-02-12,Allgemein,Service,Informationsanfrage,Neutral,Telefon,Mittel,2023-02-21,87
6160,8618,2025-04-13,Allgemein,Service,Lob,Positiv,Chat,Niedrig,2025-04-18,7
6161,6760,2024-06-17,Tarif,Vertrag,Umzug melden,Negativ,Telefon,Niedrig,2024-06-21,27
6162,3167,2023-04-21,Rechnung,Abrechnung,Rechnungsfrage,Neutral,Email,Mittel,2023-04-25,79
6163,9365,2024-09-01,Rechnung,Abrechnung,Zahlungsplan angefragt,Neutral,App,Hoch,2024-09-05,26
6164,3696,2024-12-12,Wärmepumpe,Technisch,Wärmepumpe Störung,Negativ,Chat,Kritisch,2024-12-15,43
6165,11330,2023-07-06,Wallbox,E-Mobility,Wallbox Installation angefragt,Neutral,Email,Mittel,2023-07-20,182
6166,8870,2024-08-02,Tarif,Vertrag,Vertragsverlängerung,Negativ,Email,Kritisch,2024-08-06,8
6167,17363,2024-06-05,Tarif,Vertrag,Tarifwechsel angefragt,Neutral,Email,Niedrig,2024-06-14,131
6168,5378,2024-12-27,Tarif,Vertrag,Ökostrom Umstellung,Neutral,Email,Mittel,2025-01-09,58
6169,14860,2025-03-23,Tarif,Vertrag,Preisgarantie Frage,Positiv,App,Niedrig,2025-04-02,166
6170,1469,2023-09-16,Wallbox,E-Mobility,Wallbox defekt,Negativ,Telefon,Hoch,2023-09-19,48
6171,3521,2023-07-26,Tarif,Vertrag,Tarifwechsel angefragt,Negativ,Chat,Mittel,2023-08-08,152
6172,9463,2023-05-08,Solar,Technisch,Wechselrichter Fehler,Positiv,Email,Hoch,2023-05-15,105
6173,19669,2023-12-11,Wärmepumpe,Technisch,Wartung angefragt,Positiv,Telefon,Niedrig,2023-12-14,152
6174,2005,2024-10-14,Speicher,Technisch,Batteriespeicher Störung,Negativ,Email,Hoch,2024-10-14,118
6175,9630,2025-01-11,Allgemein,Service,Kontaktdaten ändern,Positiv,Chat,Kritisch,2025-01-16,81
6176,11890,2023-02-08,Allgemein,Service,Kontaktdaten ändern,Neutral,App,Kritisch,2023-02-10,50
6177,16410,2024-12-25,Smart Meter,Installation,Smart Meter App funktioniert nicht,Negativ,Chat,Mittel,2025-01-04,181
6178,2734,2023-08-16,Solar,Technisch,Wechselrichter Fehler,Neutral,Telefon,Mittel,2023-08-27,25
6179,16299,2023-04-08,Tarif,Vertrag,Umzug melden,Negativ,Telefon,Hoch,2023-04-10,175
6180,12709,2024-04-07,Wärmepumpe,Technisch,Wärmepumpe läuft nicht,Negativ,Telefon,Kritisch,2024-04-12,27
6181,16454,2025-01-14,Allgemein,Service,Informationsanfrage,Neutral,Telefon,Niedrig,2025-01-21,187
6182,9659,2023-03-22,Tarif,Vertrag,Preisgarantie Frage,Negativ,Email,Mittel,2023-03-30,52
6183,3568,2024-09-20,Solar,Technisch,Solaranlage produziert nicht,Negativ,Email,Mittel,2024-10-02,196
6184,7731,2023-01-16,Rechnung,Abrechnung,Rechnungsfrage,Neutral,Email,Hoch,2023-01-22,40
6185,5208,2024-12-06,Smart Meter,Installation,Smart Meter Ablesung fehlerhaft,Positiv,Chat,Hoch,2024-12-08,136
6186,7879,2024-02-16,Speicher,Technisch,Batteriespeicher Störung,Negativ,Telefon,Niedrig,2024-02-27,176
6187,6443,2024-07-23,Smart Meter,Installation,Smart Meter Ablesung fehlerhaft,Neutral,Email,Niedrig,2024-07-24,89
6188,18169,2024-08-29,Wärmepumpe,Technisch,Effizienz zu niedrig,Neutral,Email,Hoch,2024-09-03,182
6189,4465,2024-04-26,Tarif,Vertrag,Tarifwechsel angefragt,Neutral,Email,Hoch,2024-04-28,10
6190,11179,2024-04-01,Speicher,Technisch,Batteriespeicher Störung,Negativ,Email,Mittel,2024-04-13,161
6191,6910,2023-06-04,Wallbox,E-Mobility,App-Verbindung unterbrochen,Neutral,Chat,Mittel,2023-06-16,137
6192,7911,2024-01-19,Smart Meter,Installation,Smart Meter App funktioniert nicht,Negativ,Telefon,Hoch,2024-01-20,154
6193,6524,2025-04-25,Tarif,Vertrag,Tarifwechsel angefragt,Neutral,Chat,Niedrig,2025-04-27,132
6194,8048,2024-10-20,Speicher,Technisch,Speicher lädt nicht,Negativ,Telefon,Niedrig,2024-10-29,22
6195,11330,2025-06-05,Smart Meter,Installation,Smart Meter Installation angefragt,Negativ,Email,Niedrig,2025-06-10,30
6196,16124,2024-03-08,Wallbox,E-Mobility,Wallbox lädt nicht,Negativ,App,Hoch,2024-03-12,86
6197,14741,2024-12-21,Rechnung,Abrechnung,Zahlungsplan angefragt,Neutral,Email,Mittel,2025-01-03,72
6198,811,2025-06-01,Allgemein,Service,Kontaktdaten ändern,Positiv,App,Mittel,2025-06-05,163
6199,16553,2024-11-19,Allgemein,Service,Lob,Positiv,Email,Niedrig,2024-11-24,53
6200,5658,2023-05-03,Solar,Technisch,Monitoring nicht verfügbar,Negativ,App,Kritisch,2023-05-03,168
6201,19469,2023-09-03,Wärmepumpe,Technisch,Geräuschentwicklung zu hoch,Neutral,Chat,Mittel,2023-09-14,178
6202,12760,2024-03-23,Speicher,Technisch,Batteriespeicher Störung,Negativ,Chat,Mittel,2024-03-27,110
6203,8157,2024-09-25,Speicher,Technisch,Kapazität gesunken,Neutral,Chat,Hoch,2024-09-28,69
6204,8060,2024-01-09,Speicher,Technisch,Kapazität gesunken,Negativ,App,Hoch,2024-01-16,142
6205,2642,2024-09-15,Allgemein,Service,Lob,Positiv,App,Niedrig,2024-09-25,9
6206,8461,2024-07-29,Smart Meter,Installation,Smart Meter App funktioniert nicht,Negativ,Telefon,Kritisch,2024-07-30,81
6207,4343,2024-05-14,Smart Meter,Installation,Smart Meter App funktioniert nicht,Negativ,Email,Mittel,2024-05-14,139
6208,11568,2025-05-27,Rechnung,Abrechnung,Gutschrift angefragt,Neutral,App,Niedrig,2025-06-07,62
6209,19073,2023-10-10,Solar,Technisch,Solaranlage Ertrag niedrig,Negativ,Chat,Niedrig,2023-10-13,15
6210,15304,2025-05-04,Speicher,Technisch,Batteriespeicher Störung,Negativ,Telefon,Kritisch,2025-05-11,75
6211,15659,2023-10-13,Allgemein,Service,Kontaktdaten ändern,Positiv,Telefon,Niedrig,2023-10-24,176
6212,5652,2024-04-08,Solar,Technisch,Einspeisevergütung Frage,Neutral,Chat,Niedrig,2024-04-08,64
6213,547,2023-12-12,Rechnung,Abrechnung,Rechnungsfrage,Neutral,Email,Niedrig,2023-12-15,189
6214,4207,2025-02-24,Smart Meter,Installation,Smart Meter Ablesung fehlerhaft,Neutral,Email,Niedrig,2025-02-25,196
6215,18109,2025-03-19,Speicher,Technisch,Kapazität gesunken,Neutral,Telefon,Hoch,2025-03-21,62
6216,19892,2024-04-14,Solar,Technisch,Wechselrichter Fehler,Neutral,Email,Mittel,2024-04-25,57
6217,10155,2023-01-22,Wallbox,E-Mobility,Wallbox defekt,Negativ,Email,Mittel,2023-02-03,21
6218,14624,2024-08-18,Speicher,Technisch,Kapazität gesunken,Neutral,Email,Mittel,2024-08-28,130
6219,15852,2023-05-27,Allgemein,Service,Kontaktdaten ändern,Neutral,App,Mittel,2023-06-07,162
6220,3175,2025-06-24,Tarif,Vertrag,Kündigung,Neutral,Telefon,Niedrig,2025-06-30,71
6221,1823,2025-02-14,Smart Meter,Installation,Smart Meter Installation angefragt,Neutral,App,Mittel,2025-02-22,67
6222,19008,2024-08-26,Tarif,Vertrag,Ökostrom Umstellung,Neutral,App,Niedrig,2024-09-03,57
6223,10070,2023-10-26,Tarif,Vertrag,Vertragsverlängerung,Neutral,Telefon,Niedrig,2023-10-27,103
6224,14010,2024-06-28,Speicher,Technisch,Kapazität gesunken,Neutral,App,Niedrig,2024-07-10,16
6225,12335,2024-02-01,Solar,Technisch,Solaranlage produziert nicht,Negativ,Email,Hoch,2024-02-07,47
6226,6096,2024-10-01,Wallbox,E-Mobility,Wallbox lädt nicht,Negativ,Email,Mittel,2024-10-15,46
6227,14815,2023-09-24,Wärmepumpe,Technisch,Fehlercode E01 angezeigt,Neutral,Email,Niedrig,2023-10-04,185
6228,2993,2023-02-15,Allgemein,Service,Kontaktdaten ändern,Negativ,App,Mittel,2023-02-20,130
6229,16273,2023-02-02,Wallbox,E-Mobility,App-Verbindung unterbrochen,Neutral,Chat,Hoch,2023-02-04,193
6230,14054,2025-04-27,Wärmepumpe,Technisch,Wärmepumpe läuft nicht,Negativ,App,Hoch,2025-05-02,116
6231,1355,2025-04-16,Solar,Technisch,Monitoring nicht verfügbar,Negativ,Email,Hoch,2025-04-23,11
6232,18408,2023-11-29,Rechnung,Abrechnung,Rechnungsfrage,Neutral,Chat,Niedrig,2023-12-02,73
6233,9754,2023-04-26,Rechnung,Abrechnung,Abschlag zu hoch,Neutral,App,Kritisch,2023-04-28,128
6234,14067,2023-08-03,Allgemein,Service,Beschwerde,Negativ,Email,Hoch,2023-08-06,135
6235,15796,2025-03-10,Smart Meter,Installation,Smart Meter Installation angefragt,Neutral,Telefon,Hoch,2025-03-15,55
6236,12430,2025-06-10,Rechnung,Abrechnung,Rechnungsfrage,Neutral,App,Mittel,2025-06-16,16
6237,6946,2025-06-03,Wärmepumpe,Technisch,Effizienz zu niedrig,Positiv,Email,Mittel,2025-06-04,5
6238,11795,2023-04-04,Smart Meter,Installation,Smart Meter defekt,Negativ,App,Mittel,2023-04-09,41
6239,1834,2023-07-16,Rechnung,Abrechnung,Unstimmigkeit in Rechnung,Neutral,Email,Mittel,2023-07-24,3
6240,15260,2024-05-06,Tarif,Vertrag,Tarifwechsel angefragt,Negativ,App,Niedrig,2024-05-15,71
6241,19009,2023-05-03,Tarif,Vertrag,Ökostrom Umstellung,Neutral,Email,Mittel,2023-05-10,160
6242,10213,2024-10-11,Rechnung,Abrechnung,Rechnungsfrage,Neutral,Chat,Mittel,2024-10-19,28
6243,7948,2024-06-09,Smart Meter,Installation,Smart Meter zeigt keine Daten,Neutral,Telefon,Niedrig,2024-06-19,118
6244,7213,2023-07-07,Speicher,Technisch,Speicher lädt nicht,Negativ,Email,Kritisch,2023-07-10,135
6245,14370,2025-02-12,Speicher,Technisch,Kapazität gesunken,Positiv,Telefon,Hoch,2025-02-16,191
6246,2259,2024-09-14,Wärmepumpe,Technisch,Effizienz zu niedrig,Neutral,App,Mittel,2024-09-19,3
6247,5305,2023-02-05,Wallbox,E-Mobility,Ladekarte Probleme,Neutral,App,Mittel,2023-02-18,53
6248,9193,2023-11-09,Wallbox,E-Mobility,Wallbox Installation angefragt,Positiv,Email,Mittel,2023-11-09,112
6249,3770,2024-09-16,Smart Meter,Installation,Smart Meter App funktioniert nicht,Negativ,App,Niedrig,2024-09-23,7
6250,6566,2024-11-22,Tarif,Vertrag,Tarifwechsel angefragt,Neutral,Chat,Niedrig,2024-12-02,90
6251,4243,2024-05-31,Wallbox,E-Mobility,Ladekarte Probleme,Neutral,Chat,Mittel,2024-06-08,45
6252,16466,2023-01-24,Speicher,Technisch,Batteriespeicher Störung,Negativ,Chat,Kritisch,2023-01-28,64
6253,13947,2024-04-22,Allgemein,Service,Informationsanfrage,Neutral,Chat,Mittel,2024-05-03,124
6254,16334,2023-04-10,Wallbox,E-Mobility,App-Verbindung unterbrochen,Neutral,Telefon,Niedrig,2023-04-14,36
6255,7264,2023-09-26,Solar,Technisch,Einspeisevergütung Frage,Neutral,Chat,Mittel,2023-10-04,57
6256,4256,2023-05-06,Wallbox,E-Mobility,Ladekarte Probleme,Neutral,Telefon,Mittel,2023-05-15,13
6257,18661,2023-10-22,Wallbox,E-Mobility,Ladekarte Probleme,Neutral,Email,Niedrig,2023-11-03,161
6258,15893,2025-06-24,Solar,Technisch,Solaranlage Ertrag niedrig,Negativ,Telefon,Niedrig,2025-07-04,44
6259,16895,2024-10-08,Solar,Technisch,Wechselrichter Fehler,Negativ,Telefon,Kritisch,2024-10-10,150
6260,1317,2024-08-02,Tarif,Vertrag,Tarifwechsel angefragt,Neutral,Telefon,Kritisch,2024-08-09,130
6261,9629,2023-10-20,Tarif,Vertrag,Umzug melden,Neutral,Telefon,Mittel,2023-10-21,188
6262,3678,2025-02-04,Speicher,Technisch,Kapazität gesunken,Neutral,Chat,Mittel,2025-02-05,148
6263,8709,2025-05-09,Wallbox,E-Mobility,Wallbox lädt nicht,Negativ,Chat,Hoch,2025-05-09,120
6264,3266,2025-01-08,Smart Meter,Installation,Smart Meter Ablesung fehlerhaft,Neutral,App,Mittel,2025-01-19,85
6265,6126,2024-07-10,Solar,Technisch,Monitoring nicht verfügbar,Negativ,Email,Hoch,2024-07-10,122
6266,6314,2023-10-20,Wallbox,E-Mobility,Ladekarte Probleme,Neutral,Telefon,Niedrig,2023-10-27,15
6267,7505,2024-03-30,Wallbox,E-Mobility,Wallbox defekt,Negativ,Chat,Hoch,2024-04-01,180
6268,15699,2025-03-15,Speicher,Technisch,Speicher lädt nicht,Negativ,Email,Mittel,2025-03-20,152
6269,13166,2025-05-09,Speicher,Technisch,Batteriespeicher Störung,Negativ,Chat,Mittel,2025-05-21,158
6270,12183,2024-09-18,Smart Meter,Installation,Smart Meter App funktioniert nicht,Negativ,Email,Kritisch,2024-09-20,183
6271,11293,2024-05-27,Wärmepumpe,Technisch,Wärmepumpe Störung,Negativ,App,Mittel,2024-06-02,105
6272,7984,2023-01-11,Wärmepumpe,Technisch,Fehlercode E01 angezeigt,Neutral,Email,Mittel,2023-01-17,51
6273,2654,2023-10-11,Tarif,Vertrag,Vertragsverlängerung,Negativ,Chat,Niedrig,2023-10-11,133
6274,2347,2024-11-10,Wallbox,E-Mobility,App-Verbindung unterbrochen,Positiv,Email,Mittel,2024-11-13,52
6275,10857,2024-06-02,Wärmepumpe,Technisch,Wartung angefragt,Neutral,Email,Mittel,2024-06-08,26
6276,1682,2024-04-23,Wallbox,E-Mobility,Wallbox Installation angefragt,Negativ,Email,Mittel,2024-04-27,11
6277,6825,2024-01-01,Tarif,Vertrag,Umzug melden,Neutral,Email,Mittel,2024-01-11,151
6278,12857,2023-01-04,Tarif,Vertrag,Kündigung,Neutral,Telefon,Mittel,2023-01-16,128
6279,4486,2023-12-25,Wärmepumpe,Technisch,Wärmepumpe Störung,Negativ,Chat,Hoch,2024-01-01,14
6280,15235,2023-04-10,Wärmepumpe,Technisch,Fehlercode E01 angezeigt,Neutral,Telefon,Mittel,2023-04-22,162
6281,13190,2023-08-05,Rechnung,Abrechnung,Zahlungsplan angefragt,Negativ,App,Mittel,2023-08-08,180
6282,13236,2025-06-17,Tarif,Vertrag,Tarifwechsel angefragt,Negativ,Telefon,Mittel,2025-06-24,87
6283,7987,2024-11-01,Tarif,Vertrag,Vertragsverlängerung,Positiv,Telefon,Mittel,2024-11-10,117
6284,13717,2024-07-23,Smart Meter,Installation,Smart Meter App funktioniert nicht,Negativ,Telefon,Kritisch,2024-07-29,51
6285,13582,2023-11-16,Speicher,Technisch,Speicher lädt nicht,Negativ,Email,Hoch,2023-11-16,32
6286,1081,2024-07-07,Solar,Technisch,Einspeisevergütung Frage,Neutral,App,Niedrig,2024-07-10,159
6287,10445,2023-02-03,Wallbox,E-Mobility,Wallbox defekt,Negativ,App,Kritisch,2023-02-05,102
6288,11994,2023-11-04,Smart Meter,Installation,Smart Meter Ablesung fehlerhaft,Neutral,Telefon,Mittel,2023-11-09,138
6289,12915,2023-09-04,Tarif,Vertrag,Tarifwechsel angefragt,Negativ,Email,Mittel,2023-09-16,129
6290,13478,2024-02-24,Wallbox,E-Mobility,Wallbox lädt nicht,Negativ,Telefon,Mittel,2024-03-01,174
6291,18470,2023-06-14,Smart Meter,Installation,Smart Meter Installation angefragt,Positiv,Email,Niedrig,2023-06-19,78
6292,17205,2024-07-22,Wärmepumpe,Technisch,Geräuschentwicklung zu hoch,Negativ,Chat,Niedrig,2024-07-24,109
6293,15239,2023-03-16,Speicher,Technisch,Batteriespeicher Störung,Negativ,Chat,Kritisch,2023-03-18,75
6294,7199,2023-01-29,Tarif,Vertrag,Tarifwechsel angefragt,Neutral,App,Mittel,2023-02-11,95
6295,13897,2024-07-31,Solar,Technisch,Wechselrichter Fehler,Neutral,Telefon,Niedrig,2024-08-09,82
6296,5688,2023-08-05,Wärmepumpe,Technisch,Effizienz zu niedrig,Neutral,Email,Hoch,2023-08-05,164
6297,3919,2024-06-16,Tarif,Vertrag,Ökostrom Umstellung,Neutral,Chat,Niedrig,2024-06-26,67
6298,17599,2025-04-12,Tarif,Vertrag,Kündigung,Neutral,Chat,Mittel,2025-04-16,127
6299,9777,2023-10-18,Wärmepumpe,Technisch,Wärmepumpe Störung,Negativ,Email,Hoch,2023-10-22,160
6300,10305,2025-06-13,Wärmepumpe,Technisch,Wärmepumpe läuft nicht,Negativ,Telefon,Niedrig,2025-06-17,64
6301,9470,2023-12-14,Wärmepumpe,Technisch,Geräuschentwicklung zu hoch,Negativ,App,Niedrig,2023-12-15,165
6302,15532,2024-12-01,Solar,Technisch,Solaranlage produziert nicht,Negativ,Chat,Hoch,2024-12-04,111
6303,14599,2023-05-27,Allgemein,Service,Informationsanfrage,Neutral,App,Hoch,2023-06-02,24
6304,5953,2023-01-09,Solar,Technisch,Monitoring nicht verfügbar,Negativ,Chat,Hoch,2023-01-14,69
6305,11247,2023-10-27,Smart Meter,Installation,Smart Meter Ablesung fehlerhaft,Positiv,Email,Mittel,2023-11-03,44
6306,19950,2023-07-09,Speicher,Technisch,Kapazität gesunken,Neutral,Chat,Niedrig,2023-07-22,20
6307,17542,2023-02-27,Solar,Technisch,Solaranlage produziert nicht,Negativ,Email,Hoch,2023-02-27,88
6308,1041,2024-10-23,Smart Meter,Installation,Smart Meter zeigt keine Daten,Negativ,Telefon,Niedrig,2024-10-31,45
6309,2961,2023-03-08,Wärmepumpe,Technisch,Fehlercode E01 angezeigt,Neutral,Email,Mittel,2023-03-14,92
6310,19801,2023-03-30,Speicher,Technisch,Batteriespeicher Störung,Negativ,App,Niedrig,2023-04-12,21
6311,19141,2024-01-02,Wallbox,E-Mobility,Wallbox lädt nicht,Negativ,Email,Hoch,2024-01-03,136
6312,14472,2025-03-03,Solar,Technisch,Solaranlage produziert nicht,Negativ,Telefon,Niedrig,2025-03-16,155
6313,8357,2023-06-23,Wallbox,E-Mobility,Wallbox lädt nicht,Negativ,Telefon,Niedrig,2023-06-24,80
6314,14042,2024-05-08,Allgemein,Service,Kontaktdaten ändern,Neutral,Telefon,Niedrig,2024-05-14,59
6315,9941,2024-01-28,Rechnung,Abrechnung,Zahlungsplan angefragt,Positiv,Chat,Mittel,2024-02-06,155
6316,10874,2024-09-15,Wärmepumpe,Technisch,Geräuschentwicklung zu hoch,Positiv,Telefon,Niedrig,2024-09-18,187
6317,15439,2025-04-27,Rechnung,Abrechnung,Rechnungsfrage,Neutral,App,Hoch,2025-05-04,138
6318,16048,2023-09-25,Smart Meter,Installation,Smart Meter zeigt keine Daten,Positiv,Chat,Mittel,2023-10-02,71
6319,11157,2024-02-22,Wärmepumpe,Technisch,Wartung angefragt,Negativ,App,Hoch,2024-02-24,46
6320,1152,2024-07-07,Rechnung,Abrechnung,Abschlag anpassen,Neutral,App,Niedrig,2024-07-11,105
6321,7259,2024-09-02,Speicher,Technisch,Speicher lädt nicht,Negativ,Email,Hoch,2024-09-06,183
6322,169,2023-12-12,Rechnung,Abrechnung,Gutschrift angefragt,Neutral,Email,Mittel,2023-12-12,163
6323,7963,2023-12-03,Allgemein,Service,Beschwerde,Negativ,Chat,Mittel,2023-12-13,73
6324,7028,2024-07-17,Allgemein,Service,Lob,Positiv,Email,Niedrig,2024-07-24,97
6325,4346,2024-01-07,Tarif,Vertrag,Ökostrom Umstellung,Neutral,Chat,Mittel,2024-01-13,73
6326,9950,2024-02-22,Solar,Technisch,Monitoring nicht verfügbar,Negativ,Telefon,Hoch,2024-02-25,123
6327,7867,2024-06-21,Rechnung,Abrechnung,Rechnungsfrage,Neutral,Telefon,Niedrig,2024-07-05,196
6328,12581,2024-09-24,Solar,Technisch,Wechselrichter Fehler,Neutral,Telefon,Mittel,2024-10-05,43
6329,13263,2025-06-18,Allgemein,Service,Lob,Positiv,Email,Niedrig,2025-06-25,130
6330,7349,2023-07-28,Smart Meter,Installation,Smart Meter zeigt keine Daten,Positiv,App,Mittel,2023-07-31,73
6331,10036,2024-10-19,Speicher,Technisch,Batteriespeicher Störung,Negativ,Email,Kritisch,2024-10-19,177
6332,1988,2024-03-06,Wärmepumpe,Technisch,Wärmepumpe läuft nicht,Negativ,App,Kritisch,2024-03-10,195
6333,10747,2023-08-13,Wärmepumpe,Technisch,Effizienz zu niedrig,Negativ,App,Mittel,2023-08-27,147
6334,7617,2025-04-16,Smart Meter,Installation,Smart Meter Ablesung fehlerhaft,Neutral,App,Hoch,2025-04-16,15
6335,17783,2023-09-02,Smart Meter,Installation,Smart Meter Installation angefragt,Negativ,Telefon,Mittel,2023-09-10,26
6336,9950,2023-02-03,Wallbox,E-Mobility,Wallbox Installation angefragt,Neutral,App,Mittel,2023-02-14,62
6337,5538,2023-03-09,Solar,Technisch,Monitoring nicht verfügbar,Negativ,Chat,Kritisch,2023-03-09,109
6338,3,2024-07-15,Speicher,Technisch,Batteriespeicher Störung,Negativ,Email,Kritisch,2024-07-15,39
6339,7229,2024-07-12,Solar,Technisch,Wechselrichter Fehler,Neutral,App,Mittel,2024-07-21,185
6340,1261,2023-11-03,Speicher,Technisch,Batteriespeicher Störung,Negativ,App,Mittel,2023-11-13,54
6341,11833,2023-11-06,Solar,Technisch,Solaranlage Ertrag niedrig,Neutral,Email,Mittel,2023-11-20,19
6342,13207,2024-11-13,Smart Meter,Installation,Smart Meter defekt,Negativ,App,Hoch,2024-11-16,131
6343,9867,2025-01-13,Smart Meter,Installation,Smart Meter Ablesung fehlerhaft,Negativ,Email,Niedrig,2025-01-13,46
6344,3501,2024-12-14,Wärmepumpe,Technisch,Geräuschentwicklung zu hoch,Positiv,Email,Mittel,2024-12-18,162
6345,6079,2023-09-24,Wärmepumpe,Technisch,Geräuschentwicklung zu hoch,Neutral,Email,Mittel,2023-09-24,109
6346,19838,2023-09-25,Wallbox,E-Mobility,App-Verbindung unterbrochen,Neutral,Chat,Niedrig,2023-10-05,107
6347,5790,2023-10-01,Smart Meter,Installation,Smart Meter Installation angefragt,Positiv,Telefon,Mittel,2023-10-13,131
6348,15532,2025-03-08,Speicher,Technisch,Kapazität gesunken,Neutral,Chat,Kritisch,2025-03-09,109
6349,16841,2023-07-05,Rechnung,Abrechnung,Gutschrift angefragt,Negativ,Chat,Mittel,2023-07-07,78
6350,11486,2023-06-12,Wärmepumpe,Technisch,Fehlercode E01 angezeigt,Negativ,Telefon,Niedrig,2023-06-19,107
6351,13807,2024-04-10,Tarif,Vertrag,Umzug melden,Neutral,Email,Niedrig,2024-04-11,153
6352,11335,2024-02-16,Wallbox,E-Mobility,Wallbox lädt nicht,Negativ,Chat,Kritisch,2024-02-16,120
6353,821,2024-10-21,Tarif,Vertrag,Vertragsverlängerung,Neutral,Telefon,Mittel,2024-10-22,81
6354,1241,2023-07-23,Tarif,Vertrag,Kündigung,Negativ,Chat,Mittel,2023-07-28,84
6355,7097,2023-12-04,Allgemein,Service,Lob,Positiv,Email,Niedrig,2023-12-13,195
6356,14589,2024-10-10,Speicher,Technisch,Speicher lädt nicht,Negativ,App,Niedrig,2024-10-13,153
6357,7314,2024-12-31,Rechnung,Abrechnung,Abschlag anpassen,Negativ,Chat,Niedrig,2025-01-06,85
6358,15793,2024-06-25,Smart Meter,Installation,Smart Meter defekt,Negativ,Email,Hoch,2024-07-01,162
6359,3856,2023-05-18,Smart Meter,Installation,Smart Meter zeigt keine Daten,Neutral,App,Niedrig,2023-05-27,125
6360,19376,2024-10-24,Allgemein,Service,Allgemeine Anfrage,Neutral,Chat,Niedrig,2024-10-26,77
6361,14505,2024-04-13,Wärmepumpe,Technisch,Effizienz zu niedrig,Neutral,Telefon,Mittel,2024-04-18,189
6362,2073,2023-12-09,Speicher,Technisch,Batteriespeicher Störung,Negativ,Chat,Niedrig,2023-12-18,163
6363,2959,2024-09-10,Smart Meter,Installation,Smart Meter defekt,Negativ,Telefon,Niedrig,2024-09-13,107
6364,15899,2024-03-04,Wallbox,E-Mobility,App-Verbindung unterbrochen,Neutral,App,Mittel,2024-03-17,87
6365,15494,2025-02-27,Wallbox,E-Mobility,Ladekarte Probleme,Neutral,Telefon,Mittel,2025-03-04,195
6366,2797,2023-06-26,Tarif,Vertrag,Preisgarantie Frage,Positiv,App,Niedrig,2023-06-29,174
6367,38,2024-12-07,Speicher,Technisch,Kapazität gesunken,Neutral,App,Mittel,2024-12-15,182
6368,16485,2023-04-04,Wärmepumpe,Technisch,Effizienz zu niedrig,Neutral,App,Mittel,2023-04-05,90
6369,3287,2023-03-10,Wallbox,E-Mobility,Ladekarte Probleme,Neutral,Chat,Mittel,2023-03-18,139
6370,6976,2023-07-22,Wallbox,E-Mobility,Ladekarte Probleme,Neutral,Email,Mittel,2023-08-04,57
6371,6590,2025-03-20,Rechnung,Abrechnung,Abschlag zu hoch,Neutral,Telefon,Hoch,2025-03-23,62
6372,3058,2023-09-21,Allgemein,Service,Kontaktdaten ändern,Neutral,Telefon,Niedrig,2023-09-25,53
6373,583,2025-05-11,Wärmepumpe,Technisch,Wärmepumpe Störung,Negativ,Chat,Hoch,2025-05-14,166
6374,5248,2023-06-07,Smart Meter,Installation,Smart Meter Ablesung fehlerhaft,Neutral,Telefon,Kritisch,2023-06-13,163
6375,1956,2023-10-01,Speicher,Technisch,Kapazität gesunken,Neutral,App,Niedrig,2023-10-13,109
6376,2738,2024-05-01,Allgemein,Service,Beschwerde,Negativ,Telefon,Niedrig,2024-05-01,119
6377,9218,2023-07-12,Wärmepumpe,Technisch,Wärmepumpe Störung,Negativ,Telefon,Hoch,2023-07-17,124
6378,14704,2023-02-19,Tarif,Vertrag,Ökostrom Umstellung,Neutral,Chat,Mittel,2023-02-20,164
6379,10603,2025-02-24,Wallbox,E-Mobility,Wallbox defekt,Negativ,Email,Hoch,2025-02-28,39
6380,8678,2025-02-16,Speicher,Technisch,Speicher lädt nicht,Negativ,Telefon,Kritisch,2025-02-19,21
6381,9361,2023-10-24,Smart Meter,Installation,Smart Meter Installation angefragt,Neutral,App,Mittel,2023-10-27,15
6382,6500,2023-01-22,Smart Meter,Installation,Smart Meter zeigt keine Daten,Neutral,Email,Mittel,2023-01-24,197
6383,3469,2023-02-06,Rechnung,Abrechnung,Unstimmigkeit in Rechnung,Neutral,App,Mittel,2023-02-12,95
6384,16,2024-08-02,Wärmepumpe,Technisch,Geräuschentwicklung zu hoch,Neutral,Chat,Hoch,2024-08-02,59
6385,10798,2025-02-23,Allgemein,Service,Allgemeine Anfrage,Neutral,App,Niedrig,2025-03-02,159
6386,9122,2024-12-31,Speicher,Technisch,Batteriespeicher Störung,Negativ,Email,Kritisch,2025-01-04,17
6387,5719,2023-06-09,Solar,Technisch,Monitoring nicht verfügbar,Negativ,Chat,Hoch,2023-06-14,13
6388,9094,2024-12-17,Speicher,Technisch,Kapazität gesunken,Neutral,Chat,Mittel,2024-12-22,163
6389,8123,2023-02-26,Speicher,Technisch,Batteriespeicher Störung,Negativ,Chat,Kritisch,2023-03-03,83
6390,16490,2023-03-04,Wallbox,E-Mobility,Wallbox Installation angefragt,Neutral,Email,Niedrig,2023-03-16,15
6391,15740,2023-12-23,Tarif,Vertrag,Kündigung,Neutral,Email,Hoch,2023-12-27,75
6392,13254,2023-12-21,Rechnung,Abrechnung,Abschlag anpassen,Negativ,Telefon,Mittel,2023-12-25,8
6393,5473,2024-03-01,Speicher,Technisch,Batteriespeicher Störung,Negativ,Telefon,Hoch,2024-03-06,71
6394,3837,2025-03-01,Solar,Technisch,Solaranlage produziert nicht,Negativ,Email,Hoch,2025-03-08,165
6395,1719,2023-05-19,Speicher,Technisch,Kapazität gesunken,Neutral,Email,Mittel,2023-05-21,59
6396,965,2025-02-13,Wallbox,E-Mobility,Wallbox lädt nicht,Negativ,App,Mittel,2025-02-24,165
6397,13968,2025-01-12,Tarif,Vertrag,Preisgarantie Frage,Neutral,Chat,Niedrig,2025-01-15,12
6398,19239,2024-01-13,Rechnung,Abrechnung,Rechnungsfrage,Neutral,Email,Hoch,2024-01-15,80
6399,13923,2024-05-07,Wärmepumpe,Technisch,Wartung angefragt,Positiv,App,Kritisch,2024-05-14,93
6400,15574,2023-06-16,Smart Meter,Installation,Smart Meter Installation angefragt,Negativ,Telefon,Niedrig,2023-06-16,10
6401,6451,2024-05-20,Wärmepumpe,Technisch,Wärmepumpe Störung,Negativ,Email,Hoch,2024-05-23,196
6402,8913,2024-04-18,Wärmepumpe,Technisch,Wärmepumpe Störung,Negativ,Email,Mittel,2024-04-24,40
6403,512,2023-05-28,Speicher,Technisch,Kapazität gesunken,Positiv,Chat,Mittel,2023-06-11,29
6404,1280,2023-09-08,Wallbox,E-Mobility,Wallbox lädt nicht,Negativ,Chat,Hoch,2023-09-15,147
6405,9584,2024-05-13,Smart Meter,Installation,Smart Meter Ablesung fehlerhaft,Neutral,Telefon,Niedrig,2024-05-23,18
6406,13800,2024-04-30,Wärmepumpe,Technisch,Effizienz zu niedrig,Neutral,Telefon,Niedrig,2024-05-09,47
6407,9350,2024-05-24,Solar,Technisch,Wechselrichter Fehler,Positiv,Chat,Mittel,2024-06-03,8
6408,12604,2025-02-23,Solar,Technisch,Wechselrichter Fehler,Neutral,Email,Mittel,2025-02-28,104
6409,17695,2023-06-25,Wallbox,E-Mobility,App-Verbindung unterbrochen,Neutral,Telefon,Niedrig,2023-07-02,180
6410,17371,2023-09-23,Solar,Technisch,Einspeisevergütung Frage,Positiv,Email,Mittel,2023-09-27,200
6411,16348,2023-09-23,Speicher,Technisch,Speicher lädt nicht,Negativ,Email,Hoch,2023-09-27,181
6412,18875,2024-01-04,Allgemein,Service,Informationsanfrage,Negativ,Email,Mittel,2024-01-18,54
6413,5984,2024-01-10,Rechnung,Abrechnung,Unstimmigkeit in Rechnung,Neutral,App,Mittel,2024-01-21,199
6414,332,2024-04-05,Rechnung,Abrechnung,Gutschrift angefragt,Neutral,Telefon,Niedrig,2024-04-15,17
6415,13378,2025-05-07,Rechnung,Abrechnung,Abschlag zu hoch,Neutral,Email,Mittel,2025-05-21,4
6416,11681,2024-05-31,Rechnung,Abrechnung,Rechnungsfrage,Negativ,App,Hoch,2024-06-03,68
6417,17143,2023-06-26,Tarif,Vertrag,Kündigung,Neutral,App,Mittel,2023-07-02,5
6418,2607,2023-01-13,Solar,Technisch,Solaranlage produziert nicht,Negativ,Email,Mittel,2023-01-17,56
6419,10465,2024-01-09,Speicher,Technisch,Kapazität gesunken,Negativ,App,Niedrig,2024-01-22,166
6420,2037,2025-04-20,Smart Meter,Installation,Smart Meter Ablesung fehlerhaft,Negativ,Chat,Niedrig,2025-04-20,54
6421,2159,2024-02-26,Speicher,Technisch,Speicher lädt nicht,Negativ,Email,Mittel,2024-02-27,99
6422,9441,2024-10-04,Wärmepumpe,Technisch,Geräuschentwicklung zu hoch,Neutral,Chat,Mittel,2024-10-08,175
6423,9320,2023-12-17,Rechnung,Abrechnung,Zahlungsplan angefragt,Neutral,Chat,Mittel,2023-12-30,89
6424,8508,2023-05-26,Tarif,Vertrag,Kündigung,Neutral,Chat,Mittel,2023-06-01,50
6425,2630,2024-09-18,Tarif,Vertrag,Tarifwechsel angefragt,Neutral,Chat,Hoch,2024-09-24,34
6426,11084,2023-09-05,Wallbox,E-Mobility,Ladekarte Probleme,Positiv,Chat,Mittel,2023-09-07,179
6427,14029,2023-06-01,Tarif,Vertrag,Preisgarantie Frage,Neutral,Telefon,Niedrig,2023-06-02,65
6428,1915,2024-03-25,Wallbox,E-Mobility,App-Verbindung unterbrochen,Neutral,Email,Niedrig,2024-03-25,156
6429,15064,2023-02-05,Rechnung,Abrechnung,Abschlag anpassen,Neutral,Telefon,Kritisch,2023-02-06,88
6430,9975,2025-03-28,Wallbox,E-Mobility,Wallbox defekt,Negativ,Email,Kritisch,2025-03-31,69
6431,17379,2025-03-11,Wallbox,E-Mobility,Wallbox defekt,Negativ,Telefon,Niedrig,2025-03-13,178
6432,10153,2024-04-12,Allgemein,Service,Beschwerde,Negativ,Email,Mittel,2024-04-25,91
6433,13976,2024-04-19,Solar,Technisch,Solaranlage produziert nicht,Negativ,App,Kritisch,2024-04-24,60
6434,7814,2025-06-18,Tarif,Vertrag,Ökostrom Umstellung,Neutral,App,Niedrig,2025-06-18,54
6435,9804,2024-04-25,Wärmepumpe,Technisch,Geräuschentwicklung zu hoch,Neutral,Chat,Niedrig,2024-04-30,182
6436,6772,2023-08-02,Tarif,Vertrag,Umzug melden,Neutral,App,Niedrig,2023-08-04,198
6437,2581,2024-01-31,Solar,Technisch,Solaranlage produziert nicht,Negativ,App,Kritisch,2024-02-07,138
6438,19782,2023-06-16,Speicher,Technisch,Batteriespeicher Störung,Negativ,Chat,Kritisch,2023-06-19,175
6439,7405,2023-12-06,Wallbox,E-Mobility,Ladekarte Probleme,Neutral,Email,Niedrig,2023-12-06,51
6440,17020,2023-12-20,Smart Meter,Installation,Smart Meter zeigt keine Daten,Neutral,Chat,Mittel,2023-12-31,133
6441,13539,2024-11-06,Wallbox,E-Mobility,Wallbox Installation angefragt,Neutral,App,Hoch,2024-11-08,128
6442,18511,2025-02-07,Smart Meter,Installation,Smart Meter Installation angefragt,Neutral,App,Niedrig,2025-02-07,193
6443,9777,2024-02-20,Allgemein,Service,Lob,Positiv,Email,Niedrig,2024-03-04,153
6444,3242,2025-03-28,Smart Meter,Installation,Smart Meter defekt,Negativ,Email,Kritisch,2025-03-31,72
6445,3240,2024-01-28,Tarif,Vertrag,Umzug melden,Neutral,Telefon,Hoch,2024-01-30,156
6446,2129,2024-08-11,Solar,Technisch,Solaranlage Ertrag niedrig,Neutral,Email,Kritisch,2024-08-16,47
6447,6620,2024-12-20,Speicher,Technisch,Batteriespeicher Störung,Negativ,App,Mittel,2024-12-21,161
6448,16573,2024-10-18,Rechnung,Abrechnung,Rechnungsfrage,Negativ,App,Hoch,2024-10-22,199
6449,13420,2024-04-03,Smart Meter,Installation,Smart Meter zeigt keine Daten,Positiv,Chat,Mittel,2024-04-11,73
6450,12801,2025-03-03,Allgemein,Service,Allgemeine Anfrage,Negativ,Telefon,Mittel,2025-03-08,70
6451,17945,2024-09-18,Smart Meter,Installation,Smart Meter App funktioniert nicht,Negativ,App,Niedrig,2024-09-27,28
6452,11140,2024-12-09,Wallbox,E-Mobility,Wallbox Installation angefragt,Neutral,Telefon,Hoch,2024-12-14,14
6453,17447,2024-12-04,Allgemein,Service,Lob,Positiv,Telefon,Niedrig,2024-12-06,41
6454,11358,2024-11-13,Wallbox,E-Mobility,Wallbox Installation angefragt,Positiv,App,Hoch,2024-11-18,116
6455,6308,2025-04-21,Speicher,Technisch,Kapazität gesunken,Positiv,Email,Hoch,2025-04-26,11
6456,16812,2025-04-21,Wallbox,E-Mobility,Wallbox Installation angefragt,Neutral,App,Mittel,2025-05-04,64
6457,15625,2025-05-12,Tarif,Vertrag,Tarifwechsel angefragt,Neutral,Chat,Mittel,2025-05-19,18
6458,18849,2023-09-18,Rechnung,Abrechnung,Zahlungsplan angefragt,Negativ,Telefon,Mittel,2023-09-25,165
6459,9904,2023-10-02,Rechnung,Abrechnung,Abschlag zu hoch,Neutral,Telefon,Mittel,2023-10-06,145
6460,16552,2024-09-11,Wallbox,E-Mobility,Wallbox lädt nicht,Negativ,Email,Mittel,2024-09-18,75
6461,16341,2024-03-22,Tarif,Vertrag,Umzug melden,Neutral,Telefon,Niedrig,2024-03-29,13
6462,11156,2023-04-03,Solar,Technisch,Monitoring nicht verfügbar,Negativ,Email,Mittel,2023-04-14,72
6463,4988,2023-12-01,Wallbox,E-Mobility,App-Verbindung unterbrochen,Neutral,App,Niedrig,2023-12-04,139
6464,12671,2023-09-11,Wärmepumpe,Technisch,Geräuschentwicklung zu hoch,Neutral,Telefon,Mittel,2023-09-11,76
6465,4854,2024-03-10,Rechnung,Abrechnung,Gutschrift angefragt,Negativ,Email,Mittel,2024-03-10,105
6466,8927,2023-10-09,Rechnung,Abrechnung,Abschlag zu hoch,Negativ,App,Mittel,2023-10-20,58
6467,1782,2023-02-24,Wallbox,E-Mobility,Wallbox defekt,Negativ,Email,Mittel,2023-03-07,81
6468,4822,2024-06-25,Solar,Technisch,Einspeisevergütung Frage,Positiv,App,Niedrig,2024-07-04,5
6469,6018,2023-12-26,Solar,Technisch,Einspeisevergütung Frage,Neutral,App,Mittel,2024-01-08,97
6470,6009,2024-05-23,Allgemein,Service,Lob,Positiv,Telefon,Niedrig,2024-06-03,103
6471,9010,2023-03-24,Smart Meter,Installation,Smart Meter App funktioniert nicht,Negativ,App,Kritisch,2023-03-26,191
6472,16581,2023-03-18,Speicher,Technisch,Speicher lädt nicht,Negativ,Telefon,Mittel,2023-03-22,17
6473,3192,2024-09-11,Wallbox,E-Mobility,Wallbox defekt,Negativ,App,Niedrig,2024-09-22,116
6474,13870,2023-05-29,Rechnung,Abrechnung,Rechnungsfrage,Neutral,Telefon,Mittel,2023-06-05,156
6475,1156,2023-01-12,Speicher,Technisch,Kapazität gesunken,Positiv,App,Mittel,2023-01-25,22
6476,1966,2024-04-28,Speicher,Technisch,Batteriespeicher Störung,Negativ,Telefon,Kritisch,2024-04-28,21
6477,14428,2023-02-06,Wärmepumpe,Technisch,Wärmepumpe läuft nicht,Negativ,App,Hoch,2023-02-08,151
6478,4284,2023-04-24,Rechnung,Abrechnung,Zahlungsplan angefragt,Neutral,App,Kritisch,2023-04-27,58
6479,15066,2023-01-04,Wallbox,E-Mobility,Ladekarte Probleme,Neutral,Telefon,Hoch,2023-01-07,116
6480,13234,2024-08-11,Smart Meter,Installation,Smart Meter App funktioniert nicht,Negativ,Telefon,Kritisch,2024-08-14,161
6481,18138,2024-09-07,Tarif,Vertrag,Kündigung,Neutral,Telefon,Mittel,2024-09-10,63
6482,5785,2023-09-15,Tarif,Vertrag,Umzug melden,Neutral,Email,Hoch,2023-09-18,57
6483,14079,2024-08-07,Speicher,Technisch,Batteriespeicher Störung,Negativ,Chat,Mittel,2024-08-14,11
6484,6466,2023-06-11,Solar,Technisch,Monitoring nicht verfügbar,Negativ,Telefon,Niedrig,2023-06-18,28
6485,2828,2024-05-15,Speicher,Technisch,Batteriespeicher Störung,Negativ,Chat,Hoch,2024-05-16,51
6486,13778,2023-07-28,Wärmepumpe,Technisch,Fehlercode E01 angezeigt,Neutral,Telefon,Mittel,2023-08-10,35
6487,14549,2023-05-19,Smart Meter,Installation,Smart Meter Ablesung fehlerhaft,Negativ,Telefon,Mittel,2023-06-01,82
6488,17929,2023-10-05,Allgemein,Service,Kontaktdaten ändern,Neutral,Email,Hoch,2023-10-09,16
6489,11593,2023-08-13,Allgemein,Service,Allgemeine Anfrage,Neutral,App,Mittel,2023-08-15,77
6490,6382,2025-06-07,Wärmepumpe,Technisch,Effizienz zu niedrig,Negativ,Telefon,Niedrig,2025-06-19,194
6491,12256,2023-07-15,Wärmepumpe,Technisch,Wärmepumpe läuft nicht,Negativ,Telefon,Mittel,2023-07-26,86
6492,1279,2024-04-21,Allgemein,Service,Lob,Positiv,App,Niedrig,2024-05-04,151
6493,16711,2024-09-24,Wallbox,E-Mobility,App-Verbindung unterbrochen,Negativ,Telefon,Mittel,2024-09-24,199
6494,2996,2023-02-08,Wärmepumpe,Technisch,Fehlercode E01 angezeigt,Positiv,Telefon,Kritisch,2023-02-12,181
6495,3207,2024-01-10,Rechnung,Abrechnung,Zahlungsplan angefragt,Neutral,Email,Hoch,2024-01-15,101
6496,9438,2024-09-13,Allgemein,Service,Beschwerde,Negativ,App,Hoch,2024-09-17,62
6497,13142,2023-10-12,Rechnung,Abrechnung,Unstimmigkeit in Rechnung,Neutral,Chat,Mittel,2023-10-19,197
6498,13455,2024-12-07,Wärmepumpe,Technisch,Wärmepumpe läuft nicht,Negativ,Telefon,Hoch,2024-12-08,113
6499,8579,2024-08-01,Allgemein,Service,Beschwerde,Negativ,Telefon,Mittel,2024-08-11,54
6500,534,2024-03-01,Tarif,Vertrag,Preisgarantie Frage,Neutral,App,Hoch,2024-03-02,38
6501,18124,2024-07-07,Allgemein,Service,Kontaktdaten ändern,Positiv,Chat,Mittel,2024-07-18,144
6502,17974,2025-04-25,Smart Meter,Installation,Smart Meter Installation angefragt,Positiv,Email,Niedrig,2025-05-02,42
6503,7402,2024-02-13,Wallbox,E-Mobility,App-Verbindung unterbrochen,Positiv,Email,Kritisch,2024-02-19,112
6504,6975,2024-01-22,Rechnung,Abrechnung,Gutschrift angefragt,Positiv,App,Mittel,2024-01-27,104
6505,18986,2024-06-10,Rechnung,Abrechnung,Gutschrift angefragt,Negativ,Telefon,Niedrig,2024-06-16,177
6506,4235,2024-04-02,Tarif,Vertrag,Ökostrom Umstellung,Neutral,Chat,Mittel,2024-04-12,75
6507,1774,2023-04-13,Smart Meter,Installation,Smart Meter defekt,Negativ,App,Niedrig,2023-04-16,143
6508,6485,2024-01-22,Allgemein,Service,Beschwerde,Negativ,Chat,Kritisch,2024-01-23,33
6509,325,2024-05-17,Wallbox,E-Mobility,App-Verbindung unterbrochen,Neutral,Chat,Mittel,2024-05-17,117
6510,17946,2024-11-24,Tarif,Vertrag,Kündigung,Neutral,Email,Mittel,2024-11-27,106
6511,14845,2024-01-05,Wallbox,E-Mobility,Wallbox lädt nicht,Negativ,Telefon,Hoch,2024-01-08,144
6512,7219,2023-10-28,Tarif,Vertrag,Vertragsverlängerung,Positiv,Chat,Mittel,2023-11-06,110
6513,2388,2024-12-31,Solar,Technisch,Einspeisevergütung Frage,Negativ,Chat,Niedrig,2025-01-08,121
6514,10828,2024-09-02,Tarif,Vertrag,Umzug melden,Neutral,Email,Mittel,2024-09-11,114
6515,13439,2024-06-20,Wärmepumpe,Technisch,Wärmepumpe Störung,Negativ,Chat,Mittel,2024-06-22,68
6516,3197,2024-08-05,Wärmepumpe,Technisch,Fehlercode E01 angezeigt,Neutral,Chat,Mittel,2024-08-14,193
6517,17106,2025-01-21,Allgemein,Service,Allgemeine Anfrage,Neutral,Chat,Mittel,2025-01-23,180
6518,7677,2024-09-01,Smart Meter,Installation,Smart Meter Ablesung fehlerhaft,Neutral,Telefon,Kritisch,2024-09-07,147
6519,1064,2023-10-31,Solar,Technisch,Einspeisevergütung Frage,Neutral,App,Mittel,2023-11-12,88
6520,14180,2024-05-24,Speicher,Technisch,Speicher lädt nicht,Negativ,Telefon,Niedrig,2024-05-28,30
6521,12585,2024-09-20,Wallbox,E-Mobility,App-Verbindung unterbrochen,Negativ,App,Mittel,2024-09-27,72
6522,11871,2024-03-25,Solar,Technisch,Monitoring nicht verfügbar,Negativ,Telefon,Kritisch,2024-03-30,151
6523,17623,2025-03-25,Rechnung,Abrechnung,Gutschrift angefragt,Positiv,Email,Mittel,2025-04-08,75
6524,16138,2024-08-21,Tarif,Vertrag,Umzug melden,Neutral,Email,Mittel,2024-08-30,43
6525,17257,2024-05-20,Tarif,Vertrag,Preisgarantie Frage,Neutral,Chat,Mittel,2024-05-20,91
6526,14477,2023-09-12,Wärmepumpe,Technisch,Wärmepumpe Störung,Negativ,Chat,Mittel,2023-09-23,34
6527,16675,2023-05-10,Solar,Technisch,Wechselrichter Fehler,Neutral,Chat,Niedrig,2023-05-21,160
6528,1641,2024-09-04,Wallbox,E-Mobility,Wallbox Installation angefragt,Neutral,Telefon,Hoch,2024-09-07,69
6529,12611,2023-10-29,Smart Meter,Installation,Smart Meter App funktioniert nicht,Negativ,Email,Mittel,2023-10-31,21
6530,17332,2025-06-21,Allgemein,Service,Beschwerde,Negativ,Email,Niedrig,2025-07-02,128
6531,17407,2023-10-31,Wallbox,E-Mobility,App-Verbindung unterbrochen,Positiv,Telefon,Niedrig,2023-11-04,129
6532,1621,2024-04-13,Wärmepumpe,Technisch,Geräuschentwicklung zu hoch,Neutral,Chat,Mittel,2024-04-24,185
6533,10580,2025-05-25,Solar,Technisch,Wechselrichter Fehler,Neutral,App,Hoch,2025-05-30,101
6534,7973,2024-05-19,Wallbox,E-Mobility,Wallbox Installation angefragt,Neutral,Email,Niedrig,2024-05-25,161
6535,19047,2024-06-10,Allgemein,Service,Lob,Positiv,Chat,Niedrig,2024-06-16,86
6536,4925,2024-04-14,Smart Meter,Installation,Smart Meter Ablesung fehlerhaft,Negativ,Telefon,Niedrig,2024-04-21,76
6537,2003,2023-11-17,Rechnung,Abrechnung,Abschlag zu hoch,Positiv,Telefon,Mittel,2023-11-23,178
6538,17472,2024-12-27,Tarif,Vertrag,Tarifwechsel angefragt,Neutral,App,Kritisch,2025-01-02,195
6539,5396,2024-12-15,Smart Meter,Installation,Smart Meter defekt,Negativ,Telefon,Kritisch,2024-12-22,145
6540,8151,2024-03-31,Allgemein,Service,Lob,Positiv,Email,Niedrig,2024-04-04,49
6541,16576,2024-12-05,Tarif,Vertrag,Ökostrom Umstellung,Neutral,Chat,Mittel,2024-12-09,61
6542,17514,2024-04-26,Allgemein,Service,Informationsanfrage,Positiv,Chat,Mittel,2024-05-05,113
6543,1332,2025-03-21,Rechnung,Abrechnung,Abschlag zu hoch,Neutral,Chat,Mittel,2025-04-03,94
6544,10535,2025-03-15,Rechnung,Abrechnung,Gutschrift angefragt,Positiv,Chat,Mittel,2025-03-20,108
6545,3215,2023-03-13,Wärmepumpe,Technisch,Wärmepumpe Störung,Negativ,Chat,Mittel,2023-03-21,9
6546,13798,2024-07-29,Wärmepumpe,Technisch,Fehlercode E01 angezeigt,Neutral,Chat,Mittel,2024-08-11,8
6547,18826,2024-04-11,Wallbox,E-Mobility,Wallbox lädt nicht,Negativ,Telefon,Hoch,2024-04-14,166
6548,16360,2023-08-16,Rechnung,Abrechnung,Gutschrift angefragt,Negativ,Telefon,Hoch,2023-08-19,97
6549,15655,2024-05-09,Tarif,Vertrag,Kündigung,Negativ,App,Mittel,2024-05-16,51
6550,7328,2025-03-24,Wärmepumpe,Technisch,Wärmepumpe Störung,Negativ,Telefon,Hoch,2025-03-24,34
6551,2072,2024-09-04,Wallbox,E-Mobility,Wallbox lädt nicht,Negativ,App,Hoch,2024-09-04,197
6552,15152,2023-09-27,Speicher,Technisch,Kapazität gesunken,Neutral,App,Niedrig,2023-10-01,130
6553,322,2025-06-23,Tarif,Vertrag,Tarifwechsel angefragt,Neutral,App,Mittel,2025-06-24,33
6554,2590,2024-12-24,Solar,Technisch,Solaranlage Ertrag niedrig,Neutral,Telefon,Mittel,2024-12-27,56
6555,2082,2024-04-28,Speicher,Technisch,Speicher lädt nicht,Negativ,Telefon,Mittel,2024-05-05,178
6556,16148,2023-04-02,Smart Meter,Installation,Smart Meter App funktioniert nicht,Negativ,App,Kritisch,2023-04-04,141
6557,17835,2024-01-26,Speicher,Technisch,Speicher lädt nicht,Negativ,Email,Mittel,2024-02-03,149
6558,4376,2024-01-02,Smart Meter,Installation,Smart Meter Ablesung fehlerhaft,Neutral,Email,Mittel,2024-01-14,149
6559,239,2023-06-10,Wallbox,E-Mobility,Ladekarte Probleme,Neutral,Telefon,Hoch,2023-06-12,59
6560,12285,2024-03-12,Rechnung,Abrechnung,Abschlag anpassen,Neutral,Chat,Hoch,2024-03-13,26
6561,12990,2023-01-20,Solar,Technisch,Solaranlage Ertrag niedrig,Positiv,Chat,Niedrig,2023-01-22,43
6562,11019,2025-05-13,Smart Meter,Installation,Smart Meter zeigt keine Daten,Neutral,Email,Mittel,2025-05-27,72
6563,2620,2024-08-30,Tarif,Vertrag,Ökostrom Umstellung,Neutral,Chat,Mittel,2024-08-30,175
6564,3730,2023-03-12,Allgemein,Service,Informationsanfrage,Neutral,App,Niedrig,2023-03-18,114
6565,751,2023-09-15,Tarif,Vertrag,Ökostrom Umstellung,Negativ,App,Niedrig,2023-09-21,102
6566,19055,2025-04-06,Tarif,Vertrag,Preisgarantie Frage,Neutral,Email,Mittel,2025-04-14,111
6567,8927,2024-05-19,Tarif,Vertrag,Tarifwechsel angefragt,Negativ,Chat,Niedrig,2024-05-21,7
6568,8525,2024-11-23,Tarif,Vertrag,Preisgarantie Frage,Neutral,Email,Niedrig,2024-11-27,189
6569,16706,2023-02-07,Speicher,Technisch,Kapazität gesunken,Neutral,App,Mittel,2023-02-17,87
6570,16873,2025-05-05,Tarif,Vertrag,Kündigung,Negativ,Chat,Mittel,2025-05-09,137
6571,12624,2023-02-14,Wallbox,E-Mobility,Wallbox lädt nicht,Negativ,Email,Hoch,2023-02-18,95
6572,14744,2024-12-04,Tarif,Vertrag,Umzug melden,Neutral,Chat,Mittel,2024-12-11,130
6573,3123,2024-03-20,Solar,Technisch,Monitoring nicht verfügbar,Negativ,Chat,Niedrig,2024-03-22,137
6574,962,2025-03-23,Smart Meter,Installation,Smart Meter Ablesung fehlerhaft,Neutral,Email,Mittel,2025-03-30,200
6575,5052,2025-03-10,Wärmepumpe,Technisch,Effizienz zu niedrig,Neutral,Chat,Hoch,2025-03-12,59
6576,5842,2023-04-02,Speicher,Technisch,Kapazität gesunken,Positiv,Email,Mittel,2023-04-04,42
6577,3731,2025-01-18,Allgemein,Service,Lob,Positiv,Telefon,Niedrig,2025-02-01,168
6578,8548,2025-05-08,Rechnung,Abrechnung,Unstimmigkeit in Rechnung,Neutral,Chat,Hoch,2025-05-10,188
6579,2982,2023-10-01,Tarif,Vertrag,Vertragsverlängerung,Negativ,Email,Mittel,2023-10-01,159
6580,2130,2023-04-02,Allgemein,Service,Lob,Positiv,Email,Niedrig,2023-04-07,45
6581,7441,2023-10-30,Rechnung,Abrechnung,Abschlag zu hoch,Neutral,Telefon,Mittel,2023-10-31,24
6582,11619,2024-12-09,Wärmepumpe,Technisch,Effizienz zu niedrig,Positiv,Chat,Mittel,2024-12-21,91
6583,594,2024-10-16,Wärmepumpe,Technisch,Wärmepumpe läuft nicht,Negativ,Email,Kritisch,2024-10-18,11
6584,3853,2024-10-19,Speicher,Technisch,Kapazität gesunken,Neutral,Chat,Niedrig,2024-10-27,154
6585,10877,2024-12-22,Speicher,Technisch,Speicher lädt nicht,Negativ,Telefon,Hoch,2024-12-29,71
6586,12704,2023-06-11,Allgemein,Service,Kontaktdaten ändern,Neutral,Chat,Hoch,2023-06-16,2
6587,10640,2023-08-07,Speicher,Technisch,Speicher lädt nicht,Negativ,Email,Hoch,2023-08-11,132
6588,13158,2023-09-27,Wallbox,E-Mobility,Wallbox lädt nicht,Negativ,App,Mittel,2023-10-11,117
6589,13633,2023-02-23,Tarif,Vertrag,Preisgarantie Frage,Neutral,Chat,Mittel,2023-03-08,73
6590,10068,2025-02-17,Tarif,Vertrag,Preisgarantie Frage,Neutral,Telefon,Niedrig,2025-03-01,152
6591,14609,2024-02-18,Rechnung,Abrechnung,Zahlungsplan angefragt,Neutral,Email,Mittel,2024-02-25,97
6592,9468,2023-02-06,Speicher,Technisch,Kapazität gesunken,Neutral,App,Kritisch,2023-02-06,6
6593,11283,2023-04-07,Tarif,Vertrag,Tarifwechsel angefragt,Neutral,Telefon,Niedrig,2023-04-08,141
6594,1456,2023-10-20,Solar,Technisch,Solaranlage Ertrag niedrig,Neutral,Telefon,Mittel,2023-10-30,191
6595,14666,2025-06-14,Wärmepumpe,Technisch,Wärmepumpe Störung,Negativ,Chat,Mittel,2025-06-26,72
6596,16624,2024-10-02,Rechnung,Abrechnung,Zahlungsplan angefragt,Neutral,App,Mittel,2024-10-13,85
6597,8213,2023-11-22,Wallbox,E-Mobility,Wallbox lädt nicht,Negativ,Chat,Kritisch,2023-11-29,74
6598,4073,2024-02-04,Tarif,Vertrag,Umzug melden,Neutral,Email,Niedrig,2024-02-07,167
6599,9716,2023-07-14,Smart Meter,Installation,Smart Meter Installation angefragt,Neutral,Chat,Niedrig,2023-07-25,127
6600,6926,2024-07-25,Speicher,Technisch,Speicher lädt nicht,Negativ,Email,Mittel,2024-08-06,59
6601,6359,2025-03-30,Smart Meter,Installation,Smart Meter App funktioniert nicht,Negativ,Telefon,Kritisch,2025-04-02,100
6602,9804,2025-06-02,Allgemein,Service,Beschwerde,Negativ,Email,Mittel,2025-06-02,67
6603,9921,2023-06-09,Allgemein,Service,Lob,Positiv,App,Niedrig,2023-06-11,156
6604,12738,2025-04-17,Wallbox,E-Mobility,Wallbox defekt,Negativ,Email,Mittel,2025-04-30,176
6605,16494,2023-06-28,Speicher,Technisch,Kapazität gesunken,Neutral,Telefon,Niedrig,2023-07-02,55
6606,14139,2025-01-26,Smart Meter,Installation,Smart Meter Ablesung fehlerhaft,Neutral,Telefon,Mittel,2025-02-02,172
6607,9658,2025-06-15,Rechnung,Abrechnung,Unstimmigkeit in Rechnung,Negativ,Email,Niedrig,2025-06-29,160
6608,17422,2023-09-19,Allgemein,Service,Allgemeine Anfrage,Neutral,Email,Mittel,2023-09-19,164
6609,17920,2025-02-04,Rechnung,Abrechnung,Abschlag zu hoch,Neutral,Chat,Niedrig,2025-02-16,194
6610,7954,2023-08-30,Wärmepumpe,Technisch,Wartung angefragt,Negativ,Telefon,Mittel,2023-09-09,167
6611,11388,2024-11-13,Speicher,Technisch,Speicher lädt nicht,Negativ,Email,Mittel,2024-11-25,83
6612,1886,2023-07-22,Allgemein,Service,Allgemeine Anfrage,Neutral,Chat,Niedrig,2023-08-03,98
6613,19114,2024-06-14,Rechnung,Abrechnung,Gutschrift angefragt,Neutral,Chat,Hoch,2024-06-16,3
6614,4217,2024-07-08,Smart Meter,Installation,Smart Meter zeigt keine Daten,Neutral,App,Hoch,2024-07-10,110
6615,793,2023-08-26,Speicher,Technisch,Speicher lädt nicht,Negativ,Telefon,Mittel,2023-09-02,54
6616,8216,2024-12-16,Rechnung,Abrechnung,Abschlag anpassen,Neutral,Telefon,Niedrig,2024-12-19,170
6617,15817,2023-12-22,Rechnung,Abrechnung,Zahlungsplan angefragt,Neutral,Telefon,Mittel,2023-12-24,28
6618,8310,2024-10-25,Rechnung,Abrechnung,Unstimmigkeit in Rechnung,Neutral,App,Mittel,2024-11-05,150
6619,10306,2023-09-06,Tarif,Vertrag,Vertragsverlängerung,Neutral,Telefon,Niedrig,2023-09-11,90
6620,17109,2024-10-30,Solar,Technisch,Einspeisevergütung Frage,Positiv,Telefon,Hoch,2024-11-04,61
6621,3066,2023-12-19,Wärmepumpe,Technisch,Wärmepumpe läuft nicht,Negativ,App,Mittel,2023-12-19,3
6622,13748,2024-03-26,Allgemein,Service,Kontaktdaten ändern,Neutral,App,Mittel,2024-03-26,42
6623,16758,2023-07-20,Smart Meter,Installation,Smart Meter Installation angefragt,Neutral,Telefon,Mittel,2023-08-03,31
6624,11261,2024-11-08,Wärmepumpe,Technisch,Fehlercode E01 angezeigt,Neutral,Telefon,Mittel,2024-11-16,61
6625,637,2024-08-23,Solar,Technisch,Monitoring nicht verfügbar,Negativ,Chat,Mittel,2024-08-31,99
6626,1375,2023-01-17,Speicher,Technisch,Batteriespeicher Störung,Negativ,Telefon,Hoch,2023-01-22,101
6627,16846,2024-11-18,Allgemein,Service,Beschwerde,Negativ,Email,Mittel,2024-11-18,182
6628,8014,2024-09-10,Rechnung,Abrechnung,Rechnungsfrage,Neutral,Chat,Mittel,2024-09-20,14
6629,351,2024-07-04,Tarif,Vertrag,Tarifwechsel angefragt,Neutral,Telefon,Mittel,2024-07-13,61
6630,2531,2023-08-14,Smart Meter,Installation,Smart Meter Installation angefragt,Neutral,Chat,Mittel,2023-08-21,96
6631,8315,2025-06-14,Smart Meter,Installation,Smart Meter Installation angefragt,Negativ,App,Niedrig,2025-06-16,148
6632,18056,2023-01-22,Solar,Technisch,Einspeisevergütung Frage,Neutral,App,Mittel,2023-01-28,192
6633,7641,2024-08-28,Speicher,Technisch,Batteriespeicher Störung,Negativ,Email,Hoch,2024-08-30,13
6634,18254,2025-02-27,Rechnung,Abrechnung,Rechnungsfrage,Negativ,App,Niedrig,2025-03-11,186
6635,10915,2024-02-15,Speicher,Technisch,Speicher lädt nicht,Negativ,Email,Kritisch,2024-02-16,195
6636,11473,2024-03-30,Smart Meter,Installation,Smart Meter App funktioniert nicht,Negativ,Chat,Mittel,2024-04-05,182
6637,3060,2023-11-11,Solar,Technisch,Solaranlage produziert nicht,Negativ,Chat,Hoch,2023-11-17,25
6638,7434,2024-08-08,Speicher,Technisch,Batteriespeicher Störung,Negativ,App,Hoch,2024-08-15,105
6639,18878,2023-02-20,Tarif,Vertrag,Kündigung,Neutral,Telefon,Mittel,2023-03-03,147
6640,125,2024-12-01,Wärmepumpe,Technisch,Wärmepumpe Störung,Negativ,Chat,Hoch,2024-12-04,33
6641,6425,2024-09-12,Rechnung,Abrechnung,Unstimmigkeit in Rechnung,Neutral,Chat,Mittel,2024-09-23,98
6642,18638,2024-05-05,Tarif,Vertrag,Tarifwechsel angefragt,Positiv,App,Hoch,2024-05-11,172
6643,12250,2023-08-28,Solar,Technisch,Solaranlage Ertrag niedrig,Negativ,Chat,Kritisch,2023-08-28,183
6644,16466,2024-12-06,Rechnung,Abrechnung,Abschlag anpassen,Negativ,Chat,Mittel,2024-12-09,198
6645,15184,2023-07-21,Wallbox,E-Mobility,App-Verbindung unterbrochen,Neutral,Telefon,Mittel,2023-07-28,171
6646,3047,2023-01-05,Allgemein,Service,Kontaktdaten ändern,Neutral,Telefon,Niedrig,2023-01-19,180
6647,2287,2023-08-03,Tarif,Vertrag,Ökostrom Umstellung,Neutral,Telefon,Mittel,2023-08-04,172
6648,19475,2023-07-06,Wallbox,E-Mobility,Ladekarte Probleme,Neutral,Email,Niedrig,2023-07-06,196
6649,4266,2025-03-17,Wärmepumpe,Technisch,Effizienz zu niedrig,Negativ,App,Mittel,2025-03-22,126
6650,14848,2025-02-24,Wallbox,E-Mobility,Wallbox Installation angefragt,Neutral,App,Niedrig,2025-03-02,186
6651,11633,2025-01-08,Wallbox,E-Mobility,Ladekarte Probleme,Positiv,Chat,Mittel,2025-01-20,84
6652,5768,2023-04-01,Allgemein,Service,Allgemeine Anfrage,Positiv,Telefon,Mittel,2023-04-04,93
6653,2350,2025-06-05,Smart Meter,Installation,Smart Meter zeigt keine Daten,Neutral,App,Mittel,2025-06-11,84
6654,8932,2024-04-23,Speicher,Technisch,Speicher lädt nicht,Negativ,Email,Mittel,2024-05-07,15
6655,5145,2024-10-06,Tarif,Vertrag,Vertragsverlängerung,Neutral,Chat,Mittel,2024-10-08,111
6656,14135,2025-05-10,Rechnung,Abrechnung,Gutschrift angefragt,Neutral,Email,Hoch,2025-05-13,155
6657,18985,2024-06-29,Rechnung,Abrechnung,Rechnungsfrage,Positiv,App,Mittel,2024-07-05,195
6658,8111,2024-12-26,Allgemein,Service,Lob,Positiv,Telefon,Niedrig,2024-12-31,103
6659,19707,2023-04-30,Wärmepumpe,Technisch,Effizienz zu niedrig,Negativ,App,Niedrig,2023-05-12,102
6660,17974,2025-01-16,Smart Meter,Installation,Smart Meter Ablesung fehlerhaft,Neutral,Chat,Niedrig,2025-01-18,117
6661,5769,2024-09-01,Smart Meter,Installation,Smart Meter Installation angefragt,Neutral,Chat,Mittel,2024-09-10,3
6662,3069,2023-05-22,Wallbox,E-Mobility,App-Verbindung unterbrochen,Negativ,Email,Mittel,2023-06-02,96
6663,9341,2023-10-01,Smart Meter,Installation,Smart Meter defekt,Negativ,Telefon,Kritisch,2023-10-03,63
6664,19331,2024-02-15,Solar,Technisch,Einspeisevergütung Frage,Neutral,App,Niedrig,2024-02-29,142
6665,2555,2024-08-30,Solar,Technisch,Solaranlage produziert nicht,Negativ,Telefon,Niedrig,2024-09-11,129
6666,19979,2025-06-27,Solar,Technisch,Solaranlage produziert nicht,Negativ,Chat,Hoch,2025-07-01,146
6667,17925,2024-03-21,Speicher,Technisch,Speicher lädt nicht,Negativ,App,Kritisch,2024-03-25,32
6668,18936,2023-02-12,Tarif,Vertrag,Tarifwechsel angefragt,Neutral,Chat,Mittel,2023-02-19,100
6669,8907,2023-05-26,Tarif,Vertrag,Umzug melden,Neutral,App,Mittel,2023-06-08,110
6670,1418,2023-07-10,Tarif,Vertrag,Tarifwechsel angefragt,Neutral,Email,Mittel,2023-07-12,127
6671,7569,2024-07-09,Wallbox,E-Mobility,Wallbox lädt nicht,Negativ,App,Mittel,2024-07-15,3
6672,10625,2023-02-25,Speicher,Technisch,Batteriespeicher Störung,Negativ,Chat,Hoch,2023-03-02,109
6673,4247,2024-11-03,Allgemein,Service,Informationsanfrage,Neutral,Telefon,Mittel,2024-11-09,2
6674,10584,2024-12-01,Allgemein,Service,Informationsanfrage,Neutral,App,Hoch,2024-12-07,199
6675,10550,2025-01-30,Wärmepumpe,Technisch,Geräuschentwicklung zu hoch,Neutral,Telefon,Hoch,2025-01-31,99
6676,10157,2023-11-07,Wallbox,E-Mobility,App-Verbindung unterbrochen,Negativ,Email,Mittel,2023-11-14,19
6677,11175,2025-04-30,Speicher,Technisch,Batteriespeicher Störung,Negativ,Chat,Hoch,2025-05-03,27
6678,2566,2023-09-25,Tarif,Vertrag,Tarifwechsel angefragt,Neutral,Email,Mittel,2023-10-05,114
6679,1888,2023-03-18,Allgemein,Service,Lob,Positiv,App,Niedrig,2023-03-20,195
6680,15577,2023-09-05,Wallbox,E-Mobility,Wallbox Installation angefragt,Neutral,Chat,Mittel,2023-09-08,71
6681,19920,2025-06-06,Tarif,Vertrag,Umzug melden,Neutral,Email,Mittel,2025-06-14,19
6682,3307,2023-11-13,Solar,Technisch,Solaranlage produziert nicht,Negativ,App,Kritisch,2023-11-15,164
6683,15629,2025-04-19,Rechnung,Abrechnung,Gutschrift angefragt,Neutral,Chat,Mittel,2025-04-29,107
6684,16490,2025-05-01,Allgemein,Service,Informationsanfrage,Positiv,Chat,Niedrig,2025-05-12,172
6685,17912,2023-10-16,Wärmepumpe,Technisch,Wärmepumpe läuft nicht,Negativ,Telefon,Kritisch,2023-10-16,45
6686,10273,2023-10-16,Smart Meter,Installation,Smart Meter Installation angefragt,Positiv,App,Mittel,2023-10-17,121
6687,13081,2024-04-15,Smart Meter,Installation,Smart Meter defekt,Negativ,Chat,Hoch,2024-04-17,52
6688,7637,2023-09-08,Wallbox,E-Mobility,Wallbox lädt nicht,Negativ,Telefon,Mittel,2023-09-22,191
6689,19924,2023-02-15,Solar,Technisch,Einspeisevergütung Frage,Neutral,Chat,Mittel,2023-02-27,60
6690,5958,2024-08-02,Allgemein,Service,Informationsanfrage,Neutral,Chat,Mittel,2024-08-10,162
6691,7666,2023-10-22,Rechnung,Abrechnung,Abschlag zu hoch,Neutral,App,Niedrig,2023-11-01,101
6692,4970,2023-04-09,Rechnung,Abrechnung,Unstimmigkeit in Rechnung,Neutral,App,Hoch,2023-04-15,116
6693,496,2023-07-14,Speicher,Technisch,Kapazität gesunken,Neutral,Chat,Niedrig,2023-07-18,182
6694,14568,2024-12-07,Smart Meter,Installation,Smart Meter zeigt keine Daten,Neutral,Email,Mittel,2024-12-17,200
6695,16264,2024-06-05,Allgemein,Service,Lob,Positiv,Telefon,Niedrig,2024-06-16,42
6696,19265,2023-10-12,Rechnung,Abrechnung,Abschlag anpassen,Positiv,Telefon,Mittel,2023-10-12,198
6697,10808,2023-11-30,Smart Meter,Installation,Smart Meter App funktioniert nicht,Negativ,Email,Kritisch,2023-12-02,141
6698,518,2024-12-30,Speicher,Technisch,Speicher lädt nicht,Negativ,Chat,Mittel,2025-01-06,132
6699,15526,2024-02-10,Wallbox,E-Mobility,Wallbox defekt,Negativ,Chat,Hoch,2024-02-10,123
6700,961,2023-03-08,Allgemein,Service,Beschwerde,Negativ,Telefon,Kritisch,2023-03-15,28
6701,14630,2024-04-08,Allgemein,Service,Kontaktdaten ändern,Negativ,App,Niedrig,2024-04-17,62
6702,16846,2023-12-21,Wärmepumpe,Technisch,Geräuschentwicklung zu hoch,Neutral,App,Niedrig,2023-12-21,152
6703,12320,2025-05-09,Tarif,Vertrag,Tarifwechsel angefragt,Positiv,Email,Niedrig,2025-05-13,175
6704,6598,2023-03-15,Smart Meter,Installation,Smart Meter defekt,Negativ,Telefon,Mittel,2023-03-26,44
6705,17744,2024-01-28,Allgemein,Service,Allgemeine Anfrage,Neutral,Chat,Niedrig,2024-02-10,155
6706,2845,2024-08-25,Wallbox,E-Mobility,Wallbox lädt nicht,Negativ,App,Hoch,2024-08-29,48
6707,6746,2025-03-17,Tarif,Vertrag,Preisgarantie Frage,Positiv,App,Niedrig,2025-03-28,168
6708,17856,2024-05-31,Allgemein,Service,Lob,Positiv,Chat,Niedrig,2024-06-02,39
6709,9561,2024-07-29,Smart Meter,Installation,Smart Meter Installation angefragt,Neutral,Email,Hoch,2024-08-04,71
6710,19204,2024-11-26,Wallbox,E-Mobility,App-Verbindung unterbrochen,Neutral,Telefon,Niedrig,2024-12-09,99
6711,12687,2024-01-27,Solar,Technisch,Wechselrichter Fehler,Neutral,Chat,Mittel,2024-02-08,50
6712,10792,2024-11-04,Wallbox,E-Mobility,Wallbox Installation angefragt,Neutral,Email,Niedrig,2024-11-16,163
6713,2198,2023-10-06,Rechnung,Abrechnung,Unstimmigkeit in Rechnung,Neutral,Chat,Mittel,2023-10-17,103
6714,16779,2023-05-20,Solar,Technisch,Einspeisevergütung Frage,Neutral,Email,Niedrig,2023-05-27,66
6715,1517,2023-08-31,Allgemein,Service,Lob,Positiv,Telefon,Niedrig,2023-09-13,85
6716,14909,2023-09-14,Allgemein,Service,Beschwerde,Negativ,App,Hoch,2023-09-16,200
6717,1482,2025-03-11,Wärmepumpe,Technisch,Wärmepumpe läuft nicht,Negativ,App,Kritisch,2025-03-15,153
6718,14956,2025-04-06,Smart Meter,Installation,Smart Meter zeigt keine Daten,Positiv,Chat,Hoch,2025-04-07,80
6719,13587,2023-06-27,Wärmepumpe,Technisch,Effizienz zu niedrig,Neutral,App,Niedrig,2023-07-01,12
6720,984,2025-04-25,Smart Meter,Installation,Smart Meter zeigt keine Daten,Neutral,App,Mittel,2025-04-25,33
6721,17737,2024-04-24,Tarif,Vertrag,Preisgarantie Frage,Neutral,Chat,Niedrig,2024-04-25,151
6722,5863,2025-03-23,Speicher,Technisch,Kapazität gesunken,Neutral,Email,Mittel,2025-04-03,169
6723,7051,2025-06-03,Solar,Technisch,Wechselrichter Fehler,Neutral,Telefon,Niedrig,2025-06-13,37
6724,1476,2024-02-24,Allgemein,Service,Allgemeine Anfrage,Neutral,App,Niedrig,2024-03-06,195
6725,12829,2024-02-05,Solar,Technisch,Solaranlage produziert nicht,Negativ,Email,Mittel,2024-02-16,94
6726,11822,2023-11-01,Wärmepumpe,Technisch,Geräuschentwicklung zu hoch,Negativ,Telefon,Hoch,2023-11-03,54
6727,14706,2025-03-11,Smart Meter,Installation,Smart Meter App funktioniert nicht,Negativ,Telefon,Mittel,2025-03-17,4
6728,13564,2025-03-12,Wallbox,E-Mobility,Ladekarte Probleme,Negativ,App,Mittel,2025-03-16,131
6729,13068,2024-02-15,Solar,Technisch,Solaranlage Ertrag niedrig,Neutral,Email,Mittel,2024-02-16,163
6730,5119,2024-02-09,Solar,Technisch,Monitoring nicht verfügbar,Negativ,Telefon,Hoch,2024-02-16,147
6731,13243,2024-01-28,Smart Meter,Installation,Smart Meter Ablesung fehlerhaft,Neutral,Telefon,Mittel,2024-02-03,84
6732,16753,2023-12-22,Smart Meter,Installation,Smart Meter Installation angefragt,Positiv,Email,Mittel,2024-01-01,88
6733,5882,2023-12-20,Speicher,Technisch,Speicher lädt nicht,Negativ,Email,Mittel,2023-12-21,52
6734,12888,2024-08-10,Rechnung,Abrechnung,Unstimmigkeit in Rechnung,Positiv,Email,Mittel,2024-08-23,11
6735,16876,2024-11-03,Rechnung,Abrechnung,Abschlag zu hoch,Neutral,Chat,Mittel,2024-11-17,4
6736,2154,2023-09-08,Allgemein,Service,Allgemeine Anfrage,Positiv,App,Mittel,2023-09-21,98
6737,1528,2024-07-02,Smart Meter,Installation,Smart Meter defekt,Negativ,Chat,Hoch,2024-07-08,111
6738,933,2024-08-11,Wallbox,E-Mobility,App-Verbindung unterbrochen,Negativ,Chat,Niedrig,2024-08-14,118
6739,1230,2025-05-24,Solar,Technisch,Solaranlage produziert nicht,Negativ,Telefon,Mittel,2025-06-06,26
6740,16984,2023-02-26,Smart Meter,Installation,Smart Meter App funktioniert nicht,Negativ,App,Hoch,2023-03-02,142
6741,12358,2023-04-30,Wallbox,E-Mobility,App-Verbindung unterbrochen,Negativ,Email,Hoch,2023-05-04,105
6742,12524,2023-11-10,Tarif,Vertrag,Tarifwechsel angefragt,Negativ,Telefon,Hoch,2023-11-14,195
6743,8289,2023-12-09,Wallbox,E-Mobility,Wallbox lädt nicht,Negativ,Chat,Kritisch,2023-12-12,185
6744,11273,2024-07-28,Wärmepumpe,Technisch,Fehlercode E01 angezeigt,Neutral,App,Mittel,2024-07-28,191
6745,19136,2023-10-30,Smart Meter,Installation,Smart Meter Installation angefragt,Neutral,Chat,Mittel,2023-11-02,165
6746,11784,2025-01-29,Rechnung,Abrechnung,Rechnungsfrage,Positiv,Chat,Hoch,2025-02-05,55
6747,11013,2023-10-19,Solar,Technisch,Solaranlage Ertrag niedrig,Negativ,Email,Niedrig,2023-10-20,29
6748,3839,2023-07-28,Wärmepumpe,Technisch,Geräuschentwicklung zu hoch,Negativ,Email,Niedrig,2023-08-11,11
6749,10382,2023-08-13,Rechnung,Abrechnung,Gutschrift angefragt,Neutral,App,Niedrig,2023-08-26,20
6750,5143,2023-06-10,Wärmepumpe,Technisch,Wartung angefragt,Positiv,Email,Mittel,2023-06-16,15
6751,373,2025-03-31,Allgemein,Service,Informationsanfrage,Neutral,Telefon,Mittel,2025-04-10,157
6752,265,2023-11-13,Allgemein,Service,Beschwerde,Negativ,Chat,Kritisch,2023-11-13,198
6753,3904,2023-03-16,Solar,Technisch,Monitoring nicht verfügbar,Negativ,Email,Hoch,2023-03-20,170
6754,5347,2024-01-24,Allgemein,Service,Informationsanfrage,Neutral,Telefon,Mittel,2024-01-27,109
6755,15780,2025-02-11,Rechnung,Abrechnung,Abschlag zu hoch,Neutral,Email,Mittel,2025-02-19,132
6756,1031,2024-09-26,Tarif,Vertrag,Preisgarantie Frage,Negativ,Telefon,Mittel,2024-10-01,22
6757,7292,2025-01-19,Tarif,Vertrag,Preisgarantie Frage,Neutral,Chat,Mittel,2025-02-02,152
6758,14303,2024-01-06,Solar,Technisch,Solaranlage produziert nicht,Negativ,Telefon,Kritisch,2024-01-09,118
6759,9943,2023-01-07,Speicher,Technisch,Batteriespeicher Störung,Negativ,Chat,Mittel,2023-01-17,2
6760,17719,2024-01-24,Allgemein,Service,Beschwerde,Negativ,Email,Hoch,2024-01-30,60
6761,4903,2023-02-17,Speicher,Technisch,Speicher lädt nicht,Negativ,Email,Kritisch,2023-02-24,52
6762,14353,2025-06-18,Rechnung,Abrechnung,Rechnungsfrage,Neutral,App,Niedrig,2025-07-02,127
6763,11567,2024-05-01,Tarif,Vertrag,Preisgarantie Frage,Positiv,Chat,Kritisch,2024-05-03,99
6764,7767,2023-08-27,Solar,Technisch,Wechselrichter Fehler,Neutral,App,Mittel,2023-08-29,51
6765,987,2024-01-03,Smart Meter,Installation,Smart Meter defekt,Negativ,Chat,Kritisch,2024-01-04,21
6766,6059,2024-01-03,Tarif,Vertrag,Umzug melden,Neutral,Email,Kritisch,2024-01-05,12
6767,3602,2023-04-14,Allgemein,Service,Lob,Positiv,Chat,Niedrig,2023-04-28,4
6768,15273,2024-05-20,Wärmepumpe,Technisch,Fehlercode E01 angezeigt,Neutral,App,Hoch,2024-05-21,179
6769,5572,2025-03-27,Speicher,Technisch,Batteriespeicher Störung,Negativ,Telefon,Hoch,2025-04-03,175
6770,11616,2025-05-10,Wärmepumpe,Technisch,Wartung angefragt,Neutral,Telefon,Mittel,2025-05-21,155
6771,11791,2024-10-09,Tarif,Vertrag,Vertragsverlängerung,Neutral,Chat,Mittel,2024-10-13,11
6772,6256,2023-05-30,Speicher,Technisch,Kapazität gesunken,Positiv,App,Hoch,2023-05-31,82
6773,110,2023-03-18,Wallbox,E-Mobility,Wallbox defekt,Negativ,Telefon,Hoch,2023-03-18,128
6774,13218,2023-05-15,Wärmepumpe,Technisch,Wärmepumpe läuft nicht,Negativ,Email,Hoch,2023-05-22,172
6775,10544,2025-05-27,Allgemein,Service,Allgemeine Anfrage,Neutral,App,Hoch,2025-05-31,164
6776,451,2023-04-01,Allgemein,Service,Allgemeine Anfrage,Negativ,Chat,Mittel,2023-04-14,193
6777,1450,2024-10-30,Wallbox,E-Mobility,Wallbox defekt,Negativ,Email,Hoch,2024-10-30,43
6778,447,2024-01-02,Rechnung,Abrechnung,Gutschrift angefragt,Neutral,App,Mittel,2024-01-03,39
6779,19535,2023-02-17,Wärmepumpe,Technisch,Wartung angefragt,Neutral,Email,Mittel,2023-03-02,45
6780,13576,2024-04-07,Rechnung,Abrechnung,Gutschrift angefragt,Neutral,App,Mittel,2024-04-09,133
6781,14924,2023-06-03,Smart Meter,Installation,Smart Meter defekt,Negativ,Telefon,Kritisch,2023-06-03,109
6782,14576,2023-11-06,Rechnung,Abrechnung,Zahlungsplan angefragt,Neutral,Telefon,Mittel,2023-11-20,24
6783,11125,2023-11-18,Rechnung,Abrechnung,Rechnungsfrage,Neutral,Chat,Mittel,2023-12-01,177
6784,818,2025-01-04,Wärmepumpe,Technisch,Effizienz zu niedrig,Neutral,Chat,Niedrig,2025-01-08,104
6785,1215,2024-02-14,Smart Meter,Installation,Smart Meter zeigt keine Daten,Negativ,App,Mittel,2024-02-22,132
6786,19922,2024-08-29,Rechnung,Abrechnung,Unstimmigkeit in Rechnung,Positiv,Telefon,Niedrig,2024-09-10,39
6787,13919,2023-06-21,Rechnung,Abrechnung,Abschlag anpassen,Neutral,Telefon,Niedrig,2023-07-05,122
6788,13836,2023-08-31,Smart Meter,Installation,Smart Meter defekt,Negativ,Email,Mittel,2023-09-07,50
6789,14840,2025-05-13,Smart Meter,Installation,Smart Meter Ablesung fehlerhaft,Negativ,Email,Niedrig,2025-05-24,189
6790,14530,2024-01-24,Wallbox,E-Mobility,Ladekarte Probleme,Neutral,Chat,Niedrig,2024-02-07,154
6791,16014,2023-07-18,Wärmepumpe,Technisch,Wärmepumpe läuft nicht,Negativ,Telefon,Hoch,2023-07-19,114
6792,12355,2023-07-31,Speicher,Technisch,Batteriespeicher Störung,Negativ,Chat,Kritisch,2023-08-02,38
6793,19925,2025-05-19,Rechnung,Abrechnung,Abschlag zu hoch,Negativ,Email,Niedrig,2025-05-21,174
6794,6843,2025-05-30,Smart Meter,Installation,Smart Meter Installation angefragt,Neutral,App,Mittel,2025-06-12,70
6795,721,2023-01-21,Smart Meter,Installation,Smart Meter App funktioniert nicht,Negativ,App,Mittel,2023-01-24,40
6796,19361,2024-03-26,Allgemein,Service,Beschwerde,Negativ,Telefon,Hoch,2024-03-28,53
6797,17971,2025-01-26,Wallbox,E-Mobility,Ladekarte Probleme,Neutral,Chat,Mittel,2025-02-05,127
6798,2647,2024-06-11,Allgemein,Service,Beschwerde,Negativ,Email,Kritisch,2024-06-13,2
6799,18915,2023-04-09,Solar,Technisch,Monitoring nicht verfügbar,Negativ,Telefon,Mittel,2023-04-14,198
6800,15951,2023-07-20,Wärmepumpe,Technisch,Geräuschentwicklung zu hoch,Neutral,App,Niedrig,2023-08-03,167
6801,18443,2023-01-09,Wallbox,E-Mobility,Wallbox lädt nicht,Negativ,Email,Hoch,2023-01-16,33
6802,3487,2023-04-10,Speicher,Technisch,Speicher lädt nicht,Negativ,Email,Kritisch,2023-04-10,127
6803,1093,2024-09-04,Rechnung,Abrechnung,Gutschrift angefragt,Neutral,Chat,Mittel,2024-09-05,129
6804,4947,2024-04-08,Wallbox,E-Mobility,Wallbox Installation angefragt,Neutral,Email,Niedrig,2024-04-20,83
6805,13581,2025-05-04,Wärmepumpe,Technisch,Geräuschentwicklung zu hoch,Positiv,Telefon,Mittel,2025-05-05,10
6806,10501,2025-01-25,Allgemein,Service,Lob,Positiv,Telefon,Niedrig,2025-01-27,93
6807,12813,2024-06-28,Smart Meter,Installation,Smart Meter App funktioniert nicht,Negativ,App,Mittel,2024-07-07,200
6808,6351,2023-10-29,Wärmepumpe,Technisch,Geräuschentwicklung zu hoch,Neutral,Chat,Niedrig,2023-11-07,143
6809,1241,2024-09-27,Speicher,Technisch,Kapazität gesunken,Negativ,Email,Mittel,2024-10-08,59
6810,15113,2024-03-23,Rechnung,Abrechnung,Rechnungsfrage,Negativ,App,Mittel,2024-03-23,48
6811,2909,2023-01-14,Smart Meter,Installation,Smart Meter defekt,Negativ,Chat,Niedrig,2023-01-27,144
6812,14078,2024-01-20,Speicher,Technisch,Batteriespeicher Störung,Negativ,Chat,Hoch,2024-01-22,200
6813,18509,2024-02-09,Speicher,Technisch,Batteriespeicher Störung,Negativ,Chat,Hoch,2024-02-11,138
6814,1125,2023-04-02,Speicher,Technisch,Speicher lädt nicht,Negativ,Telefon,Mittel,2023-04-13,161
6815,17804,2023-07-24,Wärmepumpe,Technisch,Wärmepumpe läuft nicht,Negativ,Email,Mittel,2023-08-06,164
6816,5651,2024-02-29,Allgemein,Service,Informationsanfrage,Positiv,Chat,Hoch,2024-03-03,167
6817,14501,2023-01-17,Wallbox,E-Mobility,Ladekarte Probleme,Negativ,Telefon,Hoch,2023-01-17,186
6818,10557,2023-08-07,Wallbox,E-Mobility,Wallbox Installation angefragt,Neutral,Chat,Mittel,2023-08-09,186
6819,14582,2025-06-04,Smart Meter,Installation,Smart Meter zeigt keine Daten,Neutral,Chat,Hoch,2025-06-04,198
6820,13629,2025-03-31,Wärmepumpe,Technisch,Fehlercode E01 angezeigt,Positiv,Telefon,Mittel,2025-04-03,106
6821,14047,2025-04-04,Speicher,Technisch,Speicher lädt nicht,Negativ,Telefon,Kritisch,2025-04-07,13
6822,19967,2024-12-09,Wärmepumpe,Technisch,Geräuschentwicklung zu hoch,Negativ,Telefon,Mittel,2024-12-16,63
6823,7134,2024-01-12,Speicher,Technisch,Speicher lädt nicht,Negativ,App,Mittel,2024-01-20,196
6824,12751,2024-08-11,Wallbox,E-Mobility,Wallbox Installation angefragt,Neutral,Chat,Kritisch,2024-08-18,61
6825,2928,2025-04-08,Smart Meter,Installation,Smart Meter Installation angefragt,Positiv,App,Niedrig,2025-04-10,137
6826,15771,2023-05-22,Rechnung,Abrechnung,Zahlungsplan angefragt,Positiv,Email,Hoch,2023-05-29,97
6827,6559,2023-06-01,Smart Meter,Installation,Smart Meter App funktioniert nicht,Negativ,Chat,Kritisch,2023-06-08,116
6828,13818,2024-05-03,Smart Meter,Installation,Smart Meter zeigt keine Daten,Neutral,App,Hoch,2024-05-03,145
6829,12946,2023-01-13,Solar,Technisch,Wechselrichter Fehler,Neutral,Chat,Niedrig,2023-01-26,187
6830,19542,2023-04-16,Allgemein,Service,Beschwerde,Negativ,Chat,Hoch,2023-04-16,65
6831,1197,2024-04-20,Smart Meter,Installation,Smart Meter zeigt keine Daten,Positiv,App,Kritisch,2024-04-21,104
6832,4694,2025-06-23,Allgemein,Service,Lob,Positiv,Telefon,Niedrig,2025-06-23,92
6833,12995,2023-03-27,Solar,Technisch,Einspeisevergütung Frage,Neutral,Email,Mittel,2023-04-06,19
6834,15432,2023-02-21,Wärmepumpe,Technisch,Effizienz zu niedrig,Neutral,Chat,Niedrig,2023-03-03,195
6835,4496,2024-12-05,Speicher,Technisch,Batteriespeicher Störung,Negativ,Chat,Mittel,2024-12-18,39
6836,1640,2024-06-05,Solar,Technisch,Wechselrichter Fehler,Negativ,Telefon,Hoch,2024-06-07,119
6837,15567,2024-11-15,Tarif,Vertrag,Ökostrom Umstellung,Positiv,Telefon,Mittel,2024-11-15,127
6838,13798,2025-02-21,Solar,Technisch,Einspeisevergütung Frage,Neutral,Email,Mittel,2025-02-27,33
6839,18693,2024-12-26,Allgemein,Service,Informationsanfrage,Neutral,Chat,Niedrig,2025-01-02,101
6840,5634,2024-05-17,Allgemein,Service,Informationsanfrage,Positiv,App,Kritisch,2024-05-18,83
6841,8375,2024-08-01,Wärmepumpe,Technisch,Wärmepumpe läuft nicht,Negativ,Telefon,Kritisch,2024-08-01,172
6842,798,2023-03-24,Wallbox,E-Mobility,Wallbox defekt,Negativ,Email,Mittel,2023-03-30,81
6843,1392,2024-08-06,Wallbox,E-Mobility,Wallbox lädt nicht,Negativ,Telefon,Mittel,2024-08-09,145
6844,11276,2024-04-13,Speicher,Technisch,Speicher lädt nicht,Negativ,Chat,Mittel,2024-04-16,79
6845,2720,2023-04-01,Wallbox,E-Mobility,Ladekarte Probleme,Neutral,Email,Hoch,2023-04-08,10
6846,13109,2023-03-06,Allgemein,Service,Lob,Positiv,Email,Niedrig,2023-03-17,139
6847,1155,2025-02-11,Wärmepumpe,Technisch,Wärmepumpe Störung,Negativ,Chat,Hoch,2025-02-14,153
6848,19040,2023-02-24,Allgemein,Service,Informationsanfrage,Neutral,Telefon,Mittel,2023-02-27,156
6849,10732,2025-03-23,Smart Meter,Installation,Smart Meter defekt,Negativ,Chat,Hoch,2025-03-27,75
6850,14293,2023-09-12,Wärmepumpe,Technisch,Wärmepumpe Störung,Negativ,Email,Kritisch,2023-09-19,26
6851,2543,2024-05-07,Solar,Technisch,Solaranlage produziert nicht,Negativ,App,Niedrig,2024-05-17,144
6852,10534,2024-01-05,Solar,Technisch,Solaranlage produziert nicht,Negativ,App,Kritisch,2024-01-09,120
6853,8620,2024-12-14,Wallbox,E-Mobility,Wallbox Installation angefragt,Positiv,Telefon,Mittel,2024-12-15,93
6854,15366,2024-09-25,Wallbox,E-Mobility,Wallbox defekt,Negativ,Email,Mittel,2024-10-07,194
6855,19719,2023-10-31,Wärmepumpe,Technisch,Wärmepumpe läuft nicht,Negativ,Chat,Kritisch,2023-11-07,84
6856,807,2023-09-26,Tarif,Vertrag,Preisgarantie Frage,Neutral,Chat,Hoch,2023-09-28,160
6857,13004,2023-12-06,Wallbox,E-Mobility,Wallbox lädt nicht,Negativ,Telefon,Kritisch,2023-12-12,178
6858,4074,2023-05-18,Allgemein,Service,Allgemeine Anfrage,Neutral,Telefon,Hoch,2023-05-24,146
6859,9547,2025-02-01,Rechnung,Abrechnung,Abschlag zu hoch,Negativ,Email,Mittel,2025-02-13,34
6860,4707,2023-06-02,Allgemein,Service,Lob,Positiv,Email,Niedrig,2023-06-03,78
6861,2414,2023-12-23,Allgemein,Service,Allgemeine Anfrage,Neutral,Telefon,Niedrig,2024-01-04,49
6862,2193,2023-10-18,Tarif,Vertrag,Preisgarantie Frage,Neutral,App,Niedrig,2023-10-31,157
6863,8967,2023-09-28,Rechnung,Abrechnung,Gutschrift angefragt,Neutral,Email,Mittel,2023-09-30,119
6864,10188,2024-05-28,Wärmepumpe,Technisch,Fehlercode E01 angezeigt,Negativ,Chat,Niedrig,2024-05-28,134
6865,2204,2024-11-02,Wärmepumpe,Technisch,Wartung angefragt,Neutral,Chat,Niedrig,2024-11-05,75
6866,17291,2023-01-01,Wallbox,E-Mobility,Wallbox defekt,Negativ,Chat,Kritisch,2023-01-05,169
6867,5718,2025-04-22,Solar,Technisch,Solaranlage Ertrag niedrig,Neutral,App,Mittel,2025-05-06,138
6868,12101,2024-02-23,Tarif,Vertrag,Preisgarantie Frage,Neutral,Chat,Mittel,2024-02-27,196
6869,6112,2024-02-20,Tarif,Vertrag,Kündigung,Neutral,Chat,Hoch,2024-02-21,197
6870,13730,2023-04-29,Rechnung,Abrechnung,Rechnungsfrage,Negativ,App,Niedrig,2023-05-02,119
6871,1230,2023-08-11,Tarif,Vertrag,Kündigung,Neutral,Email,Kritisch,2023-08-17,125
6872,14922,2024-09-18,Wärmepumpe,Technisch,Geräuschentwicklung zu hoch,Neutral,Email,Mittel,2024-09-26,110
6873,10796,2023-11-19,Allgemein,Service,Lob,Positiv,App,Niedrig,2023-11-23,79
6874,6800,2023-03-21,Wärmepumpe,Technisch,Fehlercode E01 angezeigt,Neutral,Telefon,Niedrig,2023-03-31,28
6875,10113,2025-02-01,Wallbox,E-Mobility,Wallbox defekt,Negativ,App,Mittel,2025-02-14,146
6876,934,2024-01-02,Wallbox,E-Mobility,Wallbox defekt,Negativ,Email,Hoch,2024-01-09,176
6877,441,2025-06-13,Solar,Technisch,Einspeisevergütung Frage,Neutral,Telefon,Niedrig,2025-06-16,74
6878,7930,2024-08-08,Tarif,Vertrag,Tarifwechsel angefragt,Positiv,Telefon,Mittel,2024-08-15,39
6879,16880,2024-02-15,Speicher,Technisch,Speicher lädt nicht,Negativ,Chat,Hoch,2024-02-21,108
6880,17539,2023-10-06,Smart Meter,Installation,Smart Meter Ablesung fehlerhaft,Neutral,Email,Mittel,2023-10-10,33
6881,9327,2023-10-03,Tarif,Vertrag,Preisgarantie Frage,Neutral,Telefon,Mittel,2023-10-07,161
6882,6637,2025-06-09,Rechnung,Abrechnung,Zahlungsplan angefragt,Neutral,App,Mittel,2025-06-16,112
6883,3145,2025-06-19,Allgemein,Service,Allgemeine Anfrage,Negativ,App,Mittel,2025-07-01,178
6884,16490,2023-10-31,Rechnung,Abrechnung,Abschlag anpassen,Neutral,Telefon,Mittel,2023-11-12,168
6885,15280,2023-07-08,Wärmepumpe,Technisch,Geräuschentwicklung zu hoch,Neutral,Telefon,Mittel,2023-07-12,180
6886,4656,2023-07-07,Wallbox,E-Mobility,App-Verbindung unterbrochen,Positiv,Telefon,Niedrig,2023-07-15,61
6887,5421,2024-04-29,Tarif,Vertrag,Preisgarantie Frage,Positiv,Email,Hoch,2024-04-29,106
6888,19078,2024-03-06,Wärmepumpe,Technisch,Effizienz zu niedrig,Neutral,Chat,Niedrig,2024-03-08,23
6889,10574,2023-04-19,Smart Meter,Installation,Smart Meter App funktioniert nicht,Negativ,Email,Hoch,2023-04-20,78
6890,8755,2025-01-12,Tarif,Vertrag,Kündigung,Negativ,App,Niedrig,2025-01-25,146
6891,6317,2023-04-06,Solar,Technisch,Wechselrichter Fehler,Neutral,Telefon,Kritisch,2023-04-08,21
6892,6274,2023-03-14,Tarif,Vertrag,Kündigung,Neutral,App,Niedrig,2023-03-24,137
6893,13527,2024-06-11,Solar,Technisch,Solaranlage Ertrag niedrig,Negativ,Chat,Mittel,2024-06-13,1
6894,19840,2023-11-09,Rechnung,Abrechnung,Abschlag zu hoch,Positiv,App,Niedrig,2023-11-23,133
6895,16281,2024-04-18,Allgemein,Service,Allgemeine Anfrage,Positiv,Telefon,Hoch,2024-04-19,175
6896,4535,2025-04-16,Solar,Technisch,Solaranlage Ertrag niedrig,Positiv,App,Niedrig,2025-04-28,78
6897,19136,2023-12-19,Rechnung,Abrechnung,Abschlag anpassen,Neutral,Chat,Mittel,2023-12-23,70
6898,17964,2023-11-21,Wallbox,E-Mobility,Wallbox Installation angefragt,Neutral,Chat,Niedrig,2023-12-04,164
6899,14978,2023-09-01,Smart Meter,Installation,Smart Meter zeigt keine Daten,Positiv,App,Hoch,2023-09-04,17
6900,3703,2024-04-05,Tarif,Vertrag,Vertragsverlängerung,Negativ,Email,Niedrig,2024-04-11,114
6901,11362,2024-05-05,Smart Meter,Installation,Smart Meter Ablesung fehlerhaft,Neutral,Email,Hoch,2024-05-08,24
6902,9692,2023-08-29,Solar,Technisch,Wechselrichter Fehler,Positiv,App,Hoch,2023-09-02,41
6903,10037,2024-09-05,Tarif,Vertrag,Vertragsverlängerung,Neutral,Email,Niedrig,2024-09-11,38
6904,8393,2024-04-27,Rechnung,Abrechnung,Abschlag zu hoch,Positiv,Email,Mittel,2024-05-08,168
6905,1194,2025-01-16,Wallbox,E-Mobility,Wallbox Installation angefragt,Negativ,Email,Mittel,2025-01-16,64
6906,9196,2024-01-18,Rechnung,Abrechnung,Gutschrift angefragt,Neutral,Telefon,Mittel,2024-02-01,107
6907,16187,2024-01-09,Rechnung,Abrechnung,Unstimmigkeit in Rechnung,Neutral,Email,Niedrig,2024-01-23,152
6908,6954,2025-05-07,Wallbox,E-Mobility,App-Verbindung unterbrochen,Neutral,Chat,Niedrig,2025-05-17,5
6909,18003,2025-05-16,Speicher,Technisch,Speicher lädt nicht,Negativ,App,Mittel,2025-05-19,162
6910,3200,2023-07-11,Wärmepumpe,Technisch,Wärmepumpe Störung,Negativ,Email,Kritisch,2023-07-18,94
6911,3152,2024-07-10,Rechnung,Abrechnung,Rechnungsfrage,Neutral,Chat,Mittel,2024-07-12,57
6912,7577,2023-04-07,Wärmepumpe,Technisch,Geräuschentwicklung zu hoch,Neutral,App,Mittel,2023-04-09,148
6913,12304,2024-04-24,Solar,Technisch,Einspeisevergütung Frage,Neutral,Telefon,Kritisch,2024-04-25,42
6914,16260,2025-02-04,Rechnung,Abrechnung,Zahlungsplan angefragt,Neutral,App,Hoch,2025-02-04,146
6915,19862,2023-09-09,Rechnung,Abrechnung,Rechnungsfrage,Neutral,Email,Hoch,2023-09-12,61
6916,12011,2025-02-28,Tarif,Vertrag,Ökostrom Umstellung,Neutral,App,Niedrig,2025-03-12,52
6917,19470,2024-09-06,Wärmepumpe,Technisch,Effizienz zu niedrig,Neutral,Telefon,Mittel,2024-09-10,44
6918,16087,2023-07-24,Allgemein,Service,Beschwerde,Negativ,Telefon,Kritisch,2023-07-30,189
6919,633,2024-12-27,Smart Meter,Installation,Smart Meter App funktioniert nicht,Negativ,App,Mittel,2024-12-28,30
6920,14781,2025-02-26,Smart Meter,Installation,Smart Meter Ablesung fehlerhaft,Neutral,Chat,Mittel,2025-03-12,56
6921,15004,2025-01-06,Wärmepumpe,Technisch,Wartung angefragt,Positiv,Telefon,Niedrig,2025-01-10,20
6922,3211,2024-01-06,Wärmepumpe,Technisch,Wärmepumpe läuft nicht,Negativ,Email,Kritisch,2024-01-13,44
6923,1334,2023-03-04,Tarif,Vertrag,Preisgarantie Frage,Neutral,App,Niedrig,2023-03-04,134
6924,18339,2023-07-05,Rechnung,Abrechnung,Zahlungsplan angefragt,Negativ,App,Hoch,2023-07-05,168
6925,19717,2025-02-07,Smart Meter,Installation,Smart Meter Ablesung fehlerhaft,Positiv,Telefon,Hoch,2025-02-12,101
6926,14544,2023-09-16,Wärmepumpe,Technisch,Effizienz zu niedrig,Positiv,App,Niedrig,2023-09-30,125
6927,1515,2024-04-17,Rechnung,Abrechnung,Rechnungsfrage,Neutral,Email,Niedrig,2024-04-22,68
6928,14028,2024-09-18,Smart Meter,Installation,Smart Meter App funktioniert nicht,Negativ,App,Niedrig,2024-10-01,126
6929,8832,2023-07-10,Rechnung,Abrechnung,Abschlag zu hoch,Neutral,Telefon,Niedrig,2023-07-24,79
6930,1550,2025-04-20,Speicher,Technisch,Batteriespeicher Störung,Negativ,Chat,Hoch,2025-04-26,8
6931,19143,2024-11-24,Smart Meter,Installation,Smart Meter App funktioniert nicht,Negativ,Telefon,Mittel,2024-12-01,126
6932,11519,2024-07-28,Speicher,Technisch,Batteriespeicher Störung,Negativ,Telefon,Hoch,2024-07-30,170
6933,7749,2025-06-03,Allgemein,Service,Beschwerde,Negativ,Chat,Niedrig,2025-06-03,34
6934,16772,2024-03-12,Tarif,Vertrag,Preisgarantie Frage,Neutral,Email,Mittel,2024-03-18,167
6935,7618,2024-05-22,Tarif,Vertrag,Vertragsverlängerung,Negativ,Chat,Niedrig,2024-06-05,191
6936,14168,2023-12-16,Speicher,Technisch,Batteriespeicher Störung,Negativ,App,Kritisch,2023-12-19,137
6937,12774,2025-04-21,Allgemein,Service,Lob,Positiv,Telefon,Niedrig,2025-04-22,119
6938,2145,2024-01-23,Speicher,Technisch,Speicher lädt nicht,Negativ,Telefon,Hoch,2024-01-26,7
6939,11286,2024-03-11,Smart Meter,Installation,Smart Meter defekt,Negativ,App,Mittel,2024-03-23,166
6940,4435,2025-01-14,Rechnung,Abrechnung,Abschlag anpassen,Neutral,App,Mittel,2025-01-14,51
6941,2943,2025-06-20,Wallbox,E-Mobility,Wallbox defekt,Negativ,Chat,Mittel,2025-06-20,101
6942,15185,2023-01-06,Solar,Technisch,Einspeisevergütung Frage,Neutral,Email,Niedrig,2023-01-17,69
6943,7507,2024-08-11,Wallbox,E-Mobility,Wallbox Installation angefragt,Negativ,App,Niedrig,2024-08-13,181
6944,14738,2025-02-25,Wärmepumpe,Technisch,Effizienz zu niedrig,Neutral,App,Hoch,2025-02-26,129
6945,9096,2024-09-25,Wallbox,E-Mobility,App-Verbindung unterbrochen,Neutral,Telefon,Mittel,2024-10-01,65
6946,19823,2024-08-04,Allgemein,Service,Allgemeine Anfrage,Neutral,App,Mittel,2024-08-18,21
6947,15449,2023-05-08,Smart Meter,Installation,Smart Meter zeigt keine Daten,Neutral,Chat,Mittel,2023-05-21,189
6948,19734,2025-04-09,Smart Meter,Installation,Smart Meter zeigt keine Daten,Neutral,Telefon,Mittel,2025-04-15,154
6949,19204,2023-09-25,Wärmepumpe,Technisch,Wärmepumpe Störung,Negativ,Email,Niedrig,2023-10-05,80
6950,15551,2023-08-11,Wallbox,E-Mobility,Wallbox defekt,Negativ,Chat,Hoch,2023-08-16,169
6951,7920,2023-03-07,Wallbox,E-Mobility,Wallbox defekt,Negativ,Email,Mittel,2023-03-15,9
6952,14002,2024-04-21,Smart Meter,Installation,Smart Meter App funktioniert nicht,Negativ,Chat,Niedrig,2024-05-01,32
6953,9607,2024-09-13,Speicher,Technisch,Batteriespeicher Störung,Negativ,Chat,Niedrig,2024-09-17,187
6954,6636,2023-11-13,Solar,Technisch,Wechselrichter Fehler,Negativ,Email,Niedrig,2023-11-18,9
6955,8131,2023-12-10,Wärmepumpe,Technisch,Wärmepumpe läuft nicht,Negativ,App,Mittel,2023-12-21,57
6956,16211,2024-05-16,Solar,Technisch,Monitoring nicht verfügbar,Negativ,App,Hoch,2024-05-19,45
6957,278,2025-01-28,Allgemein,Service,Allgemeine Anfrage,Positiv,Telefon,Niedrig,2025-02-02,79
6958,18533,2025-02-02,Wallbox,E-Mobility,Wallbox Installation angefragt,Neutral,Telefon,Niedrig,2025-02-03,33
6959,16418,2023-07-20,Solar,Technisch,Einspeisevergütung Frage,Neutral,Email,Mittel,2023-07-21,151
6960,9079,2023-11-22,Rechnung,Abrechnung,Zahlungsplan angefragt,Neutral,Telefon,Niedrig,2023-11-22,178
6961,15651,2025-02-25,Wallbox,E-Mobility,App-Verbindung unterbrochen,Neutral,Telefon,Mittel,2025-03-09,20
6962,10614,2023-01-23,Tarif,Vertrag,Vertragsverlängerung,Positiv,App,Niedrig,2023-01-31,118
6963,15590,2023-11-25,Solar,Technisch,Einspeisevergütung Frage,Neutral,Email,Niedrig,2023-12-07,21
6964,5471,2024-07-26,Wallbox,E-Mobility,Ladekarte Probleme,Neutral,Chat,Niedrig,2024-08-04,147
6965,13567,2025-03-29,Rechnung,Abrechnung,Zahlungsplan angefragt,Negativ,App,Mittel,2025-03-31,150
6966,119,2023-08-12,Wallbox,E-Mobility,Wallbox defekt,Negativ,Chat,Hoch,2023-08-13,24
6967,4493,2023-11-03,Allgemein,Service,Kontaktdaten ändern,Negativ,Telefon,Mittel,2023-11-03,30
6968,3182,2023-09-13,Smart Meter,Installation,Smart Meter defekt,Negativ,Email,Kritisch,2023-09-14,105
6969,3706,2023-04-04,Tarif,Vertrag,Ökostrom Umstellung,Positiv,Email,Mittel,2023-04-04,102
6970,8233,2023-06-17,Solar,Technisch,Solaranlage Ertrag niedrig,Neutral,Email,Mittel,2023-06-25,161
6971,7391,2024-08-08,Smart Meter,Installation,Smart Meter App funktioniert nicht,Negativ,Telefon,Mittel,2024-08-14,61
6972,12370,2024-11-11,Solar,Technisch,Solaranlage produziert nicht,Negativ,Chat,Kritisch,2024-11-14,63
6973,9782,2024-09-24,Solar,Technisch,Einspeisevergütung Frage,Negativ,Chat,Kritisch,2024-09-24,96
6974,9785,2024-01-09,Smart Meter,Installation,Smart Meter Ablesung fehlerhaft,Neutral,Email,Hoch,2024-01-16,40
6975,17288,2023-08-22,Wallbox,E-Mobility,Wallbox lädt nicht,Negativ,Chat,Kritisch,2023-08-26,134
6976,19121,2024-08-14,Wärmepumpe,Technisch,Effizienz zu niedrig,Neutral,Email,Mittel,2024-08-17,184
6977,16978,2023-10-27,Tarif,Vertrag,Vertragsverlängerung,Neutral,App,Mittel,2023-10-28,140
6978,14590,2023-02-06,Wallbox,E-Mobility,App-Verbindung unterbrochen,Negativ,Telefon,Mittel,2023-02-19,80
6979,3378,2025-03-11,Speicher,Technisch,Batteriespeicher Störung,Negativ,Telefon,Niedrig,2025-03-24,173
6980,3846,2025-01-23,Speicher,Technisch,Speicher lädt nicht,Negativ,Chat,Hoch,2025-01-25,5
6981,13630,2025-01-30,Solar,Technisch,Wechselrichter Fehler,Neutral,App,Kritisch,2025-02-03,189
6982,6702,2023-04-01,Wallbox,E-Mobility,Wallbox defekt,Negativ,Email,Mittel,2023-04-09,92
6983,16162,2023-06-14,Allgemein,Service,Lob,Positiv,Email,Niedrig,2023-06-24,31
6984,5718,2025-02-22,Wallbox,E-Mobility,Wallbox Installation angefragt,Neutral,App,Niedrig,2025-02-28,109
6985,1291,2024-12-30,Wärmepumpe,Technisch,Wärmepumpe läuft nicht,Negativ,Email,Hoch,2024-12-31,183
6986,6739,2023-06-24,Tarif,Vertrag,Vertragsverlängerung,Neutral,Chat,Mittel,2023-06-25,45
6987,15049,2024-01-31,Solar,Technisch,Solaranlage produziert nicht,Negativ,Email,Hoch,2024-02-03,110
6988,8296,2024-10-06,Smart Meter,Installation,Smart Meter Installation angefragt,Positiv,App,Niedrig,2024-10-10,51
6989,3387,2024-08-06,Rechnung,Abrechnung,Abschlag zu hoch,Neutral,App,Niedrig,2024-08-20,142
6990,18777,2024-07-18,Speicher,Technisch,Speicher lädt nicht,Negativ,Chat,Hoch,2024-07-18,37
6991,18534,2025-03-22,Smart Meter,Installation,Smart Meter defekt,Negativ,App,Hoch,2025-03-24,50
6992,12108,2025-03-31,Smart Meter,Installation,Smart Meter defekt,Negativ,Chat,Hoch,2025-04-01,98
6993,1394,2023-12-21,Allgemein,Service,Allgemeine Anfrage,Neutral,Email,Mittel,2023-12-27,17
6994,12494,2024-03-24,Wallbox,E-Mobility,Wallbox defekt,Negativ,Email,Kritisch,2024-03-29,60
6995,404,2025-01-17,Wärmepumpe,Technisch,Wartung angefragt,Neutral,Chat,Mittel,2025-01-19,191
6996,9629,2023-02-12,Smart Meter,Installation,Smart Meter Installation angefragt,Neutral,Telefon,Mittel,2023-02-22,188
6997,896,2024-09-07,Solar,Technisch,Einspeisevergütung Frage,Neutral,App,Mittel,2024-09-16,30
6998,8547,2024-08-12,Allgemein,Service,Informationsanfrage,Positiv,Telefon,Hoch,2024-08-15,199
6999,13696,2024-09-17,Wallbox,E-Mobility,App-Verbindung unterbrochen,Neutral,App,Mittel,2024-09-25,61
7000,1758,2023-08-20,Wärmepumpe,Technisch,Effizienz zu niedrig,Neutral,App,Niedrig,2023-08-28,45
7001,14984,2023-10-11,Allgemein,Service,Allgemeine Anfrage,Negativ,Email,Mittel,2023-10-11,160
7002,8823,2024-12-31,Wärmepumpe,Technisch,Fehlercode E01 angezeigt,Negativ,Telefon,Kritisch,2025-01-03,65
7003,690,2024-04-25,Solar,Technisch,Monitoring nicht verfügbar,Negativ,App,Hoch,2024-05-02,190
7004,12651,2024-10-22,Rechnung,Abrechnung,Zahlungsplan angefragt,Neutral,Telefon,Mittel,2024-10-31,100
7005,15986,2025-02-27,Wallbox,E-Mobility,Wallbox lädt nicht,Negativ,Telefon,Mittel,2025-03-04,160
7006,11144,2024-04-09,Rechnung,Abrechnung,Abschlag anpassen,Neutral,Email,Mittel,2024-04-22,135
7007,6414,2023-03-29,Solar,Technisch,Monitoring nicht verfügbar,Negativ,Chat,Kritisch,2023-03-30,61
7008,11280,2025-03-19,Smart Meter,Installation,Smart Meter Ablesung fehlerhaft,Negativ,Email,Mittel,2025-03-21,168
7009,8892,2024-03-13,Tarif,Vertrag,Preisgarantie Frage,Positiv,Chat,Mittel,2024-03-25,77
7010,2041,2024-03-18,Smart Meter,Installation,Smart Meter defekt,Negativ,App,Niedrig,2024-03-18,112
7011,17579,2024-01-22,Tarif,Vertrag,Umzug melden,Neutral,Telefon,Mittel,2024-02-04,110
7012,11433,2024-07-09,Wärmepumpe,Technisch,Wärmepumpe läuft nicht,Negativ,App,Hoch,2024-07-10,165
7013,13042,2024-11-16,Allgemein,Service,Kontaktdaten ändern,Neutral,Chat,Niedrig,2024-11-25,47
7014,7564,2024-12-17,Wärmepumpe,Technisch,Fehlercode E01 angezeigt,Neutral,Email,Niedrig,2024-12-26,31
7015,12924,2024-04-27,Wallbox,E-Mobility,Wallbox lädt nicht,Negativ,Email,Hoch,2024-05-01,34
7016,18874,2025-05-07,Wallbox,E-Mobility,Wallbox lädt nicht,Negativ,App,Hoch,2025-05-12,85
7017,2232,2023-09-30,Wärmepumpe,Technisch,Geräuschentwicklung zu hoch,Negativ,App,Hoch,2023-09-30,90
7018,6489,2024-02-23,Speicher,Technisch,Speicher lädt nicht,Negativ,App,Hoch,2024-02-25,34
7019,1553,2023-02-12,Solar,Technisch,Solaranlage produziert nicht,Negativ,Email,Hoch,2023-02-18,57
7020,10659,2025-01-14,Allgemein,Service,Beschwerde,Negativ,Chat,Niedrig,2025-01-17,83
7021,11333,2025-02-21,Tarif,Vertrag,Umzug melden,Neutral,Telefon,Mittel,2025-03-05,171
7022,7628,2024-10-18,Wärmepumpe,Technisch,Wärmepumpe Störung,Negativ,Chat,Kritisch,2024-10-25,25
7023,8341,2024-03-18,Smart Meter,Installation,Smart Meter zeigt keine Daten,Neutral,Email,Mittel,2024-03-21,24
7024,15554,2024-01-22,Rechnung,Abrechnung,Abschlag zu hoch,Neutral,Chat,Mittel,2024-01-30,177
7025,17138,2023-02-12,Wallbox,E-Mobility,Wallbox lädt nicht,Negativ,Chat,Kritisch,2023-02-18,150
7026,3335,2023-12-28,Rechnung,Abrechnung,Unstimmigkeit in Rechnung,Negativ,Telefon,Mittel,2024-01-11,194
7027,18444,2023-12-23,Solar,Technisch,Wechselrichter Fehler,Neutral,Telefon,Mittel,2023-12-28,190
7028,11786,2024-10-10,Smart Meter,Installation,Smart Meter defekt,Negativ,Email,Niedrig,2024-10-10,52
7029,8599,2025-01-10,Smart Meter,Installation,Smart Meter Ablesung fehlerhaft,Neutral,Telefon,Mittel,2025-01-20,113
7030,7411,2024-06-20,Smart Meter,Installation,Smart Meter Ablesung fehlerhaft,Negativ,Email,Hoch,2024-06-25,78
7031,4157,2023-09-10,Speicher,Technisch,Speicher lädt nicht,Negativ,Email,Hoch,2023-09-10,94
7032,15588,2024-07-10,Wallbox,E-Mobility,Ladekarte Probleme,Neutral,Telefon,Mittel,2024-07-24,198
7033,7704,2025-01-10,Speicher,Technisch,Kapazität gesunken,Neutral,Telefon,Hoch,2025-01-11,83
7034,10898,2025-06-02,Smart Meter,Installation,Smart Meter App funktioniert nicht,Negativ,Chat,Kritisch,2025-06-03,17
7035,1947,2023-09-18,Allgemein,Service,Informationsanfrage,Neutral,Telefon,Niedrig,2023-09-28,20
7036,3724,2024-10-01,Speicher,Technisch,Kapazität gesunken,Negativ,Chat,Mittel,2024-10-05,78
7037,8548,2025-05-26,Tarif,Vertrag,Ökostrom Umstellung,Neutral,Chat,Mittel,2025-06-08,90
7038,2524,2024-04-29,Smart Meter,Installation,Smart Meter defekt,Negativ,Chat,Kritisch,2024-05-01,50
7039,15424,2025-06-22,Smart Meter,Installation,Smart Meter zeigt keine Daten,Negativ,App,Kritisch,2025-06-24,33
7040,11414,2025-01-28,Wallbox,E-Mobility,Wallbox Installation angefragt,Positiv,Telefon,Kritisch,2025-02-01,44
7041,19988,2024-01-28,Smart Meter,Installation,Smart Meter defekt,Negativ,Telefon,Kritisch,2024-01-31,35
7042,7481,2024-05-04,Smart Meter,Installation,Smart Meter Installation angefragt,Negativ,Telefon,Niedrig,2024-05-06,62
7043,1424,2025-03-29,Allgemein,Service,Beschwerde,Negativ,Chat,Hoch,2025-03-29,68
7044,5344,2023-09-07,Wallbox,E-Mobility,Wallbox lädt nicht,Negativ,Email,Mittel,2023-09-17,61
7045,185,2024-04-25,Smart Meter,Installation,Smart Meter defekt,Negativ,Telefon,Kritisch,2024-04-25,157
7046,178,2024-10-12,Wallbox,E-Mobility,Wallbox lädt nicht,Negativ,Telefon,Niedrig,2024-10-24,119
7047,18238,2024-04-25,Smart Meter,Installation,Smart Meter zeigt keine Daten,Neutral,App,Mittel,2024-04-27,175
7048,9613,2024-04-29,Tarif,Vertrag,Kündigung,Neutral,App,Mittel,2024-05-08,73
7049,11535,2023-03-09,Solar,Technisch,Solaranlage produziert nicht,Negativ,Chat,Mittel,2023-03-22,124
7050,8295,2025-04-01,Speicher,Technisch,Batteriespeicher Störung,Negativ,Telefon,Hoch,2025-04-03,125
7051,11660,2025-05-16,Allgemein,Service,Informationsanfrage,Neutral,Telefon,Mittel,2025-05-22,167
7052,14471,2024-09-04,Tarif,Vertrag,Vertragsverlängerung,Positiv,Telefon,Mittel,2024-09-16,138
7053,1782,2023-01-21,Tarif,Vertrag,Kündigung,Neutral,App,Hoch,2023-01-25,103
7054,4795,2023-01-01,Allgemein,Service,Lob,Positiv,Telefon,Niedrig,2023-01-11,9
7055,7892,2024-03-14,Smart Meter,Installation,Smart Meter zeigt keine Daten,Negativ,Chat,Niedrig,2024-03-27,116
7056,11737,2024-05-06,Tarif,Vertrag,Kündigung,Neutral,Chat,Hoch,2024-05-13,97
7057,1342,2023-03-14,Smart Meter,Installation,Smart Meter Installation angefragt,Neutral,Email,Hoch,2023-03-19,131
7058,1381,2024-12-27,Solar,Technisch,Solaranlage Ertrag niedrig,Neutral,App,Mittel,2024-12-29,7
7059,15074,2024-07-25,Rechnung,Abrechnung,Abschlag zu hoch,Neutral,Email,Hoch,2024-07-25,9
7060,12750,2023-04-07,Rechnung,Abrechnung,Rechnungsfrage,Positiv,Chat,Mittel,2023-04-14,96
7061,4030,2025-04-08,Smart Meter,Installation,Smart Meter zeigt keine Daten,Neutral,Email,Mittel,2025-04-20,39
7062,19321,2023-08-11,Allgemein,Service,Lob,Positiv,App,Niedrig,2023-08-22,152
7063,17830,2024-04-12,Rechnung,Abrechnung,Gutschrift angefragt,Negativ,App,Hoch,2024-04-16,161
7064,11486,2024-08-20,Tarif,Vertrag,Preisgarantie Frage,Negativ,Email,Niedrig,2024-08-25,101
7065,15775,2024-03-10,Solar,Technisch,Wechselrichter Fehler,Neutral,App,Niedrig,2024-03-18,147
7066,8290,2023-07-26,Allgemein,Service,Lob,Positiv,App,Niedrig,2023-08-01,2
7067,7757,2023-12-24,Speicher,Technisch,Speicher lädt nicht,Negativ,Chat,Hoch,2023-12-26,123
7068,4578,2025-04-17,Speicher,Technisch,Speicher lädt nicht,Negativ,App,Kritisch,2025-04-23,104
7069,3535,2025-05-26,Speicher,Technisch,Batteriespeicher Störung,Negativ,Telefon,Mittel,2025-06-08,118
7070,7543,2024-05-28,Allgemein,Service,Allgemeine Anfrage,Neutral,Telefon,Mittel,2024-05-28,64
7071,12966,2025-03-01,Tarif,Vertrag,Vertragsverlängerung,Negativ,Chat,Hoch,2025-03-01,76
7072,16024,2025-05-18,Wärmepumpe,Technisch,Wärmepumpe Störung,Negativ,Email,Mittel,2025-05-20,67
7073,8691,2024-11-16,Wärmepumpe,Technisch,Effizienz zu niedrig,Neutral,App,Mittel,2024-11-28,164
7074,15621,2025-01-06,Wärmepumpe,Technisch,Wärmepumpe läuft nicht,Negativ,Chat,Hoch,2025-01-10,57
7075,7357,2025-02-22,Smart Meter,Installation,Smart Meter defekt,Negativ,App,Mittel,2025-02-25,152
7076,19986,2023-01-16,Solar,Technisch,Monitoring nicht verfügbar,Negativ,Chat,Hoch,2023-01-23,29
7077,16380,2023-02-09,Tarif,Vertrag,Umzug melden,Neutral,Chat,Hoch,2023-02-15,55
7078,15179,2024-08-05,Speicher,Technisch,Speicher lädt nicht,Negativ,Chat,Hoch,2024-08-10,117
7079,9766,2023-08-09,Wallbox,E-Mobility,Wallbox Installation angefragt,Negativ,Email,Hoch,2023-08-15,151
7080,4615,2024-10-09,Allgemein,Service,Allgemeine Anfrage,Neutral,App,Mittel,2024-10-19,120
7081,9433,2024-03-23,Smart Meter,Installation,Smart Meter App funktioniert nicht,Negativ,Email,Hoch,2024-03-27,131
7082,11793,2023-10-18,Allgemein,Service,Kontaktdaten ändern,Neutral,Email,Hoch,2023-10-23,38
7083,7656,2023-04-15,Wärmepumpe,Technisch,Effizienz zu niedrig,Negativ,Chat,Mittel,2023-04-23,25
7084,15870,2024-12-14,Allgemein,Service,Kontaktdaten ändern,Positiv,Telefon,Niedrig,2024-12-16,13
7085,9764,2023-10-04,Wärmepumpe,Technisch,Wartung angefragt,Neutral,Chat,Mittel,2023-10-05,95
7086,16318,2023-12-29,Solar,Technisch,Einspeisevergütung Frage,Neutral,Email,Mittel,2024-01-03,55
7087,1160,2023-10-15,Speicher,Technisch,Kapazität gesunken,Negativ,Email,Mittel,2023-10-23,137
7088,6477,2024-03-27,Rechnung,Abrechnung,Gutschrift angefragt,Neutral,Email,Kritisch,2024-04-03,126
7089,12617,2024-11-05,Wallbox,E-Mobility,Wallbox Installation angefragt,Positiv,Chat,Mittel,2024-11-19,126
7090,13007,2023-07-12,Wärmepumpe,Technisch,Geräuschentwicklung zu hoch,Positiv,Chat,Mittel,2023-07-18,198
7091,2531,2023-12-07,Rechnung,Abrechnung,Abschlag zu hoch,Negativ,Telefon,Mittel,2023-12-18,132
7092,8944,2024-05-31,Allgemein,Service,Lob,Positiv,Email,Niedrig,2024-06-01,94
7093,16436,2023-05-15,Rechnung,Abrechnung,Rechnungsfrage,Neutral,Telefon,Mittel,2023-05-25,121
7094,7504,2024-10-29,Wärmepumpe,Technisch,Geräuschentwicklung zu hoch,Negativ,App,Mittel,2024-11-02,142
7095,15291,2024-09-14,Smart Meter,Installation,Smart Meter Ablesung fehlerhaft,Negativ,App,Mittel,2024-09-20,67
7096,5580,2024-07-28,Rechnung,Abrechnung,Abschlag zu hoch,Positiv,Email,Niedrig,2024-08-05,180
7097,5940,2025-05-14,Wallbox,E-Mobility,Wallbox lädt nicht,Negativ,Telefon,Hoch,2025-05-14,76
7098,12636,2025-01-31,Wallbox,E-Mobility,Ladekarte Probleme,Neutral,Chat,Niedrig,2025-02-13,17
7099,1226,2025-04-20,Allgemein,Service,Kontaktdaten ändern,Neutral,App,Mittel,2025-04-20,67
7100,5274,2023-02-20,Speicher,Technisch,Batteriespeicher Störung,Negativ,Email,Hoch,2023-02-23,149
7101,5731,2024-09-19,Smart Meter,Installation,Smart Meter defekt,Negativ,App,Kritisch,2024-09-20,85
7102,1149,2024-04-22,Tarif,Vertrag,Tarifwechsel angefragt,Positiv,Telefon,Hoch,2024-04-25,101
7103,15849,2024-01-12,Smart Meter,Installation,Smart Meter Installation angefragt,Neutral,Telefon,Mittel,2024-01-26,117
7104,16207,2025-06-20,Wärmepumpe,Technisch,Wärmepumpe läuft nicht,Negativ,Telefon,Hoch,2025-06-24,105
7105,7108,2023-02-01,Solar,Technisch,Wechselrichter Fehler,Neutral,Email,Niedrig,2023-02-03,176
7106,11170,2024-09-30,Wärmepumpe,Technisch,Effizienz zu niedrig,Neutral,Chat,Niedrig,2024-10-07,13
7107,16115,2024-09-07,Solar,Technisch,Einspeisevergütung Frage,Neutral,App,Mittel,2024-09-21,195
7108,13794,2024-06-09,Allgemein,Service,Lob,Positiv,Telefon,Niedrig,2024-06-17,171
7109,19017,2024-06-15,Speicher,Technisch,Batteriespeicher Störung,Negativ,Chat,Hoch,2024-06-22,6
7110,18138,2024-08-28,Tarif,Vertrag,Kündigung,Neutral,Telefon,Mittel,2024-09-10,193
7111,7715,2023-11-20,Tarif,Vertrag,Kündigung,Neutral,Telefon,Niedrig,2023-11-20,50
7112,2507,2023-06-04,Rechnung,Abrechnung,Unstimmigkeit in Rechnung,Negativ,Email,Niedrig,2023-06-06,43
7113,3002,2023-05-01,Rechnung,Abrechnung,Unstimmigkeit in Rechnung,Negativ,App,Niedrig,2023-05-13,147
7114,9051,2024-11-07,Solar,Technisch,Wechselrichter Fehler,Neutral,Telefon,Mittel,2024-11-07,58
7115,1492,2023-09-16,Speicher,Technisch,Speicher lädt nicht,Negativ,Telefon,Hoch,2023-09-20,147
7116,6813,2025-03-22,Allgemein,Service,Lob,Positiv,Chat,Niedrig,2025-03-31,130
7117,12689,2024-02-24,Wärmepumpe,Technisch,Geräuschentwicklung zu hoch,Neutral,Telefon,Mittel,2024-03-08,36
7118,11043,2023-07-03,Allgemein,Service,Allgemeine Anfrage,Negativ,Chat,Mittel,2023-07-13,137
7119,18343,2023-05-06,Speicher,Technisch,Kapazität gesunken,Neutral,Chat,Mittel,2023-05-16,70
7120,18189,2023-09-06,Solar,Technisch,Solaranlage produziert nicht,Negativ,Email,Mittel,2023-09-14,161
7121,10285,2023-08-07,Wallbox,E-Mobility,App-Verbindung unterbrochen,Neutral,Telefon,Mittel,2023-08-14,154
7122,1001,2023-04-13,Rechnung,Abrechnung,Zahlungsplan angefragt,Neutral,Chat,Mittel,2023-04-19,90
7123,14390,2023-06-08,Wallbox,E-Mobility,Wallbox Installation angefragt,Positiv,Chat,Niedrig,2023-06-21,133
7124,15591,2024-11-28,Solar,Technisch,Wechselrichter Fehler,Neutral,App,Mittel,2024-12-10,67
7125,6317,2023-04-06,Allgemein,Service,Allgemeine Anfrage,Neutral,App,Niedrig,2023-04-17,148
7126,2953,2023-06-03,Rechnung,Abrechnung,Zahlungsplan angefragt,Neutral,App,Niedrig,2023-06-03,98
7127,18600,2023-05-18,Speicher,Technisch,Speicher lädt nicht,Negativ,Telefon,Hoch,2023-05-18,73
7128,12193,2024-03-05,Wallbox,E-Mobility,App-Verbindung unterbrochen,Neutral,Email,Mittel,2024-03-18,52
7129,18196,2023-02-27,Tarif,Vertrag,Vertragsverlängerung,Neutral,App,Mittel,2023-03-08,200
7130,11890,2025-03-30,Speicher,Technisch,Speicher lädt nicht,Negativ,App,Hoch,2025-04-01,19
7131,10548,2025-01-16,Wärmepumpe,Technisch,Fehlercode E01 angezeigt,Neutral,Telefon,Mittel,2025-01-19,118
7132,13504,2024-09-10,Tarif,Vertrag,Kündigung,Neutral,Chat,Mittel,2024-09-23,79
7133,3281,2024-02-13,Rechnung,Abrechnung,Zahlungsplan angefragt,Neutral,Chat,Niedrig,2024-02-18,54
7134,19682,2023-08-08,Allgemein,Service,Allgemeine Anfrage,Neutral,App,Mittel,2023-08-15,39
7135,12452,2024-09-15,Wärmepumpe,Technisch,Geräuschentwicklung zu hoch,Positiv,Chat,Niedrig,2024-09-23,59
7136,7685,2023-12-29,Tarif,Vertrag,Preisgarantie Frage,Neutral,Email,Mittel,2024-01-12,78
7137,13624,2024-05-27,Wallbox,E-Mobility,Wallbox defekt,Negativ,App,Kritisch,2024-05-27,175
7138,6041,2024-10-06,Wallbox,E-Mobility,Wallbox lädt nicht,Negativ,App,Niedrig,2024-10-15,25
7139,16067,2025-03-06,Allgemein,Service,Beschwerde,Negativ,Email,Hoch,2025-03-10,67
7140,1331,2025-05-17,Rechnung,Abrechnung,Rechnungsfrage,Neutral,Chat,Mittel,2025-05-24,112
7141,12494,2023-10-17,Wärmepumpe,Technisch,Wärmepumpe Störung,Negativ,Telefon,Niedrig,2023-10-27,45
7142,1860,2024-11-10,Speicher,Technisch,Batteriespeicher Störung,Negativ,Telefon,Hoch,2024-11-12,156
7143,12835,2023-07-29,Wärmepumpe,Technisch,Wartung angefragt,Negativ,Telefon,Mittel,2023-08-04,67
7144,4949,2024-04-20,Wallbox,E-Mobility,App-Verbindung unterbrochen,Neutral,Chat,Kritisch,2024-04-21,148
7145,6952,2024-12-17,Rechnung,Abrechnung,Gutschrift angefragt,Negativ,Email,Mittel,2024-12-29,119
7146,16051,2025-04-25,Rechnung,Abrechnung,Abschlag zu hoch,Positiv,Chat,Niedrig,2025-05-04,139
7147,11501,2023-12-24,Solar,Technisch,Monitoring nicht verfügbar,Negativ,App,Mittel,2023-12-31,31
7148,14857,2025-02-18,Speicher,Technisch,Batteriespeicher Störung,Negativ,Chat,Mittel,2025-03-01,155
7149,8761,2023-09-07,Smart Meter,Installation,Smart Meter Ablesung fehlerhaft,Positiv,Chat,Niedrig,2023-09-09,154
7150,8325,2024-11-23,Wärmepumpe,Technisch,Geräuschentwicklung zu hoch,Neutral,Email,Mittel,2024-11-23,7
7151,6477,2023-05-15,Speicher,Technisch,Batteriespeicher Störung,Negativ,Telefon,Hoch,2023-05-21,39
7152,9193,2023-07-30,Wärmepumpe,Technisch,Geräuschentwicklung zu hoch,Neutral,App,Mittel,2023-08-09,195
7153,18510,2023-09-03,Solar,Technisch,Solaranlage produziert nicht,Negativ,App,Mittel,2023-09-11,28
7154,16085,2023-01-21,Rechnung,Abrechnung,Gutschrift angefragt,Neutral,Chat,Hoch,2023-01-28,121
7155,1385,2024-11-26,Speicher,Technisch,Speicher lädt nicht,Negativ,Email,Kritisch,2024-11-29,80
7156,2821,2023-08-24,Wärmepumpe,Technisch,Wärmepumpe Störung,Negativ,Chat,Kritisch,2023-08-25,70
7157,7916,2024-09-09,Speicher,Technisch,Speicher lädt nicht,Negativ,Telefon,Hoch,2024-09-13,78
7158,13400,2025-05-24,Rechnung,Abrechnung,Abschlag anpassen,Neutral,Email,Niedrig,2025-06-05,166
7159,12970,2024-08-08,Allgemein,Service,Lob,Positiv,App,Niedrig,2024-08-10,135
7160,2197,2023-09-06,Allgemein,Service,Kontaktdaten ändern,Neutral,App,Mittel,2023-09-16,150
7161,9521,2025-04-09,Solar,Technisch,Wechselrichter Fehler,Neutral,App,Mittel,2025-04-11,101
7162,3613,2025-06-18,Smart Meter,Installation,Smart Meter Ablesung fehlerhaft,Negativ,Email,Mittel,2025-06-19,42
7163,3902,2025-05-26,Rechnung,Abrechnung,Abschlag anpassen,Negativ,Email,Mittel,2025-05-30,141
7164,6744,2024-08-11,Smart Meter,Installation,Smart Meter Installation angefragt,Neutral,Telefon,Niedrig,2024-08-24,193
7165,210,2023-09-17,Wärmepumpe,Technisch,Wärmepumpe Störung,Negativ,Chat,Hoch,2023-09-20,154
7166,3787,2025-01-24,Allgemein,Service,Kontaktdaten ändern,Neutral,Telefon,Niedrig,2025-01-27,101
7167,14922,2023-07-15,Solar,Technisch,Monitoring nicht verfügbar,Negativ,App,Kritisch,2023-07-19,88
7168,15232,2025-03-16,Wärmepumpe,Technisch,Effizienz zu niedrig,Neutral,Email,Niedrig,2025-03-23,128
7169,15149,2025-06-20,Speicher,Technisch,Batteriespeicher Störung,Negativ,Telefon,Kritisch,2025-06-20,124
7170,10946,2025-01-06,Wallbox,E-Mobility,Wallbox Installation angefragt,Neutral,Telefon,Niedrig,2025-01-09,130
7171,2673,2023-07-30,Allgemein,Service,Beschwerde,Negativ,App,Niedrig,2023-08-09,19
7172,1088,2023-08-21,Wallbox,E-Mobility,Wallbox defekt,Negativ,App,Kritisch,2023-08-26,30
7173,3004,2025-01-30,Wallbox,E-Mobility,App-Verbindung unterbrochen,Neutral,Telefon,Niedrig,2025-02-09,21
7174,657,2025-03-05,Rechnung,Abrechnung,Zahlungsplan angefragt,Neutral,App,Mittel,2025-03-14,57
7175,10487,2024-08-16,Allgemein,Service,Informationsanfrage,Neutral,Chat,Hoch,2024-08-16,33
7176,13163,2023-12-29,Solar,Technisch,Monitoring nicht verfügbar,Negativ,App,Niedrig,2024-01-07,64
7177,18847,2024-03-27,Wärmepumpe,Technisch,Effizienz zu niedrig,Positiv,Email,Mittel,2024-03-29,121
7178,1948,2025-04-11,Smart Meter,Installation,Smart Meter App funktioniert nicht,Negativ,App,Hoch,2025-04-13,12
7179,15341,2024-07-14,Wärmepumpe,Technisch,Wärmepumpe läuft nicht,Negativ,App,Hoch,2024-07-20,95
7180,8883,2024-07-31,Speicher,Technisch,Speicher lädt nicht,Negativ,App,Hoch,2024-08-04,162
7181,887,2024-12-27,Allgemein,Service,Lob,Positiv,Chat,Niedrig,2025-01-05,196
7182,18314,2023-01-20,Speicher,Technisch,Speicher lädt nicht,Negativ,App,Niedrig,2023-01-29,145
7183,16694,2024-11-25,Wärmepumpe,Technisch,Wärmepumpe Störung,Negativ,Chat,Kritisch,2024-12-01,136
7184,13348,2025-05-19,Solar,Technisch,Monitoring nicht verfügbar,Negativ,Chat,Hoch,2025-05-24,114
7185,8867,2024-02-23,Allgemein,Service,Informationsanfrage,Neutral,Email,Niedrig,2024-03-02,59
7186,13627,2025-05-26,Smart Meter,Installation,Smart Meter defekt,Negativ,Email,Niedrig,2025-05-27,194
7187,13245,2023-11-12,Wärmepumpe,Technisch,Wärmepumpe läuft nicht,Negativ,App,Hoch,2023-11-17,155
7188,4438,2024-12-08,Solar,Technisch,Solaranlage produziert nicht,Negativ,App,Hoch,2024-12-11,148
7189,1551,2024-11-20,Solar,Technisch,Solaranlage Ertrag niedrig,Neutral,Telefon,Mittel,2024-11-30,34
7190,8470,2025-01-17,Allgemein,Service,Lob,Positiv,Chat,Niedrig,2025-01-19,153
7191,8764,2023-09-10,Speicher,Technisch,Speicher lädt nicht,Negativ,Email,Mittel,2023-09-12,184
7192,9050,2024-12-22,Solar,Technisch,Wechselrichter Fehler,Negativ,Chat,Niedrig,2025-01-04,87
7193,13387,2023-04-18,Speicher,Technisch,Speicher lädt nicht,Negativ,Telefon,Mittel,2023-04-20,82
7194,12980,2025-05-20,Speicher,Technisch,Speicher lädt nicht,Negativ,Email,Hoch,2025-05-20,108
7195,1567,2023-06-03,Rechnung,Abrechnung,Zahlungsplan angefragt,Neutral,Chat,Mittel,2023-06-11,83
7196,729,2024-10-14,Allgemein,Service,Kontaktdaten ändern,Neutral,Telefon,Hoch,2024-10-20,148
7197,4762,2023-12-11,Allgemein,Service,Lob,Positiv,Email,Niedrig,2023-12-18,43
7198,1158,2024-08-18,Rechnung,Abrechnung,Zahlungsplan angefragt,Positiv,Email,Niedrig,2024-08-28,22
7199,19336,2023-03-09,Rechnung,Abrechnung,Abschlag anpassen,Positiv,Email,Mittel,2023-03-21,133
7200,17921,2024-04-07,Rechnung,Abrechnung,Rechnungsfrage,Negativ,Email,Niedrig,2024-04-20,170
7201,9354,2024-10-02,Wallbox,E-Mobility,Wallbox Installation angefragt,Negativ,Telefon,Mittel,2024-10-06,122
7202,10861,2024-10-09,Allgemein,Service,Lob,Positiv,Telefon,Niedrig,2024-10-09,72
7203,5736,2024-09-22,Rechnung,Abrechnung,Abschlag zu hoch,Neutral,Telefon,Mittel,2024-10-01,81
7204,17095,2024-06-02,Rechnung,Abrechnung,Zahlungsplan angefragt,Positiv,Chat,Mittel,2024-06-06,161
7205,8944,2023-08-14,Speicher,Technisch,Batteriespeicher Störung,Negativ,Email,Hoch,2023-08-20,62
7206,1358,2024-09-07,Smart Meter,Installation,Smart Meter Installation angefragt,Neutral,Telefon,Mittel,2024-09-18,61
7207,17393,2024-09-29,Wärmepumpe,Technisch,Wärmepumpe Störung,Negativ,Email,Mittel,2024-09-30,33
7208,2767,2025-02-26,Rechnung,Abrechnung,Gutschrift angefragt,Neutral,Email,Hoch,2025-03-05,35
7209,16750,2025-04-04,Tarif,Vertrag,Vertragsverlängerung,Neutral,Email,Mittel,2025-04-12,184
7210,10747,2023-01-02,Allgemein,Service,Lob,Positiv,Email,Niedrig,2023-01-07,118
7211,4738,2024-01-19,Tarif,Vertrag,Vertragsverlängerung,Negativ,Email,Niedrig,2024-01-28,47
7212,15681,2023-10-06,Tarif,Vertrag,Umzug melden,Negativ,Telefon,Mittel,2023-10-19,20
7213,13880,2025-03-23,Allgemein,Service,Kontaktdaten ändern,Neutral,Email,Mittel,2025-03-30,38
7214,258,2023-01-04,Wallbox,E-Mobility,Wallbox defekt,Negativ,Telefon,Mittel,2023-01-14,143
7215,11817,2024-04-26,Tarif,Vertrag,Vertragsverlängerung,Neutral,App,Niedrig,2024-05-03,165
7216,18863,2023-09-03,Rechnung,Abrechnung,Zahlungsplan angefragt,Neutral,App,Mittel,2023-09-13,64
7217,7748,2024-10-07,Smart Meter,Installation,Smart Meter Ablesung fehlerhaft,Positiv,Email,Niedrig,2024-10-08,45
7218,6923,2024-12-11,Smart Meter,Installation,Smart Meter Installation angefragt,Neutral,Email,Niedrig,2024-12-21,191
7219,5897,2023-12-03,Wallbox,E-Mobility,App-Verbindung unterbrochen,Neutral,Email,Hoch,2023-12-09,165
7220,3024,2024-09-22,Wallbox,E-Mobility,Ladekarte Probleme,Negativ,Chat,Niedrig,2024-10-06,14
7221,15519,2023-12-13,Rechnung,Abrechnung,Rechnungsfrage,Negativ,Email,Hoch,2023-12-16,26
7222,7425,2024-07-10,Wallbox,E-Mobility,Ladekarte Probleme,Neutral,App,Mittel,2024-07-18,42
7223,19513,2025-01-02,Rechnung,Abrechnung,Rechnungsfrage,Neutral,Chat,Niedrig,2025-01-11,85
7224,19796,2024-08-30,Wallbox,E-Mobility,Ladekarte Probleme,Negativ,Email,Mittel,2024-09-10,173
7225,1335,2025-06-03,Wallbox,E-Mobility,Wallbox lädt nicht,Negativ,Email,Mittel,2025-06-04,196
7226,4491,2024-05-20,Wallbox,E-Mobility,Wallbox lädt nicht,Negativ,Chat,Kritisch,2024-05-26,147
7227,7952,2023-03-20,Rechnung,Abrechnung,Abschlag zu hoch,Negativ,Telefon,Mittel,2023-03-30,69
7228,17271,2023-02-07,Speicher,Technisch,Kapazität gesunken,Neutral,Email,Niedrig,2023-02-07,112
7229,57,2024-07-09,Wärmepumpe,Technisch,Geräuschentwicklung zu hoch,Neutral,App,Mittel,2024-07-23,181
7230,10026,2023-09-10,Speicher,Technisch,Batteriespeicher Störung,Negativ,Email,Mittel,2023-09-14,88
7231,3165,2025-01-01,Solar,Technisch,Solaranlage produziert nicht,Negativ,App,Mittel,2025-01-07,103
7232,14930,2023-08-11,Wallbox,E-Mobility,App-Verbindung unterbrochen,Neutral,App,Mittel,2023-08-24,51
7233,7093,2024-08-31,Rechnung,Abrechnung,Unstimmigkeit in Rechnung,Neutral,App,Mittel,2024-09-10,137
7234,10630,2024-11-25,Smart Meter,Installation,Smart Meter Ablesung fehlerhaft,Positiv,Telefon,Mittel,2024-12-03,82
7235,17847,2023-04-03,Tarif,Vertrag,Vertragsverlängerung,Neutral,Chat,Hoch,2023-04-06,78
7236,2482,2024-03-08,Speicher,Technisch,Batteriespeicher Störung,Negativ,Email,Mittel,2024-03-08,51
7237,2303,2023-07-21,Speicher,Technisch,Kapazität gesunken,Neutral,Telefon,Hoch,2023-07-21,131
7238,13388,2024-07-11,Smart Meter,Installation,Smart Meter Installation angefragt,Neutral,Telefon,Mittel,2024-07-23,99
7239,478,2024-10-11,Speicher,Technisch,Kapazität gesunken,Positiv,App,Niedrig,2024-10-11,21
7240,6251,2025-06-27,Allgemein,Service,Kontaktdaten ändern,Neutral,Email,Hoch,2025-06-27,14
7241,15747,2023-11-23,Allgemein,Service,Informationsanfrage,Neutral,App,Mittel,2023-11-30,139
7242,10566,2024-09-21,Wallbox,E-Mobility,Ladekarte Probleme,Neutral,Chat,Niedrig,2024-09-25,177
7243,16475,2023-01-03,Solar,Technisch,Solaranlage Ertrag niedrig,Neutral,Telefon,Kritisch,2023-01-07,15
7244,249,2025-02-17,Smart Meter,Installation,Smart Meter App funktioniert nicht,Negativ,Chat,Hoch,2025-02-24,42
7245,8250,2023-12-08,Solar,Technisch,Monitoring nicht verfügbar,Negativ,Chat,Mittel,2023-12-17,103
7246,2226,2025-03-15,Solar,Technisch,Wechselrichter Fehler,Negativ,Chat,Mittel,2025-03-21,131
7247,7840,2023-09-15,Solar,Technisch,Wechselrichter Fehler,Neutral,Chat,Niedrig,2023-09-18,136
7248,462,2023-10-09,Wärmepumpe,Technisch,Wartung angefragt,Neutral,Email,Mittel,2023-10-13,49
7249,12284,2024-07-08,Solar,Technisch,Solaranlage produziert nicht,Negativ,Chat,Hoch,2024-07-12,102
7250,18295,2023-05-11,Allgemein,Service,Informationsanfrage,Neutral,Telefon,Mittel,2023-05-15,61
7251,5666,2024-11-06,Allgemein,Service,Beschwerde,Negativ,Chat,Hoch,2024-11-10,84
7252,12174,2023-03-31,Speicher,Technisch,Speicher lädt nicht,Negativ,App,Mittel,2023-04-03,35
7253,17854,2025-03-28,Wärmepumpe,Technisch,Wartung angefragt,Positiv,App,Hoch,2025-03-29,107
7254,13775,2025-05-16,Rechnung,Abrechnung,Gutschrift angefragt,Negativ,Telefon,Mittel,2025-05-19,171
7255,18940,2025-05-02,Speicher,Technisch,Kapazität gesunken,Positiv,Email,Niedrig,2025-05-02,100
7256,4036,2023-10-26,Tarif,Vertrag,Ökostrom Umstellung,Neutral,App,Mittel,2023-10-30,173
7257,53,2024-07-20,Wärmepumpe,Technisch,Fehlercode E01 angezeigt,Neutral,App,Hoch,2024-07-27,103
7258,17582,2023-07-01,Smart Meter,Installation,Smart Meter Ablesung fehlerhaft,Neutral,Email,Mittel,2023-07-13,82
7259,16004,2023-12-17,Tarif,Vertrag,Ökostrom Umstellung,Neutral,Telefon,Hoch,2023-12-19,94
7260,14853,2024-06-15,Wallbox,E-Mobility,Wallbox defekt,Negativ,Chat,Mittel,2024-06-22,93
7261,1041,2024-04-01,Solar,Technisch,Solaranlage Ertrag niedrig,Neutral,Email,Niedrig,2024-04-14,110
7262,10122,2024-04-06,Tarif,Vertrag,Vertragsverlängerung,Neutral,Telefon,Mittel,2024-04-20,26
7263,2827,2023-02-18,Smart Meter,Installation,Smart Meter zeigt keine Daten,Negativ,Telefon,Mittel,2023-02-26,161
7264,9683,2025-04-08,Allgemein,Service,Informationsanfrage,Neutral,App,Hoch,2025-04-10,75
7265,17781,2025-05-21,Wärmepumpe,Technisch,Wärmepumpe Störung,Negativ,Telefon,Kritisch,2025-05-25,94
7266,17442,2024-02-27,Smart Meter,Installation,Smart Meter Installation angefragt,Positiv,Telefon,Niedrig,2024-03-02,181
7267,8122,2023-09-03,Wallbox,E-Mobility,Wallbox defekt,Negativ,Email,Hoch,2023-09-04,96
7268,13015,2024-12-07,Tarif,Vertrag,Umzug melden,Positiv,App,Niedrig,2024-12-10,176
7269,10988,2023-02-18,Smart Meter,Installation,Smart Meter Installation angefragt,Neutral,App,Hoch,2023-02-22,109
7270,993,2025-05-31,Smart Meter,Installation,Smart Meter Ablesung fehlerhaft,Neutral,Email,Mittel,2025-06-06,175
7271,7325,2023-08-11,Solar,Technisch,Einspeisevergütung Frage,Neutral,Telefon,Hoch,2023-08-16,89
7272,6260,2024-10-27,Speicher,Technisch,Batteriespeicher Störung,Negativ,App,Mittel,2024-11-01,184
7273,17054,2024-08-18,Solar,Technisch,Solaranlage produziert nicht,Negativ,Chat,Mittel,2024-08-28,189
7274,14554,2025-05-08,Rechnung,Abrechnung,Zahlungsplan angefragt,Negativ,Chat,Kritisch,2025-05-09,163
7275,8508,2024-02-05,Rechnung,Abrechnung,Abschlag anpassen,Neutral,App,Mittel,2024-02-11,141
7276,5600,2024-03-07,Allgemein,Service,Kontaktdaten ändern,Neutral,App,Kritisch,2024-03-08,129
7277,3035,2023-08-05,Solar,Technisch,Solaranlage Ertrag niedrig,Negativ,Chat,Mittel,2023-08-13,199
7278,1864,2024-10-06,Smart Meter,Installation,Smart Meter Ablesung fehlerhaft,Negativ,App,Niedrig,2024-10-17,173
7279,9382,2024-04-16,Tarif,Vertrag,Kündigung,Negativ,Chat,Mittel,2024-04-29,33
7280,19269,2024-05-19,Allgemein,Service,Informationsanfrage,Neutral,Chat,Hoch,2024-05-19,114
7281,2246,2025-06-01,Tarif,Vertrag,Vertragsverlängerung,Neutral,Email,Mittel,2025-06-15,173
7282,10729,2025-03-06,Rechnung,Abrechnung,Gutschrift angefragt,Neutral,Email,Niedrig,2025-03-13,192
7283,4015,2024-01-06,Rechnung,Abrechnung,Zahlungsplan angefragt,Neutral,App,Niedrig,2024-01-16,100
7284,9291,2024-07-25,Solar,Technisch,Solaranlage produziert nicht,Negativ,App,Hoch,2024-07-25,74
7285,11010,2025-01-11,Wallbox,E-Mobility,Wallbox Installation angefragt,Neutral,App,Mittel,2025-01-14,135
7286,10421,2023-03-18,Rechnung,Abrechnung,Abschlag anpassen,Neutral,Email,Mittel,2023-04-01,173
7287,15238,2023-04-11,Wallbox,E-Mobility,App-Verbindung unterbrochen,Positiv,Chat,Mittel,2023-04-13,178
7288,15560,2025-05-17,Wärmepumpe,Technisch,Effizienz zu niedrig,Neutral,Email,Mittel,2025-05-24,29
7289,2920,2025-01-25,Wallbox,E-Mobility,Wallbox lädt nicht,Negativ,Telefon,Mittel,2025-02-06,137
7290,16237,2025-05-12,Smart Meter,Installation,Smart Meter zeigt keine Daten,Negativ,Telefon,Hoch,2025-05-17,49
7291,15673,2024-02-07,Speicher,Technisch,Batteriespeicher Störung,Negativ,Chat,Hoch,2024-02-10,164
7292,1165,2023-10-08,Speicher,Technisch,Speicher lädt nicht,Negativ,Chat,Hoch,2023-10-10,193
7293,13347,2024-06-14,Wärmepumpe,Technisch,Fehlercode E01 angezeigt,Negativ,Chat,Niedrig,2024-06-23,192
7294,18612,2023-06-13,Speicher,Technisch,Kapazität gesunken,Neutral,Telefon,Mittel,2023-06-17,78
7295,9043,2025-04-15,Speicher,Technisch,Kapazität gesunken,Neutral,Email,Mittel,2025-04-24,53
7296,5193,2024-06-02,Rechnung,Abrechnung,Abschlag anpassen,Neutral,App,Mittel,2024-06-10,18
7297,8348,2024-05-15,Wärmepumpe,Technisch,Fehlercode E01 angezeigt,Neutral,App,Niedrig,2024-05-15,45
7298,1214,2023-08-12,Smart Meter,Installation,Smart Meter zeigt keine Daten,Neutral,Email,Mittel,2023-08-18,134
7299,1907,2024-03-21,Smart Meter,Installation,Smart Meter zeigt keine Daten,Neutral,App,Mittel,2024-03-27,63
7300,12699,2023-11-02,Wärmepumpe,Technisch,Wartung angefragt,Neutral,Chat,Mittel,2023-11-13,57
7301,521,2024-06-07,Rechnung,Abrechnung,Gutschrift angefragt,Neutral,Chat,Niedrig,2024-06-12,44
7302,3712,2024-09-21,Tarif,Vertrag,Ökostrom Umstellung,Neutral,Chat,Mittel,2024-10-04,147
7303,8261,2023-02-10,Speicher,Technisch,Speicher lädt nicht,Negativ,Chat,Kritisch,2023-02-17,27
7304,14990,2024-01-13,Solar,Technisch,Solaranlage produziert nicht,Negativ,App,Hoch,2024-01-13,13
7305,8960,2024-09-10,Smart Meter,Installation,Smart Meter zeigt keine Daten,Neutral,Chat,Mittel,2024-09-12,188
7306,13469,2025-05-14,Wärmepumpe,Technisch,Fehlercode E01 angezeigt,Negativ,App,Mittel,2025-05-15,142
7307,14829,2023-04-14,Allgemein,Service,Informationsanfrage,Neutral,Telefon,Niedrig,2023-04-25,84
7308,3040,2024-02-27,Wärmepumpe,Technisch,Wartung angefragt,Neutral,Email,Mittel,2024-03-04,187
7309,4084,2024-05-20,Wärmepumpe,Technisch,Wärmepumpe Störung,Negativ,Telefon,Hoch,2024-05-23,159
7310,12202,2023-01-04,Wärmepumpe,Technisch,Geräuschentwicklung zu hoch,Neutral,App,Mittel,2023-01-09,56
7311,3789,2025-01-21,Wallbox,E-Mobility,App-Verbindung unterbrochen,Negativ,Email,Hoch,2025-01-22,197
7312,6997,2024-12-19,Solar,Technisch,Solaranlage Ertrag niedrig,Neutral,App,Mittel,2024-12-27,8
7313,35,2024-11-20,Wallbox,E-Mobility,App-Verbindung unterbrochen,Negativ,Email,Niedrig,2024-11-21,36
7314,14244,2025-03-11,Wärmepumpe,Technisch,Effizienz zu niedrig,Neutral,Email,Niedrig,2025-03-12,54
7315,4223,2025-06-03,Tarif,Vertrag,Preisgarantie Frage,Neutral,Telefon,Mittel,2025-06-16,53
7316,4882,2024-03-14,Wärmepumpe,Technisch,Wartung angefragt,Positiv,App,Niedrig,2024-03-26,100
7317,2680,2024-03-07,Wärmepumpe,Technisch,Wärmepumpe läuft nicht,Negativ,Email,Mittel,2024-03-20,67
7318,12251,2024-05-17,Speicher,Technisch,Speicher lädt nicht,Negativ,Email,Mittel,2024-05-19,12
7319,19314,2025-02-08,Speicher,Technisch,Kapazität gesunken,Neutral,App,Mittel,2025-02-16,57
7320,18085,2023-08-05,Wallbox,E-Mobility,App-Verbindung unterbrochen,Neutral,App,Mittel,2023-08-09,124
7321,10898,2025-05-01,Allgemein,Service,Lob,Positiv,App,Niedrig,2025-05-11,137
7322,17719,2024-10-17,Tarif,Vertrag,Umzug melden,Neutral,App,Hoch,2024-10-22,103
7323,19476,2023-11-28,Allgemein,Service,Informationsanfrage,Neutral,Email,Hoch,2023-12-02,198
7324,13763,2023-11-08,Wärmepumpe,Technisch,Fehlercode E01 angezeigt,Positiv,Chat,Niedrig,2023-11-11,42
7325,7764,2023-03-27,Solar,Technisch,Wechselrichter Fehler,Positiv,Chat,Niedrig,2023-04-08,98
7326,14011,2025-02-02,Smart Meter,Installation,Smart Meter Installation angefragt,Neutral,Chat,Mittel,2025-02-08,51
7327,2050,2024-11-10,Speicher,Technisch,Batteriespeicher Störung,Negativ,Chat,Mittel,2024-11-10,10
7328,5487,2024-11-02,Tarif,Vertrag,Umzug melden,Negativ,Email,Hoch,2024-11-03,4
7329,18109,2024-06-11,Tarif,Vertrag,Tarifwechsel angefragt,Negativ,Email,Mittel,2024-06-11,169
7330,3523,2023-07-30,Rechnung,Abrechnung,Abschlag anpassen,Neutral,Email,Mittel,2023-08-03,126
7331,15550,2023-10-12,Tarif,Vertrag,Preisgarantie Frage,Negativ,Telefon,Mittel,2023-10-16,63
7332,3321,2023-04-02,Rechnung,Abrechnung,Gutschrift angefragt,Neutral,Telefon,Niedrig,2023-04-07,197
7333,10345,2023-04-18,Solar,Technisch,Einspeisevergütung Frage,Negativ,Chat,Hoch,2023-04-24,188
7334,271,2023-07-06,Solar,Technisch,Monitoring nicht verfügbar,Negativ,App,Kritisch,2023-07-12,159
7335,6620,2023-01-18,Wallbox,E-Mobility,Wallbox defekt,Negativ,Chat,Kritisch,2023-01-23,167
7336,17465,2025-01-05,Rechnung,Abrechnung,Abschlag anpassen,Positiv,Email,Mittel,2025-01-09,139
7337,5785,2025-06-07,Wallbox,E-Mobility,App-Verbindung unterbrochen,Neutral,Email,Hoch,2025-06-10,5
7338,5299,2023-04-29,Wärmepumpe,Technisch,Wärmepumpe Störung,Negativ,Chat,Hoch,2023-05-06,93
7339,17661,2025-04-08,Speicher,Technisch,Speicher lädt nicht,Negativ,Email,Hoch,2025-04-12,64
7340,2231,2024-05-10,Solar,Technisch,Solaranlage Ertrag niedrig,Neutral,Chat,Mittel,2024-05-24,58
7341,1562,2023-01-20,Rechnung,Abrechnung,Unstimmigkeit in Rechnung,Neutral,Telefon,Mittel,2023-01-26,17
7342,15295,2025-03-22,Wallbox,E-Mobility,App-Verbindung unterbrochen,Neutral,Email,Mittel,2025-04-05,88
7343,14816,2023-03-28,Rechnung,Abrechnung,Unstimmigkeit in Rechnung,Neutral,Chat,Niedrig,2023-03-31,134
7344,12700,2023-01-28,Solar,Technisch,Einspeisevergütung Frage,Neutral,App,Niedrig,2023-01-29,18
7345,6151,2023-01-21,Speicher,Technisch,Batteriespeicher Störung,Negativ,App,Mittel,2023-01-30,104
7346,1979,2023-02-05,Speicher,Technisch,Kapazität gesunken,Negativ,Email,Mittel,2023-02-07,117
7347,8971,2025-05-13,Wärmepumpe,Technisch,Fehlercode E01 angezeigt,Neutral,Telefon,Mittel,2025-05-16,124
7348,533,2024-08-30,Rechnung,Abrechnung,Rechnungsfrage,Neutral,Chat,Mittel,2024-09-10,71
7349,18791,2024-03-10,Wallbox,E-Mobility,Ladekarte Probleme,Neutral,App,Mittel,2024-03-20,189
7350,9105,2023-09-20,Rechnung,Abrechnung,Abschlag zu hoch,Neutral,Email,Niedrig,2023-09-25,177
7351,12961,2023-10-16,Smart Meter,Installation,Smart Meter App funktioniert nicht,Negativ,App,Hoch,2023-10-23,191
7352,14402,2024-04-16,Speicher,Technisch,Kapazität gesunken,Neutral,Email,Mittel,2024-04-19,7
7353,13942,2025-01-31,Allgemein,Service,Beschwerde,Negativ,App,Niedrig,2025-02-12,157
7354,10741,2025-03-25,Allgemein,Service,Beschwerde,Negativ,App,Hoch,2025-03-29,62
7355,17792,2024-09-21,Smart Meter,Installation,Smart Meter Installation angefragt,Neutral,Email,Niedrig,2024-10-03,11
7356,9200,2024-08-22,Solar,Technisch,Einspeisevergütung Frage,Neutral,App,Mittel,2024-08-25,103
7357,9982,2024-09-04,Tarif,Vertrag,Tarifwechsel angefragt,Negativ,Telefon,Hoch,2024-09-08,5
7358,14797,2023-03-28,Tarif,Vertrag,Preisgarantie Frage,Neutral,Email,Mittel,2023-03-30,200
7359,12482,2023-02-02,Tarif,Vertrag,Umzug melden,Neutral,Email,Mittel,2023-02-15,46
7360,1592,2023-03-15,Allgemein,Service,Lob,Positiv,Chat,Niedrig,2023-03-25,178
7361,18113,2023-01-13,Wärmepumpe,Technisch,Wärmepumpe läuft nicht,Negativ,Telefon,Niedrig,2023-01-26,31
7362,17727,2025-05-03,Smart Meter,Installation,Smart Meter Installation angefragt,Neutral,Telefon,Hoch,2025-05-03,150
7363,14459,2023-11-15,Speicher,Technisch,Batteriespeicher Störung,Negativ,App,Hoch,2023-11-21,133
7364,19300,2024-07-29,Tarif,Vertrag,Vertragsverlängerung,Positiv,Telefon,Mittel,2024-08-04,109
7365,10086,2024-03-17,Speicher,Technisch,Batteriespeicher Störung,Negativ,Telefon,Hoch,2024-03-18,74
7366,9361,2023-04-22,Rechnung,Abrechnung,Rechnungsfrage,Neutral,App,Mittel,2023-04-30,123
7367,12100,2023-12-15,Tarif,Vertrag,Vertragsverlängerung,Neutral,Chat,Niedrig,2023-12-23,18
7368,2584,2023-05-17,Tarif,Vertrag,Ökostrom Umstellung,Neutral,Chat,Mittel,2023-05-21,48
7369,14328,2024-03-29,Tarif,Vertrag,Preisgarantie Frage,Neutral,App,Mittel,2024-04-02,88
7370,13208,2024-01-06,Solar,Technisch,Monitoring nicht verfügbar,Negativ,Telefon,Niedrig,2024-01-07,15
7371,4107,2023-12-14,Rechnung,Abrechnung,Abschlag zu hoch,Neutral,Email,Niedrig,2023-12-19,46
7372,16052,2024-11-04,Solar,Technisch,Solaranlage produziert nicht,Negativ,App,Mittel,2024-11-14,154
7373,7133,2024-12-10,Wärmepumpe,Technisch,Effizienz zu niedrig,Neutral,App,Niedrig,2024-12-11,187
7374,7697,2023-06-05,Allgemein,Service,Informationsanfrage,Neutral,App,Mittel,2023-06-17,167
7375,7384,2023-08-07,Speicher,Technisch,Batteriespeicher Störung,Negativ,Email,Hoch,2023-08-10,125
7376,16113,2023-10-23,Speicher,Technisch,Speicher lädt nicht,Negativ,Telefon,Hoch,2023-10-26,97
7377,1855,2023-01-12,Wärmepumpe,Technisch,Geräuschentwicklung zu hoch,Neutral,Chat,Niedrig,2023-01-25,63
7378,6357,2023-01-28,Allgemein,Service,Informationsanfrage,Negativ,App,Niedrig,2023-02-05,41
7379,1047,2023-03-09,Speicher,Technisch,Batteriespeicher Störung,Negativ,Chat,Mittel,2023-03-21,39
7380,1793,2023-03-07,Wärmepumpe,Technisch,Geräuschentwicklung zu hoch,Positiv,Chat,Mittel,2023-03-11,46
7381,6979,2025-05-18,Smart Meter,Installation,Smart Meter zeigt keine Daten,Neutral,App,Mittel,2025-06-01,142
7382,12008,2023-03-17,Tarif,Vertrag,Vertragsverlängerung,Neutral,App,Niedrig,2023-03-19,77
7383,12340,2024-01-31,Speicher,Technisch,Kapazität gesunken,Negativ,Telefon,Mittel,2024-02-11,147
7384,10729,2024-03-25,Allgemein,Service,Lob,Positiv,Telefon,Niedrig,2024-04-08,179
7385,9123,2023-03-07,Smart Meter,Installation,Smart Meter zeigt keine Daten,Neutral,Chat,Niedrig,2023-03-13,38
7386,4312,2023-04-17,Rechnung,Abrechnung,Unstimmigkeit in Rechnung,Neutral,App,Mittel,2023-04-23,149
7387,3070,2023-07-30,Rechnung,Abrechnung,Abschlag zu hoch,Negativ,Chat,Niedrig,2023-08-01,122
7388,4401,2025-05-20,Tarif,Vertrag,Tarifwechsel angefragt,Neutral,Email,Niedrig,2025-05-20,17
7389,6757,2023-01-28,Wärmepumpe,Technisch,Effizienz zu niedrig,Neutral,Telefon,Mittel,2023-02-03,47
7390,18961,2024-03-03,Wallbox,E-Mobility,Wallbox Installation angefragt,Neutral,App,Hoch,2024-03-03,156
7391,2103,2023-09-20,Wallbox,E-Mobility,Wallbox Installation angefragt,Negativ,Email,Mittel,2023-09-28,17
7392,18344,2024-11-16,Solar,Technisch,Einspeisevergütung Frage,Negativ,App,Mittel,2024-11-23,67
7393,10747,2023-09-10,Solar,Technisch,Solaranlage Ertrag niedrig,Negativ,Chat,Mittel,2023-09-16,3
7394,1735,2024-12-19,Tarif,Vertrag,Preisgarantie Frage,Positiv,App,Mittel,2025-01-02,128
7395,17427,2025-02-17,Allgemein,Service,Lob,Positiv,App,Niedrig,2025-03-02,35
7396,6484,2024-12-28,Tarif,Vertrag,Vertragsverlängerung,Neutral,Chat,Mittel,2025-01-03,173
7397,14038,2025-02-14,Speicher,Technisch,Speicher lädt nicht,Negativ,Email,Kritisch,2025-02-20,198
7398,11666,2024-07-20,Smart Meter,Installation,Smart Meter App funktioniert nicht,Negativ,Email,Hoch,2024-07-24,149
7399,4799,2024-10-16,Smart Meter,Installation,Smart Meter Installation angefragt,Positiv,Email,Mittel,2024-10-29,83
7400,31,2024-12-19,Smart Meter,Installation,Smart Meter defekt,Negativ,Chat,Hoch,2024-12-21,140
7401,8822,2024-03-30,Wärmepumpe,Technisch,Wartung angefragt,Negativ,Telefon,Niedrig,2024-04-10,187
7402,14210,2024-12-14,Wärmepumpe,Technisch,Wartung angefragt,Positiv,Email,Mittel,2024-12-22,142
7403,13955,2023-06-11,Allgemein,Service,Lob,Positiv,Email,Niedrig,2023-06-18,191
7404,19338,2023-07-28,Allgemein,Service,Lob,Positiv,Chat,Niedrig,2023-08-07,18
7405,11909,2023-11-25,Tarif,Vertrag,Ökostrom Umstellung,Positiv,Chat,Mittel,2023-12-08,49
7406,12288,2025-06-17,Rechnung,Abrechnung,Zahlungsplan angefragt,Negativ,Telefon,Mittel,2025-06-27,85
7407,14544,2023-08-14,Smart Meter,Installation,Smart Meter defekt,Negativ,Email,Kritisch,2023-08-20,182
7408,1420,2023-06-01,Smart Meter,Installation,Smart Meter zeigt keine Daten,Neutral,Chat,Mittel,2023-06-02,127
7409,889,2023-11-25,Solar,Technisch,Einspeisevergütung Frage,Neutral,Telefon,Mittel,2023-11-30,56
7410,10825,2025-06-05,Smart Meter,Installation,Smart Meter defekt,Negativ,Email,Hoch,2025-06-10,51
7411,14271,2025-05-16,Rechnung,Abrechnung,Abschlag anpassen,Neutral,Telefon,Mittel,2025-05-26,124
7412,12117,2023-01-03,Wallbox,E-Mobility,Wallbox Installation angefragt,Neutral,App,Niedrig,2023-01-04,9
7413,3286,2023-02-20,Speicher,Technisch,Batteriespeicher Störung,Negativ,App,Hoch,2023-02-21,62
7414,16290,2024-05-06,Solar,Technisch,Solaranlage produziert nicht,Negativ,Chat,Hoch,2024-05-08,53
7415,4912,2023-04-26,Allgemein,Service,Allgemeine Anfrage,Neutral,Telefon,Mittel,2023-05-04,173
7416,634,2024-05-15,Wärmepumpe,Technisch,Effizienz zu niedrig,Neutral,App,Mittel,2024-05-29,80
7417,3424,2024-11-03,Allgemein,Service,Informationsanfrage,Neutral,Chat,Mittel,2024-11-08,137
7418,17608,2023-11-13,Allgemein,Service,Kontaktdaten ändern,Neutral,Chat,Mittel,2023-11-20,16
7419,2104,2023-08-20,Tarif,Vertrag,Vertragsverlängerung,Neutral,Email,Kritisch,2023-08-26,113
7420,18081,2025-02-06,Allgemein,Service,Allgemeine Anfrage,Neutral,Telefon,Niedrig,2025-02-16,75
7421,14025,2023-04-30,Solar,Technisch,Solaranlage produziert nicht,Negativ,App,Mittel,2023-05-04,176
7422,3256,2023-10-26,Allgemein,Service,Informationsanfrage,Positiv,Telefon,Mittel,2023-11-06,192
7423,2210,2023-10-25,Solar,Technisch,Wechselrichter Fehler,Neutral,App,Mittel,2023-10-31,69
7424,974,2023-07-29,Rechnung,Abrechnung,Zahlungsplan angefragt,Negativ,Email,Mittel,2023-08-01,1
7425,9618,2024-12-19,Allgemein,Service,Allgemeine Anfrage,Neutral,Email,Hoch,2024-12-26,58
7426,17134,2025-06-14,Wallbox,E-Mobility,Wallbox lädt nicht,Negativ,Telefon,Mittel,2025-06-19,179
7427,12457,2024-01-10,Smart Meter,Installation,Smart Meter Installation angefragt,Neutral,Chat,Hoch,2024-01-15,163
7428,18422,2024-12-19,Allgemein,Service,Kontaktdaten ändern,Neutral,Telefon,Niedrig,2024-12-21,125
7429,10794,2023-12-07,Allgemein,Service,Allgemeine Anfrage,Negativ,Email,Mittel,2023-12-18,20
7430,888,2024-08-20,Speicher,Technisch,Batteriespeicher Störung,Negativ,App,Hoch,2024-08-21,40
7431,14769,2023-01-11,Wallbox,E-Mobility,Wallbox defekt,Negativ,Chat,Hoch,2023-01-17,147
7432,16354,2024-06-10,Rechnung,Abrechnung,Abschlag zu hoch,Neutral,Telefon,Mittel,2024-06-22,55
7433,8332,2024-12-27,Speicher,Technisch,Speicher lädt nicht,Negativ,Telefon,Mittel,2024-12-31,5
7434,11956,2024-09-16,Allgemein,Service,Beschwerde,Negativ,Email,Kritisch,2024-09-18,1
7435,4533,2024-12-25,Wärmepumpe,Technisch,Wärmepumpe läuft nicht,Negativ,App,Mittel,2024-12-29,9
7436,19570,2023-08-20,Allgemein,Service,Allgemeine Anfrage,Neutral,Email,Niedrig,2023-09-03,23
7437,1622,2025-01-12,Allgemein,Service,Lob,Positiv,Email,Niedrig,2025-01-21,23
7438,4256,2024-09-10,Smart Meter,Installation,Smart Meter defekt,Negativ,Telefon,Mittel,2024-09-11,52
7439,2702,2024-09-14,Speicher,Technisch,Speicher lädt nicht,Negativ,App,Hoch,2024-09-20,55
7440,8674,2023-04-11,Speicher,Technisch,Kapazität gesunken,Neutral,Chat,Hoch,2023-04-14,149
7441,3649,2023-07-04,Allgemein,Service,Allgemeine Anfrage,Positiv,Telefon,Kritisch,2023-07-08,79
7442,5753,2024-03-25,Smart Meter,Installation,Smart Meter zeigt keine Daten,Negativ,Email,Hoch,2024-03-25,187
7443,2049,2024-07-28,Wallbox,E-Mobility,Wallbox Installation angefragt,Positiv,Telefon,Mittel,2024-08-04,95
7444,16844,2024-08-28,Rechnung,Abrechnung,Abschlag anpassen,Neutral,App,Niedrig,2024-08-29,11
7445,16176,2025-02-15,Speicher,Technisch,Kapazität gesunken,Neutral,Chat,Niedrig,2025-02-17,119
7446,11969,2023-08-21,Allgemein,Service,Lob,Positiv,Email,Niedrig,2023-08-30,125
7447,11084,2024-12-15,Wärmepumpe,Technisch,Wartung angefragt,Neutral,Chat,Mittel,2024-12-25,112
7448,6115,2024-01-14,Rechnung,Abrechnung,Abschlag zu hoch,Neutral,Email,Niedrig,2024-01-21,76
7449,13785,2023-02-06,Allgemein,Service,Kontaktdaten ändern,Positiv,App,Niedrig,2023-02-16,36
7450,3156,2024-05-05,Rechnung,Abrechnung,Gutschrift angefragt,Negativ,App,Mittel,2024-05-11,176
7451,1557,2025-06-09,Smart Meter,Installation,Smart Meter Ablesung fehlerhaft,Positiv,Chat,Mittel,2025-06-19,188
7452,13707,2023-10-29,Wärmepumpe,Technisch,Wärmepumpe läuft nicht,Negativ,Chat,Hoch,2023-11-03,101
7453,19963,2025-03-04,Allgemein,Service,Beschwerde,Negativ,Email,Kritisch,2025-03-04,29
7454,3023,2024-07-25,Solar,Technisch,Einspeisevergütung Frage,Neutral,Email,Hoch,2024-08-01,169
7455,12463,2023-06-12,Allgemein,Service,Beschwerde,Negativ,Telefon,Kritisch,2023-06-13,22
7456,7085,2024-04-12,Rechnung,Abrechnung,Abschlag zu hoch,Neutral,Chat,Mittel,2024-04-15,38
7457,2221,2024-06-28,Tarif,Vertrag,Ökostrom Umstellung,Neutral,App,Mittel,2024-07-05,176
7458,2646,2023-11-07,Allgemein,Service,Informationsanfrage,Neutral,Chat,Mittel,2023-11-14,60
7459,13228,2025-02-01,Smart Meter,Installation,Smart Meter zeigt keine Daten,Neutral,Telefon,Mittel,2025-02-10,13
7460,15134,2024-01-02,Solar,Technisch,Solaranlage Ertrag niedrig,Neutral,Telefon,Mittel,2024-01-05,169
7461,19540,2025-01-01,Wallbox,E-Mobility,Wallbox defekt,Negativ,Telefon,Mittel,2025-01-09,17
7462,18101,2024-11-21,Solar,Technisch,Einspeisevergütung Frage,Neutral,App,Mittel,2024-11-28,56
7463,17295,2024-10-31,Allgemein,Service,Informationsanfrage,Neutral,App,Mittel,2024-11-01,61
7464,3047,2024-11-27,Allgemein,Service,Beschwerde,Negativ,Email,Mittel,2024-11-30,192
7465,17539,2025-02-24,Allgemein,Service,Kontaktdaten ändern,Negativ,Chat,Niedrig,2025-03-07,144
7466,19842,2024-01-02,Allgemein,Service,Informationsanfrage,Neutral,Telefon,Niedrig,2024-01-04,6
7467,10369,2023-11-18,Wärmepumpe,Technisch,Wartung angefragt,Neutral,Telefon,Mittel,2023-11-29,105
7468,332,2023-12-10,Tarif,Vertrag,Kündigung,Neutral,Telefon,Mittel,2023-12-19,49
7469,2852,2023-04-26,Solar,Technisch,Solaranlage produziert nicht,Negativ,Email,Hoch,2023-05-03,123
7470,16367,2025-02-25,Allgemein,Service,Allgemeine Anfrage,Neutral,Email,Niedrig,2025-03-10,147
7471,11371,2023-09-18,Allgemein,Service,Beschwerde,Negativ,Telefon,Mittel,2023-10-01,30
7472,9120,2024-08-10,Rechnung,Abrechnung,Unstimmigkeit in Rechnung,Neutral,Email,Hoch,2024-08-16,195
7473,15893,2025-04-04,Wärmepumpe,Technisch,Fehlercode E01 angezeigt,Positiv,App,Kritisch,2025-04-05,115
7474,12189,2024-07-21,Rechnung,Abrechnung,Unstimmigkeit in Rechnung,Neutral,Chat,Mittel,2024-08-03,2
7475,19560,2024-03-15,Wallbox,E-Mobility,App-Verbindung unterbrochen,Positiv,Email,Mittel,2024-03-26,70
7476,13799,2023-02-24,Tarif,Vertrag,Ökostrom Umstellung,Negativ,Chat,Niedrig,2023-02-28,66
7477,19355,2024-01-08,Allgemein,Service,Lob,Positiv,App,Niedrig,2024-01-17,154
7478,2536,2025-06-17,Solar,Technisch,Einspeisevergütung Frage,Positiv,Chat,Mittel,2025-06-19,133
7479,17397,2025-01-09,Solar,Technisch,Solaranlage Ertrag niedrig,Negativ,Email,Hoch,2025-01-16,157
7480,10884,2024-02-14,Wallbox,E-Mobility,Ladekarte Probleme,Negativ,Telefon,Hoch,2024-02-17,143
7481,13098,2023-11-21,Wallbox,E-Mobility,Wallbox defekt,Negativ,App,Mittel,2023-11-26,181
7482,6976,2023-03-16,Solar,Technisch,Solaranlage Ertrag niedrig,Negativ,App,Hoch,2023-03-19,133
7483,2597,2024-07-22,Rechnung,Abrechnung,Abschlag zu hoch,Neutral,App,Hoch,2024-07-23,68
7484,2234,2023-11-17,Solar,Technisch,Solaranlage Ertrag niedrig,Neutral,App,Mittel,2023-11-28,44
7485,17320,2023-03-13,Allgemein,Service,Informationsanfrage,Neutral,Email,Hoch,2023-03-13,36
7486,18319,2024-11-13,Tarif,Vertrag,Preisgarantie Frage,Neutral,App,Kritisch,2024-11-19,80
7487,12413,2023-07-29,Wärmepumpe,Technisch,Wärmepumpe läuft nicht,Negativ,Chat,Kritisch,2023-08-05,188
7488,18155,2023-06-25,Rechnung,Abrechnung,Abschlag anpassen,Neutral,App,Mittel,2023-07-07,189
7489,14555,2024-06-27,Smart Meter,Installation,Smart Meter Ablesung fehlerhaft,Neutral,Email,Mittel,2024-06-27,24
7490,15970,2024-05-14,Tarif,Vertrag,Ökostrom Umstellung,Neutral,Telefon,Mittel,2024-05-17,122
7491,16185,2023-06-11,Speicher,Technisch,Speicher lädt nicht,Negativ,Email,Mittel,2023-06-19,43
7492,11203,2025-02-10,Smart Meter,Installation,Smart Meter defekt,Negativ,Telefon,Hoch,2025-02-17,16
7493,11479,2023-06-14,Rechnung,Abrechnung,Gutschrift angefragt,Neutral,Chat,Mittel,2023-06-27,165
7494,18004,2024-05-28,Wallbox,E-Mobility,Wallbox lädt nicht,Negativ,Telefon,Niedrig,2024-06-07,156
7495,6416,2025-02-18,Solar,Technisch,Einspeisevergütung Frage,Neutral,App,Mittel,2025-02-18,2
7496,4489,2024-03-17,Smart Meter,Installation,Smart Meter App funktioniert nicht,Negativ,Chat,Kritisch,2024-03-22,73
7497,893,2025-06-22,Rechnung,Abrechnung,Unstimmigkeit in Rechnung,Positiv,App,Mittel,2025-06-22,98
7498,17002,2024-05-19,Allgemein,Service,Informationsanfrage,Negativ,App,Mittel,2024-05-30,157
7499,3327,2023-02-17,Allgemein,Service,Allgemeine Anfrage,Neutral,Chat,Mittel,2023-02-20,92
7500,1264,2023-02-09,Rechnung,Abrechnung,Gutschrift angefragt,Neutral,Email,Mittel,2023-02-13,69
7501,2232,2025-06-21,Rechnung,Abrechnung,Rechnungsfrage,Positiv,Chat,Hoch,2025-06-22,126
7502,6886,2024-02-23,Speicher,Technisch,Batteriespeicher Störung,Negativ,Telefon,Kritisch,2024-02-29,101
7503,3601,2023-06-04,Wallbox,E-Mobility,Wallbox lädt nicht,Negativ,Chat,Kritisch,2023-06-05,159
7504,16664,2023-05-11,Rechnung,Abrechnung,Abschlag zu hoch,Neutral,App,Niedrig,2023-05-25,75
7505,10147,2024-12-08,Smart Meter,Installation,Smart Meter zeigt keine Daten,Negativ,App,Mittel,2024-12-12,77
7506,18721,2023-11-10,Smart Meter,Installation,Smart Meter zeigt keine Daten,Positiv,Chat,Mittel,2023-11-17,96
7507,11933,2024-05-27,Solar,Technisch,Wechselrichter Fehler,Neutral,Chat,Niedrig,2024-05-28,190
7508,10266,2023-06-26,Allgemein,Service,Beschwerde,Negativ,App,Hoch,2023-06-29,94
7509,8627,2025-04-15,Smart Meter,Installation,Smart Meter defekt,Negativ,Telefon,Kritisch,2025-04-20,49
7510,12357,2023-12-19,Allgemein,Service,Kontaktdaten ändern,Positiv,Email,Hoch,2023-12-24,20
7511,16626,2023-01-19,Smart Meter,Installation,Smart Meter App funktioniert nicht,Negativ,Email,Niedrig,2023-01-27,86
7512,2935,2023-05-21,Wärmepumpe,Technisch,Geräuschentwicklung zu hoch,Positiv,Telefon,Niedrig,2023-05-27,57
7513,19412,2025-06-21,Tarif,Vertrag,Vertragsverlängerung,Neutral,Chat,Niedrig,2025-06-25,68
7514,709,2023-02-22,Wallbox,E-Mobility,Wallbox defekt,Negativ,Email,Mittel,2023-03-04,172
7515,13501,2023-07-04,Wärmepumpe,Technisch,Fehlercode E01 angezeigt,Positiv,Email,Mittel,2023-07-04,144
7516,16512,2024-04-21,Speicher,Technisch,Kapazität gesunken,Neutral,Email,Mittel,2024-04-26,131
7517,14052,2025-03-27,Speicher,Technisch,Kapazität gesunken,Negativ,Telefon,Mittel,2025-04-08,13
7518,1746,2024-01-09,Rechnung,Abrechnung,Gutschrift angefragt,Neutral,Chat,Mittel,2024-01-16,127
7519,17066,2023-08-30,Wallbox,E-Mobility,App-Verbindung unterbrochen,Negativ,Chat,Niedrig,2023-09-05,129
7520,15985,2025-01-11,Allgemein,Service,Kontaktdaten ändern,Neutral,Chat,Mittel,2025-01-15,61
7521,12364,2024-06-25,Solar,Technisch,Einspeisevergütung Frage,Neutral,Email,Mittel,2024-07-09,192
7522,1370,2024-06-21,Solar,Technisch,Solaranlage Ertrag niedrig,Positiv,App,Mittel,2024-07-01,146
7523,16869,2025-03-06,Tarif,Vertrag,Vertragsverlängerung,Positiv,Email,Mittel,2025-03-06,16
7524,19517,2025-01-13,Wärmepumpe,Technisch,Wartung angefragt,Positiv,Chat,Mittel,2025-01-23,113
7525,1525,2024-03-23,Smart Meter,Installation,Smart Meter Ablesung fehlerhaft,Neutral,Telefon,Niedrig,2024-03-29,5
7526,5592,2025-03-11,Smart Meter,Installation,Smart Meter zeigt keine Daten,Neutral,Telefon,Niedrig,2025-03-22,188
7527,19829,2023-11-07,Allgemein,Service,Kontaktdaten ändern,Neutral,Email,Niedrig,2023-11-18,76
7528,10084,2025-06-27,Wallbox,E-Mobility,Ladekarte Probleme,Negativ,App,Mittel,2025-06-30,118
7529,6798,2025-04-22,Wallbox,E-Mobility,Wallbox lädt nicht,Negativ,App,Hoch,2025-04-25,80
7530,4069,2024-12-02,Tarif,Vertrag,Tarifwechsel angefragt,Negativ,App,Hoch,2024-12-02,119
7531,8722,2023-10-30,Wärmepumpe,Technisch,Wärmepumpe Störung,Negativ,Telefon,Kritisch,2023-10-30,153
7532,17184,2024-12-14,Speicher,Technisch,Batteriespeicher Störung,Negativ,Chat,Hoch,2024-12-19,137
7533,10104,2024-08-04,Speicher,Technisch,Speicher lädt nicht,Negativ,Email,Mittel,2024-08-14,41
7534,19243,2023-07-14,Wallbox,E-Mobility,Wallbox Installation angefragt,Negativ,Telefon,Mittel,2023-07-27,60
7535,4946,2023-04-15,Tarif,Vertrag,Vertragsverlängerung,Neutral,Telefon,Mittel,2023-04-15,6
7536,13485,2024-03-19,Tarif,Vertrag,Vertragsverlängerung,Neutral,Telefon,Niedrig,2024-03-26,164
7537,13742,2023-07-09,Solar,Technisch,Monitoring nicht verfügbar,Negativ,Email,Hoch,2023-07-15,118
7538,15264,2024-04-19,Smart Meter,Installation,Smart Meter Installation angefragt,Neutral,App,Mittel,2024-04-21,85
7539,14521,2024-06-12,Allgemein,Service,Lob,Positiv,Email,Niedrig,2024-06-22,133
7540,3873,2023-05-24,Tarif,Vertrag,Ökostrom Umstellung,Positiv,Chat,Mittel,2023-06-06,184
7541,9682,2024-11-29,Tarif,Vertrag,Kündigung,Neutral,Chat,Mittel,2024-12-10,180
7542,9670,2025-01-12,Rechnung,Abrechnung,Abschlag zu hoch,Neutral,Chat,Hoch,2025-01-12,19
7543,11495,2025-02-02,Tarif,Vertrag,Kündigung,Positiv,Chat,Niedrig,2025-02-06,134
7544,536,2024-12-19,Smart Meter,Installation,Smart Meter zeigt keine Daten,Neutral,Email,Mittel,2024-12-21,24
7545,8030,2024-01-05,Rechnung,Abrechnung,Zahlungsplan angefragt,Negativ,Telefon,Niedrig,2024-01-12,61
7546,3532,2024-06-21,Smart Meter,Installation,Smart Meter zeigt keine Daten,Neutral,Email,Mittel,2024-07-01,9
7547,9979,2025-01-04,Speicher,Technisch,Speicher lädt nicht,Negativ,Telefon,Hoch,2025-01-11,151
7548,15463,2024-12-24,Wallbox,E-Mobility,Ladekarte Probleme,Neutral,App,Niedrig,2024-12-26,97
7549,16171,2023-11-08,Wärmepumpe,Technisch,Wartung angefragt,Neutral,Email,Mittel,2023-11-09,158
7550,5518,2023-07-14,Tarif,Vertrag,Ökostrom Umstellung,Neutral,Email,Niedrig,2023-07-16,69
7551,10950,2023-07-10,Rechnung,Abrechnung,Abschlag anpassen,Neutral,App,Niedrig,2023-07-16,55
7552,129,2023-09-16,Wärmepumpe,Technisch,Geräuschentwicklung zu hoch,Neutral,Email,Mittel,2023-09-26,16
7553,1605,2024-09-19,Smart Meter,Installation,Smart Meter Installation angefragt,Neutral,Telefon,Mittel,2024-09-23,132
7554,18225,2024-12-22,Tarif,Vertrag,Kündigung,Neutral,Email,Mittel,2024-12-25,86
7555,1780,2025-04-20,Wärmepumpe,Technisch,Fehlercode E01 angezeigt,Neutral,Email,Kritisch,2025-04-23,22
7556,14599,2023-04-24,Solar,Technisch,Solaranlage produziert nicht,Negativ,Telefon,Niedrig,2023-04-29,89
7557,19220,2023-06-20,Tarif,Vertrag,Umzug melden,Neutral,Email,Hoch,2023-06-21,120
7558,19805,2023-04-09,Solar,Technisch,Solaranlage produziert nicht,Negativ,App,Mittel,2023-04-19,98
7559,1206,2024-11-27,Tarif,Vertrag,Umzug melden,Neutral,Email,Niedrig,2024-11-30,110
7560,9938,2023-05-05,Tarif,Vertrag,Vertragsverlängerung,Negativ,Telefon,Mittel,2023-05-11,176
7561,17278,2024-11-16,Allgemein,Service,Lob,Positiv,Telefon,Niedrig,2024-11-19,95
7562,4309,2025-01-17,Rechnung,Abrechnung,Zahlungsplan angefragt,Positiv,Chat,Mittel,2025-01-25,200
7563,17448,2024-11-02,Solar,Technisch,Solaranlage produziert nicht,Negativ,Email,Hoch,2024-11-09,71
7564,14343,2025-05-27,Speicher,Technisch,Batteriespeicher Störung,Negativ,Telefon,Kritisch,2025-06-02,147
7565,17359,2023-05-22,Smart Meter,Installation,Smart Meter Ablesung fehlerhaft,Positiv,Chat,Niedrig,2023-06-02,139
7566,6379,2023-08-03,Rechnung,Abrechnung,Abschlag zu hoch,Neutral,Chat,Mittel,2023-08-05,156
7567,19514,2023-07-02,Allgemein,Service,Allgemeine Anfrage,Negativ,Email,Mittel,2023-07-15,41
7568,9576,2025-02-08,Speicher,Technisch,Kapazität gesunken,Negativ,Telefon,Mittel,2025-02-19,80
7569,15837,2024-09-26,Speicher,Technisch,Batteriespeicher Störung,Negativ,Telefon,Niedrig,2024-10-10,163
7570,18135,2023-07-21,Solar,Technisch,Wechselrichter Fehler,Positiv,Chat,Mittel,2023-07-29,156
7571,16356,2025-04-09,Solar,Technisch,Solaranlage Ertrag niedrig,Positiv,Telefon,Hoch,2025-04-10,59
7572,8517,2023-01-07,Solar,Technisch,Solaranlage Ertrag niedrig,Neutral,Email,Hoch,2023-01-09,18
7573,13204,2024-05-11,Rechnung,Abrechnung,Unstimmigkeit in Rechnung,Neutral,Email,Mittel,2024-05-22,75
7574,16489,2023-09-07,Solar,Technisch,Solaranlage Ertrag niedrig,Neutral,App,Mittel,2023-09-10,34
7575,14117,2024-03-22,Smart Meter,Installation,Smart Meter zeigt keine Daten,Neutral,App,Niedrig,2024-03-25,116
7576,16268,2024-06-18,Solar,Technisch,Solaranlage produziert nicht,Negativ,App,Hoch,2024-06-20,66
7577,17324,2023-01-08,Speicher,Technisch,Batteriespeicher Störung,Negativ,App,Hoch,2023-01-08,61
7578,10644,2024-09-04,Allgemein,Service,Allgemeine Anfrage,Negativ,Email,Mittel,2024-09-09,153
7579,4003,2023-05-07,Speicher,Technisch,Batteriespeicher Störung,Negativ,App,Niedrig,2023-05-12,149
7580,8294,2023-08-30,Rechnung,Abrechnung,Abschlag zu hoch,Neutral,Email,Niedrig,2023-09-05,148
7581,17410,2023-05-01,Solar,Technisch,Einspeisevergütung Frage,Neutral,Telefon,Hoch,2023-05-06,57
7582,4920,2023-04-16,Tarif,Vertrag,Vertragsverlängerung,Neutral,Email,Mittel,2023-04-27,166
7583,7874,2024-10-10,Speicher,Technisch,Kapazität gesunken,Negativ,Chat,Mittel,2024-10-18,86
7584,10867,2023-02-06,Tarif,Vertrag,Preisgarantie Frage,Neutral,Chat,Mittel,2023-02-11,41
7585,16165,2025-04-16,Rechnung,Abrechnung,Abschlag zu hoch,Negativ,Telefon,Hoch,2025-04-20,46
7586,6091,2023-08-19,Wärmepumpe,Technisch,Fehlercode E01 angezeigt,Neutral,App,Mittel,2023-08-23,179
7587,649,2023-04-07,Allgemein,Service,Informationsanfrage,Neutral,App,Niedrig,2023-04-13,174
7588,15063,2024-03-08,Wallbox,E-Mobility,App-Verbindung unterbrochen,Neutral,Email,Niedrig,2024-03-13,153
7589,17151,2025-02-14,Wallbox,E-Mobility,Ladekarte Probleme,Negativ,App,Mittel,2025-02-16,141
7590,4193,2023-02-20,Tarif,Vertrag,Tarifwechsel angefragt,Positiv,Chat,Niedrig,2023-02-23,78
7591,8903,2025-02-09,Rechnung,Abrechnung,Zahlungsplan angefragt,Negativ,App,Mittel,2025-02-18,66
7592,14634,2025-03-12,Wärmepumpe,Technisch,Wärmepumpe Störung,Negativ,Email,Hoch,2025-03-18,157
7593,9501,2023-11-19,Rechnung,Abrechnung,Unstimmigkeit in Rechnung,Neutral,Chat,Hoch,2023-11-26,52
7594,18532,2025-01-22,Solar,Technisch,Solaranlage Ertrag niedrig,Neutral,Telefon,Mittel,2025-01-26,25
7595,19709,2023-11-19,Smart Meter,Installation,Smart Meter Installation angefragt,Neutral,Telefon,Mittel,2023-11-20,177
7596,14326,2024-03-07,Speicher,Technisch,Kapazität gesunken,Neutral,Chat,Mittel,2024-03-09,188
7597,2739,2023-09-15,Smart Meter,Installation,Smart Meter defekt,Negativ,Chat,Mittel,2023-09-20,47
7598,5521,2024-12-05,Smart Meter,Installation,Smart Meter Installation angefragt,Neutral,Email,Mittel,2024-12-13,115
7599,773,2024-05-10,Tarif,Vertrag,Tarifwechsel angefragt,Positiv,Chat,Mittel,2024-05-24,158
7600,6233,2024-09-26,Allgemein,Service,Kontaktdaten ändern,Neutral,Chat,Mittel,2024-09-27,47
7601,2568,2024-11-25,Wärmepumpe,Technisch,Geräuschentwicklung zu hoch,Neutral,Email,Kritisch,2024-11-26,148
7602,9639,2024-01-28,Rechnung,Abrechnung,Unstimmigkeit in Rechnung,Neutral,Chat,Mittel,2024-01-29,158
7603,6206,2024-04-29,Wärmepumpe,Technisch,Wärmepumpe Störung,Negativ,Telefon,Kritisch,2024-05-03,198
7604,3291,2025-04-18,Allgemein,Service,Allgemeine Anfrage,Neutral,Email,Mittel,2025-04-30,108
7605,18236,2023-12-30,Tarif,Vertrag,Vertragsverlängerung,Neutral,Telefon,Mittel,2024-01-08,118
7606,8793,2023-08-09,Tarif,Vertrag,Tarifwechsel angefragt,Positiv,App,Mittel,2023-08-09,50
7607,3832,2024-10-27,Rechnung,Abrechnung,Rechnungsfrage,Negativ,Email,Mittel,2024-11-01,9
7608,17679,2023-12-13,Speicher,Technisch,Speicher lädt nicht,Negativ,Telefon,Hoch,2023-12-20,28
7609,17692,2024-09-01,Rechnung,Abrechnung,Rechnungsfrage,Neutral,Chat,Niedrig,2024-09-02,102
7610,13926,2025-01-28,Smart Meter,Installation,Smart Meter Ablesung fehlerhaft,Positiv,Chat,Mittel,2025-02-06,130
7611,9039,2024-04-14,Smart Meter,Installation,Smart Meter Ablesung fehlerhaft,Neutral,Email,Niedrig,2024-04-22,62
7612,7257,2023-11-26,Allgemein,Service,Lob,Positiv,Telefon,Niedrig,2023-11-26,196
7613,5028,2025-06-19,Allgemein,Service,Informationsanfrage,Neutral,Telefon,Mittel,2025-06-20,81
7614,16022,2023-11-11,Allgemein,Service,Lob,Positiv,Chat,Niedrig,2023-11-22,104
7615,10249,2023-03-30,Rechnung,Abrechnung,Rechnungsfrage,Neutral,Chat,Hoch,2023-03-31,117
7616,3657,2025-05-12,Tarif,Vertrag,Vertragsverlängerung,Positiv,Email,Hoch,2025-05-13,63
7617,1728,2024-08-21,Wallbox,E-Mobility,App-Verbindung unterbrochen,Positiv,Chat,Mittel,2024-08-21,138
7618,1272,2024-11-03,Allgemein,Service,Beschwerde,Negativ,Chat,Mittel,2024-11-14,62
7619,13989,2024-02-03,Allgemein,Service,Allgemeine Anfrage,Positiv,Telefon,Mittel,2024-02-09,118
7620,11574,2024-05-06,Solar,Technisch,Einspeisevergütung Frage,Neutral,Chat,Mittel,2024-05-10,29
7621,3697,2023-06-16,Smart Meter,Installation,Smart Meter Installation angefragt,Positiv,Email,Hoch,2023-06-16,130
7622,3437,2023-10-24,Wallbox,E-Mobility,App-Verbindung unterbrochen,Neutral,Email,Mittel,2023-11-06,38
7623,12549,2023-11-18,Solar,Technisch,Solaranlage produziert nicht,Negativ,Telefon,Mittel,2023-11-21,42
7624,19060,2024-09-18,Allgemein,Service,Beschwerde,Negativ,Chat,Hoch,2024-09-18,115
7625,9806,2025-04-22,Rechnung,Abrechnung,Unstimmigkeit in Rechnung,Neutral,Email,Hoch,2025-04-22,116
7626,16343,2024-12-06,Allgemein,Service,Kontaktdaten ändern,Neutral,Chat,Niedrig,2024-12-10,71
7627,7362,2023-08-11,Tarif,Vertrag,Vertragsverlängerung,Neutral,App,Mittel,2023-08-13,153
7628,1687,2024-12-05,Rechnung,Abrechnung,Rechnungsfrage,Positiv,App,Niedrig,2024-12-15,142
7629,7694,2024-03-17,Smart Meter,Installation,Smart Meter defekt,Negativ,Telefon,Hoch,2024-03-17,95
7630,7754,2023-01-14,Smart Meter,Installation,Smart Meter zeigt keine Daten,Neutral,Chat,Niedrig,2023-01-16,59
7631,15669,2023-05-31,Solar,Technisch,Wechselrichter Fehler,Negativ,Chat,Mittel,2023-06-03,144
7632,12322,2024-05-24,Solar,Technisch,Wechselrichter Fehler,Positiv,Telefon,Mittel,2024-05-29,21
7633,5971,2023-04-06,Speicher,Technisch,Batteriespeicher Störung,Negativ,Chat,Kritisch,2023-04-10,76
7634,6196,2024-06-25,Tarif,Vertrag,Ökostrom Umstellung,Neutral,App,Mittel,2024-06-28,179
7635,15260,2024-10-11,Wallbox,E-Mobility,Wallbox lädt nicht,Negativ,Chat,Hoch,2024-10-17,12
7636,5503,2024-04-17,Speicher,Technisch,Kapazität gesunken,Neutral,App,Hoch,2024-04-21,54
7637,3375,2025-05-06,Speicher,Technisch,Speicher lädt nicht,Negativ,Chat,Mittel,2025-05-20,176
7638,19311,2023-10-25,Wärmepumpe,Technisch,Wartung angefragt,Neutral,Chat,Mittel,2023-10-28,48
7639,3753,2024-06-21,Wärmepumpe,Technisch,Wartung angefragt,Positiv,Email,Hoch,2024-06-23,54
7640,19862,2024-04-10,Allgemein,Service,Beschwerde,Negativ,App,Mittel,2024-04-19,115
7641,6909,2024-07-30,Speicher,Technisch,Kapazität gesunken,Neutral,Chat,Niedrig,2024-07-31,92
7642,6125,2023-11-22,Wärmepumpe,Technisch,Wartung angefragt,Negativ,App,Niedrig,2023-11-27,89
7643,7941,2023-12-07,Rechnung,Abrechnung,Abschlag anpassen,Neutral,Telefon,Hoch,2023-12-10,154
7644,8973,2024-03-15,Wärmepumpe,Technisch,Wartung angefragt,Negativ,App,Hoch,2024-03-20,18
7645,11510,2023-04-01,Tarif,Vertrag,Kündigung,Neutral,Chat,Mittel,2023-04-13,135
7646,934,2025-05-09,Smart Meter,Installation,Smart Meter zeigt keine Daten,Positiv,Email,Mittel,2025-05-11,32
7647,4481,2024-10-28,Solar,Technisch,Solaranlage produziert nicht,Negativ,Chat,Mittel,2024-11-06,1
7648,7913,2023-06-30,Wärmepumpe,Technisch,Wärmepumpe Störung,Negativ,App,Hoch,2023-07-04,89
7649,572,2025-03-11,Smart Meter,Installation,Smart Meter zeigt keine Daten,Negativ,App,Niedrig,2025-03-24,23
7650,2027,2024-02-15,Allgemein,Service,Lob,Positiv,App,Niedrig,2024-02-26,77
7651,8569,2023-03-11,Allgemein,Service,Kontaktdaten ändern,Neutral,Chat,Niedrig,2023-03-21,89
7652,9147,2025-04-26,Wallbox,E-Mobility,Wallbox Installation angefragt,Positiv,Telefon,Mittel,2025-04-30,119
7653,7117,2024-04-17,Smart Meter,Installation,Smart Meter App funktioniert nicht,Negativ,Chat,Hoch,2024-04-17,155
7654,9669,2025-02-01,Wallbox,E-Mobility,Wallbox Installation angefragt,Neutral,App,Hoch,2025-02-06,21
7655,9515,2024-07-18,Smart Meter,Installation,Smart Meter defekt,Negativ,Chat,Mittel,2024-07-26,47
7656,18565,2023-10-06,Allgemein,Service,Lob,Positiv,Telefon,Niedrig,2023-10-17,51
7657,19948,2025-03-09,Tarif,Vertrag,Ökostrom Umstellung,Neutral,Telefon,Hoch,2025-03-10,39
7658,7941,2025-02-02,Solar,Technisch,Solaranlage Ertrag niedrig,Neutral,Email,Niedrig,2025-02-02,52
7659,2838,2024-09-28,Smart Meter,Installation,Smart Meter Ablesung fehlerhaft,Neutral,Telefon,Niedrig,2024-10-04,54
7660,18447,2024-03-27,Speicher,Technisch,Kapazität gesunken,Neutral,Chat,Hoch,2024-03-27,105
7661,16265,2024-05-04,Smart Meter,Installation,Smart Meter zeigt keine Daten,Neutral,Telefon,Mittel,2024-05-18,124
7662,8625,2024-09-14,Allgemein,Service,Lob,Positiv,App,Niedrig,2024-09-21,105
7663,5376,2024-09-18,Rechnung,Abrechnung,Zahlungsplan angefragt,Neutral,Chat,Mittel,2024-09-28,138
7664,1749,2025-03-05,Solar,Technisch,Monitoring nicht verfügbar,Negativ,Email,Mittel,2025-03-06,99
7665,18084,2024-11-09,Smart Meter,Installation,Smart Meter Installation angefragt,Neutral,Telefon,Niedrig,2024-11-16,48
7666,14899,2023-06-30,Wallbox,E-Mobility,Ladekarte Probleme,Neutral,Chat,Niedrig,2023-07-08,129
7667,8138,2025-05-03,Rechnung,Abrechnung,Rechnungsfrage,Negativ,Chat,Hoch,2025-05-10,63
7668,7592,2023-05-04,Wallbox,E-Mobility,Wallbox Installation angefragt,Neutral,Telefon,Niedrig,2023-05-15,182
7669,12085,2025-04-03,Tarif,Vertrag,Tarifwechsel angefragt,Neutral,App,Hoch,2025-04-09,34
7670,6021,2023-08-19,Tarif,Vertrag,Tarifwechsel angefragt,Negativ,App,Niedrig,2023-08-22,142
7671,6796,2023-04-23,Smart Meter,Installation,Smart Meter App funktioniert nicht,Negativ,Telefon,Kritisch,2023-04-28,157
7672,10146,2023-10-11,Wallbox,E-Mobility,Wallbox lädt nicht,Negativ,Chat,Hoch,2023-10-12,101
7673,2183,2024-11-19,Solar,Technisch,Wechselrichter Fehler,Neutral,Telefon,Mittel,2024-11-28,2
7674,1037,2023-04-01,Tarif,Vertrag,Vertragsverlängerung,Negativ,Chat,Mittel,2023-04-01,46
7675,1610,2024-12-06,Rechnung,Abrechnung,Gutschrift angefragt,Neutral,Chat,Mittel,2024-12-15,178
7676,391,2024-08-25,Speicher,Technisch,Kapazität gesunken,Negativ,Email,Mittel,2024-08-25,22
7677,18186,2025-04-27,Smart Meter,Installation,Smart Meter zeigt keine Daten,Positiv,Chat,Niedrig,2025-05-02,199
7678,12526,2023-01-02,Allgemein,Service,Beschwerde,Negativ,App,Hoch,2023-01-03,106
7679,5968,2023-09-05,Allgemein,Service,Informationsanfrage,Positiv,Telefon,Hoch,2023-09-10,189
7680,15670,2023-10-01,Speicher,Technisch,Speicher lädt nicht,Negativ,Chat,Hoch,2023-10-04,59
7681,4391,2024-08-21,Tarif,Vertrag,Preisgarantie Frage,Neutral,Email,Niedrig,2024-09-04,189
7682,6601,2023-12-30,Rechnung,Abrechnung,Rechnungsfrage,Neutral,Telefon,Niedrig,2024-01-12,27
7683,2249,2024-04-23,Speicher,Technisch,Batteriespeicher Störung,Negativ,Chat,Kritisch,2024-04-29,10
7684,13573,2025-05-08,Wallbox,E-Mobility,Ladekarte Probleme,Neutral,Telefon,Niedrig,2025-05-12,193
7685,11924,2025-02-23,Wärmepumpe,Technisch,Wartung angefragt,Neutral,Email,Hoch,2025-02-27,46
7686,12614,2024-03-15,Rechnung,Abrechnung,Rechnungsfrage,Neutral,Email,Mittel,2024-03-17,66
7687,12044,2024-03-24,Smart Meter,Installation,Smart Meter defekt,Negativ,Chat,Hoch,2024-03-26,186
7688,9191,2023-11-17,Allgemein,Service,Allgemeine Anfrage,Positiv,App,Mittel,2023-11-28,126
7689,1988,2024-09-10,Wallbox,E-Mobility,App-Verbindung unterbrochen,Neutral,Chat,Niedrig,2024-09-23,45
7690,7958,2023-06-02,Wärmepumpe,Technisch,Wärmepumpe Störung,Negativ,Telefon,Mittel,2023-06-03,4
7691,11155,2024-12-21,Wärmepumpe,Technisch,Fehlercode E01 angezeigt,Positiv,Telefon,Niedrig,2024-12-26,44
7692,17645,2024-09-25,Speicher,Technisch,Batteriespeicher Störung,Negativ,Chat,Hoch,2024-10-01,45
7693,14307,2023-05-16,Wallbox,E-Mobility,App-Verbindung unterbrochen,Neutral,Chat,Niedrig,2023-05-23,168
7694,1212,2025-06-25,Smart Meter,Installation,Smart Meter defekt,Negativ,Telefon,Kritisch,2025-06-27,165
7695,5582,2023-05-03,Tarif,Vertrag,Tarifwechsel angefragt,Neutral,Email,Mittel,2023-05-07,34
7696,11280,2024-08-29,Smart Meter,Installation,Smart Meter Ablesung fehlerhaft,Neutral,Telefon,Niedrig,2024-09-10,160
7697,16370,2023-12-06,Smart Meter,Installation,Smart Meter Installation angefragt,Negativ,App,Mittel,2023-12-10,147
7698,16145,2024-08-11,Allgemein,Service,Informationsanfrage,Neutral,Email,Hoch,2024-08-17,44
7699,9843,2024-09-10,Speicher,Technisch,Speicher lädt nicht,Negativ,App,Niedrig,2024-09-11,48
7700,18930,2024-09-01,Smart Meter,Installation,Smart Meter Ablesung fehlerhaft,Neutral,App,Mittel,2024-09-13,196
7701,17571,2024-10-05,Solar,Technisch,Monitoring nicht verfügbar,Negativ,App,Hoch,2024-10-12,146
7702,18815,2023-02-17,Allgemein,Service,Kontaktdaten ändern,Positiv,App,Mittel,2023-03-02,170
7703,7479,2023-11-26,Rechnung,Abrechnung,Gutschrift angefragt,Positiv,Email,Niedrig,2023-12-07,190
7704,4252,2023-12-17,Allgemein,Service,Beschwerde,Negativ,Chat,Niedrig,2023-12-26,2
7705,10970,2024-09-24,Allgemein,Service,Kontaktdaten ändern,Negativ,App,Niedrig,2024-09-27,155
7706,14492,2023-01-13,Smart Meter,Installation,Smart Meter App funktioniert nicht,Negativ,Email,Hoch,2023-01-18,65
7707,17872,2024-10-24,Tarif,Vertrag,Preisgarantie Frage,Positiv,App,Mittel,2024-10-29,122
7708,11420,2025-06-10,Tarif,Vertrag,Ökostrom Umstellung,Neutral,App,Mittel,2025-06-12,139
7709,18431,2023-12-21,Tarif,Vertrag,Umzug melden,Neutral,Email,Niedrig,2023-12-27,166
7710,11408,2025-03-27,Tarif,Vertrag,Tarifwechsel angefragt,Positiv,Email,Mittel,2025-04-02,78
7711,2174,2023-12-22,Allgemein,Service,Informationsanfrage,Neutral,Telefon,Hoch,2023-12-26,21
7712,16939,2023-10-07,Allgemein,Service,Beschwerde,Negativ,Email,Hoch,2023-10-07,23
7713,13895,2023-10-17,Tarif,Vertrag,Tarifwechsel angefragt,Neutral,Email,Mittel,2023-10-20,87
7714,12373,2025-05-24,Wallbox,E-Mobility,Wallbox lädt nicht,Negativ,Telefon,Hoch,2025-05-30,78
7715,4978,2025-04-01,Tarif,Vertrag,Tarifwechsel angefragt,Positiv,Email,Mittel,2025-04-03,50
7716,15381,2025-06-12,Wallbox,E-Mobility,Wallbox lädt nicht,Negativ,Email,Niedrig,2025-06-22,192
7717,10829,2023-02-04,Wärmepumpe,Technisch,Wärmepumpe Störung,Negativ,Telefon,Mittel,2023-02-08,96
7718,4568,2025-05-24,Tarif,Vertrag,Kündigung,Neutral,Email,Mittel,2025-05-24,22
7719,17313,2023-07-07,Wallbox,E-Mobility,Wallbox defekt,Negativ,Chat,Hoch,2023-07-08,100
7720,16070,2024-03-02,Rechnung,Abrechnung,Rechnungsfrage,Positiv,Chat,Niedrig,2024-03-14,180
7721,11600,2024-12-22,Wärmepumpe,Technisch,Fehlercode E01 angezeigt,Positiv,Email,Hoch,2024-12-22,86
7722,18408,2025-04-18,Solar,Technisch,Solaranlage Ertrag niedrig,Neutral,Email,Niedrig,2025-04-28,84
7723,17741,2025-05-07,Rechnung,Abrechnung,Abschlag anpassen,Negativ,App,Mittel,2025-05-14,59
7724,17161,2023-08-19,Rechnung,Abrechnung,Rechnungsfrage,Neutral,Chat,Hoch,2023-08-26,86
7725,14638,2025-05-20,Allgemein,Service,Beschwerde,Negativ,Chat,Mittel,2025-05-25,46
7726,5143,2025-02-07,Allgemein,Service,Lob,Positiv,Telefon,Niedrig,2025-02-15,112
7727,17247,2024-10-15,Allgemein,Service,Allgemeine Anfrage,Neutral,Email,Mittel,2024-10-19,135
7728,12225,2024-06-21,Smart Meter,Installation,Smart Meter zeigt keine Daten,Negativ,Telefon,Mittel,2024-06-29,135
7729,3010,2023-07-06,Solar,Technisch,Solaranlage Ertrag niedrig,Neutral,App,Kritisch,2023-07-09,197
7730,15689,2024-05-21,Solar,Technisch,Solaranlage Ertrag niedrig,Neutral,Email,Mittel,2024-05-25,88
7731,12542,2024-11-14,Allgemein,Service,Beschwerde,Negativ,Email,Kritisch,2024-11-15,73
7732,13476,2024-01-22,Wärmepumpe,Technisch,Wartung angefragt,Positiv,Chat,Niedrig,2024-01-22,59
7733,8640,2023-09-28,Wallbox,E-Mobility,Wallbox lädt nicht,Negativ,Chat,Hoch,2023-10-02,83
7734,6816,2023-01-13,Wallbox,E-Mobility,Wallbox Installation angefragt,Neutral,App,Mittel,2023-01-16,183
7735,4646,2024-08-17,Allgemein,Service,Beschwerde,Negativ,Email,Kritisch,2024-08-24,186
7736,9028,2023-05-06,Rechnung,Abrechnung,Gutschrift angefragt,Positiv,Email,Niedrig,2023-05-19,57
7737,2745,2025-06-10,Allgemein,Service,Allgemeine Anfrage,Neutral,App,Mittel,2025-06-17,143
7738,689,2025-01-30,Wallbox,E-Mobility,App-Verbindung unterbrochen,Negativ,Telefon,Hoch,2025-01-31,41
7739,14156,2023-02-24,Wallbox,E-Mobility,App-Verbindung unterbrochen,Neutral,Telefon,Niedrig,2023-03-07,78
7740,6115,2024-07-01,Wärmepumpe,Technisch,Wärmepumpe läuft nicht,Negativ,Email,Hoch,2024-07-07,23
7741,9367,2023-03-15,Tarif,Vertrag,Umzug melden,Neutral,Telefon,Niedrig,2023-03-25,49
7742,18679,2025-05-20,Speicher,Technisch,Batteriespeicher Störung,Negativ,App,Mittel,2025-06-02,188
7743,12626,2025-04-13,Tarif,Vertrag,Kündigung,Negativ,Telefon,Mittel,2025-04-21,30
7744,9597,2023-06-18,Solar,Technisch,Solaranlage Ertrag niedrig,Neutral,Email,Hoch,2023-06-25,8
7745,10867,2025-05-02,Tarif,Vertrag,Kündigung,Positiv,Chat,Mittel,2025-05-07,43
7746,6582,2023-05-06,Wallbox,E-Mobility,Wallbox defekt,Negativ,Telefon,Hoch,2023-05-11,84
7747,5508,2024-12-12,Speicher,Technisch,Batteriespeicher Störung,Negativ,Chat,Hoch,2024-12-17,101
7748,18773,2024-01-16,Wärmepumpe,Technisch,Wärmepumpe Störung,Negativ,App,Niedrig,2024-01-20,30
7749,1369,2025-01-22,Speicher,Technisch,Batteriespeicher Störung,Negativ,Chat,Kritisch,2025-01-25,37
7750,13322,2024-04-01,Wallbox,E-Mobility,App-Verbindung unterbrochen,Neutral,Email,Mittel,2024-04-01,44
7751,176,2023-09-12,Wärmepumpe,Technisch,Effizienz zu niedrig,Negativ,App,Mittel,2023-09-22,141
7752,2586,2023-09-07,Solar,Technisch,Solaranlage produziert nicht,Negativ,Chat,Hoch,2023-09-14,58
7753,11874,2023-07-29,Tarif,Vertrag,Kündigung,Neutral,Chat,Niedrig,2023-08-07,109
7754,7950,2023-09-28,Rechnung,Abrechnung,Abschlag anpassen,Neutral,Chat,Niedrig,2023-10-03,114
7755,13772,2025-05-29,Wärmepumpe,Technisch,Fehlercode E01 angezeigt,Neutral,Email,Mittel,2025-06-08,130
7756,2613,2023-05-22,Wärmepumpe,Technisch,Wartung angefragt,Neutral,Email,Niedrig,2023-06-01,96
7757,17032,2023-12-13,Solar,Technisch,Solaranlage produziert nicht,Negativ,Email,Hoch,2023-12-16,130
7758,1749,2025-05-12,Speicher,Technisch,Speicher lädt nicht,Negativ,Telefon,Kritisch,2025-05-14,36
7759,5170,2024-06-01,Speicher,Technisch,Batteriespeicher Störung,Negativ,App,Hoch,2024-06-01,55
7760,5695,2025-06-02,Allgemein,Service,Informationsanfrage,Negativ,Telefon,Niedrig,2025-06-16,98
7761,9243,2023-04-11,Tarif,Vertrag,Umzug melden,Neutral,Telefon,Niedrig,2023-04-12,38
7762,1916,2023-07-01,Rechnung,Abrechnung,Unstimmigkeit in Rechnung,Negativ,Telefon,Niedrig,2023-07-04,100
7763,14202,2025-02-14,Tarif,Vertrag,Vertragsverlängerung,Neutral,Chat,Niedrig,2025-02-20,145
7764,17184,2023-09-06,Wärmepumpe,Technisch,Effizienz zu niedrig,Neutral,App,Mittel,2023-09-12,40
7765,19990,2025-04-19,Solar,Technisch,Monitoring nicht verfügbar,Negativ,App,Mittel,2025-04-25,25
7766,14631,2023-12-31,Rechnung,Abrechnung,Rechnungsfrage,Neutral,Telefon,Mittel,2024-01-03,150
7767,15392,2024-12-30,Smart Meter,Installation,Smart Meter Installation angefragt,Neutral,Chat,Mittel,2025-01-10,11
7768,15739,2025-01-23,Speicher,Technisch,Batteriespeicher Störung,Negativ,App,Niedrig,2025-02-04,190
7769,15837,2024-05-11,Allgemein,Service,Beschwerde,Negativ,App,Kritisch,2024-05-12,53
7770,19273,2023-10-26,Tarif,Vertrag,Vertragsverlängerung,Neutral,Email,Mittel,2023-10-28,44
7771,8021,2024-10-26,Allgemein,Service,Informationsanfrage,Neutral,Telefon,Kritisch,2024-11-02,121
7772,15606,2024-09-21,Rechnung,Abrechnung,Rechnungsfrage,Negativ,Email,Niedrig,2024-09-27,62
7773,5978,2023-07-08,Wärmepumpe,Technisch,Fehlercode E01 angezeigt,Neutral,Email,Kritisch,2023-07-10,95
7774,2268,2024-06-25,Wallbox,E-Mobility,App-Verbindung unterbrochen,Neutral,App,Mittel,2024-07-03,3
7775,16323,2024-12-29,Allgemein,Service,Beschwerde,Negativ,Email,Mittel,2025-01-06,58
7776,19572,2024-05-23,Wallbox,E-Mobility,Wallbox Installation angefragt,Neutral,Email,Hoch,2024-05-25,2
7777,17957,2023-04-27,Wallbox,E-Mobility,Wallbox lädt nicht,Negativ,Chat,Hoch,2023-04-27,140
7778,13263,2024-06-26,Allgemein,Service,Allgemeine Anfrage,Neutral,Telefon,Mittel,2024-07-07,196
7779,17257,2025-02-15,Smart Meter,Installation,Smart Meter App funktioniert nicht,Negativ,Email,Mittel,2025-02-27,20
7780,3634,2023-12-13,Wärmepumpe,Technisch,Geräuschentwicklung zu hoch,Negativ,Chat,Niedrig,2023-12-16,122
7781,14229,2024-03-22,Wärmepumpe,Technisch,Wartung angefragt,Neutral,App,Mittel,2024-03-22,190
7782,14681,2024-06-17,Speicher,Technisch,Speicher lädt nicht,Negativ,Telefon,Hoch,2024-06-22,132
7783,7350,2025-04-08,Wallbox,E-Mobility,App-Verbindung unterbrochen,Neutral,Email,Mittel,2025-04-21,138
7784,6285,2023-04-22,Smart Meter,Installation,Smart Meter Installation angefragt,Neutral,Chat,Mittel,2023-05-01,46
7785,16900,2023-11-16,Wärmepumpe,Technisch,Fehlercode E01 angezeigt,Neutral,App,Mittel,2023-11-24,145
7786,12717,2024-06-18,Smart Meter,Installation,Smart Meter defekt,Negativ,App,Mittel,2024-06-29,119
7787,5035,2023-09-14,Wärmepumpe,Technisch,Effizienz zu niedrig,Positiv,App,Kritisch,2023-09-18,197
7788,18762,2023-04-11,Tarif,Vertrag,Umzug melden,Neutral,Email,Mittel,2023-04-16,100
7789,9932,2025-04-10,Smart Meter,Installation,Smart Meter Ablesung fehlerhaft,Neutral,Telefon,Mittel,2025-04-24,57
7790,11447,2024-07-16,Wallbox,E-Mobility,Wallbox lädt nicht,Negativ,App,Hoch,2024-07-18,162
7791,19919,2024-05-08,Solar,Technisch,Solaranlage produziert nicht,Negativ,Email,Mittel,2024-05-08,69
7792,14572,2024-07-28,Speicher,Technisch,Speicher lädt nicht,Negativ,Email,Hoch,2024-07-29,138
7793,1147,2023-07-04,Wärmepumpe,Technisch,Fehlercode E01 angezeigt,Neutral,App,Mittel,2023-07-06,58
7794,6928,2023-05-09,Allgemein,Service,Informationsanfrage,Neutral,Email,Mittel,2023-05-15,190
7795,469,2024-12-05,Wärmepumpe,Technisch,Wärmepumpe Störung,Negativ,Chat,Hoch,2024-12-12,82
7796,9430,2025-05-27,Allgemein,Service,Informationsanfrage,Neutral,Chat,Mittel,2025-06-05,116
7797,13534,2023-03-13,Rechnung,Abrechnung,Zahlungsplan angefragt,Neutral,Telefon,Mittel,2023-03-24,35
7798,16383,2023-03-11,Rechnung,Abrechnung,Unstimmigkeit in Rechnung,Neutral,Telefon,Hoch,2023-03-12,57
7799,70,2023-04-07,Allgemein,Service,Allgemeine Anfrage,Neutral,Chat,Mittel,2023-04-07,154
7800,9330,2023-11-01,Speicher,Technisch,Speicher lädt nicht,Negativ,Chat,Hoch,2023-11-08,21
7801,18325,2023-09-29,Rechnung,Abrechnung,Abschlag anpassen,Neutral,Chat,Kritisch,2023-09-29,91
7802,3099,2024-05-21,Speicher,Technisch,Kapazität gesunken,Neutral,Telefon,Niedrig,2024-05-26,148
7803,5209,2023-08-06,Wärmepumpe,Technisch,Wartung angefragt,Neutral,App,Niedrig,2023-08-13,179
7804,9445,2025-05-13,Smart Meter,Installation,Smart Meter App funktioniert nicht,Negativ,App,Mittel,2025-05-20,27
7805,18994,2023-01-20,Wallbox,E-Mobility,Wallbox lädt nicht,Negativ,Telefon,Kritisch,2023-01-20,63
7806,4140,2024-09-07,Smart Meter,Installation,Smart Meter zeigt keine Daten,Negativ,Chat,Mittel,2024-09-16,135
7807,4848,2023-10-02,Wärmepumpe,Technisch,Fehlercode E01 angezeigt,Neutral,Chat,Mittel,2023-10-03,200
7808,6114,2024-03-23,Smart Meter,Installation,Smart Meter Installation angefragt,Negativ,Telefon,Niedrig,2024-03-31,146
7809,13896,2024-12-31,Tarif,Vertrag,Umzug melden,Neutral,App,Mittel,2025-01-04,157
7810,15725,2025-01-13,Rechnung,Abrechnung,Abschlag anpassen,Neutral,App,Mittel,2025-01-22,141
7811,16361,2024-12-27,Smart Meter,Installation,Smart Meter defekt,Negativ,App,Kritisch,2025-01-01,63
7812,1470,2023-03-21,Wallbox,E-Mobility,Wallbox lädt nicht,Negativ,Email,Hoch,2023-03-26,13
7813,16349,2024-01-06,Wallbox,E-Mobility,App-Verbindung unterbrochen,Neutral,Email,Niedrig,2024-01-13,179
7814,7767,2024-09-24,Allgemein,Service,Informationsanfrage,Positiv,App,Hoch,2024-09-29,152
7815,4307,2024-07-17,Solar,Technisch,Solaranlage produziert nicht,Negativ,Telefon,Kritisch,2024-07-23,34
7816,10354,2023-08-09,Wallbox,E-Mobility,Ladekarte Probleme,Neutral,Email,Mittel,2023-08-12,85
7817,17143,2024-05-26,Smart Meter,Installation,Smart Meter Ablesung fehlerhaft,Positiv,App,Mittel,2024-06-01,36
7818,18147,2023-11-06,Speicher,Technisch,Speicher lädt nicht,Negativ,Chat,Kritisch,2023-11-08,168
7819,12297,2023-08-15,Wallbox,E-Mobility,App-Verbindung unterbrochen,Neutral,Chat,Niedrig,2023-08-18,16
7820,1438,2024-02-11,Allgemein,Service,Beschwerde,Negativ,App,Hoch,2024-02-17,71
7821,16118,2024-10-16,Allgemein,Service,Beschwerde,Negativ,Email,Kritisch,2024-10-18,60
7822,2780,2024-06-06,Wallbox,E-Mobility,Wallbox lädt nicht,Negativ,App,Hoch,2024-06-12,29
7823,1386,2024-04-02,Allgemein,Service,Allgemeine Anfrage,Positiv,Chat,Mittel,2024-04-09,36
7824,12926,2023-08-13,Wärmepumpe,Technisch,Wartung angefragt,Negativ,App,Mittel,2023-08-17,15
7825,1957,2023-03-01,Smart Meter,Installation,Smart Meter App funktioniert nicht,Negativ,Chat,Hoch,2023-03-08,158
7826,5423,2024-02-23,Smart Meter,Installation,Smart Meter Ablesung fehlerhaft,Positiv,Telefon,Hoch,2024-02-27,46
7827,12036,2024-01-22,Smart Meter,Installation,Smart Meter Ablesung fehlerhaft,Neutral,Telefon,Niedrig,2024-01-23,76
7828,558,2023-08-04,Tarif,Vertrag,Ökostrom Umstellung,Neutral,Chat,Hoch,2023-08-06,14
7829,13680,2023-06-11,Wärmepumpe,Technisch,Wartung angefragt,Negativ,Chat,Mittel,2023-06-22,48
7830,16210,2023-03-13,Smart Meter,Installation,Smart Meter Installation angefragt,Neutral,Chat,Niedrig,2023-03-22,128
7831,18540,2024-05-17,Wallbox,E-Mobility,Ladekarte Probleme,Neutral,Telefon,Mittel,2024-05-24,154
7832,10563,2023-10-12,Allgemein,Service,Informationsanfrage,Neutral,Telefon,Mittel,2023-10-26,100
7833,17415,2024-07-23,Smart Meter,Installation,Smart Meter zeigt keine Daten,Neutral,Telefon,Mittel,2024-07-27,79
7834,352,2025-01-26,Allgemein,Service,Informationsanfrage,Neutral,Telefon,Mittel,2025-02-09,187
7835,17635,2025-01-05,Wallbox,E-Mobility,Ladekarte Probleme,Neutral,Telefon,Niedrig,2025-01-12,41
7836,18994,2025-04-24,Speicher,Technisch,Kapazität gesunken,Negativ,Chat,Mittel,2025-04-25,179
7837,37,2023-01-20,Rechnung,Abrechnung,Rechnungsfrage,Positiv,Email,Mittel,2023-01-20,57
7838,3257,2024-12-18,Rechnung,Abrechnung,Gutschrift angefragt,Positiv,App,Niedrig,2024-12-22,121
7839,6329,2024-07-15,Wallbox,E-Mobility,Ladekarte Probleme,Neutral,Telefon,Mittel,2024-07-28,86
7840,16735,2023-04-29,Tarif,Vertrag,Tarifwechsel angefragt,Negativ,Email,Mittel,2023-05-04,91
7841,15804,2024-07-18,Wallbox,E-Mobility,Wallbox defekt,Negativ,Telefon,Kritisch,2024-07-20,146
7842,16034,2023-11-14,Tarif,Vertrag,Vertragsverlängerung,Neutral,App,Niedrig,2023-11-16,124
7843,19238,2024-06-04,Wallbox,E-Mobility,Wallbox Installation angefragt,Neutral,App,Mittel,2024-06-10,96
7844,8910,2024-03-20,Wärmepumpe,Technisch,Fehlercode E01 angezeigt,Positiv,Telefon,Hoch,2024-03-27,154
7845,6896,2023-07-15,Rechnung,Abrechnung,Gutschrift angefragt,Positiv,App,Hoch,2023-07-15,140
7846,5487,2024-08-02,Solar,Technisch,Solaranlage produziert nicht,Negativ,Chat,Kritisch,2024-08-09,17
7847,9409,2024-09-26,Wärmepumpe,Technisch,Wärmepumpe Störung,Negativ,Telefon,Hoch,2024-09-26,23
7848,2757,2024-01-14,Solar,Technisch,Einspeisevergütung Frage,Negativ,Email,Hoch,2024-01-21,142
7849,8680,2023-06-03,Wärmepumpe,Technisch,Geräuschentwicklung zu hoch,Neutral,Chat,Mittel,2023-06-09,148
7850,3956,2023-07-06,Allgemein,Service,Kontaktdaten ändern,Positiv,App,Hoch,2023-07-11,75
7851,15652,2023-07-09,Rechnung,Abrechnung,Abschlag zu hoch,Negativ,Telefon,Mittel,2023-07-21,76
7852,4403,2023-06-01,Speicher,Technisch,Speicher lädt nicht,Negativ,App,Mittel,2023-06-14,29
7853,2903,2023-09-04,Solar,Technisch,Wechselrichter Fehler,Neutral,App,Hoch,2023-09-07,119
7854,10113,2023-06-29,Rechnung,Abrechnung,Rechnungsfrage,Neutral,Chat,Hoch,2023-07-02,45
7855,3093,2023-12-09,Speicher,Technisch,Kapazität gesunken,Neutral,Email,Niedrig,2023-12-09,72
7856,12679,2025-02-12,Speicher,Technisch,Kapazität gesunken,Negativ,Email,Hoch,2025-02-15,178
7857,11375,2024-05-01,Rechnung,Abrechnung,Abschlag zu hoch,Neutral,Email,Mittel,2024-05-13,135
7858,2200,2024-03-03,Solar,Technisch,Monitoring nicht verfügbar,Negativ,Telefon,Hoch,2024-03-05,187
7859,16274,2023-06-15,Speicher,Technisch,Kapazität gesunken,Neutral,Email,Mittel,2023-06-22,52
7860,1002,2023-04-19,Smart Meter,Installation,Smart Meter App funktioniert nicht,Negativ,App,Mittel,2023-04-23,144
7861,10357,2024-03-24,Allgemein,Service,Informationsanfrage,Neutral,Telefon,Mittel,2024-03-28,59
7862,12189,2023-02-20,Rechnung,Abrechnung,Zahlungsplan angefragt,Neutral,App,Niedrig,2023-02-27,27
7863,16714,2024-06-20,Smart Meter,Installation,Smart Meter Ablesung fehlerhaft,Neutral,Chat,Niedrig,2024-06-25,159
7864,14127,2023-07-05,Tarif,Vertrag,Vertragsverlängerung,Neutral,Chat,Mittel,2023-07-11,118
7865,16534,2024-12-05,Smart Meter,Installation,Smart Meter Installation angefragt,Neutral,Email,Mittel,2024-12-12,82
7866,5302,2024-03-22,Smart Meter,Installation,Smart Meter defekt,Negativ,Chat,Hoch,2024-03-22,37
7867,16257,2024-05-01,Rechnung,Abrechnung,Rechnungsfrage,Positiv,Telefon,Mittel,2024-05-05,190
7868,16191,2023-08-13,Allgemein,Service,Lob,Positiv,App,Niedrig,2023-08-19,99
7869,18644,2023-07-29,Allgemein,Service,Beschwerde,Negativ,App,Hoch,2023-07-29,142
7870,10240,2023-04-15,Wallbox,E-Mobility,App-Verbindung unterbrochen,Neutral,Chat,Mittel,2023-04-25,84
7871,3730,2023-08-27,Tarif,Vertrag,Preisgarantie Frage,Positiv,Chat,Mittel,2023-08-31,137
7872,8448,2025-01-26,Rechnung,Abrechnung,Rechnungsfrage,Neutral,Chat,Mittel,2025-01-27,177
7873,14732,2023-11-27,Speicher,Technisch,Speicher lädt nicht,Negativ,Email,Mittel,2023-12-11,119
7874,9685,2025-06-22,Wärmepumpe,Technisch,Geräuschentwicklung zu hoch,Neutral,Telefon,Mittel,2025-06-28,161
7875,15159,2024-12-03,Solar,Technisch,Einspeisevergütung Frage,Neutral,App,Mittel,2024-12-06,186
7876,1181,2023-02-05,Smart Meter,Installation,Smart Meter defekt,Negativ,App,Kritisch,2023-02-11,149
7877,8061,2023-10-23,Speicher,Technisch,Batteriespeicher Störung,Negativ,Telefon,Mittel,2023-10-29,86
7878,6381,2025-04-16,Speicher,Technisch,Kapazität gesunken,Positiv,App,Hoch,2025-04-22,151
7879,3989,2024-05-29,Rechnung,Abrechnung,Rechnungsfrage,Positiv,Telefon,Mittel,2024-06-11,111
7880,18083,2023-05-05,Rechnung,Abrechnung,Abschlag anpassen,Negativ,Chat,Niedrig,2023-05-11,103
7881,901,2025-04-07,Speicher,Technisch,Kapazität gesunken,Negativ,Telefon,Mittel,2025-04-19,192
7882,17485,2023-05-17,Tarif,Vertrag,Ökostrom Umstellung,Neutral,Telefon,Kritisch,2023-05-24,4
7883,6170,2024-12-16,Wärmepumpe,Technisch,Wartung angefragt,Neutral,Telefon,Niedrig,2024-12-29,112
7884,8223,2024-04-02,Allgemein,Service,Lob,Positiv,Chat,Niedrig,2024-04-05,105
7885,16576,2024-03-19,Wallbox,E-Mobility,Ladekarte Probleme,Neutral,Email,Niedrig,2024-03-25,167
7886,5056,2023-02-10,Rechnung,Abrechnung,Abschlag zu hoch,Neutral,Chat,Mittel,2023-02-21,192
7887,7957,2025-04-12,Solar,Technisch,Wechselrichter Fehler,Negativ,App,Mittel,2025-04-23,192
7888,6830,2025-01-29,Tarif,Vertrag,Tarifwechsel angefragt,Neutral,Telefon,Kritisch,2025-02-03,197
7889,323,2024-08-05,Tarif,Vertrag,Vertragsverlängerung,Neutral,Chat,Hoch,2024-08-07,96
7890,18251,2024-07-02,Tarif,Vertrag,Tarifwechsel angefragt,Neutral,Email,Hoch,2024-07-05,65
7891,9753,2025-01-09,Wärmepumpe,Technisch,Wartung angefragt,Negativ,App,Mittel,2025-01-17,91
7892,9576,2023-07-18,Wallbox,E-Mobility,Ladekarte Probleme,Positiv,Telefon,Mittel,2023-07-25,188
7893,471,2024-05-19,Rechnung,Abrechnung,Abschlag zu hoch,Positiv,Chat,Niedrig,2024-05-19,73
7894,7316,2024-04-10,Rechnung,Abrechnung,Unstimmigkeit in Rechnung,Neutral,Telefon,Niedrig,2024-04-13,46
7895,3752,2023-10-15,Speicher,Technisch,Speicher lädt nicht,Negativ,Telefon,Mittel,2023-10-24,136
7896,17856,2023-10-24,Solar,Technisch,Monitoring nicht verfügbar,Negativ,Email,Mittel,2023-10-24,82
7897,17460,2023-12-21,Rechnung,Abrechnung,Rechnungsfrage,Neutral,Chat,Hoch,2023-12-26,152
7898,7685,2024-03-15,Wallbox,E-Mobility,App-Verbindung unterbrochen,Neutral,Telefon,Mittel,2024-03-29,198
7899,17408,2025-06-09,Allgemein,Service,Kontaktdaten ändern,Neutral,Telefon,Hoch,2025-06-10,141
7900,537,2023-06-05,Smart Meter,Installation,Smart Meter App funktioniert nicht,Negativ,Chat,Niedrig,2023-06-05,23
7901,17814,2025-05-23,Solar,Technisch,Wechselrichter Fehler,Negativ,App,Mittel,2025-05-24,129
7902,16751,2024-03-13,Wärmepumpe,Technisch,Effizienz zu niedrig,Neutral,Email,Mittel,2024-03-21,187
7903,2448,2025-01-04,Smart Meter,Installation,Smart Meter App funktioniert nicht,Negativ,Chat,Niedrig,2025-01-16,34
7904,9553,2023-06-27,Solar,Technisch,Wechselrichter Fehler,Positiv,App,Hoch,2023-06-29,147
7905,1495,2024-06-27,Wallbox,E-Mobility,Wallbox lädt nicht,Negativ,Telefon,Hoch,2024-06-30,104
7906,11978,2023-10-07,Rechnung,Abrechnung,Gutschrift angefragt,Neutral,Email,Kritisch,2023-10-07,24
7907,18111,2025-03-06,Solar,Technisch,Solaranlage produziert nicht,Negativ,Telefon,Mittel,2025-03-14,160
7908,1928,2024-06-23,Speicher,Technisch,Speicher lädt nicht,Negativ,Email,Kritisch,2024-06-27,114
7909,18290,2023-08-27,Smart Meter,Installation,Smart Meter zeigt keine Daten,Neutral,Telefon,Niedrig,2023-09-05,84
7910,8728,2024-01-04,Rechnung,Abrechnung,Abschlag zu hoch,Neutral,Email,Mittel,2024-01-17,197
7911,18543,2023-09-02,Wallbox,E-Mobility,Wallbox defekt,Negativ,App,Mittel,2023-09-09,140
7912,15497,2025-04-13,Solar,Technisch,Solaranlage produziert nicht,Negativ,Telefon,Hoch,2025-04-19,190
7913,13427,2024-02-27,Wärmepumpe,Technisch,Effizienz zu niedrig,Neutral,Email,Mittel,2024-03-08,151
7914,19097,2024-11-22,Rechnung,Abrechnung,Abschlag anpassen,Positiv,Chat,Mittel,2024-11-25,132
7915,14794,2024-06-23,Wärmepumpe,Technisch,Wärmepumpe läuft nicht,Negativ,App,Hoch,2024-06-25,101
7916,14378,2025-02-05,Allgemein,Service,Kontaktdaten ändern,Positiv,Email,Mittel,2025-02-12,14
7917,9829,2023-08-03,Smart Meter,Installation,Smart Meter zeigt keine Daten,Neutral,Chat,Niedrig,2023-08-05,4
7918,17549,2025-05-21,Tarif,Vertrag,Kündigung,Neutral,Email,Mittel,2025-05-31,159
7919,11492,2024-12-11,Wallbox,E-Mobility,Wallbox defekt,Negativ,Chat,Hoch,2024-12-12,153
7920,6253,2023-10-14,Allgemein,Service,Lob,Positiv,Chat,Niedrig,2023-10-25,165
7921,15271,2024-05-14,Rechnung,Abrechnung,Zahlungsplan angefragt,Positiv,Telefon,Niedrig,2024-05-22,168
7922,15756,2024-09-25,Allgemein,Service,Informationsanfrage,Negativ,Email,Mittel,2024-10-08,40
7923,8518,2023-02-09,Wallbox,E-Mobility,Wallbox defekt,Negativ,App,Kritisch,2023-02-14,100
7924,7077,2024-04-20,Wärmepumpe,Technisch,Wartung angefragt,Positiv,App,Niedrig,2024-04-21,198
7925,17526,2024-08-15,Solar,Technisch,Wechselrichter Fehler,Neutral,Telefon,Mittel,2024-08-27,105
7926,14285,2023-07-13,Allgemein,Service,Informationsanfrage,Neutral,Chat,Hoch,2023-07-13,184
7927,13891,2024-07-01,Wallbox,E-Mobility,Wallbox defekt,Negativ,App,Hoch,2024-07-05,119
7928,15756,2023-06-24,Wärmepumpe,Technisch,Geräuschentwicklung zu hoch,Neutral,Email,Mittel,2023-07-07,77
7929,8575,2023-12-28,Rechnung,Abrechnung,Unstimmigkeit in Rechnung,Negativ,Email,Mittel,2024-01-06,121
7930,6619,2023-01-02,Tarif,Vertrag,Ökostrom Umstellung,Neutral,Email,Niedrig,2023-01-15,150
7931,9012,2024-03-31,Speicher,Technisch,Batteriespeicher Störung,Negativ,Telefon,Mittel,2024-04-05,137
7932,1306,2024-11-15,Smart Meter,Installation,Smart Meter zeigt keine Daten,Negativ,Telefon,Kritisch,2024-11-20,33
7933,9365,2024-04-12,Tarif,Vertrag,Vertragsverlängerung,Neutral,App,Mittel,2024-04-14,130
7934,6349,2024-12-02,Tarif,Vertrag,Vertragsverlängerung,Negativ,Chat,Mittel,2024-12-04,187
7935,6025,2023-10-24,Rechnung,Abrechnung,Abschlag anpassen,Positiv,Email,Mittel,2023-10-25,118
7936,12452,2023-04-17,Wallbox,E-Mobility,Wallbox Installation angefragt,Neutral,Chat,Hoch,2023-04-24,164
7937,18799,2024-01-31,Rechnung,Abrechnung,Rechnungsfrage,Negativ,Chat,Mittel,2024-01-31,52
7938,2244,2024-12-31,Solar,Technisch,Solaranlage produziert nicht,Negativ,Telefon,Mittel,2025-01-09,29
7939,2408,2024-04-23,Speicher,Technisch,Kapazität gesunken,Negativ,Telefon,Hoch,2024-04-23,108
7940,9158,2023-09-26,Rechnung,Abrechnung,Abschlag zu hoch,Neutral,App,Mittel,2023-09-29,152
7941,8073,2023-08-06,Tarif,Vertrag,Ökostrom Umstellung,Negativ,Email,Mittel,2023-08-06,159
7942,12778,2023-09-24,Allgemein,Service,Kontaktdaten ändern,Neutral,Chat,Hoch,2023-09-28,122
7943,16068,2024-05-01,Allgemein,Service,Informationsanfrage,Positiv,Telefon,Mittel,2024-05-08,110
7944,17182,2025-05-13,Allgemein,Service,Lob,Positiv,Email,Niedrig,2025-05-20,64
7945,7349,2025-01-08,Wärmepumpe,Technisch,Wärmepumpe läuft nicht,Negativ,Email,Hoch,2025-01-14,175
7946,14747,2024-10-08,Speicher,Technisch,Batteriespeicher Störung,Negativ,Email,Kritisch,2024-10-14,198
7947,4423,2024-09-15,Solar,Technisch,Solaranlage Ertrag niedrig,Positiv,Telefon,Niedrig,2024-09-17,184
7948,14709,2024-09-12,Solar,Technisch,Monitoring nicht verfügbar,Negativ,Telefon,Kritisch,2024-09-18,44
7949,7041,2025-06-16,Smart Meter,Installation,Smart Meter Ablesung fehlerhaft,Neutral,Telefon,Niedrig,2025-06-30,69
7950,10924,2023-08-04,Allgemein,Service,Beschwerde,Negativ,App,Mittel,2023-08-14,123
7951,12695,2024-11-28,Wallbox,E-Mobility,Wallbox lädt nicht,Negativ,App,Mittel,2024-12-03,151
7952,16848,2024-12-02,Rechnung,Abrechnung,Abschlag zu hoch,Neutral,Telefon,Mittel,2024-12-16,130
7953,6916,2025-02-01,Wärmepumpe,Technisch,Effizienz zu niedrig,Negativ,App,Mittel,2025-02-12,150
7954,16398,2023-11-29,Rechnung,Abrechnung,Gutschrift angefragt,Positiv,Telefon,Niedrig,2023-11-29,171
7955,10834,2025-04-19,Wärmepumpe,Technisch,Wärmepumpe Störung,Negativ,Chat,Mittel,2025-04-21,136
7956,4566,2023-03-16,Tarif,Vertrag,Preisgarantie Frage,Positiv,Chat,Niedrig,2023-03-19,58
7957,57,2023-03-22,Wallbox,E-Mobility,Wallbox defekt,Negativ,App,Kritisch,2023-03-29,40
7958,18338,2024-08-07,Rechnung,Abrechnung,Gutschrift angefragt,Positiv,Telefon,Niedrig,2024-08-17,185
7959,322,2023-02-15,Wallbox,E-Mobility,Ladekarte Probleme,Neutral,Telefon,Mittel,2023-02-16,44
7960,3369,2025-05-13,Speicher,Technisch,Kapazität gesunken,Neutral,Chat,Mittel,2025-05-13,105
7961,16304,2024-12-29,Smart Meter,Installation,Smart Meter defekt,Negativ,Chat,Hoch,2025-01-02,23
7962,6496,2023-03-14,Wärmepumpe,Technisch,Geräuschentwicklung zu hoch,Negativ,Email,Hoch,2023-03-15,104
7963,11461,2024-12-14,Tarif,Vertrag,Preisgarantie Frage,Neutral,Telefon,Mittel,2024-12-17,50
7964,1023,2023-01-12,Allgemein,Service,Beschwerde,Negativ,App,Mittel,2023-01-13,96
7965,12417,2024-04-19,Smart Meter,Installation,Smart Meter zeigt keine Daten,Positiv,Chat,Hoch,2024-04-24,167
7966,10895,2024-06-16,Solar,Technisch,Solaranlage produziert nicht,Negativ,Email,Kritisch,2024-06-17,128
7967,5374,2024-01-07,Solar,Technisch,Solaranlage produziert nicht,Negativ,App,Hoch,2024-01-11,7
7968,6421,2025-04-17,Allgemein,Service,Allgemeine Anfrage,Neutral,App,Mittel,2025-04-25,34
7969,3098,2023-09-15,Tarif,Vertrag,Preisgarantie Frage,Neutral,App,Mittel,2023-09-20,134
7970,5090,2023-04-13,Allgemein,Service,Allgemeine Anfrage,Neutral,App,Niedrig,2023-04-22,33
7971,7318,2025-01-31,Rechnung,Abrechnung,Abschlag zu hoch,Positiv,Telefon,Niedrig,2025-02-13,174
7972,5556,2024-11-11,Wallbox,E-Mobility,Ladekarte Probleme,Neutral,Email,Mittel,2024-11-25,72
7973,17184,2023-04-18,Tarif,Vertrag,Preisgarantie Frage,Positiv,App,Mittel,2023-04-19,69
7974,18449,2023-05-07,Wärmepumpe,Technisch,Wärmepumpe läuft nicht,Negativ,Email,Kritisch,2023-05-08,30
7975,17562,2023-03-11,Speicher,Technisch,Speicher lädt nicht,Negativ,Telefon,Mittel,2023-03-25,163
7976,18952,2024-11-13,Speicher,Technisch,Kapazität gesunken,Negativ,App,Mittel,2024-11-22,198
7977,4438,2024-10-15,Wallbox,E-Mobility,Wallbox defekt,Negativ,Telefon,Mittel,2024-10-22,194
7978,16601,2024-10-19,Tarif,Vertrag,Ökostrom Umstellung,Neutral,Email,Niedrig,2024-10-30,140
7979,2554,2023-09-21,Solar,Technisch,Einspeisevergütung Frage,Neutral,Email,Hoch,2023-09-27,92
7980,19176,2024-10-14,Allgemein,Service,Kontaktdaten ändern,Negativ,Telefon,Mittel,2024-10-22,158
7981,1035,2025-04-28,Smart Meter,Installation,Smart Meter defekt,Negativ,App,Niedrig,2025-05-05,177
7982,1398,2023-10-02,Smart Meter,Installation,Smart Meter Installation angefragt,Negativ,App,Hoch,2023-10-05,12
7983,5219,2023-08-05,Tarif,Vertrag,Tarifwechsel angefragt,Neutral,Email,Niedrig,2023-08-13,138
7984,990,2023-10-21,Allgemein,Service,Informationsanfrage,Neutral,Email,Niedrig,2023-10-21,102
7985,11675,2025-03-31,Solar,Technisch,Wechselrichter Fehler,Neutral,Email,Mittel,2025-04-01,189
7986,9785,2023-06-25,Speicher,Technisch,Kapazität gesunken,Neutral,Chat,Niedrig,2023-06-30,126
7987,4125,2023-05-25,Rechnung,Abrechnung,Rechnungsfrage,Positiv,Chat,Hoch,2023-05-31,127
7988,4050,2024-10-07,Solar,Technisch,Einspeisevergütung Frage,Neutral,Email,Niedrig,2024-10-13,85
7989,746,2023-05-02,Wärmepumpe,Technisch,Fehlercode E01 angezeigt,Neutral,Telefon,Mittel,2023-05-03,91
7990,2161,2024-10-25,Wärmepumpe,Technisch,Wartung angefragt,Negativ,Telefon,Niedrig,2024-10-28,179
7991,5895,2023-09-06,Solar,Technisch,Solaranlage Ertrag niedrig,Positiv,Chat,Hoch,2023-09-11,87
7992,3261,2024-12-16,Wallbox,E-Mobility,App-Verbindung unterbrochen,Neutral,App,Hoch,2024-12-17,7
7993,12953,2025-06-24,Tarif,Vertrag,Vertragsverlängerung,Neutral,Chat,Niedrig,2025-07-03,177
7994,4082,2025-01-13,Solar,Technisch,Wechselrichter Fehler,Neutral,Chat,Niedrig,2025-01-20,148
7995,7986,2024-12-18,Wärmepumpe,Technisch,Fehlercode E01 angezeigt,Positiv,App,Mittel,2024-12-28,116
7996,4830,2025-03-30,Tarif,Vertrag,Preisgarantie Frage,Neutral,Telefon,Mittel,2025-04-10,108
7997,4459,2024-09-08,Speicher,Technisch,Batteriespeicher Störung,Negativ,Telefon,Mittel,2024-09-08,35
7998,17595,2024-08-04,Tarif,Vertrag,Preisgarantie Frage,Neutral,App,Mittel,2024-08-05,177
7999,1466,2024-10-31,Allgemein,Service,Beschwerde,Negativ,Email,Mittel,2024-11-03,180
8000,1915,2024-05-02,Tarif,Vertrag,Kündigung,Neutral,Email,Mittel,2024-05-06,141
8001,1678,2025-02-19,Wallbox,E-Mobility,Ladekarte Probleme,Neutral,Telefon,Niedrig,2025-02-19,126
8002,16712,2023-04-19,Wallbox,E-Mobility,App-Verbindung unterbrochen,Positiv,App,Mittel,2023-05-01,42
8003,684,2024-08-25,Tarif,Vertrag,Tarifwechsel angefragt,Neutral,App,Mittel,2024-09-01,164
8004,5208,2023-01-27,Wärmepumpe,Technisch,Wärmepumpe Störung,Negativ,App,Hoch,2023-01-30,27
8005,9236,2023-05-09,Rechnung,Abrechnung,Abschlag anpassen,Neutral,Email,Niedrig,2023-05-19,171
8006,1867,2024-03-29,Solar,Technisch,Wechselrichter Fehler,Neutral,Email,Niedrig,2024-03-29,109
8007,10790,2024-05-11,Speicher,Technisch,Speicher lädt nicht,Negativ,Chat,Hoch,2024-05-13,61
8008,1898,2023-11-15,Solar,Technisch,Solaranlage produziert nicht,Negativ,App,Kritisch,2023-11-16,194
8009,11701,2023-09-16,Solar,Technisch,Monitoring nicht verfügbar,Negativ,App,Hoch,2023-09-21,158
8010,8802,2025-02-11,Wärmepumpe,Technisch,Wärmepumpe läuft nicht,Negativ,Email,Mittel,2025-02-23,98
8011,4954,2025-02-13,Solar,Technisch,Wechselrichter Fehler,Neutral,Email,Niedrig,2025-02-17,56
8012,83,2024-12-07,Smart Meter,Installation,Smart Meter zeigt keine Daten,Neutral,Email,Mittel,2024-12-08,45
8013,15234,2023-11-27,Wallbox,E-Mobility,Wallbox lädt nicht,Negativ,Email,Hoch,2023-11-30,139
8014,2284,2024-07-06,Tarif,Vertrag,Tarifwechsel angefragt,Negativ,Email,Mittel,2024-07-19,119
8015,16898,2024-12-12,Smart Meter,Installation,Smart Meter App funktioniert nicht,Negativ,Chat,Mittel,2024-12-25,15
8016,4702,2023-01-11,Tarif,Vertrag,Vertragsverlängerung,Positiv,Telefon,Niedrig,2023-01-15,198
8017,10542,2023-04-04,Speicher,Technisch,Batteriespeicher Störung,Negativ,Chat,Mittel,2023-04-07,65
8018,3978,2023-10-31,Solar,Technisch,Wechselrichter Fehler,Negativ,Telefon,Mittel,2023-10-31,103
8019,4283,2023-10-05,Smart Meter,Installation,Smart Meter Ablesung fehlerhaft,Neutral,Email,Mittel,2023-10-07,164
8020,3390,2024-09-13,Wärmepumpe,Technisch,Wärmepumpe läuft nicht,Negativ,Chat,Hoch,2024-09-15,68
8021,15996,2023-12-30,Solar,Technisch,Monitoring nicht verfügbar,Negativ,Email,Mittel,2024-01-03,136
8022,17998,2023-05-15,Rechnung,Abrechnung,Abschlag anpassen,Negativ,Telefon,Hoch,2023-05-21,122
8023,8817,2023-11-04,Wärmepumpe,Technisch,Wärmepumpe Störung,Negativ,Chat,Hoch,2023-11-06,45
8024,11450,2023-02-07,Solar,Technisch,Monitoring nicht verfügbar,Negativ,App,Kritisch,2023-02-10,192
8025,16660,2024-03-06,Speicher,Technisch,Kapazität gesunken,Neutral,Email,Mittel,2024-03-11,132
8026,4077,2025-05-03,Tarif,Vertrag,Vertragsverlängerung,Neutral,App,Niedrig,2025-05-11,152
8027,4244,2025-01-01,Solar,Technisch,Einspeisevergütung Frage,Neutral,Telefon,Mittel,2025-01-09,22
8028,17546,2023-10-28,Allgemein,Service,Kontaktdaten ändern,Positiv,Email,Hoch,2023-11-04,174
8029,424,2023-04-24,Wärmepumpe,Technisch,Wärmepumpe Störung,Negativ,Email,Kritisch,2023-04-27,112
8030,5994,2023-01-14,Wärmepumpe,Technisch,Geräuschentwicklung zu hoch,Neutral,App,Mittel,2023-01-25,116
8031,4110,2025-04-04,Wärmepumpe,Technisch,Wartung angefragt,Neutral,App,Mittel,2025-04-18,140
8032,16450,2024-12-24,Wärmepumpe,Technisch,Fehlercode E01 angezeigt,Negativ,Email,Niedrig,2024-12-28,52
8033,19876,2025-04-03,Speicher,Technisch,Kapazität gesunken,Neutral,Telefon,Mittel,2025-04-15,53
8034,19084,2023-12-30,Wärmepumpe,Technisch,Effizienz zu niedrig,Positiv,App,Niedrig,2024-01-04,78
8035,1367,2023-02-15,Allgemein,Service,Beschwerde,Negativ,Chat,Kritisch,2023-02-15,147
8036,17683,2024-04-06,Wallbox,E-Mobility,App-Verbindung unterbrochen,Neutral,Telefon,Mittel,2024-04-10,89
8037,16549,2024-11-06,Speicher,Technisch,Batteriespeicher Störung,Negativ,Email,Kritisch,2024-11-13,142
8038,12803,2024-06-02,Wallbox,E-Mobility,App-Verbindung unterbrochen,Neutral,App,Hoch,2024-06-08,156
8039,4013,2024-09-19,Solar,Technisch,Wechselrichter Fehler,Positiv,Email,Mittel,2024-09-22,31
8040,7373,2023-04-14,Rechnung,Abrechnung,Abschlag zu hoch,Neutral,Telefon,Niedrig,2023-04-15,148
8041,12727,2025-03-20,Wärmepumpe,Technisch,Wärmepumpe läuft nicht,Negativ,Email,Mittel,2025-04-03,190
8042,19807,2023-10-24,Smart Meter,Installation,Smart Meter Ablesung fehlerhaft,Negativ,Chat,Mittel,2023-11-03,64
8043,13610,2023-03-07,Wallbox,E-Mobility,App-Verbindung unterbrochen,Positiv,Email,Mittel,2023-03-15,128
8044,13689,2023-01-31,Wallbox,E-Mobility,Wallbox lädt nicht,Negativ,Email,Kritisch,2023-01-31,94
8045,10659,2024-05-25,Tarif,Vertrag,Tarifwechsel angefragt,Neutral,Chat,Mittel,2024-06-02,68
8046,13509,2023-12-11,Rechnung,Abrechnung,Gutschrift angefragt,Neutral,App,Mittel,2023-12-24,86
8047,7820,2023-01-07,Allgemein,Service,Lob,Positiv,App,Niedrig,2023-01-20,154
8048,6168,2023-12-31,Wärmepumpe,Technisch,Effizienz zu niedrig,Negativ,Email,Mittel,2024-01-12,79
8049,6476,2024-08-04,Wärmepumpe,Technisch,Wärmepumpe Störung,Negativ,Telefon,Mittel,2024-08-17,1
8050,15262,2024-10-24,Tarif,Vertrag,Vertragsverlängerung,Neutral,App,Mittel,2024-10-26,147
8051,12252,2025-06-19,Smart Meter,Installation,Smart Meter Ablesung fehlerhaft,Neutral,App,Niedrig,2025-07-03,43
8052,4207,2024-01-30,Smart Meter,Installation,Smart Meter zeigt keine Daten,Positiv,Telefon,Hoch,2024-02-02,75
8053,18309,2024-05-30,Tarif,Vertrag,Vertragsverlängerung,Negativ,Telefon,Mittel,2024-06-03,181
8054,12274,2023-04-08,Smart Meter,Installation,Smart Meter defekt,Negativ,App,Mittel,2023-04-09,39
8055,15563,2023-10-16,Rechnung,Abrechnung,Unstimmigkeit in Rechnung,Negativ,Chat,Mittel,2023-10-20,168
8056,2121,2024-08-21,Tarif,Vertrag,Kündigung,Neutral,Telefon,Hoch,2024-08-24,87
8057,18656,2023-08-06,Wärmepumpe,Technisch,Wärmepumpe läuft nicht,Negativ,App,Kritisch,2023-08-07,130
8058,12400,2025-03-11,Smart Meter,Installation,Smart Meter Installation angefragt,Neutral,Telefon,Kritisch,2025-03-11,74
8059,17078,2024-06-24,Speicher,Technisch,Kapazität gesunken,Neutral,Email,Hoch,2024-06-27,111
8060,16807,2023-12-22,Smart Meter,Installation,Smart Meter App funktioniert nicht,Negativ,App,Kritisch,2023-12-23,130
8061,9455,2023-08-03,Wärmepumpe,Technisch,Effizienz zu niedrig,Neutral,App,Mittel,2023-08-17,200
8062,4945,2023-06-02,Rechnung,Abrechnung,Abschlag zu hoch,Neutral,Telefon,Hoch,2023-06-06,49
8063,13545,2024-10-29,Wallbox,E-Mobility,Ladekarte Probleme,Neutral,App,Mittel,2024-10-31,152
8064,15082,2024-06-03,Rechnung,Abrechnung,Abschlag zu hoch,Neutral,Telefon,Niedrig,2024-06-17,133
8065,19651,2024-07-28,Smart Meter,Installation,Smart Meter App funktioniert nicht,Negativ,App,Hoch,2024-07-29,181
8066,15043,2023-12-16,Solar,Technisch,Solaranlage produziert nicht,Negativ,Chat,Kritisch,2023-12-20,158
8067,1850,2023-02-18,Wärmepumpe,Technisch,Wartung angefragt,Neutral,App,Mittel,2023-03-04,192
8068,711,2024-11-27,Tarif,Vertrag,Preisgarantie Frage,Neutral,Email,Mittel,2024-12-06,162
8069,17138,2024-11-10,Speicher,Technisch,Batteriespeicher Störung,Negativ,Email,Kritisch,2024-11-13,163
8070,1592,2025-05-15,Smart Meter,Installation,Smart Meter defekt,Negativ,App,Mittel,2025-05-27,39
8071,4792,2024-07-20,Rechnung,Abrechnung,Gutschrift angefragt,Negativ,Telefon,Niedrig,2024-07-31,110
8072,19816,2023-10-01,Tarif,Vertrag,Kündigung,Neutral,Telefon,Niedrig,2023-10-02,189
8073,6068,2023-08-11,Speicher,Technisch,Batteriespeicher Störung,Negativ,Telefon,Mittel,2023-08-25,172
8074,17744,2024-05-25,Allgemein,Service,Informationsanfrage,Neutral,Telefon,Hoch,2024-05-29,73
8075,4370,2023-05-12,Solar,Technisch,Solaranlage Ertrag niedrig,Negativ,Chat,Niedrig,2023-05-16,36
8076,8458,2025-02-01,Tarif,Vertrag,Umzug melden,Neutral,App,Kritisch,2025-02-07,56
8077,16434,2023-04-12,Wärmepumpe,Technisch,Wartung angefragt,Neutral,App,Mittel,2023-04-25,92
8078,3177,2023-10-29,Speicher,Technisch,Speicher lädt nicht,Negativ,App,Hoch,2023-10-31,173
8079,1337,2023-07-27,Smart Meter,Installation,Smart Meter Installation angefragt,Negativ,Telefon,Mittel,2023-08-02,127
8080,990,2025-05-01,Tarif,Vertrag,Umzug melden,Neutral,App,Niedrig,2025-05-08,165
8081,171,2023-08-04,Solar,Technisch,Monitoring nicht verfügbar,Negativ,Telefon,Mittel,2023-08-15,85
8082,1363,2025-02-05,Solar,Technisch,Wechselrichter Fehler,Neutral,Telefon,Mittel,2025-02-11,1
8083,4531,2025-06-28,Wallbox,E-Mobility,App-Verbindung unterbrochen,Neutral,Telefon,Mittel,2025-07-12,154
8084,8121,2023-02-26,Wärmepumpe,Technisch,Wärmepumpe läuft nicht,Negativ,Email,Kritisch,2023-03-02,80
8085,11903,2024-11-28,Allgemein,Service,Allgemeine Anfrage,Neutral,Email,Niedrig,2024-12-04,13
8086,19432,2025-04-15,Tarif,Vertrag,Preisgarantie Frage,Neutral,App,Mittel,2025-04-16,37
8087,5457,2025-03-30,Rechnung,Abrechnung,Gutschrift angefragt,Neutral,Telefon,Mittel,2025-03-31,160
8088,19996,2023-05-09,Smart Meter,Installation,Smart Meter App funktioniert nicht,Negativ,Email,Hoch,2023-05-15,156
8089,5617,2025-02-10,Wallbox,E-Mobility,App-Verbindung unterbrochen,Positiv,Email,Niedrig,2025-02-21,107
8090,2370,2023-08-21,Smart Meter,Installation,Smart Meter Installation angefragt,Neutral,App,Mittel,2023-08-23,25
8091,3363,2023-11-01,Allgemein,Service,Kontaktdaten ändern,Neutral,Email,Mittel,2023-11-10,28
8092,16427,2024-04-01,Allgemein,Service,Allgemeine Anfrage,Neutral,Chat,Mittel,2024-04-11,46
8093,1520,2024-02-04,Allgemein,Service,Lob,Positiv,Email,Niedrig,2024-02-04,10
8094,10076,2023-06-17,Solar,Technisch,Einspeisevergütung Frage,Negativ,Chat,Mittel,2023-07-01,118
8095,11809,2024-08-25,Wärmepumpe,Technisch,Geräuschentwicklung zu hoch,Positiv,Chat,Mittel,2024-08-31,181
8096,14876,2024-06-02,Tarif,Vertrag,Ökostrom Umstellung,Neutral,App,Mittel,2024-06-09,83
8097,2224,2023-02-17,Smart Meter,Installation,Smart Meter defekt,Negativ,Telefon,Kritisch,2023-02-21,57
8098,9763,2025-01-25,Speicher,Technisch,Speicher lädt nicht,Negativ,App,Kritisch,2025-01-31,138
8099,3644,2024-07-07,Tarif,Vertrag,Vertragsverlängerung,Neutral,Chat,Mittel,2024-07-11,190
8100,12645,2025-05-12,Speicher,Technisch,Speicher lädt nicht,Negativ,App,Hoch,2025-05-19,128
8101,14033,2023-04-28,Rechnung,Abrechnung,Unstimmigkeit in Rechnung,Neutral,Telefon,Niedrig,2023-05-10,72
8102,8674,2024-07-27,Wallbox,E-Mobility,Ladekarte Probleme,Neutral,App,Mittel,2024-08-03,137
8103,10677,2024-03-10,Wallbox,E-Mobility,Wallbox lädt nicht,Negativ,Email,Hoch,2024-03-14,195
8104,12443,2023-08-20,Wallbox,E-Mobility,Ladekarte Probleme,Positiv,Email,Mittel,2023-08-26,12
8105,17488,2023-09-17,Wallbox,E-Mobility,Wallbox lädt nicht,Negativ,Chat,Kritisch,2023-09-20,8
8106,12387,2025-03-03,Allgemein,Service,Kontaktdaten ändern,Negativ,Telefon,Niedrig,2025-03-10,108
8107,8451,2023-07-12,Speicher,Technisch,Kapazität gesunken,Neutral,App,Mittel,2023-07-22,117
8108,9993,2023-05-18,Allgemein,Service,Lob,Positiv,Telefon,Niedrig,2023-05-26,163
8109,10900,2024-11-04,Tarif,Vertrag,Kündigung,Neutral,Email,Mittel,2024-11-14,121
8110,1011,2024-10-17,Smart Meter,Installation,Smart Meter defekt,Negativ,App,Niedrig,2024-10-18,70
8111,1716,2023-03-01,Wallbox,E-Mobility,App-Verbindung unterbrochen,Negativ,Chat,Niedrig,2023-03-12,103
8112,15960,2023-11-11,Speicher,Technisch,Batteriespeicher Störung,Negativ,Telefon,Niedrig,2023-11-17,191
8113,2235,2025-04-10,Solar,Technisch,Solaranlage produziert nicht,Negativ,Chat,Hoch,2025-04-16,7
8114,12492,2025-05-07,Wärmepumpe,Technisch,Geräuschentwicklung zu hoch,Negativ,App,Hoch,2025-05-07,48
8115,4967,2024-03-29,Rechnung,Abrechnung,Rechnungsfrage,Positiv,Email,Mittel,2024-04-08,139
8116,19719,2023-10-08,Wallbox,E-Mobility,Wallbox Installation angefragt,Neutral,Email,Mittel,2023-10-19,180
8117,11485,2023-07-15,Tarif,Vertrag,Vertragsverlängerung,Negativ,Email,Niedrig,2023-07-27,78
8118,8581,2025-02-09,Allgemein,Service,Beschwerde,Negativ,Chat,Kritisch,2025-02-12,88
8119,2732,2024-02-12,Wärmepumpe,Technisch,Wartung angefragt,Neutral,Chat,Mittel,2024-02-14,126
8120,1003,2023-12-09,Allgemein,Service,Kontaktdaten ändern,Neutral,App,Mittel,2023-12-19,51
8121,6440,2024-12-29,Wallbox,E-Mobility,Wallbox lädt nicht,Negativ,Email,Hoch,2024-12-29,192
8122,2348,2023-04-16,Speicher,Technisch,Kapazität gesunken,Negativ,Chat,Hoch,2023-04-20,125
8123,14068,2024-06-05,Allgemein,Service,Beschwerde,Negativ,App,Mittel,2024-06-18,126
8124,14882,2023-06-16,Speicher,Technisch,Batteriespeicher Störung,Negativ,Telefon,Kritisch,2023-06-18,154
8125,6387,2023-02-21,Speicher,Technisch,Batteriespeicher Störung,Negativ,App,Hoch,2023-02-27,42
8126,4805,2023-03-08,Wärmepumpe,Technisch,Wärmepumpe Störung,Negativ,App,Kritisch,2023-03-11,8
8127,15099,2024-05-04,Allgemein,Service,Beschwerde,Negativ,Email,Niedrig,2024-05-07,165
8128,13278,2023-05-13,Smart Meter,Installation,Smart Meter zeigt keine Daten,Negativ,App,Niedrig,2023-05-27,13
8129,8938,2024-07-16,Speicher,Technisch,Kapazität gesunken,Neutral,Email,Mittel,2024-07-23,186
8130,19186,2025-01-12,Allgemein,Service,Informationsanfrage,Neutral,Email,Mittel,2025-01-16,190
8131,17046,2023-09-19,Speicher,Technisch,Kapazität gesunken,Negativ,Email,Hoch,2023-09-24,150
8132,16275,2024-05-08,Allgemein,Service,Kontaktdaten ändern,Negativ,App,Niedrig,2024-05-13,84
8133,6822,2023-05-18,Wallbox,E-Mobility,Ladekarte Probleme,Neutral,App,Mittel,2023-05-18,129
8134,11491,2023-02-16,Tarif,Vertrag,Tarifwechsel angefragt,Neutral,Telefon,Niedrig,2023-02-26,174
8135,2208,2024-11-02,Smart Meter,Installation,Smart Meter Installation angefragt,Negativ,Chat,Mittel,2024-11-10,3
8136,12839,2023-03-19,Tarif,Vertrag,Umzug melden,Neutral,Telefon,Mittel,2023-04-01,8
8137,5677,2025-01-16,Wärmepumpe,Technisch,Wärmepumpe Störung,Negativ,Telefon,Kritisch,2025-01-16,24
8138,8330,2024-11-14,Rechnung,Abrechnung,Abschlag zu hoch,Negativ,Email,Mittel,2024-11-23,173
8139,14281,2024-01-27,Tarif,Vertrag,Umzug melden,Neutral,App,Mittel,2024-02-08,19
8140,2088,2024-03-02,Speicher,Technisch,Speicher lädt nicht,Negativ,Chat,Hoch,2024-03-08,184
8141,18508,2025-03-22,Tarif,Vertrag,Kündigung,Positiv,Email,Mittel,2025-04-04,62
8142,5907,2024-02-09,Solar,Technisch,Monitoring nicht verfügbar,Negativ,App,Kritisch,2024-02-14,27
8143,1464,2024-04-11,Speicher,Technisch,Kapazität gesunken,Negativ,Telefon,Hoch,2024-04-13,152
8144,15071,2024-02-04,Smart Meter,Installation,Smart Meter Installation angefragt,Neutral,Chat,Niedrig,2024-02-18,147
8145,17777,2023-12-13,Wärmepumpe,Technisch,Wärmepumpe läuft nicht,Negativ,Chat,Kritisch,2023-12-16,194
8146,683,2023-01-28,Solar,Technisch,Monitoring nicht verfügbar,Negativ,Email,Mittel,2023-02-07,98
8147,4557,2023-05-17,Wärmepumpe,Technisch,Geräuschentwicklung zu hoch,Negativ,App,Mittel,2023-05-25,92
8148,2938,2024-12-13,Tarif,Vertrag,Tarifwechsel angefragt,Neutral,Chat,Mittel,2024-12-17,55
8149,5929,2024-04-08,Tarif,Vertrag,Kündigung,Neutral,Telefon,Mittel,2024-04-08,147
8150,18845,2023-06-07,Wärmepumpe,Technisch,Fehlercode E01 angezeigt,Negativ,Telefon,Mittel,2023-06-09,81
8151,1744,2023-08-25,Tarif,Vertrag,Ökostrom Umstellung,Neutral,Telefon,Niedrig,2023-09-06,149
8152,326,2025-06-05,Solar,Technisch,Monitoring nicht verfügbar,Negativ,Email,Mittel,2025-06-17,112
8153,18856,2023-07-16,Allgemein,Service,Kontaktdaten ändern,Neutral,App,Mittel,2023-07-29,6
8154,1266,2024-02-21,Rechnung,Abrechnung,Abschlag anpassen,Positiv,Telefon,Mittel,2024-03-03,7
8155,10769,2023-08-05,Rechnung,Abrechnung,Abschlag anpassen,Positiv,Email,Niedrig,2023-08-14,162
8156,1313,2024-04-01,Wärmepumpe,Technisch,Effizienz zu niedrig,Neutral,Telefon,Hoch,2024-04-05,83
8157,16870,2025-01-09,Tarif,Vertrag,Kündigung,Neutral,Chat,Hoch,2025-01-12,154
8158,948,2025-05-04,Solar,Technisch,Monitoring nicht verfügbar,Negativ,Chat,Kritisch,2025-05-09,92
8159,12078,2023-08-07,Wallbox,E-Mobility,Wallbox lädt nicht,Negativ,Chat,Mittel,2023-08-18,14
8160,1227,2023-03-05,Tarif,Vertrag,Umzug melden,Neutral,App,Mittel,2023-03-15,118
8161,10813,2025-06-23,Speicher,Technisch,Speicher lädt nicht,Negativ,Telefon,Hoch,2025-06-25,148
8162,3313,2024-03-16,Tarif,Vertrag,Tarifwechsel angefragt,Neutral,Email,Niedrig,2024-03-16,192
8163,4657,2025-01-07,Allgemein,Service,Lob,Positiv,Email,Niedrig,2025-01-11,25
8164,1237,2023-05-27,Smart Meter,Installation,Smart Meter zeigt keine Daten,Neutral,App,Hoch,2023-05-27,167
8165,19396,2025-06-05,Wallbox,E-Mobility,Wallbox lädt nicht,Negativ,Chat,Mittel,2025-06-13,186
8166,1776,2025-03-14,Wärmepumpe,Technisch,Wartung angefragt,Neutral,Email,Hoch,2025-03-15,57
8167,4090,2024-10-27,Solar,Technisch,Monitoring nicht verfügbar,Negativ,App,Kritisch,2024-11-01,156
8168,18880,2024-04-26,Smart Meter,Installation,Smart Meter defekt,Negativ,Email,Kritisch,2024-04-30,171
8169,1147,2024-01-04,Speicher,Technisch,Batteriespeicher Störung,Negativ,App,Mittel,2024-01-16,165
8170,3694,2024-05-23,Wallbox,E-Mobility,Wallbox Installation angefragt,Neutral,Telefon,Mittel,2024-05-28,92
8171,1253,2023-02-22,Wärmepumpe,Technisch,Geräuschentwicklung zu hoch,Neutral,Chat,Mittel,2023-03-01,162
8172,14699,2024-12-11,Speicher,Technisch,Speicher lädt nicht,Negativ,Telefon,Kritisch,2024-12-12,158
8173,2607,2023-02-01,Solar,Technisch,Solaranlage Ertrag niedrig,Negativ,App,Mittel,2023-02-12,71
8174,18280,2023-04-29,Wallbox,E-Mobility,App-Verbindung unterbrochen,Negativ,Telefon,Mittel,2023-05-03,147
8175,3160,2023-04-18,Wärmepumpe,Technisch,Fehlercode E01 angezeigt,Negativ,Telefon,Mittel,2023-05-02,24
8176,2991,2024-10-24,Wärmepumpe,Technisch,Wartung angefragt,Neutral,App,Mittel,2024-11-02,157
8177,2228,2024-01-23,Solar,Technisch,Solaranlage Ertrag niedrig,Positiv,Chat,Kritisch,2024-01-28,200
8178,19489,2025-04-14,Wärmepumpe,Technisch,Geräuschentwicklung zu hoch,Neutral,Email,Niedrig,2025-04-28,124
8179,6521,2023-08-11,Rechnung,Abrechnung,Abschlag anpassen,Neutral,Email,Mittel,2023-08-24,22
8180,8209,2023-05-20,Rechnung,Abrechnung,Abschlag anpassen,Negativ,App,Niedrig,2023-05-21,6
8181,3021,2025-01-02,Wärmepumpe,Technisch,Wärmepumpe läuft nicht,Negativ,Telefon,Hoch,2025-01-06,66
8182,916,2024-11-16,Speicher,Technisch,Batteriespeicher Störung,Negativ,App,Mittel,2024-11-26,145
8183,17048,2024-04-03,Solar,Technisch,Solaranlage Ertrag niedrig,Neutral,Email,Mittel,2024-04-10,116
8184,3461,2023-09-16,Speicher,Technisch,Speicher lädt nicht,Negativ,Chat,Hoch,2023-09-19,122
8185,19457,2024-03-14,Smart Meter,Installation,Smart Meter zeigt keine Daten,Positiv,Chat,Mittel,2024-03-15,103
8186,386,2024-10-17,Solar,Technisch,Wechselrichter Fehler,Neutral,Telefon,Mittel,2024-10-29,52
8187,13665,2024-02-01,Solar,Technisch,Solaranlage produziert nicht,Negativ,Chat,Kritisch,2024-02-06,74
8188,2231,2024-10-16,Allgemein,Service,Informationsanfrage,Neutral,Chat,Mittel,2024-10-19,160
8189,18976,2023-06-30,Speicher,Technisch,Batteriespeicher Störung,Negativ,Email,Kritisch,2023-07-07,61
8190,11684,2023-10-06,Speicher,Technisch,Speicher lädt nicht,Negativ,Email,Hoch,2023-10-08,129
8191,11642,2024-09-03,Speicher,Technisch,Kapazität gesunken,Neutral,Telefon,Mittel,2024-09-04,94
8192,680,2024-04-25,Rechnung,Abrechnung,Abschlag anpassen,Neutral,Telefon,Niedrig,2024-05-06,69
8193,3881,2024-05-16,Tarif,Vertrag,Umzug melden,Neutral,Telefon,Mittel,2024-05-28,182
8194,3083,2024-09-07,Allgemein,Service,Allgemeine Anfrage,Neutral,Chat,Mittel,2024-09-13,17
8195,14968,2023-08-20,Wallbox,E-Mobility,Ladekarte Probleme,Neutral,Telefon,Hoch,2023-08-21,140
8196,15836,2023-06-07,Tarif,Vertrag,Kündigung,Positiv,Email,Niedrig,2023-06-10,7
8197,7628,2023-03-02,Tarif,Vertrag,Tarifwechsel angefragt,Neutral,Chat,Niedrig,2023-03-03,182
8198,9109,2024-03-16,Tarif,Vertrag,Preisgarantie Frage,Negativ,Telefon,Mittel,2024-03-29,180
8199,11396,2023-11-04,Wallbox,E-Mobility,Wallbox Installation angefragt,Neutral,App,Niedrig,2023-11-07,176
8200,12747,2023-07-25,Rechnung,Abrechnung,Abschlag anpassen,Neutral,App,Mittel,2023-07-26,69
8201,11459,2023-06-21,Rechnung,Abrechnung,Abschlag anpassen,Neutral,Email,Mittel,2023-07-03,121
8202,17572,2023-07-13,Wärmepumpe,Technisch,Fehlercode E01 angezeigt,Neutral,Email,Niedrig,2023-07-16,102
8203,11092,2024-05-04,Rechnung,Abrechnung,Abschlag anpassen,Positiv,Telefon,Mittel,2024-05-17,71
8204,8341,2023-09-11,Wallbox,E-Mobility,Wallbox Installation angefragt,Neutral,Telefon,Niedrig,2023-09-18,127
8205,3509,2025-01-16,Smart Meter,Installation,Smart Meter Ablesung fehlerhaft,Neutral,App,Hoch,2025-01-20,61
8206,4313,2024-02-05,Allgemein,Service,Allgemeine Anfrage,Neutral,Telefon,Mittel,2024-02-07,187
8207,16109,2024-10-10,Rechnung,Abrechnung,Abschlag zu hoch,Neutral,Telefon,Mittel,2024-10-14,179
8208,1473,2023-01-22,Rechnung,Abrechnung,Gutschrift angefragt,Neutral,App,Mittel,2023-01-31,65
8209,19148,2025-04-17,Rechnung,Abrechnung,Zahlungsplan angefragt,Neutral,Telefon,Mittel,2025-04-17,177
8210,8069,2023-03-26,Allgemein,Service,Lob,Positiv,Telefon,Niedrig,2023-04-02,75
8211,18520,2023-03-31,Rechnung,Abrechnung,Abschlag zu hoch,Neutral,Chat,Mittel,2023-04-01,197
8212,18170,2025-04-16,Speicher,Technisch,Kapazität gesunken,Neutral,Email,Mittel,2025-04-30,130
8213,1081,2024-12-11,Tarif,Vertrag,Tarifwechsel angefragt,Neutral,App,Hoch,2024-12-13,59
8214,18924,2024-03-31,Smart Meter,Installation,Smart Meter zeigt keine Daten,Positiv,Email,Mittel,2024-04-08,133
8215,19122,2023-04-25,Smart Meter,Installation,Smart Meter Ablesung fehlerhaft,Neutral,Chat,Mittel,2023-05-08,33
8216,16468,2023-04-07,Tarif,Vertrag,Kündigung,Neutral,Telefon,Mittel,2023-04-10,42
8217,7111,2024-04-08,Smart Meter,Installation,Smart Meter Installation angefragt,Neutral,Telefon,Niedrig,2024-04-14,61
8218,9019,2024-10-03,Speicher,Technisch,Speicher lädt nicht,Negativ,Email,Mittel,2024-10-09,28
8219,19590,2025-02-26,Smart Meter,Installation,Smart Meter defekt,Negativ,Telefon,Hoch,2025-02-27,127
8220,7237,2025-05-08,Wärmepumpe,Technisch,Geräuschentwicklung zu hoch,Negativ,App,Mittel,2025-05-13,30
8221,1240,2025-02-10,Allgemein,Service,Informationsanfrage,Neutral,App,Hoch,2025-02-14,187
8222,1231,2023-12-06,Speicher,Technisch,Batteriespeicher Störung,Negativ,Chat,Kritisch,2023-12-13,195
8223,4431,2023-11-01,Rechnung,Abrechnung,Unstimmigkeit in Rechnung,Positiv,Email,Niedrig,2023-11-03,14
8224,8228,2023-06-15,Allgemein,Service,Allgemeine Anfrage,Neutral,Telefon,Hoch,2023-06-19,57
8225,9820,2023-04-05,Rechnung,Abrechnung,Rechnungsfrage,Neutral,Chat,Kritisch,2023-04-07,144
8226,17059,2023-10-04,Tarif,Vertrag,Tarifwechsel angefragt,Neutral,App,Kritisch,2023-10-09,164
8227,15895,2023-02-19,Smart Meter,Installation,Smart Meter Installation angefragt,Neutral,App,Mittel,2023-03-03,108
8228,12477,2024-12-26,Rechnung,Abrechnung,Rechnungsfrage,Neutral,Chat,Mittel,2024-12-28,88
8229,19537,2023-01-18,Wallbox,E-Mobility,App-Verbindung unterbrochen,Negativ,Telefon,Hoch,2023-01-20,121
8230,12138,2024-01-26,Allgemein,Service,Beschwerde,Negativ,Telefon,Mittel,2024-01-29,32
8231,17182,2024-02-08,Wallbox,E-Mobility,Wallbox lädt nicht,Negativ,Email,Mittel,2024-02-13,111
8232,1136,2024-03-26,Rechnung,Abrechnung,Rechnungsfrage,Positiv,Telefon,Mittel,2024-04-07,192
8233,1223,2024-06-07,Tarif,Vertrag,Preisgarantie Frage,Negativ,Telefon,Niedrig,2024-06-13,14
8234,19423,2025-03-01,Wärmepumpe,Technisch,Wärmepumpe Störung,Negativ,Telefon,Niedrig,2025-03-14,12
8235,14513,2024-10-20,Rechnung,Abrechnung,Unstimmigkeit in Rechnung,Neutral,App,Mittel,2024-10-30,51
8236,873,2024-05-29,Allgemein,Service,Beschwerde,Negativ,Email,Kritisch,2024-05-31,23
8237,4090,2024-10-03,Rechnung,Abrechnung,Abschlag zu hoch,Positiv,App,Hoch,2024-10-04,128
8238,4271,2023-07-20,Rechnung,Abrechnung,Unstimmigkeit in Rechnung,Neutral,Telefon,Niedrig,2023-07-21,104
8239,12234,2023-01-02,Speicher,Technisch,Speicher lädt nicht,Negativ,Telefon,Kritisch,2023-01-06,196
8240,7755,2024-01-30,Wallbox,E-Mobility,Wallbox lädt nicht,Negativ,Chat,Hoch,2024-02-05,121
8241,3774,2023-03-28,Wärmepumpe,Technisch,Fehlercode E01 angezeigt,Negativ,Chat,Hoch,2023-03-28,24
8242,7810,2023-07-13,Rechnung,Abrechnung,Zahlungsplan angefragt,Neutral,Telefon,Mittel,2023-07-23,164
8243,3273,2023-03-10,Allgemein,Service,Informationsanfrage,Neutral,Email,Niedrig,2023-03-15,82
8244,19034,2025-04-01,Wärmepumpe,Technisch,Wärmepumpe Störung,Negativ,Chat,Hoch,2025-04-01,21
8245,3090,2024-02-19,Speicher,Technisch,Kapazität gesunken,Neutral,App,Niedrig,2024-02-20,178
8246,4426,2025-06-25,Allgemein,Service,Informationsanfrage,Neutral,Chat,Hoch,2025-06-28,190
8247,18148,2023-07-24,Tarif,Vertrag,Kündigung,Positiv,Email,Niedrig,2023-08-06,187
8248,6348,2023-08-05,Solar,Technisch,Solaranlage Ertrag niedrig,Neutral,Chat,Hoch,2023-08-10,64
8249,7839,2023-01-01,Rechnung,Abrechnung,Abschlag zu hoch,Neutral,Telefon,Mittel,2023-01-02,129
8250,1981,2024-10-03,Wärmepumpe,Technisch,Geräuschentwicklung zu hoch,Negativ,Email,Mittel,2024-10-14,11
8251,19377,2023-12-11,Wärmepumpe,Technisch,Geräuschentwicklung zu hoch,Neutral,Chat,Mittel,2023-12-25,92
8252,13220,2024-08-25,Wärmepumpe,Technisch,Fehlercode E01 angezeigt,Neutral,Chat,Hoch,2024-08-31,193
8253,13971,2023-09-12,Tarif,Vertrag,Umzug melden,Neutral,App,Niedrig,2023-09-21,105
8254,10538,2023-06-04,Speicher,Technisch,Speicher lädt nicht,Negativ,Chat,Hoch,2023-06-06,188
8255,3718,2024-04-23,Tarif,Vertrag,Vertragsverlängerung,Neutral,Telefon,Mittel,2024-04-26,26
8256,19516,2025-04-28,Wärmepumpe,Technisch,Wartung angefragt,Neutral,App,Kritisch,2025-04-28,192
8257,16834,2024-07-27,Rechnung,Abrechnung,Gutschrift angefragt,Neutral,Chat,Mittel,2024-08-02,170
8258,9178,2023-04-19,Wallbox,E-Mobility,Wallbox lädt nicht,Negativ,Telefon,Mittel,2023-04-21,185
8259,3288,2025-04-19,Allgemein,Service,Allgemeine Anfrage,Neutral,Email,Mittel,2025-04-21,95
8260,15876,2024-12-31,Wärmepumpe,Technisch,Effizienz zu niedrig,Neutral,Email,Kritisch,2024-12-31,126
8261,8084,2023-03-24,Wärmepumpe,Technisch,Geräuschentwicklung zu hoch,Neutral,Chat,Mittel,2023-04-04,168
8262,9002,2025-04-09,Allgemein,Service,Beschwerde,Negativ,Telefon,Mittel,2025-04-19,148
8263,2388,2024-11-04,Solar,Technisch,Wechselrichter Fehler,Negativ,App,Hoch,2024-11-07,82
8264,5599,2024-12-28,Wallbox,E-Mobility,App-Verbindung unterbrochen,Neutral,Chat,Mittel,2024-12-28,128
8265,5889,2023-08-28,Smart Meter,Installation,Smart Meter defekt,Negativ,Email,Hoch,2023-09-02,103
8266,3824,2024-05-22,Allgemein,Service,Beschwerde,Negativ,App,Hoch,2024-05-24,55
8267,13308,2023-07-06,Solar,Technisch,Wechselrichter Fehler,Negativ,Telefon,Niedrig,2023-07-16,168
8268,2033,2023-07-19,Rechnung,Abrechnung,Abschlag anpassen,Negativ,Chat,Hoch,2023-07-20,183
8269,18239,2023-01-18,Wärmepumpe,Technisch,Wartung angefragt,Neutral,Telefon,Kritisch,2023-01-21,170
8270,10425,2023-06-08,Rechnung,Abrechnung,Unstimmigkeit in Rechnung,Positiv,App,Niedrig,2023-06-08,103
8271,387,2024-09-02,Wärmepumpe,Technisch,Wartung angefragt,Negativ,Chat,Mittel,2024-09-03,78
8272,16813,2023-05-11,Solar,Technisch,Solaranlage produziert nicht,Negativ,Telefon,Mittel,2023-05-25,111
8273,13689,2024-08-17,Wärmepumpe,Technisch,Fehlercode E01 angezeigt,Negativ,App,Mittel,2024-08-19,106
8274,14916,2023-08-21,Wallbox,E-Mobility,Ladekarte Probleme,Neutral,Chat,Hoch,2023-08-21,55
8275,12263,2025-06-28,Tarif,Vertrag,Vertragsverlängerung,Neutral,Email,Kritisch,2025-06-28,40
8276,8249,2023-06-17,Solar,Technisch,Monitoring nicht verfügbar,Negativ,Chat,Niedrig,2023-06-17,152
8277,17584,2023-01-11,Tarif,Vertrag,Umzug melden,Neutral,Chat,Mittel,2023-01-21,167
8278,15094,2025-04-12,Wärmepumpe,Technisch,Effizienz zu niedrig,Neutral,App,Niedrig,2025-04-22,42
8279,8225,2024-07-05,Rechnung,Abrechnung,Unstimmigkeit in Rechnung,Neutral,Email,Mittel,2024-07-15,26
8280,18246,2024-02-01,Rechnung,Abrechnung,Gutschrift angefragt,Neutral,Telefon,Mittel,2024-02-11,155
8281,17459,2023-08-25,Speicher,Technisch,Kapazität gesunken,Neutral,App,Mittel,2023-08-27,175
8282,3948,2023-12-28,Speicher,Technisch,Speicher lädt nicht,Negativ,Chat,Niedrig,2023-12-30,120
8283,16912,2023-01-23,Rechnung,Abrechnung,Gutschrift angefragt,Negativ,Email,Niedrig,2023-02-03,13
8284,3457,2024-04-17,Speicher,Technisch,Batteriespeicher Störung,Negativ,Chat,Hoch,2024-04-21,13
8285,16666,2023-01-02,Speicher,Technisch,Batteriespeicher Störung,Negativ,Chat,Niedrig,2023-01-07,179
8286,15108,2024-01-09,Smart Meter,Installation,Smart Meter defekt,Negativ,App,Mittel,2024-01-15,146
8287,19175,2023-03-27,Smart Meter,Installation,Smart Meter zeigt keine Daten,Neutral,Telefon,Mittel,2023-03-30,197
8288,8647,2023-12-31,Wallbox,E-Mobility,Ladekarte Probleme,Neutral,Email,Niedrig,2024-01-07,39
8289,13916,2023-07-21,Rechnung,Abrechnung,Zahlungsplan angefragt,Neutral,Telefon,Mittel,2023-07-23,45
8290,1556,2024-12-02,Tarif,Vertrag,Vertragsverlängerung,Negativ,App,Mittel,2024-12-06,68
8291,13005,2024-04-18,Speicher,Technisch,Speicher lädt nicht,Negativ,Email,Hoch,2024-04-21,78
8292,3041,2023-08-19,Tarif,Vertrag,Preisgarantie Frage,Neutral,Chat,Kritisch,2023-08-19,44
8293,9295,2023-09-11,Solar,Technisch,Monitoring nicht verfügbar,Negativ,App,Niedrig,2023-09-25,142
8294,15014,2023-02-13,Solar,Technisch,Monitoring nicht verfügbar,Negativ,Telefon,Hoch,2023-02-13,117
8295,4977,2023-10-02,Allgemein,Service,Informationsanfrage,Negativ,Chat,Niedrig,2023-10-07,92
8296,19630,2024-02-03,Solar,Technisch,Wechselrichter Fehler,Positiv,Email,Mittel,2024-02-11,123
8297,6691,2023-07-07,Solar,Technisch,Monitoring nicht verfügbar,Negativ,Chat,Hoch,2023-07-14,200
8298,15586,2023-07-21,Tarif,Vertrag,Umzug melden,Negativ,Chat,Mittel,2023-08-03,99
8299,17038,2024-03-31,Allgemein,Service,Kontaktdaten ändern,Neutral,App,Niedrig,2024-04-03,176
8300,15440,2023-10-15,Tarif,Vertrag,Umzug melden,Negativ,Email,Niedrig,2023-10-27,115
8301,12614,2024-02-12,Rechnung,Abrechnung,Abschlag zu hoch,Neutral,App,Niedrig,2024-02-25,94
8302,15237,2024-04-27,Wallbox,E-Mobility,App-Verbindung unterbrochen,Neutral,Chat,Mittel,2024-04-27,45
8303,8253,2023-01-23,Rechnung,Abrechnung,Abschlag anpassen,Negativ,Telefon,Mittel,2023-02-05,74
8304,8754,2024-02-04,Speicher,Technisch,Speicher lädt nicht,Negativ,Telefon,Kritisch,2024-02-09,74
8305,13090,2024-03-13,Solar,Technisch,Solaranlage produziert nicht,Negativ,Telefon,Hoch,2024-03-18,41
8306,433,2023-10-12,Allgemein,Service,Informationsanfrage,Negativ,App,Mittel,2023-10-21,50
8307,6712,2023-03-22,Solar,Technisch,Monitoring nicht verfügbar,Negativ,Chat,Kritisch,2023-03-23,125
8308,2299,2024-02-17,Rechnung,Abrechnung,Gutschrift angefragt,Neutral,Chat,Mittel,2024-02-21,1
8309,18989,2024-12-14,Tarif,Vertrag,Preisgarantie Frage,Neutral,Chat,Hoch,2024-12-17,101
8310,15057,2025-04-08,Wallbox,E-Mobility,App-Verbindung unterbrochen,Positiv,Telefon,Mittel,2025-04-14,134
8311,12153,2023-02-24,Tarif,Vertrag,Ökostrom Umstellung,Negativ,Telefon,Mittel,2023-02-26,41
8312,15510,2023-11-13,Tarif,Vertrag,Vertragsverlängerung,Neutral,Telefon,Mittel,2023-11-21,169
8313,7498,2024-06-06,Solar,Technisch,Solaranlage Ertrag niedrig,Neutral,App,Mittel,2024-06-10,96
8314,16196,2025-05-01,Rechnung,Abrechnung,Abschlag zu hoch,Neutral,Email,Mittel,2025-05-15,43
8315,4184,2025-06-02,Solar,Technisch,Wechselrichter Fehler,Neutral,App,Niedrig,2025-06-02,103
8316,2451,2024-03-31,Solar,Technisch,Solaranlage Ertrag niedrig,Neutral,App,Hoch,2024-04-02,68
8317,12540,2023-01-31,Speicher,Technisch,Speicher lädt nicht,Negativ,Email,Mittel,2023-02-10,198
8318,2494,2024-10-10,Solar,Technisch,Solaranlage Ertrag niedrig,Negativ,Chat,Niedrig,2024-10-20,3
8319,6563,2024-11-22,Smart Meter,Installation,Smart Meter Installation angefragt,Negativ,Chat,Mittel,2024-11-22,79
8320,14997,2023-05-28,Solar,Technisch,Monitoring nicht verfügbar,Negativ,App,Kritisch,2023-06-02,56
8321,2320,2024-07-31,Wärmepumpe,Technisch,Effizienz zu niedrig,Neutral,Chat,Mittel,2024-08-14,41
8322,10727,2025-06-23,Allgemein,Service,Beschwerde,Negativ,Chat,Mittel,2025-06-30,111
8323,17392,2025-04-12,Rechnung,Abrechnung,Unstimmigkeit in Rechnung,Positiv,Telefon,Kritisch,2025-04-14,123
8324,5981,2024-02-10,Wärmepumpe,Technisch,Wartung angefragt,Positiv,Chat,Hoch,2024-02-10,168
8325,1619,2024-07-26,Speicher,Technisch,Kapazität gesunken,Positiv,Telefon,Niedrig,2024-07-26,27
8326,4198,2024-05-02,Smart Meter,Installation,Smart Meter App funktioniert nicht,Negativ,App,Hoch,2024-05-04,73
8327,15312,2024-05-26,Smart Meter,Installation,Smart Meter defekt,Negativ,Chat,Kritisch,2024-05-27,29
8328,19265,2023-03-02,Allgemein,Service,Informationsanfrage,Neutral,Chat,Hoch,2023-03-06,75
8329,3185,2025-03-08,Allgemein,Service,Beschwerde,Negativ,App,Hoch,2025-03-09,125
8330,12721,2024-02-08,Allgemein,Service,Informationsanfrage,Positiv,Email,Niedrig,2024-02-21,94
8331,3700,2023-02-20,Smart Meter,Installation,Smart Meter defekt,Negativ,Email,Niedrig,2023-02-23,87
8332,16117,2025-01-11,Wallbox,E-Mobility,Ladekarte Probleme,Neutral,App,Niedrig,2025-01-22,41
8333,15275,2023-06-03,Wärmepumpe,Technisch,Fehlercode E01 angezeigt,Neutral,Email,Niedrig,2023-06-17,155
8334,8641,2025-02-27,Speicher,Technisch,Batteriespeicher Störung,Negativ,Chat,Hoch,2025-02-28,155
8335,2683,2025-05-01,Allgemein,Service,Kontaktdaten ändern,Neutral,Chat,Mittel,2025-05-15,5
8336,10303,2025-04-16,Wallbox,E-Mobility,App-Verbindung unterbrochen,Neutral,Email,Hoch,2025-04-22,198
8337,9536,2023-04-24,Allgemein,Service,Lob,Positiv,Email,Niedrig,2023-04-26,75
8338,3345,2025-05-17,Wärmepumpe,Technisch,Wärmepumpe läuft nicht,Negativ,Chat,Mittel,2025-05-28,14
8339,10797,2023-05-22,Allgemein,Service,Kontaktdaten ändern,Neutral,Chat,Niedrig,2023-05-30,160
8340,15606,2023-06-07,Tarif,Vertrag,Tarifwechsel angefragt,Positiv,Chat,Niedrig,2023-06-19,101
8341,9685,2023-07-29,Allgemein,Service,Beschwerde,Negativ,Telefon,Hoch,2023-07-29,188
8342,1496,2023-09-02,Wallbox,E-Mobility,Wallbox lädt nicht,Negativ,Email,Mittel,2023-09-04,188
8343,16913,2023-11-08,Wärmepumpe,Technisch,Wartung angefragt,Positiv,Email,Mittel,2023-11-19,187
8344,2988,2025-01-11,Allgemein,Service,Allgemeine Anfrage,Positiv,Chat,Kritisch,2025-01-12,94
8345,1049,2025-01-30,Rechnung,Abrechnung,Abschlag anpassen,Negativ,Email,Mittel,2025-02-02,6
8346,135,2024-07-26,Wallbox,E-Mobility,Ladekarte Probleme,Negativ,Chat,Hoch,2024-08-01,73
8347,9316,2024-02-11,Solar,Technisch,Wechselrichter Fehler,Neutral,Telefon,Mittel,2024-02-22,4
8348,16708,2024-04-26,Tarif,Vertrag,Tarifwechsel angefragt,Neutral,Chat,Mittel,2024-05-02,33
8349,13258,2023-07-07,Rechnung,Abrechnung,Gutschrift angefragt,Neutral,Telefon,Mittel,2023-07-20,6
8350,7396,2023-01-14,Smart Meter,Installation,Smart Meter App funktioniert nicht,Negativ,Telefon,Kritisch,2023-01-18,170
8351,18648,2023-05-19,Speicher,Technisch,Speicher lädt nicht,Negativ,Telefon,Hoch,2023-05-21,182
8352,4511,2025-02-14,Tarif,Vertrag,Ökostrom Umstellung,Positiv,App,Mittel,2025-02-22,127
8353,11914,2023-07-18,Allgemein,Service,Lob,Positiv,Telefon,Niedrig,2023-07-26,170
8354,6896,2024-06-29,Tarif,Vertrag,Ökostrom Umstellung,Neutral,App,Niedrig,2024-07-09,131
8355,13716,2023-06-01,Allgemein,Service,Allgemeine Anfrage,Neutral,App,Mittel,2023-06-10,138
8356,2503,2024-06-29,Tarif,Vertrag,Vertragsverlängerung,Positiv,Email,Niedrig,2024-07-13,5
8357,2905,2025-03-26,Wallbox,E-Mobility,Ladekarte Probleme,Neutral,Telefon,Niedrig,2025-03-31,168
8358,22,2023-04-30,Solar,Technisch,Monitoring nicht verfügbar,Negativ,App,Hoch,2023-05-04,26
8359,2737,2023-08-19,Tarif,Vertrag,Preisgarantie Frage,Neutral,Email,Niedrig,2023-08-30,84
8360,8650,2024-11-14,Tarif,Vertrag,Kündigung,Negativ,Telefon,Mittel,2024-11-21,134
8361,13299,2023-03-06,Tarif,Vertrag,Tarifwechsel angefragt,Positiv,Email,Mittel,2023-03-15,151
8362,11976,2024-04-19,Wallbox,E-Mobility,Wallbox defekt,Negativ,Telefon,Mittel,2024-04-27,168
8363,18699,2025-01-29,Wärmepumpe,Technisch,Geräuschentwicklung zu hoch,Neutral,Email,Mittel,2025-02-10,113
8364,3565,2024-09-22,Wallbox,E-Mobility,Wallbox defekt,Negativ,App,Mittel,2024-09-23,83
8365,7971,2023-05-05,Wallbox,E-Mobility,Wallbox Installation angefragt,Neutral,Chat,Mittel,2023-05-15,115
8366,7205,2025-04-28,Wallbox,E-Mobility,Wallbox Installation angefragt,Neutral,App,Kritisch,2025-04-28,54
8367,9864,2025-02-17,Solar,Technisch,Solaranlage Ertrag niedrig,Neutral,Email,Niedrig,2025-02-23,151
8368,5145,2023-11-15,Rechnung,Abrechnung,Rechnungsfrage,Negativ,Chat,Niedrig,2023-11-28,122
8369,17655,2025-01-08,Allgemein,Service,Allgemeine Anfrage,Positiv,App,Niedrig,2025-01-08,52
8370,18469,2023-01-26,Speicher,Technisch,Speicher lädt nicht,Negativ,Chat,Kritisch,2023-02-01,169
8371,8937,2024-01-11,Wallbox,E-Mobility,Wallbox Installation angefragt,Neutral,Email,Niedrig,2024-01-12,192
8372,524,2023-09-10,Smart Meter,Installation,Smart Meter defekt,Negativ,Telefon,Mittel,2023-09-11,185
8373,4142,2025-01-04,Solar,Technisch,Einspeisevergütung Frage,Neutral,Email,Mittel,2025-01-10,174
8374,13802,2025-02-08,Tarif,Vertrag,Ökostrom Umstellung,Negativ,Telefon,Mittel,2025-02-20,102
8375,16990,2024-11-11,Rechnung,Abrechnung,Unstimmigkeit in Rechnung,Neutral,Chat,Mittel,2024-11-21,76
8376,13885,2024-05-11,Wallbox,E-Mobility,Wallbox lädt nicht,Negativ,App,Hoch,2024-05-16,17
8377,1990,2023-09-05,Wallbox,E-Mobility,Wallbox lädt nicht,Negativ,Chat,Kritisch,2023-09-12,143
8378,4731,2023-01-04,Wärmepumpe,Technisch,Wärmepumpe Störung,Negativ,Chat,Kritisch,2023-01-11,134
8379,8306,2024-06-01,Wärmepumpe,Technisch,Wartung angefragt,Neutral,Chat,Mittel,2024-06-07,22
8380,18339,2025-06-28,Smart Meter,Installation,Smart Meter Ablesung fehlerhaft,Neutral,Email,Hoch,2025-07-05,93
8381,18630,2024-11-06,Tarif,Vertrag,Tarifwechsel angefragt,Positiv,Email,Mittel,2024-11-18,153
8382,11182,2023-05-11,Wallbox,E-Mobility,Wallbox Installation angefragt,Neutral,Telefon,Mittel,2023-05-12,15
8383,10968,2024-08-29,Allgemein,Service,Beschwerde,Negativ,Email,Kritisch,2024-09-04,75
8384,19244,2025-05-14,Smart Meter,Installation,Smart Meter zeigt keine Daten,Positiv,App,Mittel,2025-05-18,186
8385,7881,2025-04-14,Smart Meter,Installation,Smart Meter Ablesung fehlerhaft,Neutral,Email,Mittel,2025-04-18,53
8386,15261,2023-09-12,Wallbox,E-Mobility,Wallbox defekt,Negativ,Email,Niedrig,2023-09-26,85
8387,16629,2023-06-04,Tarif,Vertrag,Vertragsverlängerung,Neutral,Email,Niedrig,2023-06-17,167
8388,4736,2023-01-02,Allgemein,Service,Lob,Positiv,Chat,Niedrig,2023-01-13,6
8389,10809,2023-04-29,Speicher,Technisch,Kapazität gesunken,Neutral,Email,Mittel,2023-05-11,156
8390,16220,2025-01-30,Wärmepumpe,Technisch,Effizienz zu niedrig,Positiv,Chat,Mittel,2025-02-04,175
8391,4144,2023-11-28,Wallbox,E-Mobility,App-Verbindung unterbrochen,Neutral,Chat,Mittel,2023-12-06,64
8392,3798,2024-06-27,Solar,Technisch,Solaranlage produziert nicht,Negativ,Chat,Kritisch,2024-06-28,51
8393,9041,2025-03-27,Speicher,Technisch,Kapazität gesunken,Neutral,Chat,Mittel,2025-04-06,67
8394,19725,2024-07-02,Wallbox,E-Mobility,Wallbox lädt nicht,Negativ,Email,Hoch,2024-07-05,122
8395,9241,2023-10-08,Allgemein,Service,Informationsanfrage,Positiv,App,Niedrig,2023-10-14,88
8396,9650,2023-05-13,Smart Meter,Installation,Smart Meter defekt,Negativ,App,Hoch,2023-05-20,140
8397,1507,2024-02-12,Rechnung,Abrechnung,Gutschrift angefragt,Positiv,App,Mittel,2024-02-19,146
8398,2739,2024-12-10,Tarif,Vertrag,Tarifwechsel angefragt,Neutral,Chat,Kritisch,2024-12-14,1
8399,2564,2025-03-06,Rechnung,Abrechnung,Abschlag zu hoch,Neutral,App,Niedrig,2025-03-17,42
8400,2311,2024-06-06,Tarif,Vertrag,Umzug melden,Negativ,App,Niedrig,2024-06-11,36
8401,6219,2023-10-01,Allgemein,Service,Lob,Positiv,Chat,Niedrig,2023-10-04,83
8402,716,2023-09-20,Solar,Technisch,Solaranlage Ertrag niedrig,Neutral,Email,Niedrig,2023-09-28,142
8403,17836,2023-12-08,Rechnung,Abrechnung,Zahlungsplan angefragt,Positiv,App,Mittel,2023-12-14,20
8404,12162,2024-11-04,Rechnung,Abrechnung,Abschlag anpassen,Neutral,Chat,Mittel,2024-11-11,7
8405,8467,2024-04-04,Tarif,Vertrag,Vertragsverlängerung,Neutral,Chat,Mittel,2024-04-06,4
8406,15805,2023-03-16,Allgemein,Service,Informationsanfrage,Neutral,Telefon,Mittel,2023-03-23,72
8407,1701,2024-03-03,Solar,Technisch,Einspeisevergütung Frage,Neutral,App,Mittel,2024-03-07,123
8408,7254,2024-11-10,Wärmepumpe,Technisch,Wärmepumpe läuft nicht,Negativ,Chat,Hoch,2024-11-12,59
8409,16969,2025-02-01,Wallbox,E-Mobility,Ladekarte Probleme,Neutral,App,Mittel,2025-02-06,65
8410,17142,2024-06-06,Wallbox,E-Mobility,Wallbox Installation angefragt,Neutral,Email,Mittel,2024-06-08,59
8411,6792,2024-12-22,Rechnung,Abrechnung,Rechnungsfrage,Neutral,App,Niedrig,2025-01-05,39
8412,17418,2024-06-19,Rechnung,Abrechnung,Unstimmigkeit in Rechnung,Negativ,App,Niedrig,2024-07-02,124
8413,8636,2024-01-11,Wallbox,E-Mobility,Wallbox Installation angefragt,Negativ,App,Hoch,2024-01-16,30
8414,17159,2024-03-05,Allgemein,Service,Informationsanfrage,Neutral,Email,Mittel,2024-03-18,32
8415,3235,2025-01-03,Speicher,Technisch,Batteriespeicher Störung,Negativ,Email,Mittel,2025-01-10,4
8416,12634,2023-07-27,Smart Meter,Installation,Smart Meter defekt,Negativ,Telefon,Hoch,2023-07-29,76
8417,1493,2023-08-31,Allgemein,Service,Beschwerde,Negativ,App,Kritisch,2023-09-03,129
8418,16688,2023-08-04,Rechnung,Abrechnung,Rechnungsfrage,Negativ,Telefon,Hoch,2023-08-06,104
8419,3818,2024-07-10,Smart Meter,Installation,Smart Meter Ablesung fehlerhaft,Positiv,App,Niedrig,2024-07-17,160
8420,11798,2024-01-04,Tarif,Vertrag,Ökostrom Umstellung,Neutral,Telefon,Niedrig,2024-01-13,140
8421,371,2024-06-27,Tarif,Vertrag,Preisgarantie Frage,Neutral,Telefon,Mittel,2024-06-29,165
8422,11600,2023-03-07,Tarif,Vertrag,Preisgarantie Frage,Neutral,Telefon,Niedrig,2023-03-17,29
8423,16900,2025-05-18,Smart Meter,Installation,Smart Meter Installation angefragt,Positiv,Telefon,Niedrig,2025-06-01,106
8424,14790,2024-07-20,Rechnung,Abrechnung,Zahlungsplan angefragt,Positiv,Telefon,Kritisch,2024-07-21,105
8425,17745,2024-03-22,Solar,Technisch,Solaranlage produziert nicht,Negativ,Telefon,Hoch,2024-03-27,154
8426,17649,2023-11-02,Speicher,Technisch,Batteriespeicher Störung,Negativ,Email,Mittel,2023-11-05,34
8427,14593,2023-05-18,Rechnung,Abrechnung,Rechnungsfrage,Neutral,Chat,Mittel,2023-05-28,34
8428,7267,2023-03-18,Speicher,Technisch,Speicher lädt nicht,Negativ,Email,Hoch,2023-03-22,117
8429,18000,2023-11-24,Speicher,Technisch,Kapazität gesunken,Neutral,App,Niedrig,2023-12-06,28
8430,6743,2023-04-29,Solar,Technisch,Monitoring nicht verfügbar,Negativ,Chat,Mittel,2023-04-30,95
8431,1041,2024-12-30,Wallbox,E-Mobility,App-Verbindung unterbrochen,Neutral,App,Mittel,2024-12-30,31
8432,5108,2025-04-15,Speicher,Technisch,Kapazität gesunken,Negativ,App,Mittel,2025-04-28,176
8433,15922,2024-01-18,Rechnung,Abrechnung,Abschlag anpassen,Neutral,App,Niedrig,2024-01-31,164
8434,19231,2024-05-17,Rechnung,Abrechnung,Abschlag zu hoch,Neutral,Email,Hoch,2024-05-21,109
8435,4175,2025-01-01,Wärmepumpe,Technisch,Wärmepumpe Störung,Negativ,Chat,Kritisch,2025-01-02,46
8436,10996,2024-05-05,Wärmepumpe,Technisch,Wärmepumpe Störung,Negativ,Telefon,Mittel,2024-05-06,22
8437,6430,2024-06-05,Rechnung,Abrechnung,Abschlag zu hoch,Positiv,Chat,Mittel,2024-06-14,92
8438,11501,2024-01-30,Smart Meter,Installation,Smart Meter Installation angefragt,Positiv,Chat,Niedrig,2024-02-06,42
8439,14457,2024-05-17,Wallbox,E-Mobility,Ladekarte Probleme,Negativ,Telefon,Niedrig,2024-05-26,195
8440,12195,2024-09-12,Solar,Technisch,Wechselrichter Fehler,Neutral,Email,Niedrig,2024-09-17,180
8441,6218,2024-08-30,Tarif,Vertrag,Preisgarantie Frage,Positiv,Chat,Mittel,2024-09-13,161
8442,10689,2025-03-23,Smart Meter,Installation,Smart Meter Ablesung fehlerhaft,Neutral,Chat,Mittel,2025-04-04,44
8443,422,2023-03-27,Rechnung,Abrechnung,Gutschrift angefragt,Neutral,Telefon,Mittel,2023-04-06,74
8444,19679,2024-02-22,Tarif,Vertrag,Umzug melden,Neutral,App,Niedrig,2024-03-03,175
8445,16406,2023-05-14,Solar,Technisch,Solaranlage Ertrag niedrig,Neutral,Chat,Mittel,2023-05-15,141
8446,14484,2024-01-21,Wärmepumpe,Technisch,Wärmepumpe Störung,Negativ,Chat,Kritisch,2024-01-28,2
8447,11249,2025-05-23,Rechnung,Abrechnung,Abschlag anpassen,Positiv,App,Mittel,2025-05-31,30
8448,1656,2023-05-16,Tarif,Vertrag,Preisgarantie Frage,Positiv,App,Mittel,2023-05-17,171
8449,1515,2024-02-20,Rechnung,Abrechnung,Abschlag zu hoch,Neutral,Email,Mittel,2024-03-01,39
8450,1309,2023-12-26,Tarif,Vertrag,Tarifwechsel angefragt,Positiv,App,Mittel,2023-12-28,80
8451,17098,2023-03-22,Wallbox,E-Mobility,Wallbox lädt nicht,Negativ,App,Hoch,2023-03-23,158
8452,7718,2025-06-04,Tarif,Vertrag,Umzug melden,Neutral,App,Kritisch,2025-06-06,175
8453,10230,2023-01-20,Speicher,Technisch,Kapazität gesunken,Neutral,App,Mittel,2023-01-29,56
8454,12896,2024-05-08,Tarif,Vertrag,Umzug melden,Neutral,Email,Niedrig,2024-05-16,84
8455,7265,2023-05-05,Speicher,Technisch,Batteriespeicher Störung,Negativ,Email,Mittel,2023-05-08,135
8456,14468,2024-04-24,Tarif,Vertrag,Ökostrom Umstellung,Neutral,Email,Hoch,2024-04-27,198
8457,8980,2024-10-10,Allgemein,Service,Informationsanfrage,Neutral,Telefon,Mittel,2024-10-12,35
8458,1121,2023-06-22,Speicher,Technisch,Kapazität gesunken,Neutral,Telefon,Mittel,2023-07-04,137
8459,6030,2024-07-21,Rechnung,Abrechnung,Abschlag zu hoch,Neutral,Chat,Niedrig,2024-07-31,30
8460,15549,2023-10-17,Rechnung,Abrechnung,Unstimmigkeit in Rechnung,Neutral,Chat,Niedrig,2023-10-31,190
8461,12160,2024-09-20,Allgemein,Service,Allgemeine Anfrage,Neutral,Chat,Mittel,2024-10-03,99
8462,19661,2024-03-01,Allgemein,Service,Kontaktdaten ändern,Negativ,Chat,Hoch,2024-03-05,1
8463,889,2023-04-08,Speicher,Technisch,Speicher lädt nicht,Negativ,Telefon,Mittel,2023-04-10,68
8464,14226,2023-04-07,Speicher,Technisch,Speicher lädt nicht,Negativ,Chat,Mittel,2023-04-18,105
8465,13691,2024-07-22,Solar,Technisch,Einspeisevergütung Frage,Neutral,Chat,Hoch,2024-07-23,151
8466,7887,2024-04-22,Wallbox,E-Mobility,Wallbox defekt,Negativ,Chat,Kritisch,2024-04-25,2
8467,16137,2024-03-26,Wallbox,E-Mobility,Wallbox defekt,Negativ,App,Hoch,2024-04-01,76
8468,17003,2023-11-22,Smart Meter,Installation,Smart Meter App funktioniert nicht,Negativ,App,Niedrig,2023-12-01,139
8469,10489,2023-07-12,Smart Meter,Installation,Smart Meter Ablesung fehlerhaft,Neutral,App,Niedrig,2023-07-13,24
8470,7818,2025-04-13,Solar,Technisch,Solaranlage produziert nicht,Negativ,Chat,Kritisch,2025-04-16,89
8471,8103,2024-03-30,Tarif,Vertrag,Kündigung,Neutral,Chat,Hoch,2024-03-31,138
8472,11328,2025-05-16,Smart Meter,Installation,Smart Meter Installation angefragt,Neutral,Chat,Niedrig,2025-05-16,134
8473,16176,2023-12-31,Solar,Technisch,Solaranlage produziert nicht,Negativ,App,Hoch,2024-01-07,96
8474,11607,2023-05-31,Speicher,Technisch,Batteriespeicher Störung,Negativ,Email,Hoch,2023-06-03,175
8475,2869,2024-03-10,Solar,Technisch,Wechselrichter Fehler,Neutral,Email,Mittel,2024-03-10,145
8476,5481,2023-08-19,Wallbox,E-Mobility,Wallbox Installation angefragt,Positiv,Chat,Mittel,2023-08-25,119
8477,5067,2023-11-01,Solar,Technisch,Einspeisevergütung Frage,Neutral,Telefon,Hoch,2023-11-03,96
8478,1391,2024-05-04,Smart Meter,Installation,Smart Meter Ablesung fehlerhaft,Negativ,Chat,Mittel,2024-05-12,118
8479,3466,2023-07-09,Allgemein,Service,Allgemeine Anfrage,Negativ,App,Mittel,2023-07-13,193
8480,16655,2023-02-17,Solar,Technisch,Monitoring nicht verfügbar,Negativ,Email,Hoch,2023-02-24,66
8481,12115,2024-11-07,Speicher,Technisch,Speicher lädt nicht,Negativ,Telefon,Mittel,2024-11-14,151
8482,12539,2023-05-17,Rechnung,Abrechnung,Rechnungsfrage,Neutral,Telefon,Mittel,2023-05-23,153
8483,13584,2023-02-28,Solar,Technisch,Solaranlage Ertrag niedrig,Neutral,Email,Mittel,2023-03-07,24
8484,522,2024-02-19,Smart Meter,Installation,Smart Meter Installation angefragt,Neutral,Chat,Niedrig,2024-02-27,134
8485,18093,2024-08-24,Wärmepumpe,Technisch,Effizienz zu niedrig,Neutral,Telefon,Hoch,2024-08-25,174
8486,1354,2025-05-10,Smart Meter,Installation,Smart Meter Installation angefragt,Negativ,Email,Hoch,2025-05-13,138
8487,9123,2024-08-07,Rechnung,Abrechnung,Abschlag anpassen,Neutral,Chat,Mittel,2024-08-17,121
8488,12948,2024-06-22,Wärmepumpe,Technisch,Geräuschentwicklung zu hoch,Neutral,Chat,Hoch,2024-06-22,15
8489,19220,2024-12-03,Solar,Technisch,Solaranlage produziert nicht,Negativ,Chat,Kritisch,2024-12-03,96
8490,15936,2025-01-19,Rechnung,Abrechnung,Zahlungsplan angefragt,Neutral,Email,Mittel,2025-01-23,39
8491,1811,2023-12-22,Wärmepumpe,Technisch,Effizienz zu niedrig,Neutral,Telefon,Mittel,2024-01-01,164
8492,15797,2024-03-27,Wärmepumpe,Technisch,Geräuschentwicklung zu hoch,Neutral,Telefon,Hoch,2024-03-29,45
8493,16694,2023-03-17,Solar,Technisch,Solaranlage produziert nicht,Negativ,Telefon,Mittel,2023-03-28,187
8494,5247,2024-12-10,Speicher,Technisch,Kapazität gesunken,Neutral,Chat,Mittel,2024-12-22,132
8495,6053,2025-01-02,Solar,Technisch,Monitoring nicht verfügbar,Negativ,App,Niedrig,2025-01-05,25
8496,1923,2025-06-03,Allgemein,Service,Beschwerde,Negativ,Telefon,Hoch,2025-06-10,14
8497,3875,2024-11-28,Smart Meter,Installation,Smart Meter Installation angefragt,Neutral,Email,Mittel,2024-12-05,169
8498,11336,2024-07-13,Rechnung,Abrechnung,Abschlag anpassen,Neutral,Telefon,Niedrig,2024-07-24,149
8499,4769,2024-08-03,Wallbox,E-Mobility,App-Verbindung unterbrochen,Negativ,Chat,Mittel,2024-08-05,103
8500,774,2025-03-12,Rechnung,Abrechnung,Abschlag zu hoch,Negativ,App,Mittel,2025-03-18,102
8501,17392,2023-01-04,Rechnung,Abrechnung,Abschlag zu hoch,Neutral,Email,Mittel,2023-01-15,171
8502,3001,2023-01-08,Speicher,Technisch,Batteriespeicher Störung,Negativ,App,Hoch,2023-01-10,67
8503,10684,2025-05-15,Rechnung,Abrechnung,Gutschrift angefragt,Neutral,Chat,Niedrig,2025-05-19,154
8504,8932,2024-02-20,Rechnung,Abrechnung,Unstimmigkeit in Rechnung,Neutral,Email,Mittel,2024-02-26,120
8505,12307,2025-06-06,Smart Meter,Installation,Smart Meter Ablesung fehlerhaft,Neutral,Chat,Mittel,2025-06-19,160
8506,5019,2025-05-23,Tarif,Vertrag,Umzug melden,Positiv,Chat,Mittel,2025-06-03,32
8507,15028,2024-04-27,Smart Meter,Installation,Smart Meter defekt,Negativ,Email,Kritisch,2024-05-03,58
8508,3225,2023-04-05,Wallbox,E-Mobility,Wallbox defekt,Negativ,Chat,Kritisch,2023-04-09,148
8509,11600,2024-01-24,Tarif,Vertrag,Vertragsverlängerung,Neutral,Telefon,Niedrig,2024-02-04,25
8510,18391,2024-11-23,Speicher,Technisch,Kapazität gesunken,Neutral,Telefon,Hoch,2024-11-26,83
8511,9432,2025-03-03,Smart Meter,Installation,Smart Meter Installation angefragt,Neutral,Telefon,Mittel,2025-03-06,124
8512,2493,2023-01-06,Tarif,Vertrag,Umzug melden,Neutral,Email,Hoch,2023-01-07,178
8513,4218,2025-05-12,Allgemein,Service,Beschwerde,Negativ,Chat,Niedrig,2025-05-16,101
8514,6847,2024-02-25,Tarif,Vertrag,Preisgarantie Frage,Negativ,Telefon,Mittel,2024-02-27,166
8515,7157,2023-01-31,Smart Meter,Installation,Smart Meter Installation angefragt,Neutral,Email,Niedrig,2023-02-03,176
8516,12445,2024-06-30,Allgemein,Service,Allgemeine Anfrage,Neutral,Chat,Niedrig,2024-07-05,93
8517,15440,2024-08-21,Smart Meter,Installation,Smart Meter App funktioniert nicht,Negativ,App,Hoch,2024-08-24,159
8518,10198,2025-06-22,Rechnung,Abrechnung,Zahlungsplan angefragt,Neutral,App,Hoch,2025-06-26,127
8519,6410,2023-02-19,Wärmepumpe,Technisch,Fehlercode E01 angezeigt,Neutral,Chat,Mittel,2023-02-19,133
8520,12952,2024-05-29,Smart Meter,Installation,Smart Meter App funktioniert nicht,Negativ,Chat,Mittel,2024-06-05,194
8521,5626,2023-12-17,Wallbox,E-Mobility,Ladekarte Probleme,Neutral,Telefon,Niedrig,2023-12-28,71
8522,2914,2024-06-27,Allgemein,Service,Informationsanfrage,Negativ,Chat,Mittel,2024-07-01,193
8523,14437,2023-09-24,Rechnung,Abrechnung,Rechnungsfrage,Neutral,App,Mittel,2023-10-01,3
8524,17947,2024-09-17,Solar,Technisch,Wechselrichter Fehler,Neutral,Telefon,Niedrig,2024-09-26,192
8525,10341,2024-12-30,Allgemein,Service,Informationsanfrage,Neutral,Telefon,Mittel,2025-01-12,36
8526,13688,2023-03-11,Solar,Technisch,Monitoring nicht verfügbar,Negativ,Telefon,Hoch,2023-03-16,98
8527,13171,2024-04-03,Wärmepumpe,Technisch,Effizienz zu niedrig,Neutral,App,Mittel,2024-04-10,181
8528,1375,2024-08-20,Wallbox,E-Mobility,App-Verbindung unterbrochen,Neutral,App,Niedrig,2024-08-23,197
8529,10553,2023-04-26,Tarif,Vertrag,Tarifwechsel angefragt,Neutral,Email,Hoch,2023-05-01,50
8530,19372,2024-05-17,Allgemein,Service,Kontaktdaten ändern,Neutral,Telefon,Mittel,2024-05-30,148
8531,6213,2024-04-03,Rechnung,Abrechnung,Abschlag zu hoch,Neutral,Email,Mittel,2024-04-04,53
8532,12312,2025-06-03,Tarif,Vertrag,Vertragsverlängerung,Negativ,Email,Mittel,2025-06-17,57
8533,14239,2024-12-30,Wallbox,E-Mobility,App-Verbindung unterbrochen,Neutral,App,Mittel,2025-01-02,85
8534,6423,2025-01-07,Smart Meter,Installation,Smart Meter App funktioniert nicht,Negativ,Chat,Mittel,2025-01-10,110
8535,13894,2024-10-23,Rechnung,Abrechnung,Rechnungsfrage,Negativ,Telefon,Mittel,2024-10-27,128
8536,2324,2023-10-23,Smart Meter,Installation,Smart Meter defekt,Negativ,App,Hoch,2023-10-30,197
8537,14005,2024-08-02,Tarif,Vertrag,Preisgarantie Frage,Negativ,Email,Kritisch,2024-08-04,155
8538,7725,2023-05-15,Tarif,Vertrag,Umzug melden,Neutral,Telefon,Mittel,2023-05-28,129
8539,13144,2025-06-21,Rechnung,Abrechnung,Rechnungsfrage,Neutral,App,Niedrig,2025-06-28,88
8540,9488,2025-06-04,Solar,Technisch,Monitoring nicht verfügbar,Negativ,App,Kritisch,2025-06-07,40
8541,10702,2023-08-08,Allgemein,Service,Lob,Positiv,Telefon,Niedrig,2023-08-17,150
8542,2212,2023-10-28,Smart Meter,Installation,Smart Meter defekt,Negativ,Chat,Mittel,2023-11-02,147
8543,6423,2024-08-24,Wärmepumpe,Technisch,Fehlercode E01 angezeigt,Neutral,Telefon,Hoch,2024-08-25,149
8544,8663,2023-10-30,Smart Meter,Installation,Smart Meter App funktioniert nicht,Negativ,Chat,Hoch,2023-11-01,116
8545,16070,2024-06-29,Wallbox,E-Mobility,Ladekarte Probleme,Neutral,Telefon,Hoch,2024-07-03,125
8546,2154,2024-11-04,Solar,Technisch,Monitoring nicht verfügbar,Negativ,App,Mittel,2024-11-12,50
8547,1314,2023-11-24,Allgemein,Service,Informationsanfrage,Neutral,App,Hoch,2023-11-27,169
8548,7461,2025-05-30,Allgemein,Service,Allgemeine Anfrage,Neutral,Email,Hoch,2025-05-30,36
8549,10833,2023-01-15,Speicher,Technisch,Batteriespeicher Störung,Negativ,App,Mittel,2023-01-25,49
8550,7565,2024-10-03,Smart Meter,Installation,Smart Meter zeigt keine Daten,Neutral,Telefon,Hoch,2024-10-06,14
8551,5674,2023-02-12,Smart Meter,Installation,Smart Meter zeigt keine Daten,Neutral,Telefon,Mittel,2023-02-26,126
8552,4660,2024-08-21,Rechnung,Abrechnung,Abschlag anpassen,Neutral,Chat,Mittel,2024-08-25,24
8553,17278,2023-09-04,Speicher,Technisch,Kapazität gesunken,Positiv,Chat,Kritisch,2023-09-09,61
8554,17039,2024-11-27,Speicher,Technisch,Batteriespeicher Störung,Negativ,App,Mittel,2024-12-08,5
8555,13726,2025-01-09,Solar,Technisch,Einspeisevergütung Frage,Positiv,Email,Kritisch,2025-01-16,11
8556,12416,2024-02-29,Tarif,Vertrag,Preisgarantie Frage,Neutral,Email,Hoch,2024-03-04,136
8557,15109,2024-12-05,Smart Meter,Installation,Smart Meter defekt,Negativ,Email,Mittel,2024-12-16,116
8558,13790,2023-08-17,Solar,Technisch,Einspeisevergütung Frage,Neutral,Telefon,Kritisch,2023-08-23,71
8559,705,2023-11-29,Wallbox,E-Mobility,App-Verbindung unterbrochen,Positiv,Email,Mittel,2023-12-10,16
8560,1073,2024-01-31,Smart Meter,Installation,Smart Meter defekt,Negativ,Telefon,Hoch,2024-02-01,162
8561,2191,2023-11-30,Solar,Technisch,Einspeisevergütung Frage,Neutral,Telefon,Mittel,2023-12-05,77
8562,12839,2024-10-08,Rechnung,Abrechnung,Rechnungsfrage,Negativ,App,Kritisch,2024-10-11,121
8563,6098,2023-02-03,Rechnung,Abrechnung,Rechnungsfrage,Neutral,Chat,Niedrig,2023-02-07,190
8564,13432,2025-06-05,Wallbox,E-Mobility,Wallbox defekt,Negativ,Chat,Mittel,2025-06-18,137
8565,9497,2024-09-03,Solar,Technisch,Einspeisevergütung Frage,Negativ,Telefon,Niedrig,2024-09-14,129
8566,7298,2024-06-16,Solar,Technisch,Solaranlage Ertrag niedrig,Negativ,Chat,Mittel,2024-06-24,6
8567,4779,2024-12-26,Wallbox,E-Mobility,Wallbox defekt,Negativ,Chat,Mittel,2024-12-26,98
8568,27,2025-04-04,Speicher,Technisch,Speicher lädt nicht,Negativ,Email,Kritisch,2025-04-05,50
8569,5556,2023-06-07,Wärmepumpe,Technisch,Wärmepumpe läuft nicht,Negativ,Email,Kritisch,2023-06-09,94
8570,11064,2023-04-20,Allgemein,Service,Allgemeine Anfrage,Neutral,Chat,Mittel,2023-05-03,162
8571,754,2023-02-10,Wärmepumpe,Technisch,Fehlercode E01 angezeigt,Negativ,Chat,Mittel,2023-02-21,127
8572,4573,2025-03-20,Wallbox,E-Mobility,Ladekarte Probleme,Positiv,App,Mittel,2025-03-28,32
8573,12030,2024-08-14,Wärmepumpe,Technisch,Wärmepumpe läuft nicht,Negativ,Email,Hoch,2024-08-14,59
8574,17867,2023-05-11,Rechnung,Abrechnung,Abschlag zu hoch,Negativ,Telefon,Mittel,2023-05-16,34
8575,16497,2024-09-05,Smart Meter,Installation,Smart Meter App funktioniert nicht,Negativ,App,Mittel,2024-09-08,192
8576,13201,2025-02-08,Wallbox,E-Mobility,Wallbox defekt,Negativ,Telefon,Hoch,2025-02-10,63
8577,13552,2024-06-03,Wärmepumpe,Technisch,Wartung angefragt,Neutral,App,Niedrig,2024-06-06,162
8578,10172,2023-08-31,Solar,Technisch,Solaranlage produziert nicht,Negativ,Email,Mittel,2023-09-02,130
8579,9015,2024-06-13,Allgemein,Service,Beschwerde,Negativ,Telefon,Hoch,2024-06-13,156
8580,11693,2023-06-19,Speicher,Technisch,Kapazität gesunken,Positiv,Telefon,Mittel,2023-06-26,30
8581,17336,2024-03-11,Speicher,Technisch,Kapazität gesunken,Neutral,Chat,Niedrig,2024-03-14,35
8582,18338,2024-08-11,Solar,Technisch,Solaranlage produziert nicht,Negativ,Telefon,Hoch,2024-08-16,83
8583,9709,2024-01-31,Wärmepumpe,Technisch,Wärmepumpe Störung,Negativ,Email,Mittel,2024-01-31,173
8584,16741,2025-04-08,Allgemein,Service,Beschwerde,Negativ,Chat,Hoch,2025-04-15,54
8585,19133,2023-12-17,Speicher,Technisch,Speicher lädt nicht,Negativ,Telefon,Mittel,2023-12-23,183
8586,5393,2025-04-16,Tarif,Vertrag,Tarifwechsel angefragt,Neutral,App,Mittel,2025-04-21,188
8587,10212,2024-01-12,Wärmepumpe,Technisch,Geräuschentwicklung zu hoch,Neutral,Telefon,Mittel,2024-01-19,14
8588,13871,2023-06-04,Wallbox,E-Mobility,Wallbox defekt,Negativ,Telefon,Hoch,2023-06-05,72
8589,8259,2024-06-14,Allgemein,Service,Kontaktdaten ändern,Neutral,Telefon,Mittel,2024-06-28,170
8590,7482,2025-04-12,Wallbox,E-Mobility,Ladekarte Probleme,Negativ,App,Hoch,2025-04-16,89
8591,6740,2024-03-10,Allgemein,Service,Kontaktdaten ändern,Neutral,App,Niedrig,2024-03-18,129
8592,15129,2025-02-16,Speicher,Technisch,Kapazität gesunken,Neutral,Chat,Niedrig,2025-03-02,1
8593,3985,2025-06-07,Wallbox,E-Mobility,App-Verbindung unterbrochen,Negativ,Chat,Mittel,2025-06-18,133
8594,18799,2024-04-21,Smart Meter,Installation,Smart Meter Ablesung fehlerhaft,Neutral,Email,Mittel,2024-05-03,56
8595,1156,2024-12-25,Smart Meter,Installation,Smart Meter App funktioniert nicht,Negativ,App,Mittel,2024-12-31,63
8596,17470,2023-09-29,Allgemein,Service,Beschwerde,Negativ,Telefon,Kritisch,2023-10-03,131
8597,3600,2024-10-01,Allgemein,Service,Lob,Positiv,Email,Niedrig,2024-10-06,191
8598,8810,2025-04-13,Wärmepumpe,Technisch,Wärmepumpe Störung,Negativ,App,Mittel,2025-04-26,51
8599,14154,2025-01-19,Smart Meter,Installation,Smart Meter defekt,Negativ,Email,Mittel,2025-01-25,22
8600,9332,2024-11-07,Wallbox,E-Mobility,Wallbox lädt nicht,Negativ,App,Niedrig,2024-11-11,195
8601,2809,2023-11-15,Tarif,Vertrag,Kündigung,Neutral,Email,Niedrig,2023-11-16,117
8602,11042,2024-02-08,Wallbox,E-Mobility,Ladekarte Probleme,Neutral,Telefon,Niedrig,2024-02-18,38
8603,2763,2023-07-28,Tarif,Vertrag,Vertragsverlängerung,Neutral,Chat,Mittel,2023-07-29,53
8604,5815,2024-04-03,Tarif,Vertrag,Vertragsverlängerung,Positiv,Chat,Hoch,2024-04-08,93
8605,12623,2024-08-09,Wärmepumpe,Technisch,Fehlercode E01 angezeigt,Neutral,App,Mittel,2024-08-12,90
8606,14181,2025-06-04,Smart Meter,Installation,Smart Meter App funktioniert nicht,Negativ,Chat,Kritisch,2025-06-11,150
8607,8655,2025-04-23,Speicher,Technisch,Kapazität gesunken,Negativ,Telefon,Niedrig,2025-04-29,74
8608,77,2023-07-28,Smart Meter,Installation,Smart Meter App funktioniert nicht,Negativ,Telefon,Kritisch,2023-07-31,184
8609,19880,2023-11-15,Solar,Technisch,Wechselrichter Fehler,Positiv,Email,Mittel,2023-11-16,152
8610,10240,2023-06-09,Smart Meter,Installation,Smart Meter defekt,Negativ,App,Kritisch,2023-06-10,20
8611,7726,2025-02-04,Allgemein,Service,Informationsanfrage,Neutral,Email,Mittel,2025-02-09,170
8612,3359,2024-10-14,Wallbox,E-Mobility,App-Verbindung unterbrochen,Neutral,Email,Mittel,2024-10-22,104
8613,9193,2025-03-03,Wallbox,E-Mobility,App-Verbindung unterbrochen,Neutral,App,Niedrig,2025-03-14,72
8614,15148,2025-05-15,Smart Meter,Installation,Smart Meter defekt,Negativ,App,Mittel,2025-05-26,69
8615,1791,2023-06-24,Solar,Technisch,Monitoring nicht verfügbar,Negativ,Chat,Hoch,2023-06-27,64
8616,17436,2025-04-12,Wallbox,E-Mobility,Wallbox Installation angefragt,Neutral,Email,Niedrig,2025-04-18,73
8617,19844,2025-05-30,Solar,Technisch,Solaranlage produziert nicht,Negativ,App,Hoch,2025-06-04,59
8618,7002,2024-03-17,Speicher,Technisch,Kapazität gesunken,Neutral,Email,Hoch,2024-03-20,6
8619,13755,2024-12-30,Wärmepumpe,Technisch,Geräuschentwicklung zu hoch,Positiv,Telefon,Niedrig,2025-01-09,17
8620,1161,2023-09-14,Wallbox,E-Mobility,Ladekarte Probleme,Neutral,Chat,Niedrig,2023-09-14,13
8621,5715,2023-01-18,Wärmepumpe,Technisch,Wärmepumpe Störung,Negativ,Email,Kritisch,2023-01-22,10
8622,16184,2023-02-07,Wallbox,E-Mobility,Wallbox Installation angefragt,Neutral,App,Mittel,2023-02-20,9
8623,12779,2025-02-13,Wärmepumpe,Technisch,Geräuschentwicklung zu hoch,Neutral,Telefon,Hoch,2025-02-13,168
8624,12444,2024-03-30,Smart Meter,Installation,Smart Meter defekt,Negativ,Email,Hoch,2024-04-04,51
8625,2150,2024-05-20,Rechnung,Abrechnung,Abschlag zu hoch,Neutral,Chat,Mittel,2024-05-28,77
8626,18289,2025-01-06,Solar,Technisch,Solaranlage produziert nicht,Negativ,App,Hoch,2025-01-12,14
8627,14567,2023-09-13,Tarif,Vertrag,Kündigung,Positiv,Email,Mittel,2023-09-15,2
8628,8497,2024-07-13,Wallbox,E-Mobility,App-Verbindung unterbrochen,Neutral,Chat,Mittel,2024-07-23,123
8629,18500,2024-06-03,Solar,Technisch,Monitoring nicht verfügbar,Negativ,Telefon,Mittel,2024-06-17,176
8630,9906,2023-12-29,Allgemein,Service,Allgemeine Anfrage,Negativ,Telefon,Mittel,2024-01-04,181
8631,4604,2024-05-31,Allgemein,Service,Kontaktdaten ändern,Positiv,Telefon,Kritisch,2024-06-03,75
8632,4551,2024-09-26,Tarif,Vertrag,Umzug melden,Neutral,App,Niedrig,2024-10-06,178
8633,15088,2023-04-17,Rechnung,Abrechnung,Abschlag anpassen,Neutral,Telefon,Mittel,2023-04-23,66
8634,3139,2024-11-11,Smart Meter,Installation,Smart Meter zeigt keine Daten,Positiv,Chat,Mittel,2024-11-24,178
8635,16441,2024-12-07,Rechnung,Abrechnung,Abschlag anpassen,Neutral,App,Hoch,2024-12-09,18
8636,4186,2023-01-16,Smart Meter,Installation,Smart Meter Ablesung fehlerhaft,Negativ,App,Mittel,2023-01-21,31
8637,15760,2023-10-06,Solar,Technisch,Monitoring nicht verfügbar,Negativ,Email,Hoch,2023-10-07,198
8638,19270,2023-09-30,Solar,Technisch,Solaranlage produziert nicht,Negativ,Telefon,Mittel,2023-10-09,28
8639,16370,2025-05-15,Solar,Technisch,Einspeisevergütung Frage,Neutral,Chat,Niedrig,2025-05-23,39
8640,5155,2023-11-09,Rechnung,Abrechnung,Abschlag zu hoch,Neutral,App,Mittel,2023-11-18,39
8641,10627,2023-02-11,Wallbox,E-Mobility,Wallbox defekt,Negativ,Email,Mittel,2023-02-25,76
8642,16219,2023-02-27,Allgemein,Service,Lob,Positiv,Email,Niedrig,2023-03-04,32
8643,4902,2023-06-21,Tarif,Vertrag,Ökostrom Umstellung,Neutral,Email,Hoch,2023-06-24,39
8644,9069,2024-11-29,Speicher,Technisch,Batteriespeicher Störung,Negativ,App,Mittel,2024-12-12,179
8645,4734,2024-07-31,Smart Meter,Installation,Smart Meter App funktioniert nicht,Negativ,Email,Mittel,2024-08-11,166
8646,6669,2024-09-23,Smart Meter,Installation,Smart Meter Installation angefragt,Negativ,Telefon,Mittel,2024-09-24,196
8647,18612,2024-06-27,Wallbox,E-Mobility,Wallbox defekt,Negativ,Telefon,Hoch,2024-07-02,31
8648,9351,2023-07-27,Solar,Technisch,Wechselrichter Fehler,Positiv,Email,Niedrig,2023-08-10,174
8649,485,2023-10-06,Wallbox,E-Mobility,Ladekarte Probleme,Neutral,Email,Mittel,2023-10-13,138
8650,5966,2023-10-14,Wallbox,E-Mobility,App-Verbindung unterbrochen,Neutral,Chat,Niedrig,2023-10-23,86
8651,11375,2024-06-14,Rechnung,Abrechnung,Unstimmigkeit in Rechnung,Neutral,Chat,Hoch,2024-06-16,115
8652,8612,2025-01-04,Tarif,Vertrag,Vertragsverlängerung,Negativ,Email,Niedrig,2025-01-10,114
8653,17619,2024-12-21,Allgemein,Service,Lob,Positiv,Email,Niedrig,2024-12-25,74
8654,16319,2023-01-31,Smart Meter,Installation,Smart Meter App funktioniert nicht,Negativ,Telefon,Mittel,2023-02-02,37
8655,13877,2024-09-04,Rechnung,Abrechnung,Abschlag zu hoch,Neutral,Chat,Mittel,2024-09-05,29
8656,19570,2025-02-09,Allgemein,Service,Lob,Positiv,Email,Niedrig,2025-02-21,119
8657,5761,2024-11-02,Rechnung,Abrechnung,Unstimmigkeit in Rechnung,Negativ,Email,Hoch,2024-11-07,110
8658,19547,2023-06-30,Wärmepumpe,Technisch,Wartung angefragt,Neutral,App,Mittel,2023-07-13,152
8659,8507,2023-08-22,Wärmepumpe,Technisch,Fehlercode E01 angezeigt,Negativ,Chat,Mittel,2023-09-03,107
8660,18345,2023-08-24,Solar,Technisch,Monitoring nicht verfügbar,Negativ,App,Niedrig,2023-08-31,42
8661,2982,2024-08-04,Speicher,Technisch,Batteriespeicher Störung,Negativ,App,Hoch,2024-08-05,26
8662,5209,2025-05-05,Allgemein,Service,Allgemeine Anfrage,Neutral,Chat,Niedrig,2025-05-06,177
8663,11420,2025-06-05,Tarif,Vertrag,Ökostrom Umstellung,Positiv,App,Mittel,2025-06-08,60
8664,15652,2023-05-28,Allgemein,Service,Informationsanfrage,Neutral,App,Mittel,2023-05-30,10
8665,7728,2025-01-05,Wärmepumpe,Technisch,Fehlercode E01 angezeigt,Neutral,Email,Hoch,2025-01-07,145
8666,2019,2024-04-25,Wallbox,E-Mobility,Wallbox defekt,Negativ,Email,Hoch,2024-05-01,114
8667,5271,2024-02-06,Smart Meter,Installation,Smart Meter App funktioniert nicht,Negativ,Email,Hoch,2024-02-07,104
8668,2449,2024-01-23,Allgemein,Service,Lob,Positiv,Email,Niedrig,2024-01-30,171
8669,5972,2023-09-02,Smart Meter,Installation,Smart Meter defekt,Negativ,Telefon,Mittel,2023-09-09,27
8670,6639,2024-03-22,Wallbox,E-Mobility,Wallbox lädt nicht,Negativ,App,Hoch,2024-03-27,149
8671,4934,2024-05-04,Smart Meter,Installation,Smart Meter defekt,Negativ,Chat,Kritisch,2024-05-05,159
8672,18160,2023-12-06,Smart Meter,Installation,Smart Meter zeigt keine Daten,Negativ,App,Hoch,2023-12-10,139
8673,9469,2025-04-24,Wärmepumpe,Technisch,Fehlercode E01 angezeigt,Neutral,Chat,Mittel,2025-04-27,177
8674,5721,2025-04-13,Wallbox,E-Mobility,App-Verbindung unterbrochen,Neutral,App,Mittel,2025-04-20,197
8675,7788,2025-02-22,Wallbox,E-Mobility,Wallbox Installation angefragt,Negativ,Email,Niedrig,2025-03-05,156
8676,17081,2025-06-06,Rechnung,Abrechnung,Unstimmigkeit in Rechnung,Neutral,App,Mittel,2025-06-19,36
8677,13549,2023-08-02,Wärmepumpe,Technisch,Wartung angefragt,Neutral,Chat,Niedrig,2023-08-10,32
8678,14070,2023-07-30,Solar,Technisch,Wechselrichter Fehler,Neutral,App,Mittel,2023-08-04,131
8679,9559,2025-01-28,Smart Meter,Installation,Smart Meter Ablesung fehlerhaft,Positiv,Email,Hoch,2025-01-29,14
8680,11326,2023-06-10,Solar,Technisch,Solaranlage produziert nicht,Negativ,App,Mittel,2023-06-24,52
8681,6538,2024-05-04,Wärmepumpe,Technisch,Wartung angefragt,Neutral,Chat,Hoch,2024-05-05,72
8682,9341,2025-04-02,Rechnung,Abrechnung,Gutschrift angefragt,Neutral,Email,Hoch,2025-04-06,97
8683,9545,2024-07-24,Tarif,Vertrag,Tarifwechsel angefragt,Neutral,App,Niedrig,2024-07-31,119
8684,14375,2023-07-09,Wärmepumpe,Technisch,Fehlercode E01 angezeigt,Neutral,Email,Niedrig,2023-07-15,156
8685,11803,2023-03-24,Tarif,Vertrag,Tarifwechsel angefragt,Neutral,Email,Niedrig,2023-04-03,87
8686,1595,2025-04-26,Smart Meter,Installation,Smart Meter Installation angefragt,Neutral,Telefon,Niedrig,2025-05-01,126
8687,1526,2024-08-05,Tarif,Vertrag,Ökostrom Umstellung,Positiv,App,Mittel,2024-08-06,131
8688,15385,2023-02-26,Rechnung,Abrechnung,Zahlungsplan angefragt,Negativ,Chat,Niedrig,2023-02-27,144
8689,12075,2023-01-11,Allgemein,Service,Allgemeine Anfrage,Positiv,Chat,Niedrig,2023-01-16,186
8690,4012,2023-07-14,Solar,Technisch,Monitoring nicht verfügbar,Negativ,App,Mittel,2023-07-14,131
8691,11921,2023-05-24,Rechnung,Abrechnung,Unstimmigkeit in Rechnung,Neutral,App,Mittel,2023-05-28,80
8692,14762,2024-11-02,Rechnung,Abrechnung,Gutschrift angefragt,Neutral,Email,Hoch,2024-11-06,94
8693,16361,2024-05-03,Tarif,Vertrag,Umzug melden,Negativ,Email,Mittel,2024-05-05,7
8694,7516,2024-06-30,Smart Meter,Installation,Smart Meter Installation angefragt,Neutral,Email,Niedrig,2024-07-12,70
8695,4816,2025-01-17,Tarif,Vertrag,Kündigung,Positiv,App,Niedrig,2025-01-20,82
8696,17435,2025-06-23,Tarif,Vertrag,Vertragsverlängerung,Neutral,App,Mittel,2025-07-05,84
8697,8235,2023-08-08,Tarif,Vertrag,Tarifwechsel angefragt,Neutral,Chat,Niedrig,2023-08-17,156
8698,11044,2024-12-30,Wärmepumpe,Technisch,Geräuschentwicklung zu hoch,Neutral,Email,Mittel,2025-01-10,134
8699,16378,2023-07-02,Wärmepumpe,Technisch,Fehlercode E01 angezeigt,Neutral,Chat,Mittel,2023-07-12,31
8700,18444,2023-11-12,Wärmepumpe,Technisch,Geräuschentwicklung zu hoch,Positiv,Telefon,Mittel,2023-11-22,128
8701,7391,2024-11-26,Speicher,Technisch,Speicher lädt nicht,Negativ,Chat,Kritisch,2024-12-02,151
8702,18912,2025-02-07,Allgemein,Service,Kontaktdaten ändern,Neutral,Email,Niedrig,2025-02-13,76
8703,8865,2023-06-04,Speicher,Technisch,Speicher lädt nicht,Negativ,Chat,Niedrig,2023-06-16,110
8704,8227,2024-08-04,Allgemein,Service,Beschwerde,Negativ,Telefon,Niedrig,2024-08-12,31
8705,9804,2024-12-19,Tarif,Vertrag,Ökostrom Umstellung,Positiv,App,Mittel,2024-12-21,180
8706,4944,2024-01-19,Smart Meter,Installation,Smart Meter zeigt keine Daten,Negativ,Chat,Mittel,2024-01-30,130
8707,19662,2023-03-16,Solar,Technisch,Solaranlage Ertrag niedrig,Positiv,Chat,Mittel,2023-03-21,191
8708,16780,2023-12-26,Rechnung,Abrechnung,Abschlag zu hoch,Neutral,Telefon,Mittel,2024-01-05,112
8709,15350,2024-04-11,Tarif,Vertrag,Tarifwechsel angefragt,Positiv,Telefon,Mittel,2024-04-25,129
8710,19091,2023-09-09,Wallbox,E-Mobility,Ladekarte Probleme,Neutral,Telefon,Hoch,2023-09-09,144
8711,2420,2023-09-23,Rechnung,Abrechnung,Gutschrift angefragt,Neutral,Email,Kritisch,2023-09-25,197
8712,8027,2023-07-16,Wallbox,E-Mobility,App-Verbindung unterbrochen,Positiv,Email,Niedrig,2023-07-20,154
8713,3565,2023-10-11,Solar,Technisch,Wechselrichter Fehler,Neutral,Email,Niedrig,2023-10-14,45
8714,5947,2025-04-07,Rechnung,Abrechnung,Abschlag anpassen,Neutral,Email,Mittel,2025-04-07,29
8715,7844,2023-03-19,Allgemein,Service,Kontaktdaten ändern,Neutral,App,Niedrig,2023-03-30,138
8716,11235,2023-03-19,Speicher,Technisch,Speicher lädt nicht,Negativ,Email,Kritisch,2023-03-24,81
8717,9484,2025-04-26,Wärmepumpe,Technisch,Wärmepumpe läuft nicht,Negativ,Telefon,Mittel,2025-04-30,72
8718,4362,2023-01-08,Tarif,Vertrag,Umzug melden,Positiv,App,Niedrig,2023-01-19,123
8719,13022,2023-09-14,Wallbox,E-Mobility,App-Verbindung unterbrochen,Neutral,Telefon,Niedrig,2023-09-21,13
8720,17286,2025-06-08,Solar,Technisch,Monitoring nicht verfügbar,Negativ,Telefon,Hoch,2025-06-12,25
8721,5084,2024-03-15,Allgemein,Service,Kontaktdaten ändern,Neutral,App,Mittel,2024-03-28,20
8722,14684,2025-05-28,Wärmepumpe,Technisch,Geräuschentwicklung zu hoch,Positiv,App,Hoch,2025-05-30,196
8723,18165,2024-05-16,Wallbox,E-Mobility,Wallbox Installation angefragt,Positiv,Chat,Kritisch,2024-05-17,65
8724,6480,2024-06-06,Solar,Technisch,Solaranlage produziert nicht,Negativ,App,Hoch,2024-06-11,189
8725,4103,2024-01-02,Speicher,Technisch,Batteriespeicher Störung,Negativ,Telefon,Kritisch,2024-01-09,123
8726,11698,2024-11-08,Allgemein,Service,Lob,Positiv,Chat,Niedrig,2024-11-09,189
8727,10408,2025-03-09,Wärmepumpe,Technisch,Fehlercode E01 angezeigt,Negativ,Chat,Niedrig,2025-03-11,93
8728,7998,2023-12-28,Solar,Technisch,Solaranlage Ertrag niedrig,Neutral,App,Mittel,2023-12-28,12
8729,179,2024-09-02,Wallbox,E-Mobility,Wallbox Installation angefragt,Neutral,Email,Niedrig,2024-09-13,29
8730,3392,2023-11-20,Rechnung,Abrechnung,Zahlungsplan angefragt,Positiv,Email,Mittel,2023-12-03,3
8731,19048,2024-08-26,Wallbox,E-Mobility,Wallbox defekt,Negativ,App,Hoch,2024-08-31,123
8732,3997,2023-08-01,Smart Meter,Installation,Smart Meter Installation angefragt,Neutral,Chat,Hoch,2023-08-08,54
8733,15686,2025-01-03,Speicher,Technisch,Speicher lädt nicht,Negativ,Chat,Mittel,2025-01-07,91
8734,10326,2025-03-31,Wallbox,E-Mobility,Ladekarte Probleme,Negativ,Telefon,Niedrig,2025-04-08,53
8735,3062,2024-10-12,Speicher,Technisch,Speicher lädt nicht,Negativ,Email,Kritisch,2024-10-18,144
8736,10716,2023-01-19,Wärmepumpe,Technisch,Wärmepumpe läuft nicht,Negativ,Telefon,Kritisch,2023-01-20,162
8737,14787,2024-10-15,Speicher,Technisch,Batteriespeicher Störung,Negativ,Chat,Hoch,2024-10-19,42
8738,7772,2024-05-19,Speicher,Technisch,Kapazität gesunken,Neutral,App,Hoch,2024-05-21,43
8739,15011,2023-12-20,Tarif,Vertrag,Umzug melden,Neutral,Email,Hoch,2023-12-22,155
8740,18514,2023-03-19,Rechnung,Abrechnung,Gutschrift angefragt,Neutral,Chat,Mittel,2023-03-20,196
8741,9943,2024-01-25,Solar,Technisch,Monitoring nicht verfügbar,Negativ,Chat,Niedrig,2024-02-07,13
8742,11614,2024-05-29,Allgemein,Service,Beschwerde,Negativ,App,Niedrig,2024-06-09,140
8743,19742,2025-03-19,Allgemein,Service,Beschwerde,Negativ,App,Hoch,2025-03-20,91
8744,14670,2023-09-21,Tarif,Vertrag,Tarifwechsel angefragt,Positiv,Telefon,Mittel,2023-09-22,37
8745,5966,2024-06-20,Smart Meter,Installation,Smart Meter defekt,Negativ,App,Niedrig,2024-06-23,165
8746,3823,2025-03-27,Allgemein,Service,Beschwerde,Negativ,Chat,Hoch,2025-04-03,192
8747,5560,2023-08-28,Allgemein,Service,Informationsanfrage,Neutral,Telefon,Mittel,2023-09-03,8
8748,8009,2023-08-09,Wärmepumpe,Technisch,Wärmepumpe Störung,Negativ,Chat,Mittel,2023-08-15,77
8749,14882,2023-12-31,Wärmepumpe,Technisch,Wärmepumpe Störung,Negativ,Telefon,Kritisch,2023-12-31,100
8750,12018,2024-11-02,Tarif,Vertrag,Tarifwechsel angefragt,Neutral,Telefon,Hoch,2024-11-02,21
8751,5964,2024-03-16,Solar,Technisch,Einspeisevergütung Frage,Neutral,Telefon,Niedrig,2024-03-20,134
8752,15962,2023-12-18,Rechnung,Abrechnung,Abschlag zu hoch,Neutral,Telefon,Niedrig,2023-12-24,17
8753,18727,2023-08-10,Speicher,Technisch,Kapazität gesunken,Neutral,Telefon,Niedrig,2023-08-18,123
8754,7342,2025-03-05,Wärmepumpe,Technisch,Wärmepumpe Störung,Negativ,Telefon,Hoch,2025-03-10,197
8755,7839,2024-02-21,Solar,Technisch,Solaranlage produziert nicht,Negativ,Email,Mittel,2024-02-29,130
8756,1967,2024-01-14,Smart Meter,Installation,Smart Meter App funktioniert nicht,Negativ,Telefon,Hoch,2024-01-21,13
8757,10129,2023-09-06,Wallbox,E-Mobility,Wallbox defekt,Negativ,Telefon,Kritisch,2023-09-13,25
8758,2545,2023-08-07,Speicher,Technisch,Kapazität gesunken,Neutral,Chat,Mittel,2023-08-10,62
8759,3038,2024-07-08,Speicher,Technisch,Speicher lädt nicht,Negativ,Email,Mittel,2024-07-08,56
8760,17223,2024-07-01,Smart Meter,Installation,Smart Meter App funktioniert nicht,Negativ,Telefon,Kritisch,2024-07-03,37
8761,10712,2024-06-08,Wallbox,E-Mobility,Wallbox defekt,Negativ,Telefon,Mittel,2024-06-16,2
8762,6297,2024-06-08,Tarif,Vertrag,Ökostrom Umstellung,Positiv,App,Niedrig,2024-06-22,197
8763,5419,2024-05-20,Solar,Technisch,Monitoring nicht verfügbar,Negativ,Email,Kritisch,2024-05-20,16
8764,15831,2024-03-31,Rechnung,Abrechnung,Unstimmigkeit in Rechnung,Neutral,Email,Mittel,2024-04-03,181
8765,15960,2023-05-20,Allgemein,Service,Informationsanfrage,Neutral,Email,Hoch,2023-05-20,155
8766,12173,2025-05-04,Rechnung,Abrechnung,Abschlag anpassen,Neutral,Chat,Niedrig,2025-05-14,28
8767,5296,2025-06-15,Tarif,Vertrag,Tarifwechsel angefragt,Neutral,Email,Kritisch,2025-06-17,164
8768,6934,2023-08-10,Tarif,Vertrag,Ökostrom Umstellung,Negativ,App,Hoch,2023-08-17,19
8769,19498,2025-05-22,Smart Meter,Installation,Smart Meter zeigt keine Daten,Neutral,Telefon,Niedrig,2025-05-22,88
8770,16786,2025-01-24,Wallbox,E-Mobility,App-Verbindung unterbrochen,Negativ,App,Kritisch,2025-01-29,12
8771,1801,2023-07-08,Allgemein,Service,Kontaktdaten ändern,Neutral,Email,Mittel,2023-07-14,136
8772,11128,2024-04-09,Rechnung,Abrechnung,Rechnungsfrage,Neutral,Chat,Mittel,2024-04-16,48
8773,3552,2023-02-05,Smart Meter,Installation,Smart Meter Ablesung fehlerhaft,Neutral,App,Mittel,2023-02-14,146
8774,7336,2025-03-08,Tarif,Vertrag,Vertragsverlängerung,Neutral,Telefon,Mittel,2025-03-22,81
8775,13295,2023-12-02,Wallbox,E-Mobility,Wallbox defekt,Negativ,Telefon,Mittel,2023-12-09,150
8776,14643,2023-10-10,Allgemein,Service,Kontaktdaten ändern,Neutral,Chat,Mittel,2023-10-14,80
8777,4558,2024-03-15,Solar,Technisch,Wechselrichter Fehler,Neutral,App,Mittel,2024-03-20,46
8778,8,2023-05-19,Wärmepumpe,Technisch,Fehlercode E01 angezeigt,Neutral,App,Mittel,2023-05-23,183
8779,2398,2024-08-20,Wallbox,E-Mobility,Wallbox defekt,Negativ,Telefon,Hoch,2024-08-23,58
8780,14343,2023-08-02,Allgemein,Service,Kontaktdaten ändern,Neutral,App,Niedrig,2023-08-10,30
8781,8208,2024-03-12,Smart Meter,Installation,Smart Meter Installation angefragt,Neutral,Email,Niedrig,2024-03-18,65
8782,7580,2024-06-08,Speicher,Technisch,Batteriespeicher Störung,Negativ,Email,Kritisch,2024-06-10,67
8783,6698,2024-03-22,Smart Meter,Installation,Smart Meter App funktioniert nicht,Negativ,Chat,Hoch,2024-03-24,116
8784,4110,2025-05-29,Wallbox,E-Mobility,App-Verbindung unterbrochen,Neutral,Email,Mittel,2025-06-03,80
8785,3102,2025-05-03,Wallbox,E-Mobility,Wallbox lädt nicht,Negativ,Chat,Hoch,2025-05-08,28
8786,10667,2023-05-04,Allgemein,Service,Informationsanfrage,Neutral,Chat,Mittel,2023-05-09,85
8787,17377,2025-05-19,Rechnung,Abrechnung,Abschlag zu hoch,Neutral,Telefon,Mittel,2025-05-21,99
8788,15141,2023-05-28,Smart Meter,Installation,Smart Meter zeigt keine Daten,Neutral,App,Niedrig,2023-06-11,33
8789,2108,2024-05-01,Smart Meter,Installation,Smart Meter Ablesung fehlerhaft,Neutral,App,Mittel,2024-05-05,104
8790,16847,2023-06-05,Wärmepumpe,Technisch,Wärmepumpe Störung,Negativ,Email,Hoch,2023-06-10,22
8791,17135,2024-12-01,Allgemein,Service,Beschwerde,Negativ,App,Mittel,2024-12-11,181
8792,8262,2023-01-15,Speicher,Technisch,Batteriespeicher Störung,Negativ,Email,Niedrig,2023-01-17,196
8793,3252,2025-02-10,Speicher,Technisch,Kapazität gesunken,Negativ,Telefon,Niedrig,2025-02-22,20
8794,862,2023-06-02,Allgemein,Service,Informationsanfrage,Negativ,Telefon,Niedrig,2023-06-08,135
8795,16099,2023-09-06,Wärmepumpe,Technisch,Effizienz zu niedrig,Neutral,Telefon,Mittel,2023-09-08,32
8796,4295,2025-01-08,Solar,Technisch,Solaranlage Ertrag niedrig,Neutral,App,Mittel,2025-01-17,57
8797,2499,2024-05-17,Allgemein,Service,Beschwerde,Negativ,Email,Niedrig,2024-05-18,84
8798,14844,2023-08-12,Smart Meter,Installation,Smart Meter App funktioniert nicht,Negativ,Telefon,Kritisch,2023-08-13,69
8799,11205,2023-02-10,Speicher,Technisch,Kapazität gesunken,Neutral,Email,Niedrig,2023-02-13,179
8800,2969,2023-08-15,Smart Meter,Installation,Smart Meter zeigt keine Daten,Neutral,Telefon,Mittel,2023-08-23,144
8801,18717,2024-12-14,Tarif,Vertrag,Kündigung,Positiv,Email,Mittel,2024-12-27,128
8802,19370,2024-01-24,Speicher,Technisch,Kapazität gesunken,Neutral,Telefon,Niedrig,2024-01-28,78
8803,11653,2025-06-12,Tarif,Vertrag,Umzug melden,Negativ,Telefon,Hoch,2025-06-17,150
8804,1912,2025-04-01,Tarif,Vertrag,Tarifwechsel angefragt,Neutral,App,Hoch,2025-04-08,117
8805,18574,2024-04-28,Smart Meter,Installation,Smart Meter App funktioniert nicht,Negativ,Telefon,Hoch,2024-05-03,136
8806,1431,2023-04-26,Solar,Technisch,Monitoring nicht verfügbar,Negativ,App,Hoch,2023-04-27,155
8807,18787,2024-06-25,Allgemein,Service,Kontaktdaten ändern,Negativ,Chat,Mittel,2024-07-01,40
8808,19223,2023-01-29,Rechnung,Abrechnung,Abschlag anpassen,Neutral,Chat,Mittel,2023-02-10,197
8809,18474,2025-02-07,Smart Meter,Installation,Smart Meter zeigt keine Daten,Neutral,Telefon,Mittel,2025-02-19,98
8810,7290,2023-02-08,Tarif,Vertrag,Umzug melden,Negativ,App,Mittel,2023-02-19,10
8811,7255,2024-10-27,Wallbox,E-Mobility,Wallbox Installation angefragt,Negativ,Chat,Niedrig,2024-10-27,160
8812,2251,2024-05-02,Wallbox,E-Mobility,App-Verbindung unterbrochen,Neutral,Telefon,Niedrig,2024-05-05,145
8813,11613,2023-05-09,Speicher,Technisch,Kapazität gesunken,Neutral,App,Niedrig,2023-05-10,200
8814,2118,2024-02-24,Smart Meter,Installation,Smart Meter Installation angefragt,Neutral,Email,Niedrig,2024-02-29,63
8815,12780,2025-03-21,Allgemein,Service,Kontaktdaten ändern,Negativ,Email,Niedrig,2025-04-03,171
8816,7772,2023-12-26,Allgemein,Service,Kontaktdaten ändern,Neutral,Chat,Niedrig,2024-01-05,44
8817,1162,2025-05-18,Wallbox,E-Mobility,Wallbox lädt nicht,Negativ,Email,Niedrig,2025-05-29,175
8818,15140,2023-04-20,Allgemein,Service,Beschwerde,Negativ,Email,Hoch,2023-04-21,22
8819,10524,2024-09-17,Wärmepumpe,Technisch,Wärmepumpe Störung,Negativ,Email,Hoch,2024-09-19,136
8820,15656,2023-07-30,Speicher,Technisch,Batteriespeicher Störung,Negativ,App,Hoch,2023-07-30,58
8821,731,2023-09-26,Tarif,Vertrag,Kündigung,Neutral,Email,Niedrig,2023-09-30,93
8822,9266,2024-07-20,Solar,Technisch,Einspeisevergütung Frage,Neutral,Chat,Kritisch,2024-07-21,64
8823,15109,2023-12-13,Smart Meter,Installation,Smart Meter zeigt keine Daten,Neutral,Email,Mittel,2023-12-26,134
8824,10419,2024-05-17,Solar,Technisch,Wechselrichter Fehler,Neutral,App,Niedrig,2024-05-19,192
8825,4715,2024-07-17,Allgemein,Service,Allgemeine Anfrage,Negativ,Email,Niedrig,2024-07-25,143
8826,17300,2024-02-13,Wallbox,E-Mobility,Wallbox defekt,Negativ,App,Hoch,2024-02-19,186
8827,17154,2023-01-28,Wallbox,E-Mobility,Wallbox defekt,Negativ,Telefon,Mittel,2023-02-03,15
8828,7329,2024-01-29,Solar,Technisch,Einspeisevergütung Frage,Neutral,Chat,Mittel,2024-01-31,76
8829,16382,2024-12-02,Solar,Technisch,Monitoring nicht verfügbar,Negativ,Telefon,Kritisch,2024-12-09,71
8830,2863,2023-03-08,Solar,Technisch,Monitoring nicht verfügbar,Negativ,App,Mittel,2023-03-17,133
8831,15314,2024-03-02,Smart Meter,Installation,Smart Meter Installation angefragt,Neutral,App,Niedrig,2024-03-12,157
8832,19052,2023-05-15,Wallbox,E-Mobility,Wallbox lädt nicht,Negativ,Chat,Hoch,2023-05-18,134
8833,3402,2024-05-06,Rechnung,Abrechnung,Rechnungsfrage,Neutral,Chat,Mittel,2024-05-14,33
8834,16712,2024-08-30,Tarif,Vertrag,Tarifwechsel angefragt,Neutral,Chat,Mittel,2024-09-04,43
8835,13373,2024-11-08,Rechnung,Abrechnung,Rechnungsfrage,Negativ,App,Hoch,2024-11-15,80
8836,13252,2023-05-25,Wärmepumpe,Technisch,Effizienz zu niedrig,Neutral,Chat,Mittel,2023-06-03,73
8837,1245,2023-06-12,Speicher,Technisch,Kapazität gesunken,Neutral,Chat,Mittel,2023-06-12,41
8838,3875,2023-12-03,Allgemein,Service,Lob,Positiv,Email,Niedrig,2023-12-11,1
8839,8686,2024-09-30,Solar,Technisch,Wechselrichter Fehler,Negativ,Email,Hoch,2024-09-30,78
8840,179,2024-11-19,Smart Meter,Installation,Smart Meter Installation angefragt,Neutral,Chat,Hoch,2024-11-26,132
8841,8668,2023-07-28,Allgemein,Service,Kontaktdaten ändern,Positiv,Telefon,Mittel,2023-08-01,43
8842,13732,2023-07-23,Rechnung,Abrechnung,Rechnungsfrage,Neutral,App,Niedrig,2023-07-25,155
8843,15071,2023-05-17,Tarif,Vertrag,Ökostrom Umstellung,Negativ,Telefon,Mittel,2023-05-22,63
8844,12348,2024-02-28,Rechnung,Abrechnung,Zahlungsplan angefragt,Neutral,Email,Niedrig,2024-02-29,58
8845,3130,2024-11-11,Tarif,Vertrag,Kündigung,Neutral,Email,Hoch,2024-11-11,130
8846,17617,2024-03-11,Allgemein,Service,Lob,Positiv,Chat,Niedrig,2024-03-13,98
8847,6698,2024-11-10,Solar,Technisch,Einspeisevergütung Frage,Neutral,App,Niedrig,2024-11-11,85
8848,14060,2025-02-17,Wallbox,E-Mobility,Wallbox defekt,Negativ,App,Hoch,2025-02-21,20
8849,9622,2025-04-26,Wärmepumpe,Technisch,Geräuschentwicklung zu hoch,Neutral,Telefon,Niedrig,2025-05-05,10
8850,17467,2023-07-11,Allgemein,Service,Kontaktdaten ändern,Positiv,Email,Niedrig,2023-07-24,105
8851,14852,2023-06-15,Rechnung,Abrechnung,Rechnungsfrage,Negativ,Telefon,Mittel,2023-06-29,24
8852,11020,2023-02-09,Wallbox,E-Mobility,Ladekarte Probleme,Negativ,Telefon,Niedrig,2023-02-14,176
8853,4866,2024-06-02,Solar,Technisch,Wechselrichter Fehler,Neutral,Telefon,Mittel,2024-06-15,38
8854,19542,2023-07-13,Tarif,Vertrag,Kündigung,Negativ,Telefon,Kritisch,2023-07-19,136
8855,18521,2024-06-26,Tarif,Vertrag,Preisgarantie Frage,Neutral,Telefon,Mittel,2024-07-04,50
8856,3273,2024-04-12,Rechnung,Abrechnung,Zahlungsplan angefragt,Neutral,Chat,Niedrig,2024-04-12,125
8857,13243,2023-12-04,Smart Meter,Installation,Smart Meter App funktioniert nicht,Negativ,Chat,Hoch,2023-12-04,63
8858,11335,2023-06-26,Rechnung,Abrechnung,Gutschrift angefragt,Neutral,Email,Hoch,2023-07-02,34
8859,10305,2024-01-07,Allgemein,Service,Allgemeine Anfrage,Neutral,Telefon,Mittel,2024-01-14,171
8860,2643,2024-09-16,Tarif,Vertrag,Ökostrom Umstellung,Neutral,Telefon,Mittel,2024-09-25,196
8861,7271,2025-05-07,Speicher,Technisch,Speicher lädt nicht,Negativ,App,Mittel,2025-05-12,8
8862,10561,2023-05-04,Smart Meter,Installation,Smart Meter App funktioniert nicht,Negativ,Chat,Hoch,2023-05-05,119
8863,8933,2024-12-18,Smart Meter,Installation,Smart Meter App funktioniert nicht,Negativ,Email,Mittel,2024-12-24,185
8864,17323,2023-08-19,Solar,Technisch,Monitoring nicht verfügbar,Negativ,Telefon,Kritisch,2023-08-21,54
8865,10754,2023-11-29,Allgemein,Service,Beschwerde,Negativ,App,Mittel,2023-11-30,159
8866,8102,2023-03-15,Wallbox,E-Mobility,Wallbox defekt,Negativ,App,Hoch,2023-03-16,184
8867,12093,2023-10-16,Solar,Technisch,Wechselrichter Fehler,Positiv,Chat,Mittel,2023-10-16,60
8868,11294,2025-05-31,Speicher,Technisch,Batteriespeicher Störung,Negativ,Telefon,Mittel,2025-06-05,47
8869,8876,2023-06-28,Speicher,Technisch,Batteriespeicher Störung,Negativ,App,Hoch,2023-07-05,113
8870,13314,2023-08-16,Rechnung,Abrechnung,Abschlag anpassen,Neutral,Chat,Mittel,2023-08-25,181
8871,3724,2023-11-06,Wärmepumpe,Technisch,Wärmepumpe Störung,Negativ,App,Hoch,2023-11-09,175
8872,8135,2024-03-25,Tarif,Vertrag,Ökostrom Umstellung,Neutral,Chat,Mittel,2024-04-02,136
8873,19726,2023-04-22,Rechnung,Abrechnung,Abschlag zu hoch,Neutral,Telefon,Mittel,2023-04-28,130
8874,200,2024-05-09,Tarif,Vertrag,Kündigung,Neutral,Email,Mittel,2024-05-16,8
8875,3046,2024-08-20,Tarif,Vertrag,Tarifwechsel angefragt,Neutral,App,Mittel,2024-08-20,43
8876,19694,2023-11-09,Tarif,Vertrag,Kündigung,Neutral,Telefon,Mittel,2023-11-16,110
8877,7246,2024-01-27,Tarif,Vertrag,Tarifwechsel angefragt,Neutral,Telefon,Mittel,2024-02-02,129
8878,15020,2025-02-13,Rechnung,Abrechnung,Gutschrift angefragt,Neutral,Chat,Mittel,2025-02-14,4
8879,4924,2023-09-18,Tarif,Vertrag,Vertragsverlängerung,Neutral,App,Mittel,2023-09-20,179
8880,4168,2023-05-23,Solar,Technisch,Einspeisevergütung Frage,Neutral,Email,Mittel,2023-05-23,150
8881,9104,2025-01-19,Rechnung,Abrechnung,Abschlag zu hoch,Neutral,Email,Niedrig,2025-02-01,12
8882,17606,2025-01-08,Solar,Technisch,Solaranlage produziert nicht,Negativ,Email,Hoch,2025-01-13,7
8883,104,2024-08-09,Rechnung,Abrechnung,Zahlungsplan angefragt,Neutral,Email,Mittel,2024-08-12,169
8884,16533,2023-07-21,Wallbox,E-Mobility,Wallbox Installation angefragt,Positiv,App,Hoch,2023-07-24,69
8885,18236,2024-04-08,Smart Meter,Installation,Smart Meter Ablesung fehlerhaft,Neutral,Telefon,Hoch,2024-04-11,150
8886,14413,2024-12-05,Wärmepumpe,Technisch,Wartung angefragt,Positiv,Email,Niedrig,2024-12-18,66
8887,13361,2025-05-12,Solar,Technisch,Solaranlage produziert nicht,Negativ,Telefon,Mittel,2025-05-24,35
8888,15649,2023-04-14,Rechnung,Abrechnung,Abschlag anpassen,Positiv,Chat,Hoch,2023-04-17,101
8889,4736,2024-08-02,Wallbox,E-Mobility,Wallbox lädt nicht,Negativ,Chat,Mittel,2024-08-14,75
8890,160,2025-04-16,Speicher,Technisch,Kapazität gesunken,Positiv,Email,Mittel,2025-04-21,104
8891,13301,2024-05-11,Wärmepumpe,Technisch,Effizienz zu niedrig,Neutral,Email,Niedrig,2024-05-25,57
8892,6056,2024-03-01,Smart Meter,Installation,Smart Meter Installation angefragt,Neutral,Telefon,Mittel,2024-03-08,3
8893,17920,2023-10-12,Wallbox,E-Mobility,App-Verbindung unterbrochen,Neutral,Email,Mittel,2023-10-15,60
8894,1780,2024-06-19,Allgemein,Service,Allgemeine Anfrage,Neutral,App,Mittel,2024-06-20,96
8895,17186,2024-02-19,Wallbox,E-Mobility,App-Verbindung unterbrochen,Negativ,App,Kritisch,2024-02-24,182
8896,11294,2024-01-10,Solar,Technisch,Wechselrichter Fehler,Neutral,Chat,Niedrig,2024-01-22,182
8897,10820,2023-01-15,Rechnung,Abrechnung,Unstimmigkeit in Rechnung,Neutral,Chat,Hoch,2023-01-16,50
8898,547,2023-05-05,Rechnung,Abrechnung,Abschlag zu hoch,Negativ,Chat,Hoch,2023-05-08,10
8899,13589,2023-03-21,Tarif,Vertrag,Umzug melden,Negativ,Email,Mittel,2023-03-24,22
8900,15367,2023-01-16,Speicher,Technisch,Kapazität gesunken,Neutral,Chat,Mittel,2023-01-30,48
8901,3989,2023-04-12,Speicher,Technisch,Speicher lädt nicht,Negativ,Email,Niedrig,2023-04-26,147
8902,4277,2023-01-23,Allgemein,Service,Lob,Positiv,Email,Niedrig,2023-01-30,71
8903,4712,2024-07-06,Smart Meter,Installation,Smart Meter App funktioniert nicht,Negativ,Chat,Hoch,2024-07-10,58
8904,2133,2025-06-08,Tarif,Vertrag,Preisgarantie Frage,Neutral,App,Mittel,2025-06-14,94
8905,15312,2023-05-18,Solar,Technisch,Solaranlage Ertrag niedrig,Neutral,Chat,Mittel,2023-05-29,18
8906,13169,2024-08-31,Rechnung,Abrechnung,Abschlag anpassen,Neutral,Email,Mittel,2024-09-04,85
8907,922,2024-08-12,Rechnung,Abrechnung,Rechnungsfrage,Neutral,Email,Niedrig,2024-08-20,5
8908,13683,2024-07-02,Solar,Technisch,Einspeisevergütung Frage,Neutral,App,Mittel,2024-07-02,180
8909,11486,2023-10-23,Tarif,Vertrag,Kündigung,Neutral,Chat,Mittel,2023-11-01,189
8910,4194,2025-02-27,Rechnung,Abrechnung,Zahlungsplan angefragt,Neutral,App,Niedrig,2025-03-10,40
8911,10319,2023-12-31,Solar,Technisch,Monitoring nicht verfügbar,Negativ,Chat,Niedrig,2024-01-09,170
8912,16019,2024-03-19,Speicher,Technisch,Kapazität gesunken,Negativ,App,Niedrig,2024-03-22,159
8913,6326,2024-01-03,Solar,Technisch,Solaranlage Ertrag niedrig,Neutral,Email,Mittel,2024-01-13,96
8914,14999,2024-01-24,Wallbox,E-Mobility,App-Verbindung unterbrochen,Neutral,Chat,Mittel,2024-02-04,128
8915,13718,2023-01-18,Allgemein,Service,Kontaktdaten ändern,Neutral,Chat,Kritisch,2023-01-25,69
8916,13026,2024-07-14,Speicher,Technisch,Speicher lädt nicht,Negativ,Email,Niedrig,2024-07-19,188
8917,17565,2023-10-31,Allgemein,Service,Kontaktdaten ändern,Neutral,Chat,Niedrig,2023-11-12,131
8918,14128,2024-07-11,Speicher,Technisch,Speicher lädt nicht,Negativ,Email,Niedrig,2024-07-22,144
8919,1917,2023-12-04,Wallbox,E-Mobility,Wallbox defekt,Negativ,Email,Hoch,2023-12-11,13
8920,16815,2023-01-22,Wallbox,E-Mobility,Wallbox Installation angefragt,Positiv,App,Niedrig,2023-01-28,43
8921,3292,2024-08-02,Allgemein,Service,Kontaktdaten ändern,Positiv,Telefon,Mittel,2024-08-06,52
8922,12275,2024-10-25,Wallbox,E-Mobility,Wallbox Installation angefragt,Neutral,Telefon,Mittel,2024-11-07,198
8923,16811,2024-09-10,Smart Meter,Installation,Smart Meter defekt,Negativ,Telefon,Hoch,2024-09-10,151
8924,7023,2024-02-24,Rechnung,Abrechnung,Zahlungsplan angefragt,Negativ,Chat,Mittel,2024-03-07,85
8925,18496,2024-03-16,Wärmepumpe,Technisch,Wärmepumpe Störung,Negativ,Email,Mittel,2024-03-17,151
8926,18584,2023-05-16,Wärmepumpe,Technisch,Wärmepumpe läuft nicht,Negativ,Telefon,Hoch,2023-05-22,86
8927,19821,2023-04-20,Solar,Technisch,Solaranlage Ertrag niedrig,Neutral,Telefon,Mittel,2023-04-25,36
8928,3176,2023-05-19,Wallbox,E-Mobility,Wallbox defekt,Negativ,Telefon,Niedrig,2023-05-30,94
8929,13865,2025-01-18,Tarif,Vertrag,Umzug melden,Neutral,Telefon,Mittel,2025-01-25,151
8930,7155,2024-06-07,Solar,Technisch,Solaranlage produziert nicht,Negativ,App,Niedrig,2024-06-21,81
8931,313,2024-04-05,Wärmepumpe,Technisch,Fehlercode E01 angezeigt,Neutral,App,Hoch,2024-04-05,182
8932,1129,2024-08-07,Speicher,Technisch,Speicher lädt nicht,Negativ,App,Kritisch,2024-08-14,121
8933,19294,2024-02-23,Solar,Technisch,Solaranlage produziert nicht,Negativ,Email,Hoch,2024-02-26,167
8934,14579,2023-05-01,Solar,Technisch,Einspeisevergütung Frage,Neutral,Chat,Mittel,2023-05-02,92
8935,5606,2023-06-17,Tarif,Vertrag,Preisgarantie Frage,Neutral,Chat,Niedrig,2023-06-30,58
8936,19925,2023-03-16,Allgemein,Service,Beschwerde,Negativ,Chat,Mittel,2023-03-22,79
8937,938,2023-03-14,Tarif,Vertrag,Ökostrom Umstellung,Positiv,Email,Niedrig,2023-03-14,50
8938,16518,2025-06-11,Tarif,Vertrag,Vertragsverlängerung,Neutral,Email,Mittel,2025-06-11,26
8939,13668,2024-01-19,Smart Meter,Installation,Smart Meter Ablesung fehlerhaft,Neutral,Chat,Mittel,2024-01-19,61
8940,10056,2024-09-09,Allgemein,Service,Allgemeine Anfrage,Negativ,Email,Hoch,2024-09-10,179
8941,12619,2023-04-28,Wärmepumpe,Technisch,Wärmepumpe läuft nicht,Negativ,Chat,Hoch,2023-05-05,82
8942,502,2023-05-09,Allgemein,Service,Informationsanfrage,Neutral,App,Mittel,2023-05-10,43
8943,16296,2024-06-17,Allgemein,Service,Allgemeine Anfrage,Neutral,Telefon,Mittel,2024-06-24,120
8944,4527,2025-03-16,Tarif,Vertrag,Preisgarantie Frage,Neutral,Chat,Mittel,2025-03-30,108
8945,8856,2025-05-21,Wallbox,E-Mobility,Wallbox Installation angefragt,Positiv,Telefon,Mittel,2025-06-01,199
8946,17897,2024-01-17,Wallbox,E-Mobility,Wallbox defekt,Negativ,Telefon,Niedrig,2024-01-26,55
8947,9913,2024-07-21,Smart Meter,Installation,Smart Meter Ablesung fehlerhaft,Neutral,Telefon,Mittel,2024-07-23,191
8948,10073,2023-10-30,Speicher,Technisch,Batteriespeicher Störung,Negativ,App,Kritisch,2023-11-03,146
8949,16282,2024-06-24,Rechnung,Abrechnung,Unstimmigkeit in Rechnung,Negativ,Chat,Niedrig,2024-07-08,106
8950,768,2023-07-09,Rechnung,Abrechnung,Zahlungsplan angefragt,Positiv,App,Niedrig,2023-07-17,163
8951,6882,2023-03-20,Rechnung,Abrechnung,Zahlungsplan angefragt,Neutral,Telefon,Hoch,2023-03-26,185
8952,14642,2024-02-10,Rechnung,Abrechnung,Abschlag anpassen,Neutral,Telefon,Mittel,2024-02-15,71
8953,1334,2023-11-24,Smart Meter,Installation,Smart Meter Ablesung fehlerhaft,Positiv,Chat,Niedrig,2023-11-28,23
8954,15280,2024-03-31,Rechnung,Abrechnung,Abschlag anpassen,Negativ,App,Kritisch,2024-04-02,108
8955,5534,2025-01-03,Rechnung,Abrechnung,Zahlungsplan angefragt,Neutral,Chat,Niedrig,2025-01-16,15
8956,11657,2024-10-12,Allgemein,Service,Informationsanfrage,Neutral,Chat,Mittel,2024-10-21,50
8957,18155,2023-07-10,Allgemein,Service,Lob,Positiv,Email,Niedrig,2023-07-14,191
8958,9650,2025-02-25,Solar,Technisch,Monitoring nicht verfügbar,Negativ,Telefon,Kritisch,2025-03-04,93
8959,12158,2024-05-08,Tarif,Vertrag,Preisgarantie Frage,Negativ,Chat,Niedrig,2024-05-13,140
8960,9864,2024-12-08,Wärmepumpe,Technisch,Wärmepumpe läuft nicht,Negativ,Telefon,Mittel,2024-12-19,170
8961,16249,2023-06-26,Wallbox,E-Mobility,Wallbox lädt nicht,Negativ,App,Mittel,2023-07-08,12
8962,15004,2024-11-26,Wallbox,E-Mobility,Wallbox lädt nicht,Negativ,App,Hoch,2024-12-01,179
8963,18777,2023-04-10,Speicher,Technisch,Speicher lädt nicht,Negativ,App,Hoch,2023-04-16,166
8964,15048,2024-06-05,Speicher,Technisch,Speicher lädt nicht,Negativ,Chat,Kritisch,2024-06-10,74
8965,1175,2024-09-05,Wallbox,E-Mobility,Wallbox Installation angefragt,Positiv,Telefon,Niedrig,2024-09-08,192
8966,5718,2023-06-08,Smart Meter,Installation,Smart Meter defekt,Negativ,Telefon,Hoch,2023-06-13,32
8967,16524,2023-01-04,Wallbox,E-Mobility,Wallbox Installation angefragt,Neutral,Email,Mittel,2023-01-14,63
8968,19074,2023-05-01,Solar,Technisch,Einspeisevergütung Frage,Neutral,Chat,Kritisch,2023-05-08,13
8969,12318,2023-12-08,Allgemein,Service,Allgemeine Anfrage,Negativ,App,Mittel,2023-12-18,67
8970,18503,2025-05-01,Solar,Technisch,Solaranlage Ertrag niedrig,Neutral,App,Mittel,2025-05-09,132
8971,16586,2023-07-03,Speicher,Technisch,Kapazität gesunken,Negativ,Chat,Mittel,2023-07-15,121
8972,5162,2025-05-08,Wallbox,E-Mobility,Wallbox lädt nicht,Negativ,Telefon,Mittel,2025-05-14,56
8973,3382,2025-06-08,Tarif,Vertrag,Preisgarantie Frage,Neutral,Email,Niedrig,2025-06-15,130
8974,7467,2024-11-08,Rechnung,Abrechnung,Abschlag anpassen,Positiv,Chat,Mittel,2024-11-20,15
8975,6460,2025-01-05,Wärmepumpe,Technisch,Effizienz zu niedrig,Neutral,Telefon,Mittel,2025-01-09,117
8976,18926,2024-01-13,Speicher,Technisch,Batteriespeicher Störung,Negativ,Chat,Hoch,2024-01-14,9
8977,14101,2023-06-24,Smart Meter,Installation,Smart Meter defekt,Negativ,App,Niedrig,2023-06-30,11
8978,8414,2024-04-24,Wärmepumpe,Technisch,Geräuschentwicklung zu hoch,Negativ,Telefon,Mittel,2024-04-28,143
8979,7002,2023-11-13,Rechnung,Abrechnung,Gutschrift angefragt,Negativ,Email,Mittel,2023-11-20,75
8980,4835,2023-08-28,Tarif,Vertrag,Ökostrom Umstellung,Neutral,App,Mittel,2023-09-08,59
8981,4326,2023-11-09,Tarif,Vertrag,Umzug melden,Positiv,Email,Hoch,2023-11-09,84
8982,17959,2024-06-14,Wärmepumpe,Technisch,Geräuschentwicklung zu hoch,Neutral,App,Niedrig,2024-06-22,185
8983,325,2024-11-29,Smart Meter,Installation,Smart Meter Ablesung fehlerhaft,Neutral,App,Kritisch,2024-11-30,97
8984,19204,2025-03-04,Wärmepumpe,Technisch,Wartung angefragt,Neutral,Email,Mittel,2025-03-11,81
8985,7249,2023-12-21,Solar,Technisch,Wechselrichter Fehler,Positiv,Chat,Mittel,2024-01-03,47
8986,4809,2023-07-06,Speicher,Technisch,Kapazität gesunken,Negativ,Telefon,Kritisch,2023-07-06,75
8987,8075,2024-11-27,Tarif,Vertrag,Ökostrom Umstellung,Positiv,Telefon,Mittel,2024-12-10,7
8988,13323,2023-02-21,Solar,Technisch,Wechselrichter Fehler,Neutral,Email,Kritisch,2023-02-24,89
8989,9791,2023-11-22,Wallbox,E-Mobility,Ladekarte Probleme,Neutral,Email,Mittel,2023-12-06,143
8990,15094,2023-03-29,Solar,Technisch,Monitoring nicht verfügbar,Negativ,Email,Kritisch,2023-03-31,43
8991,12201,2023-03-27,Speicher,Technisch,Speicher lädt nicht,Negativ,Telefon,Hoch,2023-03-29,59
8992,15722,2024-02-28,Solar,Technisch,Einspeisevergütung Frage,Neutral,App,Mittel,2024-03-09,115
8993,18103,2024-04-01,Solar,Technisch,Wechselrichter Fehler,Neutral,Email,Niedrig,2024-04-07,3
8994,16733,2023-05-10,Smart Meter,Installation,Smart Meter Installation angefragt,Positiv,Email,Hoch,2023-05-13,29
8995,16900,2024-07-09,Wallbox,E-Mobility,App-Verbindung unterbrochen,Neutral,Email,Mittel,2024-07-18,198
8996,14737,2024-01-21,Solar,Technisch,Monitoring nicht verfügbar,Negativ,Chat,Kritisch,2024-01-22,76
8997,7182,2023-07-11,Solar,Technisch,Solaranlage produziert nicht,Negativ,Telefon,Hoch,2023-07-14,181
8998,16329,2025-01-13,Tarif,Vertrag,Kündigung,Neutral,Telefon,Hoch,2025-01-20,112
8999,1198,2024-12-25,Smart Meter,Installation,Smart Meter Ablesung fehlerhaft,Negativ,Chat,Mittel,2024-12-30,23
9000,14028,2024-06-08,Speicher,Technisch,Speicher lädt nicht,Negativ,Telefon,Hoch,2024-06-15,192
9001,11654,2023-03-27,Solar,Technisch,Einspeisevergütung Frage,Neutral,Chat,Niedrig,2023-03-29,90
9002,8384,2025-06-09,Wallbox,E-Mobility,App-Verbindung unterbrochen,Negativ,Telefon,Niedrig,2025-06-10,97
9003,16247,2024-04-24,Wallbox,E-Mobility,Wallbox lädt nicht,Negativ,App,Kritisch,2024-04-25,101
9004,12128,2024-01-21,Speicher,Technisch,Batteriespeicher Störung,Negativ,Email,Kritisch,2024-01-24,195
9005,10699,2024-01-28,Wallbox,E-Mobility,App-Verbindung unterbrochen,Neutral,App,Mittel,2024-02-09,103
9006,2847,2024-12-17,Solar,Technisch,Solaranlage Ertrag niedrig,Neutral,Chat,Mittel,2024-12-30,40
9007,19628,2025-02-22,Smart Meter,Installation,Smart Meter App funktioniert nicht,Negativ,Telefon,Hoch,2025-02-25,129
9008,11379,2025-05-02,Speicher,Technisch,Kapazität gesunken,Positiv,Telefon,Niedrig,2025-05-10,198
9009,19448,2024-06-27,Smart Meter,Installation,Smart Meter Installation angefragt,Neutral,App,Hoch,2024-07-01,175
9010,13979,2024-05-27,Smart Meter,Installation,Smart Meter Ablesung fehlerhaft,Negativ,App,Niedrig,2024-06-01,172
9011,2426,2023-12-28,Solar,Technisch,Wechselrichter Fehler,Negativ,Chat,Mittel,2023-12-29,134
9012,3091,2024-07-18,Solar,Technisch,Wechselrichter Fehler,Neutral,App,Hoch,2024-07-25,16
9013,8237,2024-03-07,Solar,Technisch,Monitoring nicht verfügbar,Negativ,Chat,Hoch,2024-03-12,129
9014,15079,2023-04-01,Smart Meter,Installation,Smart Meter defekt,Negativ,Chat,Hoch,2023-04-04,32
9015,19111,2024-05-31,Speicher,Technisch,Speicher lädt nicht,Negativ,App,Hoch,2024-06-03,6
9016,12400,2024-03-31,Speicher,Technisch,Speicher lädt nicht,Negativ,Chat,Niedrig,2024-04-04,182
9017,2667,2025-03-04,Solar,Technisch,Einspeisevergütung Frage,Neutral,App,Mittel,2025-03-12,86
9018,7233,2023-10-18,Smart Meter,Installation,Smart Meter Ablesung fehlerhaft,Neutral,App,Niedrig,2023-10-24,140
9019,7576,2024-03-08,Wallbox,E-Mobility,Ladekarte Probleme,Neutral,Telefon,Hoch,2024-03-09,156
9020,11629,2024-02-11,Rechnung,Abrechnung,Unstimmigkeit in Rechnung,Neutral,Email,Mittel,2024-02-19,130
9021,3401,2025-03-06,Solar,Technisch,Wechselrichter Fehler,Neutral,Telefon,Niedrig,2025-03-12,110
9022,5898,2023-08-26,Smart Meter,Installation,Smart Meter zeigt keine Daten,Neutral,App,Niedrig,2023-09-05,171
9023,2002,2025-03-14,Tarif,Vertrag,Vertragsverlängerung,Neutral,Chat,Hoch,2025-03-14,180
9024,14129,2024-08-07,Tarif,Vertrag,Ökostrom Umstellung,Positiv,Email,Mittel,2024-08-21,29
9025,6935,2023-09-23,Wärmepumpe,Technisch,Wärmepumpe Störung,Negativ,App,Hoch,2023-09-28,147
9026,17848,2025-03-30,Tarif,Vertrag,Umzug melden,Negativ,Telefon,Kritisch,2025-04-04,55
9027,3092,2023-08-28,Smart Meter,Installation,Smart Meter Ablesung fehlerhaft,Positiv,Email,Mittel,2023-09-05,150
9028,19245,2023-08-05,Smart Meter,Installation,Smart Meter Installation angefragt,Neutral,App,Mittel,2023-08-18,2
9029,9637,2024-09-02,Rechnung,Abrechnung,Abschlag zu hoch,Neutral,Email,Kritisch,2024-09-08,58
9030,12765,2023-07-29,Rechnung,Abrechnung,Zahlungsplan angefragt,Positiv,Chat,Hoch,2023-08-04,33
9031,7286,2023-01-23,Wallbox,E-Mobility,Wallbox Installation angefragt,Negativ,Chat,Hoch,2023-01-23,106
9032,1556,2023-04-03,Rechnung,Abrechnung,Abschlag zu hoch,Negativ,Telefon,Mittel,2023-04-12,34
9033,6029,2024-08-25,Speicher,Technisch,Kapazität gesunken,Positiv,Email,Kritisch,2024-08-29,136
9034,13546,2024-03-01,Wärmepumpe,Technisch,Effizienz zu niedrig,Positiv,Telefon,Niedrig,2024-03-12,109
9035,5259,2024-12-15,Tarif,Vertrag,Ökostrom Umstellung,Neutral,Telefon,Hoch,2024-12-18,28
9036,9692,2025-04-11,Wallbox,E-Mobility,Ladekarte Probleme,Neutral,Telefon,Mittel,2025-04-22,37
9037,5204,2023-07-30,Solar,Technisch,Einspeisevergütung Frage,Neutral,Email,Mittel,2023-08-10,198
9038,7191,2024-03-25,Speicher,Technisch,Batteriespeicher Störung,Negativ,Chat,Kritisch,2024-03-31,18
9039,4803,2024-06-16,Wallbox,E-Mobility,Wallbox defekt,Negativ,App,Hoch,2024-06-17,2
9040,1775,2025-03-27,Wärmepumpe,Technisch,Wärmepumpe Störung,Negativ,Email,Mittel,2025-04-02,86
9041,13580,2024-10-21,Tarif,Vertrag,Preisgarantie Frage,Negativ,App,Mittel,2024-10-29,140
9042,15990,2024-10-20,Wärmepumpe,Technisch,Geräuschentwicklung zu hoch,Neutral,Email,Mittel,2024-10-28,32
9043,6824,2024-02-29,Speicher,Technisch,Speicher lädt nicht,Negativ,Chat,Kritisch,2024-03-04,79
9044,13131,2023-09-19,Allgemein,Service,Beschwerde,Negativ,App,Hoch,2023-09-19,128
9045,7932,2024-05-09,Wallbox,E-Mobility,Wallbox Installation angefragt,Neutral,Chat,Hoch,2024-05-09,176
9046,9848,2023-11-02,Smart Meter,Installation,Smart Meter App funktioniert nicht,Negativ,Telefon,Hoch,2023-11-08,148
9047,13331,2025-06-22,Rechnung,Abrechnung,Unstimmigkeit in Rechnung,Neutral,Chat,Kritisch,2025-06-29,161
9048,9138,2025-04-09,Allgemein,Service,Kontaktdaten ändern,Positiv,App,Hoch,2025-04-15,41
9049,1821,2024-12-30,Allgemein,Service,Lob,Positiv,Telefon,Niedrig,2025-01-12,177
9050,17879,2023-08-02,Smart Meter,Installation,Smart Meter defekt,Negativ,Email,Hoch,2023-08-08,87
9051,2821,2023-02-14,Smart Meter,Installation,Smart Meter zeigt keine Daten,Neutral,Chat,Mittel,2023-02-16,116
9052,5073,2024-01-04,Wallbox,E-Mobility,Wallbox Installation angefragt,Positiv,Email,Hoch,2024-01-07,44
9053,3660,2024-12-26,Speicher,Technisch,Speicher lädt nicht,Negativ,App,Mittel,2025-01-06,46
9054,5068,2025-01-02,Wärmepumpe,Technisch,Wartung angefragt,Negativ,Email,Mittel,2025-01-07,39
9055,6848,2025-01-29,Wallbox,E-Mobility,App-Verbindung unterbrochen,Neutral,Email,Mittel,2025-02-06,170
9056,12812,2023-07-02,Tarif,Vertrag,Tarifwechsel angefragt,Negativ,Chat,Niedrig,2023-07-10,180
9057,18229,2024-04-15,Smart Meter,Installation,Smart Meter defekt,Negativ,Chat,Hoch,2024-04-17,19
9058,4556,2024-08-23,Rechnung,Abrechnung,Abschlag anpassen,Neutral,Telefon,Mittel,2024-08-29,108
9059,2741,2024-10-31,Rechnung,Abrechnung,Zahlungsplan angefragt,Neutral,Chat,Niedrig,2024-11-06,172
9060,10204,2024-12-11,Rechnung,Abrechnung,Zahlungsplan angefragt,Negativ,Chat,Kritisch,2024-12-16,191
9061,3851,2025-01-04,Tarif,Vertrag,Ökostrom Umstellung,Neutral,Telefon,Mittel,2025-01-10,199
9062,5348,2023-05-10,Tarif,Vertrag,Ökostrom Umstellung,Negativ,Email,Hoch,2023-05-12,178
9063,18777,2024-06-21,Tarif,Vertrag,Ökostrom Umstellung,Neutral,App,Niedrig,2024-06-21,14
9064,15633,2023-06-01,Smart Meter,Installation,Smart Meter App funktioniert nicht,Negativ,Telefon,Mittel,2023-06-06,141
9065,13232,2024-07-04,Wallbox,E-Mobility,Ladekarte Probleme,Negativ,App,Niedrig,2024-07-18,10
9066,7038,2023-03-17,Smart Meter,Installation,Smart Meter Installation angefragt,Neutral,Email,Hoch,2023-03-23,141
9067,2367,2025-03-09,Speicher,Technisch,Batteriespeicher Störung,Negativ,Email,Mittel,2025-03-18,150
9068,8320,2024-05-19,Smart Meter,Installation,Smart Meter App funktioniert nicht,Negativ,Chat,Kritisch,2024-05-25,110
9069,1149,2024-09-19,Rechnung,Abrechnung,Rechnungsfrage,Neutral,Chat,Mittel,2024-09-23,103
9070,842,2024-05-16,Tarif,Vertrag,Vertragsverlängerung,Positiv,Telefon,Mittel,2024-05-28,8
9071,19973,2024-01-08,Wallbox,E-Mobility,Ladekarte Probleme,Neutral,Telefon,Hoch,2024-01-14,38
9072,16916,2025-02-11,Tarif,Vertrag,Tarifwechsel angefragt,Neutral,App,Niedrig,2025-02-15,115
9073,17138,2023-11-03,Smart Meter,Installation,Smart Meter App funktioniert nicht,Negativ,Email,Mittel,2023-11-11,149
9074,4804,2024-06-18,Allgemein,Service,Kontaktdaten ändern,Neutral,Email,Mittel,2024-06-25,15
9075,11745,2023-07-05,Rechnung,Abrechnung,Zahlungsplan angefragt,Neutral,App,Mittel,2023-07-17,1
9076,5278,2023-04-03,Allgemein,Service,Kontaktdaten ändern,Positiv,App,Mittel,2023-04-15,37
9077,2814,2024-02-08,Speicher,Technisch,Speicher lädt nicht,Negativ,App,Hoch,2024-02-11,162
9078,1765,2023-02-18,Solar,Technisch,Einspeisevergütung Frage,Neutral,App,Niedrig,2023-02-18,193
9079,15247,2024-04-06,Solar,Technisch,Einspeisevergütung Frage,Neutral,App,Niedrig,2024-04-08,146
9080,12496,2023-06-15,Allgemein,Service,Lob,Positiv,Email,Niedrig,2023-06-24,20
9081,14320,2023-09-21,Smart Meter,Installation,Smart Meter defekt,Negativ,App,Hoch,2023-09-24,183
9082,8698,2024-03-14,Allgemein,Service,Lob,Positiv,Email,Niedrig,2024-03-14,192
9083,16563,2024-08-01,Rechnung,Abrechnung,Gutschrift angefragt,Negativ,Chat,Niedrig,2024-08-07,54
9084,16968,2025-05-22,Solar,Technisch,Monitoring nicht verfügbar,Negativ,Email,Mittel,2025-06-04,147
9085,5018,2023-09-22,Tarif,Vertrag,Ökostrom Umstellung,Neutral,Email,Mittel,2023-09-22,144
9086,12080,2023-04-21,Wallbox,E-Mobility,App-Verbindung unterbrochen,Neutral,Telefon,Hoch,2023-04-28,19
9087,19540,2024-05-05,Smart Meter,Installation,Smart Meter defekt,Negativ,Chat,Mittel,2024-05-08,97
9088,16125,2023-08-12,Wallbox,E-Mobility,Wallbox Installation angefragt,Neutral,Chat,Niedrig,2023-08-14,8
9089,4299,2023-09-14,Tarif,Vertrag,Tarifwechsel angefragt,Neutral,App,Mittel,2023-09-18,134
9090,2786,2023-02-09,Wallbox,E-Mobility,Wallbox Installation angefragt,Negativ,App,Niedrig,2023-02-18,191
9091,2802,2023-12-10,Rechnung,Abrechnung,Rechnungsfrage,Negativ,App,Hoch,2023-12-12,96
9092,14964,2024-01-21,Solar,Technisch,Monitoring nicht verfügbar,Negativ,Telefon,Kritisch,2024-01-26,58
9093,11915,2024-08-30,Speicher,Technisch,Batteriespeicher Störung,Negativ,App,Niedrig,2024-09-11,59
9094,7523,2025-05-04,Wärmepumpe,Technisch,Effizienz zu niedrig,Neutral,App,Kritisch,2025-05-08,61
9095,3919,2023-12-14,Wärmepumpe,Technisch,Wartung angefragt,Neutral,Chat,Niedrig,2023-12-18,70
9096,12385,2025-02-04,Solar,Technisch,Solaranlage produziert nicht,Negativ,Telefon,Mittel,2025-02-11,38
9097,10228,2025-03-27,Rechnung,Abrechnung,Abschlag zu hoch,Neutral,App,Hoch,2025-04-02,126
9098,4901,2024-09-10,Solar,Technisch,Solaranlage Ertrag niedrig,Neutral,Telefon,Mittel,2024-09-10,133
9099,2566,2024-07-25,Wärmepumpe,Technisch,Fehlercode E01 angezeigt,Positiv,Chat,Mittel,2024-08-06,146
9100,8807,2024-01-29,Rechnung,Abrechnung,Unstimmigkeit in Rechnung,Neutral,Telefon,Mittel,2024-02-06,83
9101,9523,2024-12-17,Wärmepumpe,Technisch,Effizienz zu niedrig,Neutral,Telefon,Niedrig,2024-12-23,135
9102,19268,2023-01-23,Tarif,Vertrag,Umzug melden,Neutral,Email,Niedrig,2023-02-05,154
9103,4954,2025-04-14,Tarif,Vertrag,Ökostrom Umstellung,Neutral,Telefon,Niedrig,2025-04-25,165
9104,18940,2023-08-20,Solar,Technisch,Solaranlage Ertrag niedrig,Positiv,App,Mittel,2023-08-29,34
9105,4556,2024-01-17,Rechnung,Abrechnung,Unstimmigkeit in Rechnung,Neutral,Chat,Hoch,2024-01-24,197
9106,17324,2023-04-28,Rechnung,Abrechnung,Rechnungsfrage,Neutral,Chat,Mittel,2023-05-08,111
9107,9459,2023-05-11,Speicher,Technisch,Kapazität gesunken,Positiv,Email,Mittel,2023-05-22,19
9108,6646,2024-07-05,Rechnung,Abrechnung,Abschlag anpassen,Negativ,App,Niedrig,2024-07-05,144
9109,13033,2024-11-19,Wärmepumpe,Technisch,Wartung angefragt,Positiv,Telefon,Mittel,2024-11-21,51
9110,3360,2025-01-04,Wärmepumpe,Technisch,Wärmepumpe läuft nicht,Negativ,Chat,Hoch,2025-01-05,138
9111,3005,2024-11-04,Tarif,Vertrag,Kündigung,Negativ,App,Niedrig,2024-11-05,17
9112,7669,2025-01-15,Smart Meter,Installation,Smart Meter defekt,Negativ,Email,Mittel,2025-01-26,3
9113,5309,2023-09-04,Speicher,Technisch,Batteriespeicher Störung,Negativ,Email,Mittel,2023-09-11,38
9114,6994,2024-03-17,Solar,Technisch,Monitoring nicht verfügbar,Negativ,Telefon,Mittel,2024-03-20,47
9115,13131,2023-03-18,Solar,Technisch,Solaranlage Ertrag niedrig,Neutral,Chat,Kritisch,2023-03-25,193
9116,18692,2023-07-13,Speicher,Technisch,Kapazität gesunken,Neutral,Telefon,Hoch,2023-07-19,54
9117,2741,2024-12-31,Solar,Technisch,Solaranlage Ertrag niedrig,Negativ,Email,Mittel,2025-01-04,12
9118,13627,2024-12-24,Solar,Technisch,Solaranlage produziert nicht,Negativ,Email,Niedrig,2024-12-29,110
9119,19098,2025-04-14,Smart Meter,Installation,Smart Meter Ablesung fehlerhaft,Neutral,Chat,Mittel,2025-04-25,127
9120,2255,2023-02-25,Tarif,Vertrag,Ökostrom Umstellung,Negativ,Email,Hoch,2023-03-04,120
9121,18542,2025-01-10,Wärmepumpe,Technisch,Wärmepumpe läuft nicht,Negativ,Chat,Mittel,2025-01-19,41
9122,6955,2024-05-15,Tarif,Vertrag,Vertragsverlängerung,Positiv,Telefon,Kritisch,2024-05-15,143
9123,16185,2025-04-05,Wärmepumpe,Technisch,Fehlercode E01 angezeigt,Positiv,Chat,Hoch,2025-04-08,65
9124,8271,2023-04-29,Rechnung,Abrechnung,Zahlungsplan angefragt,Positiv,Email,Mittel,2023-05-02,20
9125,18758,2024-08-01,Rechnung,Abrechnung,Abschlag zu hoch,Neutral,App,Mittel,2024-08-15,164
9126,11607,2023-08-25,Speicher,Technisch,Batteriespeicher Störung,Negativ,Chat,Kritisch,2023-09-01,68
9127,4684,2024-11-23,Rechnung,Abrechnung,Unstimmigkeit in Rechnung,Neutral,App,Mittel,2024-12-07,134
9128,11673,2023-07-14,Smart Meter,Installation,Smart Meter Ablesung fehlerhaft,Positiv,App,Mittel,2023-07-14,80
9129,17031,2024-04-20,Smart Meter,Installation,Smart Meter zeigt keine Daten,Neutral,Telefon,Niedrig,2024-04-28,92
9130,4351,2024-10-20,Speicher,Technisch,Kapazität gesunken,Neutral,Email,Hoch,2024-10-20,188
9131,10237,2023-04-09,Solar,Technisch,Solaranlage Ertrag niedrig,Neutral,App,Mittel,2023-04-15,12
9132,5406,2023-08-09,Wallbox,E-Mobility,Ladekarte Probleme,Neutral,Chat,Mittel,2023-08-22,37
9133,3286,2023-01-14,Allgemein,Service,Beschwerde,Negativ,Telefon,Mittel,2023-01-21,32
9134,4424,2025-03-11,Speicher,Technisch,Speicher lädt nicht,Negativ,Chat,Kritisch,2025-03-18,72
9135,9555,2023-04-11,Rechnung,Abrechnung,Rechnungsfrage,Neutral,App,Mittel,2023-04-15,105
9136,3974,2023-02-18,Rechnung,Abrechnung,Abschlag anpassen,Neutral,Chat,Kritisch,2023-02-24,119
9137,9623,2024-08-13,Solar,Technisch,Wechselrichter Fehler,Neutral,Telefon,Mittel,2024-08-22,184
9138,15196,2023-01-25,Wärmepumpe,Technisch,Geräuschentwicklung zu hoch,Neutral,Email,Mittel,2023-01-27,38
9139,6036,2025-05-22,Allgemein,Service,Allgemeine Anfrage,Neutral,Email,Mittel,2025-06-05,151
9140,5119,2023-10-16,Wärmepumpe,Technisch,Wärmepumpe läuft nicht,Negativ,Email,Kritisch,2023-10-20,100
9141,9869,2023-03-23,Smart Meter,Installation,Smart Meter Ablesung fehlerhaft,Neutral,Telefon,Mittel,2023-04-04,197
9142,6647,2024-09-05,Wallbox,E-Mobility,Wallbox defekt,Negativ,Telefon,Hoch,2024-09-09,19
9143,7242,2024-04-08,Allgemein,Service,Informationsanfrage,Neutral,Telefon,Niedrig,2024-04-21,18
9144,15172,2023-07-30,Wärmepumpe,Technisch,Effizienz zu niedrig,Positiv,Chat,Hoch,2023-08-03,39
9145,8770,2024-11-05,Tarif,Vertrag,Vertragsverlängerung,Positiv,Chat,Niedrig,2024-11-16,4
9146,17464,2024-08-12,Solar,Technisch,Solaranlage produziert nicht,Negativ,Chat,Mittel,2024-08-18,158
9147,5831,2024-07-31,Wärmepumpe,Technisch,Effizienz zu niedrig,Positiv,Telefon,Mittel,2024-08-12,179
9148,12367,2023-05-27,Speicher,Technisch,Batteriespeicher Störung,Negativ,Chat,Hoch,2023-05-31,180
9149,2435,2023-04-05,Allgemein,Service,Kontaktdaten ändern,Negativ,Chat,Mittel,2023-04-14,44
9150,19598,2023-08-16,Speicher,Technisch,Batteriespeicher Störung,Negativ,App,Hoch,2023-08-19,17
9151,12529,2025-03-24,Tarif,Vertrag,Umzug melden,Neutral,Email,Mittel,2025-03-27,167
9152,7669,2025-02-03,Allgemein,Service,Allgemeine Anfrage,Neutral,Chat,Mittel,2025-02-14,46
9153,10213,2023-01-11,Wallbox,E-Mobility,Wallbox defekt,Negativ,Chat,Kritisch,2023-01-15,117
9154,16463,2023-11-20,Wärmepumpe,Technisch,Fehlercode E01 angezeigt,Neutral,Email,Niedrig,2023-11-28,20
9155,13368,2023-06-01,Solar,Technisch,Einspeisevergütung Frage,Negativ,Email,Mittel,2023-06-13,31
9156,15143,2023-09-03,Speicher,Technisch,Kapazität gesunken,Neutral,Chat,Mittel,2023-09-03,183
9157,3722,2024-12-14,Solar,Technisch,Monitoring nicht verfügbar,Negativ,Email,Kritisch,2024-12-18,6
9158,14617,2024-09-22,Wallbox,E-Mobility,App-Verbindung unterbrochen,Neutral,App,Mittel,2024-10-01,134
9159,14364,2024-11-07,Tarif,Vertrag,Umzug melden,Neutral,App,Mittel,2024-11-12,186
9160,19591,2024-12-19,Solar,Technisch,Einspeisevergütung Frage,Positiv,Chat,Mittel,2024-12-26,77
9161,4920,2024-11-10,Smart Meter,Installation,Smart Meter zeigt keine Daten,Neutral,Email,Mittel,2024-11-13,125
9162,4977,2023-01-02,Allgemein,Service,Kontaktdaten ändern,Negativ,App,Hoch,2023-01-05,84
9163,5716,2024-08-10,Wärmepumpe,Technisch,Effizienz zu niedrig,Neutral,Telefon,Mittel,2024-08-11,190
9164,9728,2023-04-27,Rechnung,Abrechnung,Unstimmigkeit in Rechnung,Negativ,App,Niedrig,2023-05-07,78
9165,3799,2024-07-09,Wärmepumpe,Technisch,Geräuschentwicklung zu hoch,Neutral,Chat,Niedrig,2024-07-10,167
9166,152,2024-05-29,Solar,Technisch,Einspeisevergütung Frage,Neutral,Telefon,Mittel,2024-06-09,113
9167,17653,2023-12-27,Speicher,Technisch,Kapazität gesunken,Neutral,Chat,Mittel,2024-01-07,142
9168,1085,2025-02-19,Rechnung,Abrechnung,Rechnungsfrage,Negativ,Email,Hoch,2025-02-22,71
9169,19371,2023-11-07,Solar,Technisch,Wechselrichter Fehler,Neutral,Chat,Mittel,2023-11-20,104
9170,5255,2024-12-26,Smart Meter,Installation,Smart Meter Installation angefragt,Neutral,Email,Mittel,2024-12-30,3
9171,18983,2025-01-04,Smart Meter,Installation,Smart Meter defekt,Negativ,Telefon,Hoch,2025-01-09,179
9172,14780,2023-05-27,Rechnung,Abrechnung,Unstimmigkeit in Rechnung,Neutral,Telefon,Mittel,2023-05-31,177
9173,1134,2024-10-25,Rechnung,Abrechnung,Abschlag zu hoch,Negativ,Chat,Mittel,2024-11-08,112
9174,15771,2024-03-25,Speicher,Technisch,Batteriespeicher Störung,Negativ,Telefon,Hoch,2024-03-29,68
9175,6217,2023-02-18,Tarif,Vertrag,Ökostrom Umstellung,Negativ,Email,Kritisch,2023-02-24,9
9176,3322,2023-11-12,Speicher,Technisch,Kapazität gesunken,Neutral,Telefon,Hoch,2023-11-14,15
9177,18059,2024-04-02,Solar,Technisch,Solaranlage Ertrag niedrig,Neutral,Telefon,Niedrig,2024-04-11,34
9178,4349,2024-11-10,Solar,Technisch,Wechselrichter Fehler,Positiv,Chat,Mittel,2024-11-11,138
9179,9308,2024-04-21,Rechnung,Abrechnung,Abschlag zu hoch,Neutral,Chat,Niedrig,2024-04-25,123
9180,7097,2023-12-22,Allgemein,Service,Beschwerde,Negativ,Email,Niedrig,2023-12-28,179
9181,11650,2023-06-10,Smart Meter,Installation,Smart Meter Ablesung fehlerhaft,Neutral,Chat,Mittel,2023-06-22,173
9182,4571,2024-02-24,Allgemein,Service,Lob,Positiv,Email,Niedrig,2024-03-05,65
9183,14309,2024-12-13,Speicher,Technisch,Batteriespeicher Störung,Negativ,Telefon,Hoch,2024-12-14,73
9184,17537,2024-01-18,Wallbox,E-Mobility,Wallbox Installation angefragt,Neutral,Telefon,Hoch,2024-01-21,60
9185,6767,2024-06-21,Allgemein,Service,Beschwerde,Negativ,Chat,Hoch,2024-06-28,174
9186,1678,2025-04-18,Tarif,Vertrag,Kündigung,Neutral,Telefon,Mittel,2025-04-27,15
9187,18555,2024-08-09,Tarif,Vertrag,Tarifwechsel angefragt,Neutral,App,Mittel,2024-08-11,166
9188,19703,2023-03-02,Rechnung,Abrechnung,Gutschrift angefragt,Negativ,Email,Hoch,2023-03-09,29
9189,6861,2024-06-13,Tarif,Vertrag,Vertragsverlängerung,Neutral,Chat,Niedrig,2024-06-17,36
9190,18803,2023-08-28,Rechnung,Abrechnung,Zahlungsplan angefragt,Positiv,Email,Hoch,2023-08-30,161
9191,2171,2024-03-23,Rechnung,Abrechnung,Unstimmigkeit in Rechnung,Positiv,Email,Mittel,2024-04-04,41
9192,14999,2024-08-16,Speicher,Technisch,Batteriespeicher Störung,Negativ,Email,Kritisch,2024-08-23,198
9193,6118,2024-01-26,Smart Meter,Installation,Smart Meter App funktioniert nicht,Negativ,Chat,Kritisch,2024-01-26,79
9194,8402,2023-06-17,Speicher,Technisch,Kapazität gesunken,Neutral,Telefon,Mittel,2023-06-25,97
9195,817,2024-08-17,Speicher,Technisch,Speicher lädt nicht,Negativ,Email,Kritisch,2024-08-24,23
9196,5715,2025-03-16,Tarif,Vertrag,Preisgarantie Frage,Positiv,Email,Hoch,2025-03-20,171
9197,14387,2023-03-11,Smart Meter,Installation,Smart Meter defekt,Negativ,Email,Hoch,2023-03-14,76
9198,16293,2023-02-23,Wallbox,E-Mobility,Ladekarte Probleme,Neutral,Chat,Hoch,2023-02-24,163
9199,11371,2023-03-03,Rechnung,Abrechnung,Rechnungsfrage,Neutral,App,Mittel,2023-03-16,199
9200,4748,2024-08-03,Smart Meter,Installation,Smart Meter App funktioniert nicht,Negativ,Email,Niedrig,2024-08-06,152
9201,9251,2024-07-09,Solar,Technisch,Wechselrichter Fehler,Neutral,Email,Hoch,2024-07-12,10
9202,9566,2023-05-14,Solar,Technisch,Solaranlage produziert nicht,Negativ,Telefon,Hoch,2023-05-14,57
9203,2284,2024-09-14,Wallbox,E-Mobility,Ladekarte Probleme,Negativ,Email,Mittel,2024-09-19,93
9204,8127,2025-01-25,Speicher,Technisch,Speicher lädt nicht,Negativ,Chat,Niedrig,2025-01-26,125
9205,8922,2023-07-28,Tarif,Vertrag,Ökostrom Umstellung,Neutral,Email,Niedrig,2023-08-03,1
9206,2050,2025-02-18,Smart Meter,Installation,Smart Meter defekt,Negativ,Email,Hoch,2025-02-24,125
9207,6708,2023-12-18,Smart Meter,Installation,Smart Meter Installation angefragt,Neutral,Telefon,Mittel,2023-12-26,135
9208,16493,2024-02-27,Speicher,Technisch,Batteriespeicher Störung,Negativ,Telefon,Kritisch,2024-03-01,100
9209,18437,2025-06-14,Wärmepumpe,Technisch,Geräuschentwicklung zu hoch,Neutral,App,Kritisch,2025-06-14,5
9210,2970,2023-12-27,Smart Meter,Installation,Smart Meter Installation angefragt,Neutral,Chat,Niedrig,2023-12-27,158
9211,14158,2024-03-30,Allgemein,Service,Kontaktdaten ändern,Neutral,App,Mittel,2024-04-09,182
9212,1889,2025-03-25,Rechnung,Abrechnung,Rechnungsfrage,Neutral,Telefon,Mittel,2025-03-29,60
9213,2750,2024-03-07,Allgemein,Service,Kontaktdaten ändern,Neutral,App,Mittel,2024-03-14,170
9214,2887,2024-03-03,Allgemein,Service,Lob,Positiv,App,Niedrig,2024-03-17,65
9215,743,2025-05-05,Solar,Technisch,Monitoring nicht verfügbar,Negativ,Email,Hoch,2025-05-07,130
9216,18203,2024-10-20,Allgemein,Service,Kontaktdaten ändern,Neutral,Chat,Niedrig,2024-11-03,185
9217,5808,2023-08-05,Smart Meter,Installation,Smart Meter Installation angefragt,Neutral,App,Mittel,2023-08-13,48
9218,19307,2025-03-25,Wallbox,E-Mobility,Wallbox defekt,Negativ,Email,Mittel,2025-04-04,132
9219,4083,2025-03-11,Wallbox,E-Mobility,Wallbox defekt,Negativ,App,Hoch,2025-03-11,2
9220,10123,2025-03-27,Smart Meter,Installation,Smart Meter App funktioniert nicht,Negativ,Email,Kritisch,2025-03-28,52
9221,5802,2023-12-06,Solar,Technisch,Einspeisevergütung Frage,Negativ,Telefon,Mittel,2023-12-12,159
9222,5710,2024-09-23,Allgemein,Service,Informationsanfrage,Neutral,Telefon,Mittel,2024-09-24,111
9223,9156,2023-01-01,Smart Meter,Installation,Smart Meter Installation angefragt,Positiv,Telefon,Hoch,2023-01-06,79
9224,14054,2025-02-20,Wallbox,E-Mobility,Ladekarte Probleme,Neutral,Email,Mittel,2025-02-24,58
9225,10188,2024-04-05,Smart Meter,Installation,Smart Meter zeigt keine Daten,Positiv,Telefon,Niedrig,2024-04-09,191
9226,2054,2023-11-10,Smart Meter,Installation,Smart Meter defekt,Negativ,App,Mittel,2023-11-14,40
9227,741,2025-04-13,Wallbox,E-Mobility,Wallbox defekt,Negativ,Telefon,Kritisch,2025-04-14,62
9228,9891,2024-05-23,Solar,Technisch,Monitoring nicht verfügbar,Negativ,Chat,Mittel,2024-06-04,139
9229,2618,2024-03-05,Allgemein,Service,Lob,Positiv,App,Niedrig,2024-03-09,74
9230,5789,2023-04-01,Speicher,Technisch,Speicher lädt nicht,Negativ,Email,Mittel,2023-04-10,142
9231,7589,2024-12-25,Rechnung,Abrechnung,Zahlungsplan angefragt,Neutral,Chat,Mittel,2025-01-04,90
9232,12650,2024-05-26,Wärmepumpe,Technisch,Fehlercode E01 angezeigt,Positiv,Email,Mittel,2024-06-08,118
9233,6659,2024-01-13,Allgemein,Service,Kontaktdaten ändern,Negativ,App,Mittel,2024-01-13,55
9234,19925,2023-10-20,Wallbox,E-Mobility,Wallbox lädt nicht,Negativ,Email,Mittel,2023-11-02,47
9235,19193,2024-05-19,Tarif,Vertrag,Ökostrom Umstellung,Positiv,Email,Mittel,2024-05-26,59
9236,12686,2024-11-10,Rechnung,Abrechnung,Abschlag anpassen,Negativ,Email,Mittel,2024-11-16,50
9237,6274,2023-06-03,Rechnung,Abrechnung,Abschlag anpassen,Positiv,Chat,Mittel,2023-06-16,70
9238,7849,2024-01-11,Allgemein,Service,Allgemeine Anfrage,Neutral,Chat,Mittel,2024-01-25,79
9239,15259,2025-06-17,Smart Meter,Installation,Smart Meter Ablesung fehlerhaft,Neutral,Telefon,Niedrig,2025-06-25,80
9240,13731,2024-02-10,Solar,Technisch,Wechselrichter Fehler,Neutral,Email,Mittel,2024-02-13,118
9241,8660,2024-10-17,Solar,Technisch,Monitoring nicht verfügbar,Negativ,Chat,Mittel,2024-10-29,182
9242,803,2023-04-26,Speicher,Technisch,Kapazität gesunken,Neutral,Telefon,Mittel,2023-04-29,180
9243,10986,2024-10-20,Tarif,Vertrag,Vertragsverlängerung,Neutral,App,Hoch,2024-10-25,18
9244,18342,2024-09-07,Wärmepumpe,Technisch,Wärmepumpe Störung,Negativ,App,Hoch,2024-09-14,95
9245,826,2025-04-21,Tarif,Vertrag,Vertragsverlängerung,Neutral,Telefon,Niedrig,2025-04-22,105
9246,19878,2023-05-24,Smart Meter,Installation,Smart Meter Installation angefragt,Positiv,App,Mittel,2023-06-03,4
9247,1665,2023-10-08,Solar,Technisch,Monitoring nicht verfügbar,Negativ,App,Kritisch,2023-10-09,13
9248,12868,2023-11-10,Wallbox,E-Mobility,Wallbox defekt,Negativ,App,Kritisch,2023-11-14,19
9249,3116,2023-12-04,Tarif,Vertrag,Kündigung,Positiv,Telefon,Niedrig,2023-12-09,126
9250,14783,2023-01-03,Tarif,Vertrag,Kündigung,Neutral,Telefon,Niedrig,2023-01-16,150
9251,1155,2024-11-27,Smart Meter,Installation,Smart Meter defekt,Negativ,App,Hoch,2024-12-02,135
9252,1885,2024-12-15,Wallbox,E-Mobility,Wallbox Installation angefragt,Neutral,Telefon,Mittel,2024-12-18,183
9253,6020,2024-06-20,Solar,Technisch,Monitoring nicht verfügbar,Negativ,Telefon,Hoch,2024-06-25,5
9254,15037,2023-11-25,Wallbox,E-Mobility,Wallbox lädt nicht,Negativ,Chat,Hoch,2023-11-26,5
9255,18289,2024-03-18,Smart Meter,Installation,Smart Meter zeigt keine Daten,Positiv,Email,Mittel,2024-03-27,196
9256,17795,2023-08-15,Speicher,Technisch,Kapazität gesunken,Neutral,App,Mittel,2023-08-26,33
9257,15186,2023-04-06,Speicher,Technisch,Speicher lädt nicht,Negativ,App,Hoch,2023-04-13,186
9258,9636,2023-05-29,Speicher,Technisch,Kapazität gesunken,Positiv,App,Niedrig,2023-06-05,5
9259,2512,2023-12-06,Rechnung,Abrechnung,Abschlag anpassen,Neutral,Chat,Hoch,2023-12-08,52
9260,4201,2024-01-16,Wärmepumpe,Technisch,Wärmepumpe läuft nicht,Negativ,Email,Hoch,2024-01-18,137
9261,15552,2023-01-14,Allgemein,Service,Kontaktdaten ändern,Negativ,Telefon,Hoch,2023-01-16,34
9262,16010,2023-02-08,Speicher,Technisch,Batteriespeicher Störung,Negativ,Email,Hoch,2023-02-09,100
9263,3532,2024-10-28,Rechnung,Abrechnung,Zahlungsplan angefragt,Neutral,Telefon,Hoch,2024-10-29,29
9264,13494,2024-08-12,Smart Meter,Installation,Smart Meter App funktioniert nicht,Negativ,Telefon,Kritisch,2024-08-18,62
9265,12011,2024-01-03,Solar,Technisch,Wechselrichter Fehler,Neutral,Chat,Mittel,2024-01-04,87
9266,10068,2023-05-09,Tarif,Vertrag,Umzug melden,Positiv,Email,Niedrig,2023-05-12,158
9267,19907,2023-09-18,Solar,Technisch,Monitoring nicht verfügbar,Negativ,Email,Niedrig,2023-09-20,54
9268,19213,2024-12-01,Wallbox,E-Mobility,Wallbox defekt,Negativ,Chat,Kritisch,2024-12-08,176
9269,11645,2024-07-12,Tarif,Vertrag,Kündigung,Neutral,Email,Hoch,2024-07-13,22
9270,13842,2025-01-05,Tarif,Vertrag,Vertragsverlängerung,Negativ,Email,Mittel,2025-01-15,172
9271,4279,2025-03-03,Rechnung,Abrechnung,Abschlag anpassen,Neutral,Chat,Niedrig,2025-03-09,62
9272,9130,2025-05-13,Tarif,Vertrag,Umzug melden,Neutral,Telefon,Mittel,2025-05-25,161
9273,4102,2024-11-12,Speicher,Technisch,Kapazität gesunken,Positiv,Chat,Mittel,2024-11-23,47
9274,13572,2025-04-29,Tarif,Vertrag,Kündigung,Neutral,Telefon,Niedrig,2025-05-10,46
9275,8994,2024-02-26,Wärmepumpe,Technisch,Wärmepumpe läuft nicht,Negativ,App,Hoch,2024-02-29,172
9276,18163,2023-05-30,Solar,Technisch,Solaranlage produziert nicht,Negativ,App,Hoch,2023-06-01,105
9277,11575,2023-03-05,Solar,Technisch,Einspeisevergütung Frage,Neutral,Telefon,Hoch,2023-03-05,170
9278,569,2024-12-20,Wallbox,E-Mobility,Ladekarte Probleme,Neutral,Email,Mittel,2024-12-28,47
9279,2465,2024-01-28,Speicher,Technisch,Batteriespeicher Störung,Negativ,Chat,Hoch,2024-01-28,126
9280,9973,2024-05-19,Allgemein,Service,Informationsanfrage,Neutral,Telefon,Mittel,2024-05-25,64
9281,439,2023-10-07,Solar,Technisch,Einspeisevergütung Frage,Neutral,Telefon,Mittel,2023-10-10,177
9282,6078,2024-04-21,Tarif,Vertrag,Tarifwechsel angefragt,Positiv,Chat,Mittel,2024-05-01,124
9283,16166,2024-07-29,Tarif,Vertrag,Preisgarantie Frage,Neutral,App,Mittel,2024-08-07,167
9284,16208,2025-01-19,Allgemein,Service,Kontaktdaten ändern,Neutral,Chat,Mittel,2025-01-20,193
9285,189,2023-06-30,Tarif,Vertrag,Kündigung,Positiv,Email,Mittel,2023-06-30,164
9286,19478,2024-07-11,Rechnung,Abrechnung,Abschlag anpassen,Positiv,Telefon,Mittel,2024-07-18,166
9287,18032,2024-04-11,Speicher,Technisch,Batteriespeicher Störung,Negativ,Telefon,Kritisch,2024-04-18,155
9288,18474,2024-06-12,Smart Meter,Installation,Smart Meter defekt,Negativ,Telefon,Mittel,2024-06-26,193
9289,16630,2023-12-17,Wärmepumpe,Technisch,Wärmepumpe Störung,Negativ,Chat,Mittel,2023-12-29,149
9290,818,2023-08-19,Smart Meter,Installation,Smart Meter App funktioniert nicht,Negativ,App,Kritisch,2023-08-21,173
9291,10092,2024-07-27,Solar,Technisch,Wechselrichter Fehler,Negativ,App,Mittel,2024-08-07,126
9292,7385,2024-11-07,Smart Meter,Installation,Smart Meter Installation angefragt,Neutral,Email,Hoch,2024-11-08,90
9293,10224,2023-04-21,Wallbox,E-Mobility,Wallbox Installation angefragt,Negativ,Email,Mittel,2023-04-25,35
9294,1625,2024-04-16,Tarif,Vertrag,Kündigung,Positiv,Email,Mittel,2024-04-23,163
9295,4966,2024-03-03,Wallbox,E-Mobility,App-Verbindung unterbrochen,Neutral,Email,Mittel,2024-03-03,177
9296,14137,2024-04-09,Tarif,Vertrag,Umzug melden,Neutral,App,Mittel,2024-04-19,192
9297,1544,2023-03-01,Rechnung,Abrechnung,Gutschrift angefragt,Neutral,Email,Hoch,2023-03-04,93
9298,1154,2023-06-06,Allgemein,Service,Lob,Positiv,Email,Niedrig,2023-06-10,197
9299,6868,2025-01-23,Tarif,Vertrag,Vertragsverlängerung,Neutral,App,Mittel,2025-02-02,147
9300,16541,2023-04-28,Allgemein,Service,Informationsanfrage,Negativ,Email,Niedrig,2023-05-10,45
9301,18115,2024-02-08,Rechnung,Abrechnung,Zahlungsplan angefragt,Neutral,Chat,Kritisch,2024-02-14,41
9302,16923,2025-04-03,Allgemein,Service,Allgemeine Anfrage,Negativ,Telefon,Mittel,2025-04-07,181
9303,722,2023-02-25,Solar,Technisch,Monitoring nicht verfügbar,Negativ,Chat,Niedrig,2023-02-27,61
9304,1276,2024-04-29,Tarif,Vertrag,Preisgarantie Frage,Neutral,Telefon,Hoch,2024-05-05,7
9305,15686,2023-06-09,Rechnung,Abrechnung,Abschlag zu hoch,Negativ,Chat,Mittel,2023-06-15,111
9306,14672,2025-04-16,Rechnung,Abrechnung,Abschlag zu hoch,Negativ,Chat,Hoch,2025-04-19,38
9307,7492,2023-10-15,Solar,Technisch,Wechselrichter Fehler,Neutral,App,Mittel,2023-10-27,87
9308,17110,2024-08-19,Rechnung,Abrechnung,Abschlag anpassen,Negativ,Email,Mittel,2024-09-01,29
9309,11820,2023-09-26,Solar,Technisch,Wechselrichter Fehler,Negativ,Chat,Mittel,2023-09-26,112
9310,5234,2024-06-05,Speicher,Technisch,Kapazität gesunken,Negativ,Chat,Hoch,2024-06-11,58
9311,6099,2023-08-01,Solar,Technisch,Solaranlage Ertrag niedrig,Neutral,App,Hoch,2023-08-01,175
9312,9454,2024-05-07,Smart Meter,Installation,Smart Meter Ablesung fehlerhaft,Neutral,Telefon,Niedrig,2024-05-21,113
9313,13307,2025-06-27,Speicher,Technisch,Kapazität gesunken,Positiv,Email,Niedrig,2025-07-06,12
9314,16365,2024-06-13,Wallbox,E-Mobility,Wallbox Installation angefragt,Negativ,App,Niedrig,2024-06-17,161
9315,12470,2023-06-20,Wärmepumpe,Technisch,Wärmepumpe läuft nicht,Negativ,Telefon,Mittel,2023-06-27,36
9316,13007,2024-02-06,Allgemein,Service,Lob,Positiv,Chat,Niedrig,2024-02-06,20
9317,16487,2024-09-28,Rechnung,Abrechnung,Gutschrift angefragt,Neutral,Telefon,Mittel,2024-10-09,141
9318,16759,2025-02-14,Allgemein,Service,Lob,Positiv,App,Niedrig,2025-02-26,54
9319,5086,2025-04-10,Tarif,Vertrag,Umzug melden,Negativ,App,Mittel,2025-04-21,31
9320,11588,2024-07-17,Rechnung,Abrechnung,Abschlag anpassen,Positiv,Chat,Niedrig,2024-07-29,198
9321,1551,2023-12-05,Tarif,Vertrag,Tarifwechsel angefragt,Neutral,Chat,Niedrig,2023-12-17,170
9322,7231,2024-05-23,Speicher,Technisch,Kapazität gesunken,Neutral,Telefon,Niedrig,2024-05-24,167
9323,9928,2024-04-07,Wallbox,E-Mobility,Wallbox Installation angefragt,Neutral,Email,Mittel,2024-04-11,58
9324,7588,2023-04-06,Speicher,Technisch,Batteriespeicher Störung,Negativ,App,Hoch,2023-04-06,189
9325,266,2023-10-01,Rechnung,Abrechnung,Unstimmigkeit in Rechnung,Negativ,Email,Mittel,2023-10-14,160
9326,2440,2024-06-26,Solar,Technisch,Solaranlage produziert nicht,Negativ,Telefon,Hoch,2024-06-30,117
9327,12373,2024-07-06,Wärmepumpe,Technisch,Effizienz zu niedrig,Neutral,Chat,Mittel,2024-07-14,145
9328,11334,2024-12-03,Solar,Technisch,Monitoring nicht verfügbar,Negativ,Email,Mittel,2024-12-07,168
9329,17016,2023-11-15,Speicher,Technisch,Speicher lädt nicht,Negativ,Telefon,Mittel,2023-11-22,88
9330,504,2023-03-27,Rechnung,Abrechnung,Abschlag zu hoch,Neutral,Email,Niedrig,2023-03-29,188
9331,3130,2023-11-13,Solar,Technisch,Solaranlage Ertrag niedrig,Neutral,Telefon,Mittel,2023-11-27,69
9332,2965,2023-11-13,Wallbox,E-Mobility,Wallbox lädt nicht,Negativ,Email,Hoch,2023-11-13,34
9333,9706,2025-03-24,Wärmepumpe,Technisch,Effizienz zu niedrig,Neutral,Telefon,Niedrig,2025-04-07,106
9334,3361,2024-01-01,Wallbox,E-Mobility,Wallbox Installation angefragt,Neutral,App,Mittel,2024-01-14,122
9335,7598,2023-03-17,Solar,Technisch,Solaranlage produziert nicht,Negativ,App,Kritisch,2023-03-17,149
9336,15290,2025-04-05,Rechnung,Abrechnung,Zahlungsplan angefragt,Negativ,Email,Mittel,2025-04-15,116
9337,9018,2023-08-02,Tarif,Vertrag,Tarifwechsel angefragt,Neutral,Chat,Niedrig,2023-08-12,68
9338,653,2024-07-20,Speicher,Technisch,Kapazität gesunken,Neutral,Chat,Mittel,2024-07-20,144
9339,4557,2023-04-21,Rechnung,Abrechnung,Gutschrift angefragt,Positiv,Email,Mittel,2023-05-01,30
9340,6640,2025-03-01,Tarif,Vertrag,Ökostrom Umstellung,Neutral,Email,Niedrig,2025-03-15,27
9341,3267,2023-01-12,Speicher,Technisch,Speicher lädt nicht,Negativ,Email,Mittel,2023-01-23,26
9342,10400,2023-02-16,Smart Meter,Installation,Smart Meter zeigt keine Daten,Neutral,Email,Mittel,2023-02-17,167
9343,10826,2024-06-04,Rechnung,Abrechnung,Unstimmigkeit in Rechnung,Positiv,Chat,Niedrig,2024-06-12,191
9344,13254,2024-11-04,Allgemein,Service,Lob,Positiv,Email,Niedrig,2024-11-16,166
9345,1892,2024-01-12,Solar,Technisch,Solaranlage produziert nicht,Negativ,Chat,Hoch,2024-01-13,37
9346,6804,2023-04-10,Smart Meter,Installation,Smart Meter zeigt keine Daten,Neutral,Telefon,Niedrig,2023-04-23,37
9347,6806,2023-09-25,Wärmepumpe,Technisch,Wartung angefragt,Neutral,Chat,Niedrig,2023-09-30,174
9348,18751,2023-07-08,Smart Meter,Installation,Smart Meter App funktioniert nicht,Negativ,App,Hoch,2023-07-08,109
9349,19231,2023-11-02,Smart Meter,Installation,Smart Meter App funktioniert nicht,Negativ,Chat,Niedrig,2023-11-02,114
9350,18003,2024-06-24,Speicher,Technisch,Speicher lädt nicht,Negativ,Chat,Kritisch,2024-06-28,69
9351,4132,2025-05-13,Smart Meter,Installation,Smart Meter zeigt keine Daten,Neutral,Chat,Niedrig,2025-05-22,146
9352,3258,2023-01-06,Smart Meter,Installation,Smart Meter defekt,Negativ,Email,Hoch,2023-01-12,181
9353,15009,2024-03-29,Smart Meter,Installation,Smart Meter defekt,Negativ,Chat,Kritisch,2024-03-30,123
9354,3844,2024-02-16,Wallbox,E-Mobility,Wallbox Installation angefragt,Neutral,App,Kritisch,2024-02-20,121
9355,10196,2024-10-01,Wallbox,E-Mobility,App-Verbindung unterbrochen,Neutral,Chat,Kritisch,2024-10-04,120
9356,16105,2023-09-18,Wallbox,E-Mobility,Wallbox defekt,Negativ,Telefon,Mittel,2023-09-28,146
9357,16312,2023-07-03,Rechnung,Abrechnung,Gutschrift angefragt,Neutral,Telefon,Mittel,2023-07-17,117
9358,2549,2024-01-01,Allgemein,Service,Beschwerde,Negativ,Chat,Mittel,2024-01-12,27
9359,19003,2023-06-03,Speicher,Technisch,Batteriespeicher Störung,Negativ,Chat,Kritisch,2023-06-06,180
9360,8156,2024-03-02,Wärmepumpe,Technisch,Wartung angefragt,Neutral,Chat,Niedrig,2024-03-03,133
9361,5514,2023-11-16,Rechnung,Abrechnung,Gutschrift angefragt,Neutral,Telefon,Mittel,2023-11-27,114
9362,18028,2024-03-28,Tarif,Vertrag,Kündigung,Positiv,Email,Mittel,2024-03-31,101
9363,6773,2023-03-24,Smart Meter,Installation,Smart Meter defekt,Negativ,App,Hoch,2023-03-31,63
9364,16814,2024-01-17,Allgemein,Service,Beschwerde,Negativ,App,Mittel,2024-01-25,90
9365,3906,2024-08-20,Speicher,Technisch,Batteriespeicher Störung,Negativ,Chat,Hoch,2024-08-20,191
9366,18369,2023-07-01,Tarif,Vertrag,Tarifwechsel angefragt,Neutral,App,Hoch,2023-07-02,77
9367,4848,2024-01-10,Allgemein,Service,Lob,Positiv,Chat,Niedrig,2024-01-21,70
9368,13678,2024-05-13,Wallbox,E-Mobility,Ladekarte Probleme,Positiv,Email,Mittel,2024-05-22,33
9369,8438,2024-03-27,Tarif,Vertrag,Ökostrom Umstellung,Neutral,Chat,Hoch,2024-03-31,82
9370,4088,2023-08-20,Speicher,Technisch,Batteriespeicher Störung,Negativ,Telefon,Hoch,2023-08-27,10
9371,98,2024-05-29,Smart Meter,Installation,Smart Meter defekt,Negativ,Email,Mittel,2024-05-31,40
9372,6420,2023-11-08,Smart Meter,Installation,Smart Meter App funktioniert nicht,Negativ,Telefon,Kritisch,2023-11-15,8
9373,12664,2023-11-07,Smart Meter,Installation,Smart Meter App funktioniert nicht,Negativ,Telefon,Hoch,2023-11-12,102
9374,7407,2024-10-24,Wallbox,E-Mobility,Wallbox Installation angefragt,Neutral,Telefon,Mittel,2024-11-04,141
9375,7080,2024-09-17,Allgemein,Service,Allgemeine Anfrage,Negativ,App,Kritisch,2024-09-21,58
9376,14307,2025-05-19,Speicher,Technisch,Speicher lädt nicht,Negativ,Email,Mittel,2025-05-24,152
9377,12967,2023-03-22,Solar,Technisch,Wechselrichter Fehler,Neutral,Telefon,Hoch,2023-03-26,136
9378,17,2023-10-27,Speicher,Technisch,Speicher lädt nicht,Negativ,Telefon,Mittel,2023-10-31,152
9379,19814,2024-06-21,Smart Meter,Installation,Smart Meter App funktioniert nicht,Negativ,Chat,Kritisch,2024-06-23,197
9380,15202,2024-02-13,Rechnung,Abrechnung,Unstimmigkeit in Rechnung,Neutral,Email,Mittel,2024-02-16,32
9381,9550,2024-01-13,Tarif,Vertrag,Tarifwechsel angefragt,Negativ,Chat,Mittel,2024-01-24,134
9382,10219,2024-01-28,Wärmepumpe,Technisch,Wartung angefragt,Negativ,Chat,Mittel,2024-02-01,86
9383,16868,2025-02-27,Tarif,Vertrag,Ökostrom Umstellung,Neutral,Email,Mittel,2025-03-10,200
9384,18650,2025-05-26,Solar,Technisch,Solaranlage Ertrag niedrig,Neutral,App,Niedrig,2025-05-30,165
9385,6171,2025-02-13,Tarif,Vertrag,Ökostrom Umstellung,Negativ,Email,Mittel,2025-02-18,50
9386,4462,2025-06-26,Tarif,Vertrag,Ökostrom Umstellung,Neutral,Telefon,Mittel,2025-07-07,18
9387,232,2023-02-21,Allgemein,Service,Beschwerde,Negativ,Telefon,Hoch,2023-02-28,100
9388,8311,2023-06-11,Allgemein,Service,Beschwerde,Negativ,App,Kritisch,2023-06-12,53
9389,7395,2025-02-20,Rechnung,Abrechnung,Zahlungsplan angefragt,Neutral,Telefon,Mittel,2025-02-26,117
9390,11531,2024-05-30,Allgemein,Service,Informationsanfrage,Negativ,Chat,Mittel,2024-06-09,30
9391,11100,2025-04-17,Tarif,Vertrag,Ökostrom Umstellung,Positiv,Telefon,Mittel,2025-05-01,57
9392,13780,2025-02-08,Smart Meter,Installation,Smart Meter defekt,Negativ,Chat,Kritisch,2025-02-08,96
9393,19256,2024-12-18,Smart Meter,Installation,Smart Meter Ablesung fehlerhaft,Neutral,Telefon,Hoch,2024-12-24,112
9394,12115,2023-02-10,Wallbox,E-Mobility,App-Verbindung unterbrochen,Neutral,Chat,Mittel,2023-02-10,90
9395,9969,2024-04-19,Solar,Technisch,Solaranlage Ertrag niedrig,Neutral,Email,Hoch,2024-04-24,113
9396,524,2025-01-31,Wärmepumpe,Technisch,Fehlercode E01 angezeigt,Neutral,Chat,Kritisch,2025-01-31,102
9397,249,2023-08-01,Allgemein,Service,Informationsanfrage,Negativ,Email,Mittel,2023-08-06,150
9398,10267,2023-10-11,Solar,Technisch,Solaranlage Ertrag niedrig,Neutral,App,Mittel,2023-10-13,9
9399,1100,2024-03-20,Tarif,Vertrag,Umzug melden,Negativ,Telefon,Hoch,2024-03-22,98
9400,5426,2024-10-10,Wärmepumpe,Technisch,Wartung angefragt,Positiv,Chat,Mittel,2024-10-17,173
9401,1069,2023-03-12,Wärmepumpe,Technisch,Fehlercode E01 angezeigt,Neutral,App,Niedrig,2023-03-22,62
9402,11201,2024-05-24,Allgemein,Service,Allgemeine Anfrage,Neutral,App,Mittel,2024-05-26,190
9403,14942,2023-06-21,Rechnung,Abrechnung,Abschlag zu hoch,Neutral,Chat,Mittel,2023-06-27,110
9404,12775,2023-09-13,Allgemein,Service,Lob,Positiv,App,Niedrig,2023-09-21,191
9405,16255,2023-05-15,Rechnung,Abrechnung,Rechnungsfrage,Negativ,Chat,Mittel,2023-05-21,130
9406,6367,2023-08-16,Wallbox,E-Mobility,Wallbox Installation angefragt,Neutral,Telefon,Hoch,2023-08-20,5
9407,16927,2025-06-08,Smart Meter,Installation,Smart Meter Installation angefragt,Positiv,Chat,Hoch,2025-06-08,13
9408,12062,2024-07-06,Wärmepumpe,Technisch,Fehlercode E01 angezeigt,Neutral,Telefon,Mittel,2024-07-06,174
9409,16162,2024-04-01,Tarif,Vertrag,Vertragsverlängerung,Neutral,Chat,Mittel,2024-04-09,189
9410,5755,2023-10-11,Allgemein,Service,Kontaktdaten ändern,Neutral,App,Mittel,2023-10-23,117
9411,15767,2024-10-21,Tarif,Vertrag,Preisgarantie Frage,Negativ,Telefon,Niedrig,2024-11-01,4
9412,18322,2023-02-18,Allgemein,Service,Informationsanfrage,Neutral,Telefon,Niedrig,2023-03-01,110
9413,222,2025-01-03,Solar,Technisch,Wechselrichter Fehler,Neutral,Telefon,Mittel,2025-01-11,183
9414,17293,2024-05-16,Tarif,Vertrag,Ökostrom Umstellung,Neutral,App,Niedrig,2024-05-16,150
9415,10331,2024-11-22,Wallbox,E-Mobility,Wallbox lädt nicht,Negativ,Chat,Hoch,2024-11-29,124
9416,7516,2023-02-12,Speicher,Technisch,Speicher lädt nicht,Negativ,Chat,Mittel,2023-02-23,56
9417,14229,2024-05-17,Rechnung,Abrechnung,Abschlag anpassen,Positiv,App,Mittel,2024-05-30,187
9418,14999,2023-03-01,Solar,Technisch,Solaranlage produziert nicht,Negativ,Email,Mittel,2023-03-09,70
9419,6130,2024-06-24,Wallbox,E-Mobility,Wallbox defekt,Negativ,App,Hoch,2024-06-26,133
9420,9985,2023-05-20,Rechnung,Abrechnung,Zahlungsplan angefragt,Positiv,Telefon,Mittel,2023-05-27,2
9421,12500,2023-02-10,Smart Meter,Installation,Smart Meter defekt,Negativ,Chat,Kritisch,2023-02-12,104
9422,5145,2024-10-24,Wallbox,E-Mobility,Wallbox lädt nicht,Negativ,App,Mittel,2024-11-05,75
9423,8917,2024-12-30,Tarif,Vertrag,Ökostrom Umstellung,Positiv,Email,Mittel,2025-01-05,78
9424,8285,2023-07-18,Solar,Technisch,Wechselrichter Fehler,Neutral,Telefon,Mittel,2023-07-27,126
9425,12027,2024-11-01,Tarif,Vertrag,Vertragsverlängerung,Neutral,Chat,Hoch,2024-11-02,6
9426,5921,2024-08-08,Solar,Technisch,Solaranlage Ertrag niedrig,Neutral,Email,Mittel,2024-08-08,94
9427,10444,2024-05-31,Wärmepumpe,Technisch,Wärmepumpe Störung,Negativ,Chat,Niedrig,2024-05-31,42
9428,7288,2025-05-25,Wallbox,E-Mobility,Wallbox lädt nicht,Negativ,App,Kritisch,2025-05-28,126
9429,8407,2025-04-28,Allgemein,Service,Informationsanfrage,Negativ,Telefon,Hoch,2025-04-28,53
9430,4889,2024-01-04,Allgemein,Service,Informationsanfrage,Neutral,Chat,Mittel,2024-01-13,140
9431,3043,2025-01-27,Smart Meter,Installation,Smart Meter defekt,Negativ,App,Mittel,2025-02-04,68
9432,15884,2025-03-30,Tarif,Vertrag,Preisgarantie Frage,Neutral,Email,Niedrig,2025-04-06,190
9433,15160,2023-04-26,Solar,Technisch,Solaranlage Ertrag niedrig,Neutral,Telefon,Mittel,2023-05-02,197
9434,7636,2025-05-30,Wallbox,E-Mobility,App-Verbindung unterbrochen,Positiv,App,Mittel,2025-06-10,66
9435,19586,2023-05-31,Wallbox,E-Mobility,Wallbox lädt nicht,Negativ,Email,Hoch,2023-06-03,39
9436,8157,2024-02-03,Solar,Technisch,Einspeisevergütung Frage,Neutral,Chat,Mittel,2024-02-12,92
9437,2732,2023-03-28,Wallbox,E-Mobility,Wallbox defekt,Negativ,Email,Mittel,2023-03-30,87
9438,9927,2023-10-14,Wallbox,E-Mobility,Wallbox defekt,Negativ,Email,Hoch,2023-10-19,173
9439,13824,2023-05-30,Solar,Technisch,Monitoring nicht verfügbar,Negativ,App,Hoch,2023-06-04,120
9440,12407,2025-02-25,Tarif,Vertrag,Ökostrom Umstellung,Neutral,App,Mittel,2025-03-11,88
9441,8409,2023-07-15,Tarif,Vertrag,Preisgarantie Frage,Positiv,Email,Mittel,2023-07-17,196
9442,7223,2025-02-20,Smart Meter,Installation,Smart Meter App funktioniert nicht,Negativ,Telefon,Kritisch,2025-02-24,102
9443,7355,2024-11-23,Speicher,Technisch,Speicher lädt nicht,Negativ,App,Hoch,2024-11-29,37
9444,10861,2023-10-27,Rechnung,Abrechnung,Abschlag zu hoch,Positiv,Chat,Mittel,2023-10-30,28
9445,5785,2025-06-08,Speicher,Technisch,Kapazität gesunken,Neutral,Chat,Hoch,2025-06-09,160
9446,7825,2024-02-07,Wallbox,E-Mobility,App-Verbindung unterbrochen,Neutral,Telefon,Niedrig,2024-02-09,65
9447,5372,2024-03-06,Speicher,Technisch,Batteriespeicher Störung,Negativ,App,Niedrig,2024-03-19,111
9448,5252,2025-03-07,Speicher,Technisch,Speicher lädt nicht,Negativ,Email,Mittel,2025-03-12,158
9449,9925,2024-06-29,Wärmepumpe,Technisch,Wartung angefragt,Positiv,Chat,Hoch,2024-07-02,168
9450,5996,2024-10-30,Rechnung,Abrechnung,Rechnungsfrage,Positiv,Chat,Hoch,2024-11-04,193
9451,14871,2023-01-27,Wallbox,E-Mobility,Ladekarte Probleme,Neutral,App,Hoch,2023-02-01,193
9452,19950,2024-01-16,Wallbox,E-Mobility,App-Verbindung unterbrochen,Neutral,Email,Niedrig,2024-01-29,155
9453,4758,2023-12-14,Allgemein,Service,Beschwerde,Negativ,App,Mittel,2023-12-20,52
9454,8297,2025-05-24,Speicher,Technisch,Kapazität gesunken,Neutral,Chat,Mittel,2025-05-27,181
9455,1729,2024-06-03,Wärmepumpe,Technisch,Geräuschentwicklung zu hoch,Neutral,Email,Niedrig,2024-06-11,66
9456,19118,2025-01-22,Wärmepumpe,Technisch,Wärmepumpe läuft nicht,Negativ,Chat,Niedrig,2025-01-27,55
9457,10847,2023-08-31,Wallbox,E-Mobility,Wallbox lädt nicht,Negativ,App,Mittel,2023-08-31,73
9458,11450,2023-04-23,Allgemein,Service,Informationsanfrage,Neutral,Telefon,Kritisch,2023-04-26,13
9459,6567,2025-04-05,Wärmepumpe,Technisch,Wärmepumpe läuft nicht,Negativ,Telefon,Mittel,2025-04-07,132
9460,13869,2023-11-01,Smart Meter,Installation,Smart Meter defekt,Negativ,Chat,Hoch,2023-11-06,197
9461,17567,2024-12-01,Wärmepumpe,Technisch,Wärmepumpe läuft nicht,Negativ,Chat,Mittel,2024-12-03,46
9462,18239,2024-04-08,Speicher,Technisch,Kapazität gesunken,Neutral,App,Hoch,2024-04-09,104
9463,17068,2023-06-16,Tarif,Vertrag,Umzug melden,Negativ,Telefon,Niedrig,2023-06-20,169
9464,18359,2025-02-20,Solar,Technisch,Wechselrichter Fehler,Neutral,Telefon,Mittel,2025-02-24,130
9465,11344,2024-10-06,Speicher,Technisch,Kapazität gesunken,Neutral,Email,Niedrig,2024-10-07,85
9466,13386,2023-01-09,Speicher,Technisch,Speicher lädt nicht,Negativ,Telefon,Mittel,2023-01-16,64
9467,16967,2023-05-14,Wallbox,E-Mobility,Wallbox defekt,Negativ,App,Hoch,2023-05-15,59
9468,13823,2025-05-31,Tarif,Vertrag,Tarifwechsel angefragt,Positiv,Telefon,Niedrig,2025-06-08,164
9469,16314,2024-11-28,Rechnung,Abrechnung,Unstimmigkeit in Rechnung,Neutral,Chat,Mittel,2024-12-04,54
9470,12358,2024-06-13,Wallbox,E-Mobility,Ladekarte Probleme,Neutral,Telefon,Niedrig,2024-06-22,135
9471,9734,2024-01-16,Smart Meter,Installation,Smart Meter Ablesung fehlerhaft,Neutral,Telefon,Niedrig,2024-01-30,138
9472,19250,2025-01-05,Tarif,Vertrag,Vertragsverlängerung,Neutral,Telefon,Mittel,2025-01-16,169
9473,14924,2024-12-09,Tarif,Vertrag,Umzug melden,Negativ,App,Mittel,2024-12-22,154
9474,7192,2023-04-16,Smart Meter,Installation,Smart Meter zeigt keine Daten,Neutral,Chat,Mittel,2023-04-26,98
9475,18951,2023-06-08,Solar,Technisch,Solaranlage produziert nicht,Negativ,App,Mittel,2023-06-21,103
9476,17798,2024-10-25,Smart Meter,Installation,Smart Meter App funktioniert nicht,Negativ,Telefon,Hoch,2024-11-01,145
9477,10361,2024-04-26,Wallbox,E-Mobility,App-Verbindung unterbrochen,Neutral,Telefon,Kritisch,2024-04-26,95
9478,3337,2024-12-13,Smart Meter,Installation,Smart Meter zeigt keine Daten,Negativ,Chat,Mittel,2024-12-24,145
9479,8132,2024-07-21,Solar,Technisch,Solaranlage Ertrag niedrig,Neutral,App,Mittel,2024-08-03,130
9480,1225,2023-07-28,Allgemein,Service,Kontaktdaten ändern,Positiv,Telefon,Niedrig,2023-08-10,58
9481,7628,2024-03-10,Solar,Technisch,Wechselrichter Fehler,Neutral,Chat,Mittel,2024-03-22,42
9482,12327,2023-11-09,Tarif,Vertrag,Tarifwechsel angefragt,Neutral,Chat,Mittel,2023-11-23,3
9483,14220,2025-05-28,Speicher,Technisch,Speicher lädt nicht,Negativ,Email,Mittel,2025-06-02,75
9484,17996,2023-08-07,Rechnung,Abrechnung,Unstimmigkeit in Rechnung,Neutral,Email,Kritisch,2023-08-11,54
9485,5273,2024-07-18,Smart Meter,Installation,Smart Meter Installation angefragt,Neutral,Email,Mittel,2024-07-22,127
9486,10574,2025-01-11,Wallbox,E-Mobility,Wallbox Installation angefragt,Neutral,Telefon,Mittel,2025-01-21,112
9487,14749,2023-03-29,Allgemein,Service,Informationsanfrage,Positiv,Telefon,Mittel,2023-04-11,192
9488,15133,2025-06-04,Smart Meter,Installation,Smart Meter App funktioniert nicht,Negativ,Chat,Hoch,2025-06-04,56
9489,8526,2024-12-19,Allgemein,Service,Informationsanfrage,Neutral,Telefon,Niedrig,2024-12-24,50
9490,8995,2023-12-24,Smart Meter,Installation,Smart Meter App funktioniert nicht,Negativ,Chat,Kritisch,2023-12-29,7
9491,18323,2023-06-13,Allgemein,Service,Lob,Positiv,Email,Niedrig,2023-06-19,53
9492,11565,2023-06-11,Wärmepumpe,Technisch,Wärmepumpe Störung,Negativ,Email,Hoch,2023-06-14,97
9493,19354,2024-04-08,Smart Meter,Installation,Smart Meter defekt,Negativ,Telefon,Hoch,2024-04-12,110
9494,5439,2025-01-01,Allgemein,Service,Beschwerde,Negativ,App,Niedrig,2025-01-02,160
9495,19061,2023-11-12,Solar,Technisch,Monitoring nicht verfügbar,Negativ,App,Niedrig,2023-11-17,127
9496,10217,2025-05-22,Wärmepumpe,Technisch,Effizienz zu niedrig,Neutral,Chat,Niedrig,2025-05-26,93
9497,4920,2023-01-12,Tarif,Vertrag,Vertragsverlängerung,Neutral,App,Hoch,2023-01-13,9
9498,8375,2024-11-29,Speicher,Technisch,Speicher lädt nicht,Negativ,Telefon,Hoch,2024-12-03,46
9499,7034,2025-03-29,Smart Meter,Installation,Smart Meter zeigt keine Daten,Neutral,App,Hoch,2025-04-04,115
9500,4280,2025-04-11,Speicher,Technisch,Kapazität gesunken,Neutral,Telefon,Niedrig,2025-04-20,34
9501,11028,2023-12-31,Rechnung,Abrechnung,Unstimmigkeit in Rechnung,Negativ,Telefon,Mittel,2023-12-31,176
9502,5607,2023-12-05,Wallbox,E-Mobility,Wallbox Installation angefragt,Negativ,App,Niedrig,2023-12-08,23
9503,17607,2024-08-28,Wallbox,E-Mobility,Ladekarte Probleme,Negativ,Email,Niedrig,2024-09-11,85
9504,8511,2024-08-06,Tarif,Vertrag,Umzug melden,Neutral,Chat,Hoch,2024-08-12,82
9505,6830,2024-10-15,Smart Meter,Installation,Smart Meter App funktioniert nicht,Negativ,Email,Kritisch,2024-10-15,176
9506,5842,2024-08-04,Solar,Technisch,Wechselrichter Fehler,Negativ,Email,Mittel,2024-08-08,76
9507,17654,2024-03-13,Solar,Technisch,Solaranlage Ertrag niedrig,Neutral,Email,Mittel,2024-03-23,2
9508,12613,2024-03-14,Smart Meter,Installation,Smart Meter App funktioniert nicht,Negativ,Email,Hoch,2024-03-20,142
9509,4526,2024-10-20,Wallbox,E-Mobility,Wallbox lädt nicht,Negativ,App,Hoch,2024-10-26,106
9510,2596,2023-02-04,Rechnung,Abrechnung,Unstimmigkeit in Rechnung,Neutral,Email,Mittel,2023-02-04,150
9511,8719,2025-06-16,Smart Meter,Installation,Smart Meter zeigt keine Daten,Negativ,App,Mittel,2025-06-24,10
9512,6077,2025-06-24,Tarif,Vertrag,Kündigung,Positiv,Email,Niedrig,2025-06-26,30
9513,7053,2024-05-28,Speicher,Technisch,Batteriespeicher Störung,Negativ,Telefon,Hoch,2024-05-30,34
9514,5515,2023-04-25,Wärmepumpe,Technisch,Wartung angefragt,Positiv,App,Niedrig,2023-05-07,186
9515,1997,2023-09-16,Tarif,Vertrag,Vertragsverlängerung,Positiv,App,Mittel,2023-09-24,136
9516,15875,2025-06-03,Solar,Technisch,Einspeisevergütung Frage,Neutral,Chat,Niedrig,2025-06-16,129
9517,17500,2024-11-10,Rechnung,Abrechnung,Unstimmigkeit in Rechnung,Positiv,App,Niedrig,2024-11-21,136
9518,5682,2023-08-30,Smart Meter,Installation,Smart Meter defekt,Negativ,Email,Mittel,2023-09-06,73
9519,1689,2023-04-25,Tarif,Vertrag,Umzug melden,Neutral,App,Niedrig,2023-05-05,65
9520,17460,2024-10-18,Rechnung,Abrechnung,Abschlag anpassen,Positiv,Email,Mittel,2024-10-27,183
9521,19398,2025-05-08,Smart Meter,Installation,Smart Meter zeigt keine Daten,Neutral,Email,Mittel,2025-05-17,127
9522,6141,2023-01-24,Speicher,Technisch,Batteriespeicher Störung,Negativ,App,Hoch,2023-01-27,148
9523,15357,2023-06-12,Smart Meter,Installation,Smart Meter App funktioniert nicht,Negativ,Email,Kritisch,2023-06-19,28
9524,14930,2025-03-11,Speicher,Technisch,Speicher lädt nicht,Negativ,Email,Kritisch,2025-03-14,8
9525,14506,2025-02-14,Solar,Technisch,Wechselrichter Fehler,Neutral,App,Mittel,2025-02-19,148
9526,3378,2024-04-24,Wärmepumpe,Technisch,Wärmepumpe läuft nicht,Negativ,Telefon,Hoch,2024-04-30,195
9527,9217,2023-02-17,Wärmepumpe,Technisch,Wärmepumpe läuft nicht,Negativ,Telefon,Kritisch,2023-02-23,15
9528,4641,2023-09-23,Wallbox,E-Mobility,Ladekarte Probleme,Neutral,Email,Mittel,2023-10-03,87
9529,570,2025-01-31,Rechnung,Abrechnung,Rechnungsfrage,Neutral,Email,Niedrig,2025-02-10,46
9530,963,2024-12-18,Allgemein,Service,Informationsanfrage,Negativ,Chat,Niedrig,2024-12-31,179
9531,18467,2025-03-26,Solar,Technisch,Solaranlage Ertrag niedrig,Negativ,Telefon,Mittel,2025-03-28,30
9532,7302,2023-04-24,Tarif,Vertrag,Kündigung,Neutral,Chat,Kritisch,2023-04-25,112
9533,8509,2025-01-17,Wallbox,E-Mobility,Wallbox Installation angefragt,Positiv,Email,Mittel,2025-01-22,59
9534,10643,2025-02-19,Allgemein,Service,Lob,Positiv,Chat,Niedrig,2025-02-19,84
9535,5832,2024-06-20,Tarif,Vertrag,Umzug melden,Neutral,Chat,Niedrig,2024-06-23,59
9536,14594,2024-08-03,Wärmepumpe,Technisch,Wärmepumpe läuft nicht,Negativ,App,Hoch,2024-08-03,111
9537,4622,2024-01-07,Rechnung,Abrechnung,Unstimmigkeit in Rechnung,Negativ,Email,Niedrig,2024-01-17,169
9538,8817,2024-03-30,Wärmepumpe,Technisch,Effizienz zu niedrig,Negativ,Telefon,Mittel,2024-04-06,166
9539,1853,2023-05-06,Rechnung,Abrechnung,Abschlag zu hoch,Positiv,Chat,Mittel,2023-05-10,150
9540,18635,2024-03-16,Allgemein,Service,Kontaktdaten ändern,Neutral,Email,Mittel,2024-03-20,4
9541,5051,2024-04-02,Solar,Technisch,Monitoring nicht verfügbar,Negativ,App,Hoch,2024-04-09,37
9542,3867,2025-01-09,Rechnung,Abrechnung,Zahlungsplan angefragt,Neutral,Chat,Mittel,2025-01-18,42
9543,1629,2023-04-08,Rechnung,Abrechnung,Abschlag anpassen,Neutral,App,Mittel,2023-04-18,190
9544,10493,2025-01-01,Solar,Technisch,Solaranlage Ertrag niedrig,Neutral,Telefon,Mittel,2025-01-01,103
9545,18348,2025-05-25,Allgemein,Service,Beschwerde,Negativ,Email,Kritisch,2025-05-26,34
9546,11691,2023-05-13,Tarif,Vertrag,Tarifwechsel angefragt,Neutral,Telefon,Niedrig,2023-05-27,163
9547,17661,2025-06-15,Wärmepumpe,Technisch,Wärmepumpe Störung,Negativ,Email,Hoch,2025-06-17,26
9548,19924,2024-04-18,Speicher,Technisch,Kapazität gesunken,Neutral,App,Niedrig,2024-04-18,20
9549,18470,2023-08-19,Wärmepumpe,Technisch,Wartung angefragt,Neutral,Telefon,Mittel,2023-09-01,28
9550,3451,2024-12-20,Rechnung,Abrechnung,Zahlungsplan angefragt,Neutral,Telefon,Mittel,2025-01-02,48
9551,19977,2023-09-04,Allgemein,Service,Beschwerde,Negativ,Telefon,Mittel,2023-09-10,13
9552,3713,2023-06-06,Tarif,Vertrag,Ökostrom Umstellung,Neutral,Email,Hoch,2023-06-13,35
9553,5717,2024-07-23,Allgemein,Service,Lob,Positiv,App,Niedrig,2024-07-23,125
9554,989,2023-11-11,Wallbox,E-Mobility,App-Verbindung unterbrochen,Negativ,Email,Mittel,2023-11-13,89
9555,6807,2024-10-17,Tarif,Vertrag,Tarifwechsel angefragt,Neutral,App,Niedrig,2024-10-22,141
9556,11375,2023-11-16,Wärmepumpe,Technisch,Geräuschentwicklung zu hoch,Neutral,Telefon,Hoch,2023-11-22,39
9557,6488,2023-11-01,Rechnung,Abrechnung,Zahlungsplan angefragt,Neutral,Email,Mittel,2023-11-09,141
9558,17271,2023-09-16,Allgemein,Service,Lob,Positiv,Email,Niedrig,2023-09-21,157
9559,15385,2023-12-20,Solar,Technisch,Solaranlage Ertrag niedrig,Neutral,Chat,Niedrig,2024-01-01,13
9560,9725,2024-07-23,Tarif,Vertrag,Vertragsverlängerung,Neutral,Telefon,Niedrig,2024-07-29,156
9561,1997,2024-11-09,Tarif,Vertrag,Vertragsverlängerung,Positiv,Telefon,Niedrig,2024-11-23,78
9562,19269,2025-03-13,Speicher,Technisch,Kapazität gesunken,Positiv,Chat,Hoch,2025-03-13,174
9563,5611,2024-09-04,Allgemein,Service,Informationsanfrage,Neutral,Email,Mittel,2024-09-09,147
9564,8085,2024-11-15,Rechnung,Abrechnung,Abschlag zu hoch,Neutral,Chat,Mittel,2024-11-16,135
9565,4506,2023-07-15,Smart Meter,Installation,Smart Meter Installation angefragt,Neutral,Telefon,Niedrig,2023-07-22,45
9566,6539,2024-06-03,Smart Meter,Installation,Smart Meter Ablesung fehlerhaft,Positiv,Email,Mittel,2024-06-04,101
9567,7408,2024-06-09,Allgemein,Service,Lob,Positiv,Email,Niedrig,2024-06-22,20
9568,12389,2023-01-31,Rechnung,Abrechnung,Rechnungsfrage,Neutral,Chat,Hoch,2023-02-05,7
9569,17006,2023-04-11,Wallbox,E-Mobility,App-Verbindung unterbrochen,Neutral,Chat,Niedrig,2023-04-13,168
9570,5116,2025-05-12,Tarif,Vertrag,Umzug melden,Neutral,Email,Hoch,2025-05-17,153
9571,4126,2025-05-21,Tarif,Vertrag,Preisgarantie Frage,Positiv,App,Hoch,2025-05-23,137
9572,2972,2024-10-23,Allgemein,Service,Lob,Positiv,App,Niedrig,2024-10-31,173
9573,15079,2023-11-13,Solar,Technisch,Monitoring nicht verfügbar,Negativ,Email,Mittel,2023-11-22,29
9574,19448,2023-03-19,Wallbox,E-Mobility,App-Verbindung unterbrochen,Neutral,App,Hoch,2023-03-25,172
9575,5250,2024-07-22,Smart Meter,Installation,Smart Meter App funktioniert nicht,Negativ,App,Mittel,2024-08-04,56
9576,15439,2023-05-13,Allgemein,Service,Allgemeine Anfrage,Neutral,Email,Kritisch,2023-05-17,119
9577,8826,2024-01-11,Smart Meter,Installation,Smart Meter Ablesung fehlerhaft,Neutral,App,Mittel,2024-01-22,158
9578,8941,2025-02-07,Tarif,Vertrag,Tarifwechsel angefragt,Neutral,Chat,Mittel,2025-02-10,156
9579,11365,2024-09-21,Rechnung,Abrechnung,Abschlag anpassen,Neutral,Email,Niedrig,2024-10-01,52
9580,4399,2024-12-03,Rechnung,Abrechnung,Gutschrift angefragt,Neutral,Email,Mittel,2024-12-06,148
9581,6366,2024-10-18,Smart Meter,Installation,Smart Meter Installation angefragt,Negativ,App,Mittel,2024-10-27,132
9582,18420,2024-03-24,Wallbox,E-Mobility,Wallbox Installation angefragt,Neutral,Chat,Mittel,2024-03-29,22
9583,9095,2024-06-18,Speicher,Technisch,Batteriespeicher Störung,Negativ,Email,Hoch,2024-06-25,29
9584,7966,2024-03-26,Wärmepumpe,Technisch,Geräuschentwicklung zu hoch,Neutral,App,Niedrig,2024-04-09,95
9585,18672,2023-08-19,Smart Meter,Installation,Smart Meter Installation angefragt,Neutral,Email,Mittel,2023-08-21,15
9586,8414,2024-10-01,Wallbox,E-Mobility,Ladekarte Probleme,Neutral,App,Mittel,2024-10-11,68
9587,1987,2024-07-01,Allgemein,Service,Lob,Positiv,Chat,Niedrig,2024-07-13,191
9588,14840,2024-10-07,Wallbox,E-Mobility,Ladekarte Probleme,Neutral,App,Niedrig,2024-10-21,139
9589,1078,2025-02-12,Speicher,Technisch,Batteriespeicher Störung,Negativ,Telefon,Hoch,2025-02-13,114
9590,2951,2025-03-26,Wallbox,E-Mobility,Wallbox Installation angefragt,Negativ,Email,Mittel,2025-04-07,184
9591,18410,2024-05-29,Smart Meter,Installation,Smart Meter Ablesung fehlerhaft,Neutral,Chat,Mittel,2024-05-29,119
9592,15374,2025-05-24,Solar,Technisch,Einspeisevergütung Frage,Positiv,Telefon,Hoch,2025-05-25,126
9593,11429,2023-12-12,Smart Meter,Installation,Smart Meter Ablesung fehlerhaft,Positiv,App,Mittel,2023-12-24,113
9594,7181,2024-08-05,Tarif,Vertrag,Preisgarantie Frage,Positiv,Email,Mittel,2024-08-14,192
9595,12194,2023-04-04,Rechnung,Abrechnung,Rechnungsfrage,Neutral,Chat,Mittel,2023-04-09,20
9596,11798,2025-03-12,Allgemein,Service,Informationsanfrage,Neutral,App,Hoch,2025-03-19,40
9597,8665,2024-06-12,Rechnung,Abrechnung,Gutschrift angefragt,Positiv,Telefon,Niedrig,2024-06-19,188
9598,9961,2023-04-16,Speicher,Technisch,Batteriespeicher Störung,Negativ,Email,Mittel,2023-04-25,52
9599,6950,2024-09-11,Speicher,Technisch,Speicher lädt nicht,Negativ,Chat,Mittel,2024-09-11,39
9600,19590,2025-06-16,Solar,Technisch,Monitoring nicht verfügbar,Negativ,Email,Hoch,2025-06-20,45
9601,9739,2023-07-18,Speicher,Technisch,Speicher lädt nicht,Negativ,Chat,Kritisch,2023-07-22,43
9602,18319,2024-06-03,Tarif,Vertrag,Vertragsverlängerung,Neutral,Email,Niedrig,2024-06-06,170
9603,12155,2025-01-02,Tarif,Vertrag,Kündigung,Positiv,Chat,Niedrig,2025-01-02,183
9604,5793,2023-10-16,Tarif,Vertrag,Preisgarantie Frage,Neutral,Telefon,Hoch,2023-10-21,78
9605,16864,2023-06-16,Wärmepumpe,Technisch,Wärmepumpe läuft nicht,Negativ,App,Mittel,2023-06-29,65
9606,2861,2023-05-14,Allgemein,Service,Allgemeine Anfrage,Neutral,Email,Niedrig,2023-05-19,132
9607,1880,2024-10-09,Rechnung,Abrechnung,Abschlag anpassen,Positiv,Telefon,Hoch,2024-10-14,34
9608,1283,2025-03-15,Smart Meter,Installation,Smart Meter defekt,Negativ,Email,Kritisch,2025-03-19,179
9609,1281,2023-01-05,Wärmepumpe,Technisch,Fehlercode E01 angezeigt,Neutral,Chat,Mittel,2023-01-11,163
9610,12925,2023-03-21,Speicher,Technisch,Kapazität gesunken,Negativ,Chat,Mittel,2023-03-22,176
9611,884,2023-06-03,Speicher,Technisch,Batteriespeicher Störung,Negativ,Chat,Hoch,2023-06-06,41
9612,19435,2023-02-15,Wallbox,E-Mobility,Wallbox defekt,Negativ,App,Mittel,2023-02-18,13
9613,1415,2023-01-19,Rechnung,Abrechnung,Abschlag zu hoch,Negativ,Chat,Mittel,2023-01-27,14
9614,4722,2024-04-24,Smart Meter,Installation,Smart Meter App funktioniert nicht,Negativ,Chat,Mittel,2024-05-07,38
9615,961,2023-12-09,Allgemein,Service,Lob,Positiv,App,Niedrig,2023-12-13,181
9616,2962,2023-07-01,Rechnung,Abrechnung,Unstimmigkeit in Rechnung,Neutral,Telefon,Mittel,2023-07-04,44
9617,7268,2023-11-13,Wärmepumpe,Technisch,Wärmepumpe läuft nicht,Negativ,Chat,Mittel,2023-11-17,30
9618,18671,2023-07-21,Solar,Technisch,Wechselrichter Fehler,Negativ,Telefon,Mittel,2023-07-23,11
9619,6960,2025-04-30,Smart Meter,Installation,Smart Meter zeigt keine Daten,Neutral,App,Mittel,2025-04-30,38
9620,13478,2025-06-06,Wärmepumpe,Technisch,Fehlercode E01 angezeigt,Neutral,Email,Niedrig,2025-06-06,124
9621,15441,2024-02-07,Tarif,Vertrag,Ökostrom Umstellung,Negativ,Telefon,Mittel,2024-02-12,193
9622,16088,2023-07-30,Rechnung,Abrechnung,Unstimmigkeit in Rechnung,Neutral,Email,Mittel,2023-08-02,114
9623,18224,2024-06-15,Speicher,Technisch,Speicher lädt nicht,Negativ,Email,Niedrig,2024-06-28,151
9624,3997,2025-02-11,Tarif,Vertrag,Kündigung,Neutral,Email,Niedrig,2025-02-16,173
9625,13896,2023-01-04,Allgemein,Service,Kontaktdaten ändern,Positiv,Email,Mittel,2023-01-11,8
9626,14365,2023-03-14,Wärmepumpe,Technisch,Wartung angefragt,Positiv,Email,Niedrig,2023-03-14,34
9627,11805,2023-09-22,Wallbox,E-Mobility,Wallbox Installation angefragt,Neutral,Chat,Mittel,2023-09-22,100
9628,5970,2023-09-02,Wärmepumpe,Technisch,Geräuschentwicklung zu hoch,Positiv,Telefon,Niedrig,2023-09-02,93
9629,13172,2023-02-14,Wärmepumpe,Technisch,Fehlercode E01 angezeigt,Neutral,Telefon,Niedrig,2023-02-20,36
9630,4861,2023-06-13,Tarif,Vertrag,Vertragsverlängerung,Neutral,App,Mittel,2023-06-20,151
9631,7152,2024-10-12,Rechnung,Abrechnung,Gutschrift angefragt,Neutral,Chat,Mittel,2024-10-22,12
9632,7633,2023-05-14,Tarif,Vertrag,Ökostrom Umstellung,Negativ,Telefon,Niedrig,2023-05-14,80
9633,19270,2024-08-12,Speicher,Technisch,Batteriespeicher Störung,Negativ,Email,Hoch,2024-08-13,166
9634,11605,2025-06-03,Solar,Technisch,Solaranlage produziert nicht,Negativ,Email,Mittel,2025-06-06,34
9635,4700,2025-06-27,Wallbox,E-Mobility,Wallbox lädt nicht,Negativ,Email,Kritisch,2025-07-01,35
9636,17721,2024-08-23,Wärmepumpe,Technisch,Fehlercode E01 angezeigt,Neutral,Email,Hoch,2024-08-24,3
9637,2694,2024-01-20,Solar,Technisch,Solaranlage Ertrag niedrig,Neutral,Telefon,Mittel,2024-01-25,59
9638,16401,2023-05-05,Wärmepumpe,Technisch,Wärmepumpe läuft nicht,Negativ,Chat,Hoch,2023-05-12,21
9639,7819,2025-06-24,Rechnung,Abrechnung,Zahlungsplan angefragt,Neutral,Email,Niedrig,2025-06-26,89
9640,4858,2024-11-10,Allgemein,Service,Beschwerde,Negativ,Email,Mittel,2024-11-18,111
9641,221,2025-04-09,Smart Meter,Installation,Smart Meter defekt,Negativ,Email,Mittel,2025-04-19,29
9642,17659,2025-02-21,Speicher,Technisch,Kapazität gesunken,Neutral,Email,Mittel,2025-03-02,118
9643,16744,2025-01-06,Wallbox,E-Mobility,Wallbox lädt nicht,Negativ,Email,Hoch,2025-01-06,81
9644,4086,2025-05-27,Rechnung,Abrechnung,Unstimmigkeit in Rechnung,Neutral,App,Mittel,2025-05-30,16
9645,11523,2024-03-13,Speicher,Technisch,Batteriespeicher Störung,Negativ,App,Mittel,2024-03-21,200
9646,11159,2024-04-26,Wärmepumpe,Technisch,Wärmepumpe läuft nicht,Negativ,App,Niedrig,2024-05-04,57
9647,1637,2025-05-12,Wärmepumpe,Technisch,Wärmepumpe läuft nicht,Negativ,Chat,Mittel,2025-05-19,21
9648,17823,2023-08-19,Speicher,Technisch,Speicher lädt nicht,Negativ,Email,Kritisch,2023-08-23,115
9649,15121,2023-12-26,Wärmepumpe,Technisch,Wärmepumpe läuft nicht,Negativ,Chat,Hoch,2023-12-26,158
9650,5580,2023-06-23,Allgemein,Service,Allgemeine Anfrage,Neutral,Telefon,Hoch,2023-06-27,131
9651,1032,2023-01-18,Tarif,Vertrag,Kündigung,Neutral,Email,Hoch,2023-01-21,156
9652,820,2023-07-11,Speicher,Technisch,Batteriespeicher Störung,Negativ,Chat,Mittel,2023-07-11,185
9653,14207,2025-03-31,Smart Meter,Installation,Smart Meter App funktioniert nicht,Negativ,Telefon,Kritisch,2025-04-04,35
9654,1367,2025-05-17,Speicher,Technisch,Speicher lädt nicht,Negativ,Telefon,Niedrig,2025-05-19,20
9655,2138,2024-03-03,Speicher,Technisch,Kapazität gesunken,Positiv,App,Niedrig,2024-03-11,104
9656,8701,2024-04-08,Wallbox,E-Mobility,Wallbox lädt nicht,Negativ,Telefon,Niedrig,2024-04-19,166
9657,12450,2025-01-25,Wärmepumpe,Technisch,Geräuschentwicklung zu hoch,Neutral,Chat,Mittel,2025-01-30,170
9658,17661,2024-03-01,Solar,Technisch,Solaranlage Ertrag niedrig,Neutral,Email,Mittel,2024-03-08,158
9659,9242,2024-03-19,Allgemein,Service,Beschwerde,Negativ,Chat,Hoch,2024-03-26,5
9660,6437,2024-11-18,Tarif,Vertrag,Vertragsverlängerung,Neutral,Chat,Niedrig,2024-11-22,86
9661,7102,2023-03-26,Tarif,Vertrag,Umzug melden,Negativ,Email,Hoch,2023-03-31,36
9662,15464,2024-03-04,Rechnung,Abrechnung,Abschlag zu hoch,Neutral,Email,Niedrig,2024-03-15,147
9663,18930,2024-09-13,Rechnung,Abrechnung,Abschlag zu hoch,Neutral,App,Niedrig,2024-09-23,109
9664,5518,2023-07-29,Allgemein,Service,Allgemeine Anfrage,Neutral,Chat,Mittel,2023-08-01,142
9665,9465,2023-02-25,Allgemein,Service,Beschwerde,Negativ,App,Hoch,2023-03-02,165
9666,7572,2024-05-11,Allgemein,Service,Lob,Positiv,Telefon,Niedrig,2024-05-20,108
9667,9351,2024-12-13,Wallbox,E-Mobility,Ladekarte Probleme,Neutral,Chat,Mittel,2024-12-21,124
9668,11378,2024-09-18,Allgemein,Service,Allgemeine Anfrage,Neutral,Telefon,Niedrig,2024-09-23,129
9669,19262,2025-06-22,Rechnung,Abrechnung,Abschlag zu hoch,Neutral,Email,Mittel,2025-06-25,52
9670,11167,2023-08-28,Speicher,Technisch,Kapazität gesunken,Neutral,App,Mittel,2023-09-04,145
9671,10673,2023-04-14,Rechnung,Abrechnung,Rechnungsfrage,Negativ,Telefon,Hoch,2023-04-18,106
9672,10010,2024-01-14,Solar,Technisch,Einspeisevergütung Frage,Neutral,Email,Mittel,2024-01-25,180
9673,18450,2024-04-29,Smart Meter,Installation,Smart Meter defekt,Negativ,Chat,Hoch,2024-05-02,180
9674,15802,2025-03-09,Allgemein,Service,Beschwerde,Negativ,App,Hoch,2025-03-11,150
9675,2390,2024-06-06,Tarif,Vertrag,Ökostrom Umstellung,Neutral,Telefon,Mittel,2024-06-16,179
9676,2406,2024-06-29,Wallbox,E-Mobility,App-Verbindung unterbrochen,Neutral,Email,Mittel,2024-07-06,126
9677,16854,2024-05-14,Speicher,Technisch,Kapazität gesunken,Negativ,Telefon,Mittel,2024-05-27,95
9678,8839,2024-11-05,Wärmepumpe,Technisch,Fehlercode E01 angezeigt,Neutral,Telefon,Mittel,2024-11-07,83
9679,8025,2023-11-26,Wallbox,E-Mobility,Wallbox Installation angefragt,Neutral,App,Kritisch,2023-12-01,104
9680,9970,2024-06-28,Solar,Technisch,Solaranlage produziert nicht,Negativ,Chat,Mittel,2024-07-05,24
9681,18737,2023-08-22,Allgemein,Service,Lob,Positiv,App,Niedrig,2023-08-30,22
9682,12185,2024-11-21,Allgemein,Service,Beschwerde,Negativ,Email,Hoch,2024-11-28,92
9683,17897,2023-11-05,Solar,Technisch,Solaranlage produziert nicht,Negativ,Email,Mittel,2023-11-10,59
9684,16788,2024-06-16,Allgemein,Service,Lob,Positiv,App,Niedrig,2024-06-20,39
9685,4980,2023-10-27,Rechnung,Abrechnung,Rechnungsfrage,Neutral,Email,Mittel,2023-10-31,125
9686,17783,2025-02-07,Rechnung,Abrechnung,Unstimmigkeit in Rechnung,Neutral,Email,Mittel,2025-02-13,24
9687,6180,2024-06-25,Rechnung,Abrechnung,Abschlag zu hoch,Neutral,Telefon,Niedrig,2024-06-29,180
9688,11827,2024-03-26,Smart Meter,Installation,Smart Meter zeigt keine Daten,Neutral,Email,Hoch,2024-03-27,30
9689,6537,2023-03-02,Smart Meter,Installation,Smart Meter zeigt keine Daten,Neutral,Chat,Hoch,2023-03-02,51
9690,9774,2025-06-02,Speicher,Technisch,Kapazität gesunken,Negativ,App,Mittel,2025-06-07,32
9691,10682,2024-12-10,Smart Meter,Installation,Smart Meter Installation angefragt,Positiv,Telefon,Niedrig,2024-12-11,159
9692,17163,2023-04-17,Wallbox,E-Mobility,Ladekarte Probleme,Neutral,App,Mittel,2023-04-17,164
9693,15717,2025-01-16,Speicher,Technisch,Kapazität gesunken,Neutral,App,Mittel,2025-01-29,16
9694,17926,2024-03-14,Solar,Technisch,Wechselrichter Fehler,Neutral,Telefon,Niedrig,2024-03-20,13
9695,4553,2024-10-24,Rechnung,Abrechnung,Unstimmigkeit in Rechnung,Negativ,Chat,Hoch,2024-10-30,154
9696,4530,2023-08-14,Rechnung,Abrechnung,Unstimmigkeit in Rechnung,Neutral,Telefon,Hoch,2023-08-16,157
9697,1939,2023-02-03,Rechnung,Abrechnung,Rechnungsfrage,Positiv,Telefon,Mittel,2023-02-17,184
9698,3305,2023-07-31,Smart Meter,Installation,Smart Meter App funktioniert nicht,Negativ,Email,Hoch,2023-08-03,79
9699,4852,2024-04-26,Wallbox,E-Mobility,Wallbox defekt,Negativ,Telefon,Mittel,2024-04-28,168
9700,6306,2023-07-25,Speicher,Technisch,Batteriespeicher Störung,Negativ,App,Hoch,2023-07-29,19
9701,738,2023-11-28,Tarif,Vertrag,Vertragsverlängerung,Positiv,Chat,Mittel,2023-12-09,22
9702,4610,2024-10-18,Smart Meter,Installation,Smart Meter zeigt keine Daten,Neutral,Telefon,Mittel,2024-10-30,188
9703,17047,2025-03-01,Solar,Technisch,Wechselrichter Fehler,Neutral,Chat,Mittel,2025-03-01,20
9704,15665,2024-06-08,Wärmepumpe,Technisch,Effizienz zu niedrig,Negativ,Email,Mittel,2024-06-09,41
9705,10397,2023-07-31,Smart Meter,Installation,Smart Meter defekt,Negativ,App,Mittel,2023-08-10,180
9706,16805,2024-09-21,Wallbox,E-Mobility,Wallbox defekt,Negativ,Email,Kritisch,2024-09-28,52
9707,12672,2024-05-03,Solar,Technisch,Solaranlage produziert nicht,Negativ,Chat,Mittel,2024-05-17,151
9708,19762,2024-09-21,Wärmepumpe,Technisch,Effizienz zu niedrig,Neutral,Email,Niedrig,2024-09-26,129
9709,13941,2025-06-23,Smart Meter,Installation,Smart Meter zeigt keine Daten,Neutral,Chat,Niedrig,2025-07-06,62
9710,18067,2025-02-11,Wärmepumpe,Technisch,Wärmepumpe Störung,Negativ,Chat,Hoch,2025-02-15,200
9711,15696,2024-02-27,Wärmepumpe,Technisch,Wärmepumpe läuft nicht,Negativ,Telefon,Mittel,2024-03-09,54
9712,2674,2025-02-20,Wallbox,E-Mobility,Ladekarte Probleme,Positiv,App,Mittel,2025-03-03,44
9713,7397,2023-04-15,Speicher,Technisch,Speicher lädt nicht,Negativ,Chat,Mittel,2023-04-19,79
9714,4798,2025-01-01,Solar,Technisch,Solaranlage produziert nicht,Negativ,Telefon,Kritisch,2025-01-02,180
9715,19974,2024-01-06,Allgemein,Service,Kontaktdaten ändern,Positiv,App,Mittel,2024-01-16,66
9716,17518,2024-01-17,Wärmepumpe,Technisch,Effizienz zu niedrig,Negativ,Telefon,Mittel,2024-01-22,58
9717,13666,2023-01-02,Wallbox,E-Mobility,Ladekarte Probleme,Neutral,Email,Mittel,2023-01-09,11
9718,6607,2023-12-12,Wallbox,E-Mobility,Wallbox defekt,Negativ,App,Mittel,2023-12-13,197
9719,16502,2024-09-29,Wärmepumpe,Technisch,Effizienz zu niedrig,Neutral,Email,Hoch,2024-10-01,118
9720,5797,2025-06-08,Wallbox,E-Mobility,Wallbox Installation angefragt,Positiv,App,Hoch,2025-06-08,191
9721,18495,2025-06-27,Speicher,Technisch,Kapazität gesunken,Neutral,Telefon,Mittel,2025-06-30,110
9722,2462,2023-08-25,Allgemein,Service,Allgemeine Anfrage,Positiv,App,Mittel,2023-09-04,157
9723,10006,2023-09-22,Allgemein,Service,Beschwerde,Negativ,App,Mittel,2023-09-26,65
9724,5210,2024-02-04,Tarif,Vertrag,Ökostrom Umstellung,Neutral,App,Mittel,2024-02-04,43
9725,4103,2024-07-25,Allgemein,Service,Informationsanfrage,Positiv,Chat,Kritisch,2024-07-30,35
9726,19627,2025-02-02,Smart Meter,Installation,Smart Meter Ablesung fehlerhaft,Negativ,Email,Mittel,2025-02-05,154
9727,226,2024-06-10,Speicher,Technisch,Speicher lädt nicht,Negativ,Telefon,Mittel,2024-06-20,131
9728,19625,2024-04-20,Wallbox,E-Mobility,Ladekarte Probleme,Positiv,App,Niedrig,2024-04-28,183
9729,5719,2023-02-24,Wärmepumpe,Technisch,Wartung angefragt,Neutral,Chat,Mittel,2023-03-09,76
9730,1533,2024-02-06,Tarif,Vertrag,Ökostrom Umstellung,Neutral,Chat,Mittel,2024-02-14,2
9731,15662,2023-05-17,Smart Meter,Installation,Smart Meter zeigt keine Daten,Neutral,Chat,Hoch,2023-05-22,162
9732,2813,2025-03-17,Solar,Technisch,Monitoring nicht verfügbar,Negativ,Email,Mittel,2025-03-20,148
9733,18994,2023-10-05,Wärmepumpe,Technisch,Wärmepumpe läuft nicht,Negativ,Email,Kritisch,2023-10-09,172
9734,5045,2023-09-03,Wärmepumpe,Technisch,Fehlercode E01 angezeigt,Neutral,Email,Mittel,2023-09-17,34
9735,13359,2023-07-25,Rechnung,Abrechnung,Gutschrift angefragt,Positiv,Email,Kritisch,2023-07-31,38
9736,7157,2024-03-23,Rechnung,Abrechnung,Abschlag zu hoch,Neutral,Telefon,Niedrig,2024-03-25,192
9737,7915,2025-05-30,Wallbox,E-Mobility,Ladekarte Probleme,Neutral,Chat,Hoch,2025-06-01,124
9738,4932,2024-03-30,Allgemein,Service,Kontaktdaten ändern,Neutral,Email,Niedrig,2024-04-10,167
9739,2831,2025-06-21,Tarif,Vertrag,Vertragsverlängerung,Positiv,Chat,Mittel,2025-06-21,164
9740,9253,2023-11-06,Smart Meter,Installation,Smart Meter defekt,Negativ,Email,Kritisch,2023-11-09,188
9741,15040,2024-05-02,Smart Meter,Installation,Smart Meter defekt,Negativ,Telefon,Mittel,2024-05-13,89
9742,14980,2025-06-07,Wallbox,E-Mobility,Ladekarte Probleme,Neutral,App,Mittel,2025-06-08,151
9743,13286,2024-09-23,Rechnung,Abrechnung,Zahlungsplan angefragt,Neutral,App,Niedrig,2024-09-24,193
9744,17287,2025-03-26,Rechnung,Abrechnung,Gutschrift angefragt,Neutral,App,Niedrig,2025-03-28,56
9745,3482,2023-01-20,Speicher,Technisch,Batteriespeicher Störung,Negativ,Telefon,Kritisch,2023-01-24,57
9746,1277,2025-06-09,Wallbox,E-Mobility,Ladekarte Probleme,Neutral,Chat,Kritisch,2025-06-10,39
9747,14239,2023-12-28,Solar,Technisch,Wechselrichter Fehler,Positiv,Chat,Mittel,2024-01-10,34
9748,14992,2023-12-27,Tarif,Vertrag,Ökostrom Umstellung,Positiv,Telefon,Mittel,2024-01-05,30
9749,12541,2025-05-16,Wallbox,E-Mobility,Wallbox lädt nicht,Negativ,Telefon,Mittel,2025-05-20,166
9750,12608,2023-10-27,Allgemein,Service,Kontaktdaten ändern,Neutral,Telefon,Kritisch,2023-11-02,136
9751,16086,2024-01-14,Wallbox,E-Mobility,Wallbox Installation angefragt,Neutral,App,Niedrig,2024-01-26,3
9752,10952,2024-03-27,Wärmepumpe,Technisch,Wärmepumpe läuft nicht,Negativ,App,Hoch,2024-04-03,47
9753,5151,2025-05-19,Solar,Technisch,Solaranlage produziert nicht,Negativ,App,Hoch,2025-05-21,98
9754,15436,2024-07-12,Allgemein,Service,Beschwerde,Negativ,Email,Mittel,2024-07-23,136
9755,13880,2025-06-21,Speicher,Technisch,Batteriespeicher Störung,Negativ,Telefon,Hoch,2025-06-22,174
9756,83,2024-03-03,Speicher,Technisch,Kapazität gesunken,Neutral,Chat,Mittel,2024-03-16,82
9757,3394,2025-06-26,Allgemein,Service,Lob,Positiv,App,Niedrig,2025-07-04,30
9758,11085,2023-12-16,Speicher,Technisch,Speicher lädt nicht,Negativ,App,Mittel,2023-12-16,59
9759,19360,2025-05-10,Wallbox,E-Mobility,App-Verbindung unterbrochen,Neutral,App,Mittel,2025-05-10,118
9760,11052,2023-05-30,Wärmepumpe,Technisch,Geräuschentwicklung zu hoch,Neutral,Chat,Mittel,2023-06-05,2
9761,18380,2025-06-24,Rechnung,Abrechnung,Zahlungsplan angefragt,Neutral,Chat,Mittel,2025-06-26,156
9762,5344,2025-05-30,Solar,Technisch,Solaranlage Ertrag niedrig,Negativ,Chat,Hoch,2025-06-01,159
9763,10266,2023-12-11,Tarif,Vertrag,Ökostrom Umstellung,Neutral,App,Hoch,2023-12-15,64
9764,19864,2024-05-12,Wärmepumpe,Technisch,Wartung angefragt,Negativ,Email,Mittel,2024-05-17,37
9765,11530,2023-12-16,Smart Meter,Installation,Smart Meter defekt,Negativ,Chat,Hoch,2023-12-23,198
9766,2999,2023-05-02,Wärmepumpe,Technisch,Geräuschentwicklung zu hoch,Negativ,Telefon,Niedrig,2023-05-06,141
9767,18252,2025-03-31,Allgemein,Service,Informationsanfrage,Negativ,Chat,Mittel,2025-04-08,9
9768,13414,2025-01-09,Speicher,Technisch,Kapazität gesunken,Neutral,Telefon,Mittel,2025-01-18,27
9769,18315,2024-02-08,Speicher,Technisch,Speicher lädt nicht,Negativ,App,Hoch,2024-02-14,141
9770,5450,2024-12-01,Tarif,Vertrag,Kündigung,Neutral,App,Mittel,2024-12-15,164
9771,17814,2025-02-10,Wärmepumpe,Technisch,Fehlercode E01 angezeigt,Negativ,App,Niedrig,2025-02-22,198
9772,4426,2024-01-17,Tarif,Vertrag,Preisgarantie Frage,Negativ,Email,Kritisch,2024-01-20,148
9773,16263,2024-03-17,Solar,Technisch,Monitoring nicht verfügbar,Negativ,App,Mittel,2024-03-20,88
9774,19365,2023-08-17,Rechnung,Abrechnung,Unstimmigkeit in Rechnung,Neutral,Chat,Mittel,2023-08-26,82
9775,7109,2024-10-04,Smart Meter,Installation,Smart Meter zeigt keine Daten,Neutral,Chat,Hoch,2024-10-08,97
9776,5661,2025-01-29,Rechnung,Abrechnung,Zahlungsplan angefragt,Positiv,Telefon,Niedrig,2025-02-02,85
9777,18940,2025-03-31,Speicher,Technisch,Kapazität gesunken,Neutral,Chat,Mittel,2025-04-07,5
9778,2873,2025-03-28,Wärmepumpe,Technisch,Fehlercode E01 angezeigt,Positiv,App,Niedrig,2025-04-07,18
9779,10482,2023-04-13,Wärmepumpe,Technisch,Wärmepumpe Störung,Negativ,Email,Mittel,2023-04-26,72
9780,19956,2025-01-20,Wärmepumpe,Technisch,Geräuschentwicklung zu hoch,Positiv,Telefon,Niedrig,2025-01-20,68
9781,2157,2024-11-09,Wärmepumpe,Technisch,Fehlercode E01 angezeigt,Neutral,Email,Mittel,2024-11-20,194
9782,17816,2024-09-03,Rechnung,Abrechnung,Gutschrift angefragt,Negativ,Telefon,Hoch,2024-09-04,184
9783,15051,2025-03-14,Rechnung,Abrechnung,Unstimmigkeit in Rechnung,Neutral,App,Niedrig,2025-03-14,20
9784,15052,2023-06-05,Wallbox,E-Mobility,Wallbox defekt,Negativ,Telefon,Hoch,2023-06-07,78
9785,832,2024-05-06,Smart Meter,Installation,Smart Meter Ablesung fehlerhaft,Neutral,Telefon,Mittel,2024-05-07,99
9786,14437,2023-11-06,Solar,Technisch,Solaranlage Ertrag niedrig,Neutral,Email,Hoch,2023-11-13,5
9787,2437,2023-09-09,Solar,Technisch,Monitoring nicht verfügbar,Negativ,App,Kritisch,2023-09-16,13
9788,1015,2023-09-01,Wallbox,E-Mobility,Wallbox lädt nicht,Negativ,Telefon,Hoch,2023-09-03,127
9789,4072,2024-12-19,Tarif,Vertrag,Kündigung,Neutral,Telefon,Hoch,2024-12-24,58
9790,1314,2023-10-08,Allgemein,Service,Beschwerde,Negativ,App,Hoch,2023-10-10,11
9791,1976,2024-01-07,Allgemein,Service,Kontaktdaten ändern,Positiv,Email,Mittel,2024-01-10,2
9792,3190,2023-06-10,Wärmepumpe,Technisch,Wärmepumpe Störung,Negativ,Chat,Hoch,2023-06-15,133
9793,9373,2025-01-03,Tarif,Vertrag,Ökostrom Umstellung,Neutral,Email,Hoch,2025-01-05,38
9794,16623,2023-04-21,Wärmepumpe,Technisch,Wärmepumpe Störung,Negativ,App,Mittel,2023-04-26,137
9795,7254,2023-02-12,Tarif,Vertrag,Kündigung,Neutral,Email,Mittel,2023-02-14,189
9796,3668,2025-01-11,Rechnung,Abrechnung,Abschlag anpassen,Neutral,App,Mittel,2025-01-18,146
9797,5487,2023-03-29,Wärmepumpe,Technisch,Effizienz zu niedrig,Negativ,Telefon,Niedrig,2023-04-05,67
9798,19475,2024-10-06,Wallbox,E-Mobility,Wallbox defekt,Negativ,Chat,Mittel,2024-10-16,155
9799,9314,2023-06-12,Smart Meter,Installation,Smart Meter zeigt keine Daten,Positiv,App,Niedrig,2023-06-23,140
9800,7459,2023-03-06,Allgemein,Service,Kontaktdaten ändern,Negativ,Telefon,Niedrig,2023-03-19,112
9801,3507,2025-01-04,Rechnung,Abrechnung,Abschlag zu hoch,Positiv,App,Mittel,2025-01-18,130
9802,12187,2024-09-04,Wallbox,E-Mobility,Wallbox Installation angefragt,Negativ,Telefon,Hoch,2024-09-10,131
9803,6897,2025-01-04,Solar,Technisch,Monitoring nicht verfügbar,Negativ,Telefon,Mittel,2025-01-12,39
9804,7446,2023-01-20,Tarif,Vertrag,Ökostrom Umstellung,Neutral,App,Kritisch,2023-01-24,152
9805,13107,2023-12-09,Smart Meter,Installation,Smart Meter defekt,Negativ,Chat,Mittel,2023-12-23,49
9806,14830,2024-12-07,Smart Meter,Installation,Smart Meter App funktioniert nicht,Negativ,Email,Mittel,2024-12-08,11
9807,11044,2023-11-05,Wärmepumpe,Technisch,Geräuschentwicklung zu hoch,Neutral,Telefon,Niedrig,2023-11-19,90
9808,3830,2023-05-14,Wärmepumpe,Technisch,Geräuschentwicklung zu hoch,Positiv,App,Mittel,2023-05-17,44
9809,16838,2023-02-19,Allgemein,Service,Beschwerde,Negativ,App,Mittel,2023-03-03,198
9810,13888,2025-05-04,Solar,Technisch,Solaranlage Ertrag niedrig,Neutral,Email,Niedrig,2025-05-10,114
9811,767,2024-05-29,Tarif,Vertrag,Umzug melden,Positiv,Telefon,Mittel,2024-06-07,73
9812,18047,2024-10-28,Rechnung,Abrechnung,Unstimmigkeit in Rechnung,Neutral,Email,Mittel,2024-11-01,145
9813,1404,2024-02-06,Tarif,Vertrag,Kündigung,Negativ,Email,Hoch,2024-02-07,101
9814,836,2023-03-05,Wärmepumpe,Technisch,Wärmepumpe Störung,Negativ,App,Hoch,2023-03-12,111
9815,10100,2023-05-31,Rechnung,Abrechnung,Abschlag zu hoch,Negativ,Chat,Niedrig,2023-06-07,179
9816,7550,2024-11-23,Rechnung,Abrechnung,Zahlungsplan angefragt,Neutral,Email,Niedrig,2024-11-23,78
9817,19369,2023-10-12,Smart Meter,Installation,Smart Meter App funktioniert nicht,Negativ,Telefon,Hoch,2023-10-19,191
9818,9442,2024-11-27,Speicher,Technisch,Batteriespeicher Störung,Negativ,Email,Kritisch,2024-12-01,154
9819,19875,2024-02-25,Wallbox,E-Mobility,Ladekarte Probleme,Neutral,Telefon,Mittel,2024-03-01,168
9820,13057,2023-04-15,Wärmepumpe,Technisch,Wartung angefragt,Negativ,Telefon,Mittel,2023-04-17,65
9821,3971,2024-01-16,Tarif,Vertrag,Ökostrom Umstellung,Positiv,Chat,Mittel,2024-01-29,10
9822,4583,2024-11-28,Wärmepumpe,Technisch,Wartung angefragt,Neutral,App,Niedrig,2024-12-12,67
9823,9664,2024-10-21,Solar,Technisch,Einspeisevergütung Frage,Positiv,Telefon,Niedrig,2024-10-30,171
9824,1205,2024-09-22,Solar,Technisch,Solaranlage produziert nicht,Negativ,Chat,Kritisch,2024-09-26,135
9825,11518,2025-06-24,Speicher,Technisch,Speicher lädt nicht,Negativ,Chat,Hoch,2025-06-28,125
9826,8227,2023-07-03,Allgemein,Service,Informationsanfrage,Negativ,Chat,Mittel,2023-07-16,41
9827,2374,2024-06-24,Tarif,Vertrag,Kündigung,Negativ,Email,Mittel,2024-06-29,119
9828,3652,2023-10-29,Wallbox,E-Mobility,Wallbox Installation angefragt,Neutral,Chat,Mittel,2023-11-03,120
9829,4182,2023-10-20,Allgemein,Service,Allgemeine Anfrage,Negativ,Chat,Mittel,2023-10-24,128
9830,14902,2024-07-16,Smart Meter,Installation,Smart Meter Installation angefragt,Neutral,App,Mittel,2024-07-25,81
9831,18136,2024-12-13,Allgemein,Service,Informationsanfrage,Neutral,Chat,Hoch,2024-12-13,28
9832,11802,2023-06-19,Wärmepumpe,Technisch,Wärmepumpe Störung,Negativ,Email,Mittel,2023-06-20,92
9833,17243,2025-03-23,Rechnung,Abrechnung,Abschlag anpassen,Neutral,App,Niedrig,2025-03-23,45
9834,14345,2023-04-09,Speicher,Technisch,Kapazität gesunken,Neutral,Telefon,Hoch,2023-04-09,45
9835,14041,2024-11-14,Wärmepumpe,Technisch,Geräuschentwicklung zu hoch,Neutral,Chat,Niedrig,2024-11-21,86
9836,7481,2023-07-18,Allgemein,Service,Beschwerde,Negativ,App,Hoch,2023-07-23,133
9837,11825,2025-01-13,Wärmepumpe,Technisch,Geräuschentwicklung zu hoch,Positiv,Chat,Niedrig,2025-01-20,115
9838,17600,2024-05-17,Wallbox,E-Mobility,Wallbox lädt nicht,Negativ,Email,Mittel,2024-05-31,105
9839,17750,2025-04-01,Tarif,Vertrag,Umzug melden,Positiv,Email,Niedrig,2025-04-12,63
9840,7890,2025-01-27,Smart Meter,Installation,Smart Meter App funktioniert nicht,Negativ,Email,Kritisch,2025-01-27,99
9841,18092,2024-08-10,Wallbox,E-Mobility,Wallbox Installation angefragt,Positiv,Telefon,Niedrig,2024-08-17,180
9842,14366,2023-09-10,Rechnung,Abrechnung,Abschlag zu hoch,Neutral,App,Mittel,2023-09-20,53
9843,3071,2023-09-14,Tarif,Vertrag,Preisgarantie Frage,Neutral,Email,Hoch,2023-09-20,114
9844,19647,2023-04-18,Speicher,Technisch,Batteriespeicher Störung,Negativ,App,Hoch,2023-04-23,23
9845,3559,2025-02-10,Smart Meter,Installation,Smart Meter zeigt keine Daten,Negativ,Telefon,Hoch,2025-02-15,81
9846,10342,2024-08-09,Speicher,Technisch,Kapazität gesunken,Neutral,App,Niedrig,2024-08-17,31
9847,563,2023-08-09,Wärmepumpe,Technisch,Effizienz zu niedrig,Neutral,Email,Mittel,2023-08-10,55
9848,19860,2024-08-01,Speicher,Technisch,Kapazität gesunken,Negativ,Telefon,Hoch,2024-08-03,157
9849,6297,2025-01-19,Tarif,Vertrag,Kündigung,Neutral,Telefon,Niedrig,2025-01-27,66
9850,16030,2023-01-15,Smart Meter,Installation,Smart Meter Ablesung fehlerhaft,Neutral,Email,Kritisch,2023-01-18,106
9851,5052,2024-07-12,Allgemein,Service,Lob,Positiv,Telefon,Niedrig,2024-07-21,49
9852,19939,2024-10-30,Tarif,Vertrag,Preisgarantie Frage,Neutral,Email,Mittel,2024-11-07,134
9853,16384,2024-07-10,Allgemein,Service,Informationsanfrage,Negativ,Chat,Mittel,2024-07-24,79
9854,9039,2023-04-04,Solar,Technisch,Solaranlage Ertrag niedrig,Neutral,Email,Mittel,2023-04-18,171
9855,16272,2024-06-19,Allgemein,Service,Kontaktdaten ändern,Neutral,Email,Hoch,2024-06-26,100
9856,14285,2024-03-11,Allgemein,Service,Lob,Positiv,Telefon,Niedrig,2024-03-14,64
9857,7101,2023-02-05,Wallbox,E-Mobility,Wallbox lädt nicht,Negativ,App,Hoch,2023-02-09,50
9858,14861,2025-04-29,Wallbox,E-Mobility,Wallbox defekt,Negativ,Telefon,Hoch,2025-05-01,80
9859,10208,2024-07-14,Wärmepumpe,Technisch,Wärmepumpe läuft nicht,Negativ,Telefon,Kritisch,2024-07-16,62
9860,5242,2025-04-12,Wärmepumpe,Technisch,Effizienz zu niedrig,Negativ,Chat,Niedrig,2025-04-24,153
9861,15633,2024-07-29,Smart Meter,Installation,Smart Meter zeigt keine Daten,Positiv,App,Mittel,2024-08-03,105
9862,19096,2023-03-26,Tarif,Vertrag,Tarifwechsel angefragt,Neutral,Telefon,Hoch,2023-04-01,160
9863,10626,2024-07-25,Solar,Technisch,Solaranlage produziert nicht,Negativ,Email,Niedrig,2024-07-30,190
9864,17847,2025-05-05,Rechnung,Abrechnung,Gutschrift angefragt,Neutral,Email,Hoch,2025-05-05,129
9865,5678,2024-03-17,Smart Meter,Installation,Smart Meter Ablesung fehlerhaft,Negativ,Telefon,Mittel,2024-03-18,113
9866,2708,2024-04-23,Wärmepumpe,Technisch,Fehlercode E01 angezeigt,Neutral,App,Niedrig,2024-05-02,3
9867,19855,2023-01-25,Wärmepumpe,Technisch,Wartung angefragt,Negativ,Chat,Niedrig,2023-01-27,196
9868,3631,2025-01-24,Allgemein,Service,Informationsanfrage,Neutral,Chat,Mittel,2025-02-01,140
9869,9007,2024-01-10,Allgemein,Service,Lob,Positiv,Telefon,Niedrig,2024-01-22,7
9870,4764,2025-04-30,Solar,Technisch,Einspeisevergütung Frage,Positiv,App,Mittel,2025-05-03,21
9871,5996,2023-06-03,Speicher,Technisch,Batteriespeicher Störung,Negativ,Chat,Hoch,2023-06-08,174
9872,388,2023-11-09,Wallbox,E-Mobility,Ladekarte Probleme,Negativ,Chat,Mittel,2023-11-12,155
9873,15005,2023-05-31,Speicher,Technisch,Kapazität gesunken,Neutral,Chat,Mittel,2023-06-13,88
9874,868,2023-06-19,Rechnung,Abrechnung,Rechnungsfrage,Neutral,App,Niedrig,2023-06-24,81
9875,7038,2024-06-28,Smart Meter,Installation,Smart Meter defekt,Negativ,App,Kritisch,2024-07-04,127
9876,14423,2025-03-15,Wallbox,E-Mobility,Wallbox defekt,Negativ,App,Hoch,2025-03-15,77
9877,17310,2024-02-08,Smart Meter,Installation,Smart Meter defekt,Negativ,Chat,Hoch,2024-02-10,27
9878,3057,2023-08-04,Rechnung,Abrechnung,Gutschrift angefragt,Neutral,App,Mittel,2023-08-16,79
9879,19417,2024-09-03,Wärmepumpe,Technisch,Wärmepumpe läuft nicht,Negativ,Telefon,Mittel,2024-09-13,123
9880,4643,2024-02-10,Tarif,Vertrag,Umzug melden,Neutral,App,Hoch,2024-02-14,25
9881,7846,2023-02-17,Wärmepumpe,Technisch,Geräuschentwicklung zu hoch,Neutral,Telefon,Mittel,2023-02-24,6
9882,15612,2023-11-23,Smart Meter,Installation,Smart Meter App funktioniert nicht,Negativ,Chat,Mittel,2023-12-04,81
9883,5194,2024-01-22,Wärmepumpe,Technisch,Effizienz zu niedrig,Neutral,App,Mittel,2024-01-24,66
9884,6210,2023-10-04,Rechnung,Abrechnung,Zahlungsplan angefragt,Positiv,Email,Niedrig,2023-10-05,124
9885,18877,2025-04-22,Rechnung,Abrechnung,Abschlag zu hoch,Negativ,App,Mittel,2025-04-27,13
9886,3528,2024-11-07,Solar,Technisch,Monitoring nicht verfügbar,Negativ,Telefon,Hoch,2024-11-09,18
9887,5045,2024-03-14,Wallbox,E-Mobility,Wallbox Installation angefragt,Neutral,App,Niedrig,2024-03-23,101
9888,19681,2024-02-17,Solar,Technisch,Solaranlage produziert nicht,Negativ,App,Mittel,2024-02-21,162
9889,9888,2023-12-25,Smart Meter,Installation,Smart Meter Installation angefragt,Neutral,Chat,Hoch,2023-12-25,180
9890,5039,2025-01-19,Tarif,Vertrag,Vertragsverlängerung,Positiv,App,Kritisch,2025-01-26,40
9891,18334,2023-03-09,Allgemein,Service,Lob,Positiv,App,Niedrig,2023-03-16,167
9892,2691,2023-04-08,Speicher,Technisch,Kapazität gesunken,Neutral,Telefon,Niedrig,2023-04-19,50
9893,7721,2024-03-20,Wärmepumpe,Technisch,Geräuschentwicklung zu hoch,Negativ,Chat,Mittel,2024-04-01,77
9894,15838,2023-07-26,Wärmepumpe,Technisch,Wärmepumpe läuft nicht,Negativ,Telefon,Mittel,2023-08-08,67
9895,6347,2023-05-23,Tarif,Vertrag,Umzug melden,Neutral,Telefon,Niedrig,2023-06-04,34
9896,7360,2025-01-07,Wallbox,E-Mobility,App-Verbindung unterbrochen,Positiv,Telefon,Mittel,2025-01-09,88
9897,7701,2024-10-15,Solar,Technisch,Solaranlage Ertrag niedrig,Neutral,Chat,Mittel,2024-10-21,77
9898,5909,2024-01-12,Smart Meter,Installation,Smart Meter App funktioniert nicht,Negativ,Email,Hoch,2024-01-16,193
9899,9488,2023-12-06,Smart Meter,Installation,Smart Meter defekt,Negativ,Email,Niedrig,2023-12-14,62
9900,11611,2024-04-08,Wallbox,E-Mobility,Wallbox Installation angefragt,Positiv,App,Niedrig,2024-04-21,23
9901,15021,2025-06-19,Wärmepumpe,Technisch,Wärmepumpe Störung,Negativ,Telefon,Mittel,2025-06-23,176
9902,18777,2023-05-01,Solar,Technisch,Solaranlage produziert nicht,Negativ,Email,Hoch,2023-05-06,90
9903,8670,2025-03-11,Allgemein,Service,Allgemeine Anfrage,Negativ,Email,Mittel,2025-03-15,38
9904,11458,2025-06-03,Solar,Technisch,Einspeisevergütung Frage,Positiv,App,Mittel,2025-06-08,65
9905,15407,2024-04-28,Speicher,Technisch,Speicher lädt nicht,Negativ,Telefon,Hoch,2024-04-29,106
9906,8382,2023-09-24,Tarif,Vertrag,Umzug melden,Negativ,Chat,Mittel,2023-09-28,90
9907,15740,2023-08-24,Wärmepumpe,Technisch,Wärmepumpe Störung,Negativ,Telefon,Niedrig,2023-09-02,33
9908,5333,2024-07-16,Tarif,Vertrag,Preisgarantie Frage,Neutral,Telefon,Niedrig,2024-07-24,1
9909,5235,2024-02-17,Tarif,Vertrag,Vertragsverlängerung,Neutral,Email,Mittel,2024-02-28,107
9910,9215,2023-11-27,Allgemein,Service,Allgemeine Anfrage,Negativ,App,Kritisch,2023-11-28,191
9911,8279,2023-11-26,Tarif,Vertrag,Ökostrom Umstellung,Positiv,App,Mittel,2023-11-27,54
9912,7547,2024-12-31,Smart Meter,Installation,Smart Meter zeigt keine Daten,Positiv,Chat,Hoch,2025-01-05,67
9913,15108,2023-11-28,Rechnung,Abrechnung,Abschlag anpassen,Negativ,App,Niedrig,2023-12-02,120
9914,7915,2025-03-21,Rechnung,Abrechnung,Unstimmigkeit in Rechnung,Neutral,Email,Niedrig,2025-03-30,146
9915,17740,2023-01-08,Wärmepumpe,Technisch,Wärmepumpe läuft nicht,Negativ,Email,Hoch,2023-01-13,72
9916,6588,2024-06-21,Wärmepumpe,Technisch,Effizienz zu niedrig,Positiv,App,Kritisch,2024-06-23,32
9917,10447,2023-06-29,Speicher,Technisch,Kapazität gesunken,Positiv,Chat,Mittel,2023-07-05,38
9918,9640,2023-06-13,Wallbox,E-Mobility,App-Verbindung unterbrochen,Neutral,App,Mittel,2023-06-20,141
9919,8370,2025-03-15,Wärmepumpe,Technisch,Wartung angefragt,Positiv,Email,Mittel,2025-03-20,176
9920,18688,2025-02-24,Allgemein,Service,Informationsanfrage,Negativ,Telefon,Mittel,2025-03-05,170
9921,2650,2024-01-04,Solar,Technisch,Monitoring nicht verfügbar,Negativ,Chat,Hoch,2024-01-06,63
9922,8823,2024-10-16,Allgemein,Service,Kontaktdaten ändern,Neutral,Email,Mittel,2024-10-20,109
9923,2174,2023-04-07,Solar,Technisch,Einspeisevergütung Frage,Neutral,App,Mittel,2023-04-09,49
9924,19354,2024-03-26,Solar,Technisch,Wechselrichter Fehler,Negativ,Email,Mittel,2024-04-09,116
9925,17856,2025-04-16,Solar,Technisch,Solaranlage Ertrag niedrig,Positiv,Chat,Kritisch,2025-04-21,47
9926,7944,2023-07-04,Rechnung,Abrechnung,Gutschrift angefragt,Neutral,Chat,Niedrig,2023-07-18,192
9927,2773,2024-10-30,Smart Meter,Installation,Smart Meter App funktioniert nicht,Negativ,Telefon,Mittel,2024-11-07,35
9928,17834,2024-05-18,Smart Meter,Installation,Smart Meter App funktioniert nicht,Negativ,Email,Kritisch,2024-05-23,88
9929,14893,2023-03-27,Solar,Technisch,Solaranlage produziert nicht,Negativ,Chat,Mittel,2023-04-03,2
9930,4609,2023-04-18,Wallbox,E-Mobility,Ladekarte Probleme,Negativ,Telefon,Hoch,2023-04-20,114
9931,15853,2023-04-23,Wärmepumpe,Technisch,Effizienz zu niedrig,Negativ,Chat,Mittel,2023-05-03,110
9932,7358,2023-11-19,Allgemein,Service,Lob,Positiv,Chat,Niedrig,2023-12-03,46
9933,19662,2023-05-22,Smart Meter,Installation,Smart Meter Installation angefragt,Neutral,Chat,Niedrig,2023-06-01,24
9934,9280,2023-03-16,Smart Meter,Installation,Smart Meter defekt,Negativ,Chat,Niedrig,2023-03-19,106
9935,7932,2023-07-08,Solar,Technisch,Wechselrichter Fehler,Positiv,Chat,Kritisch,2023-07-13,157
9936,17961,2023-12-10,Speicher,Technisch,Speicher lädt nicht,Negativ,App,Mittel,2023-12-17,10
9937,19115,2024-12-04,Rechnung,Abrechnung,Gutschrift angefragt,Neutral,Email,Niedrig,2024-12-11,68
9938,13999,2024-06-11,Solar,Technisch,Einspeisevergütung Frage,Negativ,Chat,Niedrig,2024-06-17,130
9939,19033,2023-11-21,Solar,Technisch,Einspeisevergütung Frage,Neutral,Chat,Mittel,2023-11-28,94
9940,17271,2023-02-28,Smart Meter,Installation,Smart Meter App funktioniert nicht,Negativ,Telefon,Hoch,2023-03-02,120
9941,14519,2024-07-14,Smart Meter,Installation,Smart Meter Ablesung fehlerhaft,Neutral,App,Mittel,2024-07-16,98
9942,2235,2024-06-05,Allgemein,Service,Informationsanfrage,Neutral,Chat,Mittel,2024-06-17,155
9943,2653,2023-05-28,Wallbox,E-Mobility,Ladekarte Probleme,Neutral,Chat,Mittel,2023-06-05,74
9944,14044,2023-03-02,Allgemein,Service,Lob,Positiv,Email,Niedrig,2023-03-12,179
9945,12333,2025-02-17,Smart Meter,Installation,Smart Meter App funktioniert nicht,Negativ,Telefon,Hoch,2025-02-21,22
9946,14882,2025-01-01,Wallbox,E-Mobility,App-Verbindung unterbrochen,Neutral,Telefon,Niedrig,2025-01-06,178
9947,16733,2025-05-09,Smart Meter,Installation,Smart Meter zeigt keine Daten,Negativ,Email,Mittel,2025-05-18,44
9948,11322,2024-02-26,Smart Meter,Installation,Smart Meter zeigt keine Daten,Negativ,App,Niedrig,2024-03-07,73
9949,6315,2024-04-07,Speicher,Technisch,Kapazität gesunken,Neutral,Chat,Mittel,2024-04-08,156
9950,12827,2023-05-17,Solar,Technisch,Monitoring nicht verfügbar,Negativ,Telefon,Mittel,2023-05-24,167
9951,11171,2024-01-03,Smart Meter,Installation,Smart Meter zeigt keine Daten,Neutral,Chat,Hoch,2024-01-05,23
9952,12903,2025-04-08,Rechnung,Abrechnung,Abschlag anpassen,Negativ,Email,Mittel,2025-04-16,137
9953,3308,2024-06-11,Solar,Technisch,Einspeisevergütung Frage,Neutral,Email,Niedrig,2024-06-14,85
9954,10427,2024-05-05,Speicher,Technisch,Speicher lädt nicht,Negativ,Email,Kritisch,2024-05-11,99
9955,12257,2023-07-08,Speicher,Technisch,Speicher lädt nicht,Negativ,App,Mittel,2023-07-21,33
9956,19105,2024-05-20,Allgemein,Service,Informationsanfrage,Neutral,Telefon,Niedrig,2024-06-03,167
9957,4156,2025-04-19,Tarif,Vertrag,Ökostrom Umstellung,Neutral,Email,Mittel,2025-04-27,175
9958,17521,2025-05-15,Allgemein,Service,Beschwerde,Negativ,Chat,Hoch,2025-05-21,189
9959,13692,2025-02-15,Solar,Technisch,Monitoring nicht verfügbar,Negativ,Chat,Hoch,2025-02-20,96
9960,16579,2024-02-20,Smart Meter,Installation,Smart Meter zeigt keine Daten,Neutral,Chat,Mittel,2024-03-04,92
9961,15088,2023-04-19,Wärmepumpe,Technisch,Fehlercode E01 angezeigt,Negativ,App,Mittel,2023-04-26,66
9962,375,2025-05-18,Smart Meter,Installation,Smart Meter App funktioniert nicht,Negativ,Email,Hoch,2025-05-25,129
9963,773,2023-10-10,Solar,Technisch,Monitoring nicht verfügbar,Negativ,App,Hoch,2023-10-13,4
9964,13155,2023-11-20,Tarif,Vertrag,Ökostrom Umstellung,Neutral,Email,Mittel,2023-11-21,179
9965,9775,2024-11-17,Solar,Technisch,Wechselrichter Fehler,Neutral,Email,Kritisch,2024-11-24,90
9966,12854,2024-04-21,Tarif,Vertrag,Preisgarantie Frage,Positiv,Telefon,Niedrig,2024-04-27,152
9967,4342,2024-01-25,Speicher,Technisch,Kapazität gesunken,Neutral,App,Mittel,2024-01-29,94
9968,13911,2024-04-13,Rechnung,Abrechnung,Abschlag anpassen,Positiv,Chat,Mittel,2024-04-25,95
9969,8363,2024-03-02,Smart Meter,Installation,Smart Meter defekt,Negativ,Telefon,Hoch,2024-03-05,62
9970,5544,2023-01-23,Wallbox,E-Mobility,Wallbox Installation angefragt,Neutral,Email,Niedrig,2023-02-04,63
9971,6891,2023-04-04,Rechnung,Abrechnung,Abschlag anpassen,Neutral,Chat,Niedrig,2023-04-08,140
9972,16375,2024-03-19,Solar,Technisch,Solaranlage Ertrag niedrig,Neutral,Telefon,Mittel,2024-03-26,175
9973,1099,2024-01-20,Rechnung,Abrechnung,Abschlag zu hoch,Neutral,Telefon,Hoch,2024-01-26,71
9974,11954,2025-03-05,Tarif,Vertrag,Preisgarantie Frage,Neutral,Chat,Mittel,2025-03-13,132
9975,5802,2023-04-18,Wallbox,E-Mobility,App-Verbindung unterbrochen,Neutral,Email,Mittel,2023-04-30,98
9976,9601,2024-11-29,Speicher,Technisch,Batteriespeicher Störung,Negativ,Telefon,Hoch,2024-12-04,38
9977,12645,2023-03-08,Speicher,Technisch,Batteriespeicher Störung,Negativ,Email,Mittel,2023-03-10,171
9978,3279,2024-09-23,Wärmepumpe,Technisch,Wärmepumpe Störung,Negativ,Chat,Mittel,2024-10-05,24
9979,7740,2023-08-31,Rechnung,Abrechnung,Rechnungsfrage,Neutral,Telefon,Niedrig,2023-09-13,61
9980,6953,2025-05-17,Wallbox,E-Mobility,Wallbox lädt nicht,Negativ,Chat,Hoch,2025-05-21,82
9981,18180,2024-08-03,Smart Meter,Installation,Smart Meter Ablesung fehlerhaft,Neutral,App,Hoch,2024-08-03,166
9982,4242,2023-02-11,Wallbox,E-Mobility,App-Verbindung unterbrochen,Negativ,Chat,Hoch,2023-02-16,139
9983,19040,2024-06-17,Smart Meter,Installation,Smart Meter App funktioniert nicht,Negativ,App,Mittel,2024-06-23,63
9984,2637,2024-01-12,Rechnung,Abrechnung,Abschlag anpassen,Neutral,App,Hoch,2024-01-14,185
9985,17921,2025-04-26,Tarif,Vertrag,Vertragsverlängerung,Negativ,Chat,Mittel,2025-05-09,133
9986,2210,2023-03-30,Allgemein,Service,Informationsanfrage,Neutral,Chat,Mittel,2023-04-11,72
9987,900,2023-07-05,Smart Meter,Installation,Smart Meter zeigt keine Daten,Negativ,Chat,Mittel,2023-07-14,191
9988,9918,2023-10-20,Wallbox,E-Mobility,App-Verbindung unterbrochen,Negativ,Email,Kritisch,2023-10-21,111
9989,2402,2024-11-14,Tarif,Vertrag,Tarifwechsel angefragt,Neutral,Chat,Niedrig,2024-11-26,28
9990,247,2024-11-25,Smart Meter,Installation,Smart Meter Ablesung fehlerhaft,Positiv,App,Niedrig,2024-12-07,74
9991,10235,2025-01-18,Wärmepumpe,Technisch,Fehlercode E01 angezeigt,Neutral,Email,Mittel,2025-01-27,21
9992,1357,2023-04-02,Rechnung,Abrechnung,Abschlag zu hoch,Neutral,App,Mittel,2023-04-13,17
9993,15092,2023-12-09,Wärmepumpe,Technisch,Fehlercode E01 angezeigt,Positiv,App,Niedrig,2023-12-20,68
9994,6928,2024-10-02,Allgemein,Service,Beschwerde,Negativ,Email,Hoch,2024-10-07,105
9995,10160,2023-06-11,Solar,Technisch,Einspeisevergütung Frage,Negativ,App,Mittel,2023-06-11,128
9996,9983,2023-01-10,Wärmepumpe,Technisch,Geräuschentwicklung zu hoch,Neutral,Chat,Niedrig,2023-01-16,106
9997,19951,2025-01-13,Rechnung,Abrechnung,Gutschrift angefragt,Positiv,Telefon,Kritisch,2025-01-14,192
9998,7832,2024-02-29,Smart Meter,Installation,Smart Meter App funktioniert nicht,Negativ,Telefon,Kritisch,2024-03-05,174
9999,676,2025-06-16,Rechnung,Abrechnung,Abschlag zu hoch,Neutral,Email,Mittel,2025-06-21,16
10000,2709,2023-03-11,Speicher,Technisch,Kapazität gesunken,Positiv,App,Mittel,2023-03-21,17
